cell_id,week,lat_grid,lon_grid,Y_lag1,mag_max_lag1,mag_min_lag1,mag_max_roll4,count_roll12,energy_roll8,weeks_since_m45,Y
38.00_65.00,2010-03-22,38.0,65.0,0.0,0.0,0.0,0.0,1.0,0.0,9.0,0
38.00_65.00,2010-03-29,38.0,65.0,0.0,0.0,0.0,0.0,1.0,0.0,10.0,0
38.00_65.00,2010-04-05,38.0,65.0,0.0,0.0,0.0,0.0,1.0,0.0,11.0,0
38.00_65.00,2010-04-12,38.0,65.0,0.0,0.0,0.0,0.0,0.0,0.0,12.0,0
38.00_65.00,2010-04-19,38.0,65.0,0.0,0.0,0.0,0.0,0.0,0.0,13.0,0
38.00_65.00,2010-04-26,38.0,65.0,0.0,0.0,0.0,0.0,0.0,0.0,14.0,0
38.00_65.00,2010-05-03,38.0,65.0,0.0,0.0,0.0,0.0,0.0,0.0,15.0,0
38.00_65.00,2010-05-10,38.0,65.0,0.0,0.0,0.0,0.0,0.0,0.0,16.0,0
38.00_65.00,2010-05-17,38.0,65.0,0.0,0.0,0.0,0.0,0.0,0.0,17.0,0
38.00_65.00,2010-05-24,38.0,65.0,0.0,0.0,0.0,0.0,0.0,0.0,18.0,0
38.00_65.00,2010-05-31,38.0,65.0,0.0,0.0,0.0,0.0,0.0,0.0,19.0,0
38.00_65.00,2010-06-07,38.0,65.0,0.0,0.0,0.0,0.0,0.0,0.0,20.0,0
38.00_65.00,2010-06-14,38.0,65.0,0.0,0.0,0.0,0.0,0.0,0.0,21.0,0
38.00_65.00,2010-06-21,38.0,65.0,0.0,0.0,0.0,0.0,0.0,0.0,22.0,0
38.00_65.00,2010-06-28,38.0,65.0,0.0,0.0,0.0,0.0,0.0,0.0,23.0,0
38.00_65.00,2010-07-05,38.0,65.0,0.0,0.0,0.0,0.0,0.0,0.0,24.0,0
38.00_65.00,2010-07-12,38.0,65.0,0.0,0.0,0.0,0.0,0.0,0.0,25.0,0
38.00_65.00,2010-07-19,38.0,65.0,0.0,0.0,0.0,0.0,0.0,0.0,26.0,0
38.00_65.00,2010-07-26,38.0,65.0,0.0,0.0,0.0,0.0,0.0,0.0,27.0,0
38.00_65.00,2010-08-02,38.0,65.0,0.0,0.0,0.0,0.0,0.0,0.0,28.0,0
38.00_65.00,2010-08-09,38.0,65.0,0.0,0.0,0.0,0.0,0.0,0.0,29.0,0
38.00_65.00,2010-08-16,38.0,65.0,0.0,0.0,0.0,0.0,0.0,0.0,30.0,0
38.00_65.00,2010-08-23,38.0,65.0,0.0,0.0,0.0,0.0,0.0,0.0,31.0,0
38.00_65.00,2010-08-30,38.0,65.0,0.0,0.0,0.0,0.0,0.0,0.0,32.0,0
38.00_65.00,2010-09-06,38.0,65.0,0.0,0.0,0.0,0.0,0.0,0.0,33.0,0
38.00_65.00,2010-09-13,38.0,65.0,0.0,0.0,0.0,0.0,0.0,0.0,34.0,0
38.00_65.00,2010-09-20,38.0,65.0,0.0,0.0,0.0,0.0,0.0,0.0,35.0,0
38.00_65.00,2010-09-27,38.0,65.0,0.0,0.0,0.0,0.0,0.0,0.0,36.0,0
38.00_65.00,2010-10-04,38.0,65.0,0.0,0.0,0.0,0.0,0.0,0.0,37.0,0
38.00_65.00,2010-10-11,38.0,65.0,0.0,0.0,0.0,0.0,0.0,0.0,38.0,0
38.00_65.00,2010-10-18,38.0,65.0,0.0,0.0,0.0,0.0,0.0,0.0,39.0,0
38.00_65.00,2010-10-25,38.0,65.0,0.0,0.0,0.0,0.0,0.0,0.0,40.0,0
38.00_65.00,2010-11-01,38.0,65.0,0.0,0.0,0.0,0.0,0.0,0.0,41.0,0
38.00_65.00,2010-11-08,38.0,65.0,0.0,0.0,0.0,0.0,0.0,0.0,42.0,0
38.00_65.00,2010-11-15,38.0,65.0,0.0,0.0,0.0,0.0,0.0,0.0,43.0,0
38.00_65.00,2010-11-22,38.0,65.0,0.0,0.0,0.0,0.0,0.0,0.0,44.0,0
38.00_65.00,2010-11-29,38.0,65.0,0.0,0.0,0.0,0.0,0.0,0.0,45.0,0
38.00_65.00,2010-12-06,38.0,65.0,0.0,0.0,0.0,0.0,0.0,0.0,46.0,0
38.00_65.00,2010-12-13,38.0,65.0,0.0,0.0,0.0,0.0,0.0,0.0,47.0,0
38.00_65.00,2010-12-20,38.0,65.0,0.0,0.0,0.0,0.0,0.0,0.0,48.0,0
38.00_65.00,2010-12-27,38.0,65.0,0.0,0.0,0.0,0.0,0.0,0.0,49.0,0
38.00_65.00,2011-01-03,38.0,65.0,0.0,0.0,0.0,0.0,0.0,0.0,50.0,0
38.00_65.00,2011-01-10,38.0,65.0,0.0,0.0,0.0,0.0,0.0,0.0,51.0,0
38.00_65.00,2011-01-17,38.0,65.0,0.0,0.0,0.0,0.0,0.0,0.0,52.0,0
38.00_65.00,2011-01-24,38.0,65.0,0.0,0.0,0.0,0.0,0.0,0.0,53.0,0
38.00_65.00,2011-01-31,38.0,65.0,0.0,0.0,0.0,0.0,0.0,0.0,54.0,0
38.00_65.00,2011-02-07,38.0,65.0,0.0,0.0,0.0,0.0,0.0,0.0,55.0,0
38.00_65.00,2011-02-14,38.0,65.0,0.0,0.0,0.0,0.0,0.0,0.0,56.0,0
38.00_65.00,2011-02-21,38.0,65.0,0.0,0.0,0.0,0.0,0.0,0.0,57.0,0
38.00_65.00,2011-02-28,38.0,65.0,0.0,0.0,0.0,0.0,0.0,0.0,58.0,0
38.00_65.00,2011-03-07,38.0,65.0,0.0,0.0,0.0,0.0,0.0,0.0,59.0,0
38.00_65.00,2011-03-14,38.0,65.0,0.0,0.0,0.0,0.0,0.0,0.0,60.0,0
38.00_65.00,2011-03-21,38.0,65.0,0.0,0.0,0.0,0.0,0.0,0.0,61.0,0
38.00_65.00,2011-03-28,38.0,65.0,0.0,0.0,0.0,0.0,0.0,0.0,62.0,0
38.00_65.00,2011-04-04,38.0,65.0,0.0,0.0,0.0,0.0,0.0,0.0,63.0,0
38.00_65.00,2011-04-11,38.0,65.0,0.0,0.0,0.0,0.0,0.0,0.0,64.0,0
38.00_65.00,2011-04-18,38.0,65.0,0.0,0.0,0.0,0.0,0.0,0.0,65.0,0
38.00_65.00,2011-04-25,38.0,65.0,0.0,0.0,0.0,0.0,0.0,0.0,66.0,0
38.00_65.00,2011-05-02,38.0,65.0,0.0,0.0,0.0,0.0,0.0,0.0,67.0,0
38.00_65.00,2011-05-09,38.0,65.0,0.0,0.0,0.0,0.0,0.0,0.0,68.0,0
38.00_65.00,2011-05-16,38.0,65.0,0.0,0.0,0.0,0.0,0.0,0.0,69.0,0
38.00_65.00,2011-05-23,38.0,65.0,0.0,0.0,0.0,0.0,0.0,0.0,70.0,0
38.00_65.00,2011-05-30,38.0,65.0,0.0,0.0,0.0,0.0,0.0,0.0,71.0,0
38.00_65.00,2011-06-06,38.0,65.0,0.0,0.0,0.0,0.0,0.0,0.0,72.0,0
38.00_65.00,2011-06-13,38.0,65.0,0.0,0.0,0.0,0.0,0.0,0.0,73.0,0
38.00_65.00,2011-06-20,38.0,65.0,0.0,0.0,0.0,0.0,0.0,0.0,74.0,0
38.00_65.00,2011-06-27,38.0,65.0,0.0,0.0,0.0,0.0,0.0,0.0,75.0,0
38.00_65.00,2011-07-04,38.0,65.0,0.0,0.0,0.0,0.0,0.0,0.0,76.0,0
38.00_65.00,2011-07-11,38.0,65.0,0.0,0.0,0.0,0.0,0.0,0.0,77.0,0
38.00_65.00,2011-07-18,38.0,65.0,0.0,0.0,0.0,0.0,0.0,0.0,78.0,0
38.00_65.00,2011-07-25,38.0,65.0,0.0,0.0,0.0,0.0,0.0,0.0,79.0,0
38.00_65.00,2011-08-01,38.0,65.0,0.0,0.0,0.0,0.0,0.0,0.0,80.0,0
38.00_65.00,2011-08-08,38.0,65.0,0.0,0.0,0.0,0.0,0.0,0.0,81.0,0
38.00_65.00,2011-08-15,38.0,65.0,0.0,0.0,0.0,0.0,0.0,0.0,82.0,0
38.00_65.00,2011-08-22,38.0,65.0,0.0,0.0,0.0,0.0,0.0,0.0,83.0,0
38.00_65.00,2011-08-29,38.0,65.0,0.0,0.0,0.0,0.0,0.0,0.0,84.0,0
38.00_65.00,2011-09-05,38.0,65.0,0.0,0.0,0.0,0.0,0.0,0.0,85.0,0
38.00_65.00,2011-09-12,38.0,65.0,0.0,0.0,0.0,0.0,0.0,0.0,86.0,0
38.00_65.00,2011-09-19,38.0,65.0,0.0,0.0,0.0,0.0,0.0,0.0,87.0,0
38.00_65.00,2011-09-26,38.0,65.0,0.0,0.0,0.0,0.0,0.0,0.0,88.0,0
38.00_65.00,2011-10-03,38.0,65.0,0.0,0.0,0.0,0.0,0.0,0.0,89.0,0
38.00_65.00,2011-10-10,38.0,65.0,0.0,0.0,0.0,0.0,0.0,0.0,90.0,0
38.00_65.00,2011-10-17,38.0,65.0,0.0,0.0,0.0,0.0,0.0,0.0,91.0,0
38.00_65.00,2011-10-24,38.0,65.0,0.0,0.0,0.0,0.0,0.0,0.0,92.0,0
38.00_65.00,2011-10-31,38.0,65.0,0.0,0.0,0.0,0.0,0.0,0.0,93.0,0
38.00_65.00,2011-11-07,38.0,65.0,0.0,0.0,0.0,0.0,0.0,0.0,94.0,0
38.00_65.00,2011-11-14,38.0,65.0,0.0,0.0,0.0,0.0,0.0,0.0,95.0,0
38.00_65.00,2011-11-21,38.0,65.0,0.0,0.0,0.0,0.0,0.0,0.0,96.0,0
38.00_65.00,2011-11-28,38.0,65.0,0.0,0.0,0.0,0.0,0.0,0.0,97.0,0
38.00_65.00,2011-12-05,38.0,65.0,0.0,0.0,0.0,0.0,0.0,0.0,98.0,0
38.00_65.00,2011-12-12,38.0,65.0,0.0,0.0,0.0,0.0,0.0,0.0,99.0,0
38.00_65.00,2011-12-19,38.0,65.0,0.0,0.0,0.0,0.0,0.0,0.0,100.0,0
38.00_65.00,2011-12-26,38.0,65.0,0.0,0.0,0.0,0.0,0.0,0.0,101.0,0
38.00_65.00,2012-01-02,38.0,65.0,0.0,0.0,0.0,0.0,0.0,0.0,102.0,0
38.00_65.00,2012-01-09,38.0,65.0,0.0,0.0,0.0,0.0,0.0,0.0,103.0,0
38.00_65.00,2012-01-16,38.0,65.0,0.0,0.0,0.0,0.0,0.0,0.0,104.0,0
38.00_65.00,2012-01-23,38.0,65.0,0.0,0.0,0.0,0.0,0.0,0.0,105.0,0
38.00_65.00,2012-01-30,38.0,65.0,0.0,0.0,0.0,0.0,0.0,0.0,106.0,0
38.00_65.00,2012-02-06,38.0,65.0,0.0,0.0,0.0,0.0,0.0,0.0,107.0,0
38.00_65.00,2012-02-13,38.0,65.0,0.0,0.0,0.0,0.0,0.0,0.0,108.0,0
38.00_65.00,2012-02-20,38.0,65.0,0.0,0.0,0.0,0.0,0.0,0.0,109.0,1
38.00_65.00,2012-02-27,38.0,65.0,1.0,4.4,4.4,4.4,1.0,3981071.7055349774,110.0,0
38.00_65.00,2012-03-05,38.0,65.0,0.0,0.0,0.0,4.4,1.0,3981071.7055349774,111.0,0
38.00_65.00,2012-03-12,38.0,65.0,0.0,0.0,0.0,4.4,1.0,3981071.7055349774,112.0,0
38.00_65.00,2012-03-19,38.0,65.0,0.0,0.0,0.0,4.4,1.0,3981071.7055349774,113.0,0
38.00_65.00,2012-03-26,38.0,65.0,0.0,0.0,0.0,0.0,1.0,3981071.7055349774,114.0,0
38.00_65.00,2012-04-02,38.0,65.0,0.0,0.0,0.0,0.0,1.0,3981071.7055349774,115.0,0
38.00_65.00,2012-04-09,38.0,65.0,0.0,0.0,0.0,0.0,1.0,3981071.7055349774,116.0,0
38.00_65.00,2012-04-16,38.0,65.0,0.0,0.0,0.0,0.0,1.0,3981071.7055349774,117.0,1
38.00_65.00,2012-04-23,38.0,65.0,1.0,4.8,4.8,4.8,2.0,15848931.924611108,0.0,0
38.00_65.00,2012-04-30,38.0,65.0,0.0,0.0,0.0,4.8,2.0,15848931.924611108,1.0,0
38.00_65.00,2012-05-07,38.0,65.0,0.0,0.0,0.0,4.8,2.0,15848931.924611108,2.0,0
38.00_65.00,2012-05-14,38.0,65.0,0.0,0.0,0.0,4.8,2.0,15848931.924611108,3.0,0
38.00_65.00,2012-05-21,38.0,65.0,0.0,0.0,0.0,0.0,1.0,15848931.924611108,4.0,0
38.00_65.00,2012-05-28,38.0,65.0,0.0,0.0,0.0,0.0,1.0,15848931.924611108,5.0,0
38.00_65.00,2012-06-04,38.0,65.0,0.0,0.0,0.0,0.0,1.0,15848931.924611108,6.0,0
38.00_65.00,2012-06-11,38.0,65.0,0.0,0.0,0.0,0.0,1.0,15848931.924611108,7.0,0
38.00_65.00,2012-06-18,38.0,65.0,0.0,0.0,0.0,0.0,1.0,0.0,8.0,0
38.00_65.00,2012-06-25,38.0,65.0,0.0,0.0,0.0,0.0,1.0,0.0,9.0,0
38.00_65.00,2012-07-02,38.0,65.0,0.0,0.0,0.0,0.0,1.0,0.0,10.0,0
38.00_65.00,2012-07-09,38.0,65.0,0.0,0.0,0.0,0.0,1.0,0.0,11.0,0
38.00_65.00,2012-07-16,38.0,65.0,0.0,0.0,0.0,0.0,0.0,0.0,12.0,0
38.00_65.00,2012-07-23,38.0,65.0,0.0,0.0,0.0,0.0,0.0,0.0,13.0,0
38.00_65.00,2012-07-30,38.0,65.0,0.0,0.0,0.0,0.0,0.0,0.0,14.0,0
38.00_65.00,2012-08-06,38.0,65.0,0.0,0.0,0.0,0.0,0.0,0.0,15.0,0
38.00_65.00,2012-08-13,38.0,65.0,0.0,0.0,0.0,0.0,0.0,0.0,16.0,0
38.00_65.00,2012-08-20,38.0,65.0,0.0,0.0,0.0,0.0,0.0,0.0,17.0,0
38.00_65.00,2012-08-27,38.0,65.0,0.0,0.0,0.0,0.0,0.0,0.0,18.0,0
38.00_65.00,2012-09-03,38.0,65.0,0.0,0.0,0.0,0.0,0.0,0.0,19.0,0
38.00_65.00,2012-09-10,38.0,65.0,0.0,0.0,0.0,0.0,0.0,0.0,20.0,0
38.00_65.00,2012-09-17,38.0,65.0,0.0,0.0,0.0,0.0,0.0,0.0,21.0,0
38.00_65.00,2012-09-24,38.0,65.0,0.0,0.0,0.0,0.0,0.0,0.0,22.0,0
38.00_65.00,2012-10-01,38.0,65.0,0.0,0.0,0.0,0.0,0.0,0.0,23.0,0
38.00_65.00,2012-10-08,38.0,65.0,0.0,0.0,0.0,0.0,0.0,0.0,24.0,0
38.00_65.00,2012-10-15,38.0,65.0,0.0,0.0,0.0,0.0,0.0,0.0,25.0,0
38.00_65.00,2012-10-22,38.0,65.0,0.0,0.0,0.0,0.0,0.0,0.0,26.0,0
38.00_65.00,2012-10-29,38.0,65.0,0.0,0.0,0.0,0.0,0.0,0.0,27.0,0
38.00_65.00,2012-11-05,38.0,65.0,0.0,0.0,0.0,0.0,0.0,0.0,28.0,0
38.00_65.00,2012-11-12,38.0,65.0,0.0,0.0,0.0,0.0,0.0,0.0,29.0,0
38.00_65.00,2012-11-19,38.0,65.0,0.0,0.0,0.0,0.0,0.0,0.0,30.0,0
38.00_65.00,2012-11-26,38.0,65.0,0.0,0.0,0.0,0.0,0.0,0.0,31.0,0
38.00_65.00,2012-12-03,38.0,65.0,0.0,0.0,0.0,0.0,0.0,0.0,32.0,0
38.00_65.00,2012-12-10,38.0,65.0,0.0,0.0,0.0,0.0,0.0,0.0,33.0,0
38.00_65.00,2012-12-17,38.0,65.0,0.0,0.0,0.0,0.0,0.0,0.0,34.0,0
38.00_65.00,2012-12-24,38.0,65.0,0.0,0.0,0.0,0.0,0.0,0.0,35.0,0
38.00_65.00,2012-12-31,38.0,65.0,0.0,0.0,0.0,0.0,0.0,0.0,36.0,0
38.00_65.00,2013-01-07,38.0,65.0,0.0,0.0,0.0,0.0,0.0,0.0,37.0,0
38.00_65.00,2013-01-14,38.0,65.0,0.0,0.0,0.0,0.0,0.0,0.0,38.0,0
38.00_65.00,2013-01-21,38.0,65.0,0.0,0.0,0.0,0.0,0.0,0.0,39.0,0
38.00_65.00,2013-01-28,38.0,65.0,0.0,0.0,0.0,0.0,0.0,0.0,40.0,0
38.00_65.00,2013-02-04,38.0,65.0,0.0,0.0,0.0,0.0,0.0,0.0,41.0,0
38.00_65.00,2013-02-11,38.0,65.0,0.0,0.0,0.0,0.0,0.0,0.0,42.0,0
38.00_65.00,2013-02-18,38.0,65.0,0.0,0.0,0.0,0.0,0.0,0.0,43.0,0
38.00_65.00,2013-02-25,38.0,65.0,0.0,0.0,0.0,0.0,0.0,0.0,44.0,0
38.00_65.00,2013-03-04,38.0,65.0,0.0,0.0,0.0,0.0,0.0,0.0,45.0,0
38.00_65.00,2013-03-11,38.0,65.0,0.0,0.0,0.0,0.0,0.0,0.0,46.0,0
38.00_65.00,2013-03-18,38.0,65.0,0.0,0.0,0.0,0.0,0.0,0.0,47.0,0
38.00_65.00,2013-03-25,38.0,65.0,0.0,0.0,0.0,0.0,0.0,0.0,48.0,0
38.00_65.00,2013-04-01,38.0,65.0,0.0,0.0,0.0,0.0,0.0,0.0,49.0,0
38.00_65.00,2013-04-08,38.0,65.0,0.0,0.0,0.0,0.0,0.0,0.0,50.0,0
38.00_65.00,2013-04-15,38.0,65.0,0.0,0.0,0.0,0.0,0.0,0.0,51.0,0
38.00_65.00,2013-04-22,38.0,65.0,0.0,0.0,0.0,0.0,0.0,0.0,52.0,0
38.00_65.00,2013-04-29,38.0,65.0,0.0,0.0,0.0,0.0,0.0,0.0,53.0,0
38.00_65.00,2013-05-06,38.0,65.0,0.0,0.0,0.0,0.0,0.0,0.0,54.0,0
38.00_65.00,2013-05-13,38.0,65.0,0.0,0.0,0.0,0.0,0.0,0.0,55.0,0
38.00_65.00,2013-05-20,38.0,65.0,0.0,0.0,0.0,0.0,0.0,0.0,56.0,1
38.00_65.00,2013-05-27,38.0,65.0,1.0,5.7,5.7,5.7,1.0,354813389.23357606,0.0,0
38.00_65.00,2013-06-03,38.0,65.0,0.0,0.0,0.0,5.7,1.0,354813389.23357606,1.0,0
38.00_65.00,2013-06-10,38.0,65.0,0.0,0.0,0.0,5.7,1.0,354813389.23357606,2.0,0
38.00_65.00,2013-06-17,38.0,65.0,0.0,0.0,0.0,5.7,1.0,354813389.23357606,3.0,0
38.00_65.00,2013-06-24,38.0,65.0,0.0,0.0,0.0,0.0,1.0,354813389.23357606,4.0,0
38.00_65.00,2013-07-01,38.0,65.0,0.0,0.0,0.0,0.0,1.0,354813389.23357606,5.0,0
38.00_65.00,2013-07-08,38.0,65.0,0.0,0.0,0.0,0.0,1.0,354813389.23357606,6.0,0
38.00_65.00,2013-07-15,38.0,65.0,0.0,0.0,0.0,0.0,1.0,354813389.23357606,7.0,0
38.00_65.00,2013-07-22,38.0,65.0,0.0,0.0,0.0,0.0,1.0,0.0,8.0,0
38.00_65.00,2013-07-29,38.0,65.0,0.0,0.0,0.0,0.0,1.0,0.0,9.0,0
38.00_65.00,2013-08-05,38.0,65.0,0.0,0.0,0.0,0.0,1.0,0.0,10.0,0
38.00_65.00,2013-08-12,38.0,65.0,0.0,0.0,0.0,0.0,1.0,0.0,11.0,0
38.00_65.00,2013-08-19,38.0,65.0,0.0,0.0,0.0,0.0,0.0,0.0,12.0,0
38.00_65.00,2013-08-26,38.0,65.0,0.0,0.0,0.0,0.0,0.0,0.0,13.0,0
38.00_65.00,2013-09-02,38.0,65.0,0.0,0.0,0.0,0.0,0.0,0.0,14.0,0
38.00_65.00,2013-09-09,38.0,65.0,0.0,0.0,0.0,0.0,0.0,0.0,15.0,0
38.00_65.00,2013-09-16,38.0,65.0,0.0,0.0,0.0,0.0,0.0,0.0,16.0,0
38.00_65.00,2013-09-23,38.0,65.0,0.0,0.0,0.0,0.0,0.0,0.0,17.0,0
38.00_65.00,2013-09-30,38.0,65.0,0.0,0.0,0.0,0.0,0.0,0.0,18.0,0
38.00_65.00,2013-10-07,38.0,65.0,0.0,0.0,0.0,0.0,0.0,0.0,19.0,0
38.00_65.00,2013-10-14,38.0,65.0,0.0,0.0,0.0,0.0,0.0,0.0,20.0,0
38.00_65.00,2013-10-21,38.0,65.0,0.0,0.0,0.0,0.0,0.0,0.0,21.0,0
38.00_65.00,2013-10-28,38.0,65.0,0.0,0.0,0.0,0.0,0.0,0.0,22.0,0
38.00_65.00,2013-11-04,38.0,65.0,0.0,0.0,0.0,0.0,0.0,0.0,23.0,0
38.00_65.00,2013-11-11,38.0,65.0,0.0,0.0,0.0,0.0,0.0,0.0,24.0,0
38.00_65.00,2013-11-18,38.0,65.0,0.0,0.0,0.0,0.0,0.0,0.0,25.0,0
38.00_65.00,2013-11-25,38.0,65.0,0.0,0.0,0.0,0.0,0.0,0.0,26.0,0
38.00_65.00,2013-12-02,38.0,65.0,0.0,0.0,0.0,0.0,0.0,0.0,27.0,0
38.00_65.00,2013-12-09,38.0,65.0,0.0,0.0,0.0,0.0,0.0,0.0,28.0,0
38.00_65.00,2013-12-16,38.0,65.0,0.0,0.0,0.0,0.0,0.0,0.0,29.0,0
38.00_65.00,2013-12-23,38.0,65.0,0.0,0.0,0.0,0.0,0.0,0.0,30.0,0
38.00_65.00,2013-12-30,38.0,65.0,0.0,0.0,0.0,0.0,0.0,0.0,31.0,0
38.00_65.00,2014-01-06,38.0,65.0,0.0,0.0,0.0,0.0,0.0,0.0,32.0,0
38.00_65.00,2014-01-13,38.0,65.0,0.0,0.0,0.0,0.0,0.0,0.0,33.0,0
38.00_65.00,2014-01-20,38.0,65.0,0.0,0.0,0.0,0.0,0.0,0.0,34.0,0
38.00_65.00,2014-01-27,38.0,65.0,0.0,0.0,0.0,0.0,0.0,0.0,35.0,0
38.00_65.00,2014-02-03,38.0,65.0,0.0,0.0,0.0,0.0,0.0,0.0,36.0,0
38.00_65.00,2014-02-10,38.0,65.0,0.0,0.0,0.0,0.0,0.0,0.0,37.0,0
38.00_65.00,2014-02-17,38.0,65.0,0.0,0.0,0.0,0.0,0.0,0.0,38.0,0
38.00_65.00,2014-02-24,38.0,65.0,0.0,0.0,0.0,0.0,0.0,0.0,39.0,0
38.00_65.00,2014-03-03,38.0,65.0,0.0,0.0,0.0,0.0,0.0,0.0,40.0,0
38.00_65.00,2014-03-10,38.0,65.0,0.0,0.0,0.0,0.0,0.0,0.0,41.0,0
38.00_65.00,2014-03-17,38.0,65.0,0.0,0.0,0.0,0.0,0.0,0.0,42.0,0
38.00_65.00,2014-03-24,38.0,65.0,0.0,0.0,0.0,0.0,0.0,0.0,43.0,0
38.00_65.00,2014-03-31,38.0,65.0,0.0,0.0,0.0,0.0,0.0,0.0,44.0,0
38.00_65.00,2014-04-07,38.0,65.0,0.0,0.0,0.0,0.0,0.0,0.0,45.0,0
38.00_65.00,2014-04-14,38.0,65.0,0.0,0.0,0.0,0.0,0.0,0.0,46.0,0
38.00_65.00,2014-04-21,38.0,65.0,0.0,0.0,0.0,0.0,0.0,0.0,47.0,0
38.00_65.00,2014-04-28,38.0,65.0,0.0,0.0,0.0,0.0,0.0,0.0,48.0,1
38.00_65.00,2014-05-05,38.0,65.0,1.0,4.5,4.5,4.5,1.0,5623413.251903491,0.0,0
38.00_65.00,2014-05-12,38.0,65.0,0.0,0.0,0.0,4.5,1.0,5623413.251903491,1.0,0
38.00_65.00,2014-05-19,38.0,65.0,0.0,0.0,0.0,4.5,1.0,5623413.251903491,2.0,0
38.00_65.00,2014-05-26,38.0,65.0,0.0,0.0,0.0,4.5,1.0,5623413.251903491,3.0,0
38.00_65.00,2014-06-02,38.0,65.0,0.0,0.0,0.0,0.0,1.0,5623413.251903491,4.0,0
38.00_65.00,2014-06-09,38.0,65.0,0.0,0.0,0.0,0.0,1.0,5623413.251903491,5.0,0
38.00_65.00,2014-06-16,38.0,65.0,0.0,0.0,0.0,0.0,1.0,5623413.251903491,6.0,0
38.00_65.00,2014-06-23,38.0,65.0,0.0,0.0,0.0,0.0,1.0,5623413.251903491,7.0,0
38.00_65.00,2014-06-30,38.0,65.0,0.0,0.0,0.0,0.0,1.0,0.0,8.0,0
38.00_65.00,2014-07-07,38.0,65.0,0.0,0.0,0.0,0.0,1.0,0.0,9.0,0
38.00_65.00,2014-07-14,38.0,65.0,0.0,0.0,0.0,0.0,1.0,0.0,10.0,0
38.00_65.00,2014-07-21,38.0,65.0,0.0,0.0,0.0,0.0,1.0,0.0,11.0,0
38.00_65.00,2014-07-28,38.0,65.0,0.0,0.0,0.0,0.0,0.0,0.0,12.0,0
38.00_65.00,2014-08-04,38.0,65.0,0.0,0.0,0.0,0.0,0.0,0.0,13.0,0
38.00_65.00,2014-08-11,38.0,65.0,0.0,0.0,0.0,0.0,0.0,0.0,14.0,0
38.00_65.00,2014-08-18,38.0,65.0,0.0,0.0,0.0,0.0,0.0,0.0,15.0,0
38.00_65.00,2014-08-25,38.0,65.0,0.0,0.0,0.0,0.0,0.0,0.0,16.0,0
38.00_65.00,2014-09-01,38.0,65.0,0.0,0.0,0.0,0.0,0.0,0.0,17.0,1
38.00_65.00,2014-09-08,38.0,65.0,1.0,4.3,4.3,4.3,1.0,2818382.9312644494,18.0,0
38.00_65.00,2014-09-15,38.0,65.0,0.0,0.0,0.0,4.3,1.0,2818382.9312644494,19.0,0
38.00_65.00,2014-09-22,38.0,65.0,0.0,0.0,0.0,4.3,1.0,2818382.9312644494,20.0,0
38.00_65.00,2014-09-29,38.0,65.0,0.0,0.0,0.0,4.3,1.0,2818382.9312644494,21.0,0
38.00_65.00,2014-10-06,38.0,65.0,0.0,0.0,0.0,0.0,1.0,2818382.9312644494,22.0,0
38.00_65.00,2014-10-13,38.0,65.0,0.0,0.0,0.0,0.0,1.0,2818382.9312644494,23.0,0
38.00_65.00,2014-10-20,38.0,65.0,0.0,0.0,0.0,0.0,1.0,2818382.9312644494,24.0,0
38.00_65.00,2014-10-27,38.0,65.0,0.0,0.0,0.0,0.0,1.0,2818382.9312644494,25.0,1
38.00_65.00,2014-11-03,38.0,65.0,1.0,4.5,4.5,4.5,2.0,5623413.251903491,0.0,0
38.00_65.00,2014-11-10,38.0,65.0,0.0,0.0,0.0,4.5,2.0,5623413.251903491,1.0,0
38.00_65.00,2014-11-17,38.0,65.0,0.0,0.0,0.0,4.5,2.0,5623413.251903491,2.0,0
38.00_65.00,2014-11-24,38.0,65.0,0.0,0.0,0.0,4.5,2.0,5623413.251903491,3.0,0
38.00_65.00,2014-12-01,38.0,65.0,0.0,0.0,0.0,0.0,1.0,5623413.251903491,4.0,0
38.00_65.00,2014-12-08,38.0,65.0,0.0,0.0,0.0,0.0,1.0,5623413.251903491,5.0,0
38.00_65.00,2014-12-15,38.0,65.0,0.0,0.0,0.0,0.0,1.0,5623413.251903491,6.0,0
38.00_65.00,2014-12-22,38.0,65.0,0.0,0.0,0.0,0.0,1.0,5623413.251903491,7.0,0
38.00_65.00,2014-12-29,38.0,65.0,0.0,0.0,0.0,0.0,1.0,0.0,8.0,0
38.00_65.00,2015-01-05,38.0,65.0,0.0,0.0,0.0,0.0,1.0,0.0,9.0,0
38.00_65.00,2015-01-12,38.0,65.0,0.0,0.0,0.0,0.0,1.0,0.0,10.0,0
38.00_65.00,2015-01-19,38.0,65.0,0.0,0.0,0.0,0.0,1.0,0.0,11.0,0
38.00_65.00,2015-01-26,38.0,65.0,0.0,0.0,0.0,0.0,0.0,0.0,12.0,0
38.00_65.00,2015-02-02,38.0,65.0,0.0,0.0,0.0,0.0,0.0,0.0,13.0,0
38.00_65.00,2015-02-09,38.0,65.0,0.0,0.0,0.0,0.0,0.0,0.0,14.0,0
38.00_65.00,2015-02-16,38.0,65.0,0.0,0.0,0.0,0.0,0.0,0.0,15.0,0
38.00_65.00,2015-02-23,38.0,65.0,0.0,0.0,0.0,0.0,0.0,0.0,16.0,0
38.00_65.00,2015-03-02,38.0,65.0,0.0,0.0,0.0,0.0,0.0,0.0,17.0,0
38.00_65.00,2015-03-09,38.0,65.0,0.0,0.0,0.0,0.0,0.0,0.0,18.0,0
38.00_65.00,2015-03-16,38.0,65.0,0.0,0.0,0.0,0.0,0.0,0.0,19.0,0
38.00_65.00,2015-03-23,38.0,65.0,0.0,0.0,0.0,0.0,0.0,0.0,20.0,0
38.00_65.00,2015-03-30,38.0,65.0,0.0,0.0,0.0,0.0,0.0,0.0,21.0,0
38.00_65.00,2015-04-06,38.0,65.0,0.0,0.0,0.0,0.0,0.0,0.0,22.0,0
38.00_65.00,2015-04-13,38.0,65.0,0.0,0.0,0.0,0.0,0.0,0.0,23.0,0
38.00_65.00,2015-04-20,38.0,65.0,0.0,0.0,0.0,0.0,0.0,0.0,24.0,0
38.00_65.00,2015-04-27,38.0,65.0,0.0,0.0,0.0,0.0,0.0,0.0,25.0,0
38.00_65.00,2015-05-04,38.0,65.0,0.0,0.0,0.0,0.0,0.0,0.0,26.0,0
38.00_65.00,2015-05-11,38.0,65.0,0.0,0.0,0.0,0.0,0.0,0.0,27.0,0
38.00_65.00,2015-05-18,38.0,65.0,0.0,0.0,0.0,0.0,0.0,0.0,28.0,0
38.00_65.00,2015-05-25,38.0,65.0,0.0,0.0,0.0,0.0,0.0,0.0,29.0,0
38.00_65.00,2015-06-01,38.0,65.0,0.0,0.0,0.0,0.0,0.0,0.0,30.0,0
38.00_65.00,2015-06-08,38.0,65.0,0.0,0.0,0.0,0.0,0.0,0.0,31.0,0
38.00_65.00,2015-06-15,38.0,65.0,0.0,0.0,0.0,0.0,0.0,0.0,32.0,0
38.00_65.00,2015-06-22,38.0,65.0,0.0,0.0,0.0,0.0,0.0,0.0,33.0,0
38.00_65.00,2015-06-29,38.0,65.0,0.0,0.0,0.0,0.0,0.0,0.0,34.0,0
38.00_65.00,2015-07-06,38.0,65.0,0.0,0.0,0.0,0.0,0.0,0.0,35.0,0
38.00_65.00,2015-07-13,38.0,65.0,0.0,0.0,0.0,0.0,0.0,0.0,36.0,0
38.00_65.00,2015-07-20,38.0,65.0,0.0,0.0,0.0,0.0,0.0,0.0,37.0,0
38.00_65.00,2015-07-27,38.0,65.0,0.0,0.0,0.0,0.0,0.0,0.0,38.0,0
38.00_65.00,2015-08-03,38.0,65.0,0.0,0.0,0.0,0.0,0.0,0.0,39.0,0
38.00_65.00,2015-08-10,38.0,65.0,0.0,0.0,0.0,0.0,0.0,0.0,40.0,0
38.00_65.00,2015-08-17,38.0,65.0,0.0,0.0,0.0,0.0,0.0,0.0,41.0,0
38.00_65.00,2015-08-24,38.0,65.0,0.0,0.0,0.0,0.0,0.0,0.0,42.0,0
38.00_65.00,2015-08-31,38.0,65.0,0.0,0.0,0.0,0.0,0.0,0.0,43.0,0
38.00_65.00,2015-09-07,38.0,65.0,0.0,0.0,0.0,0.0,0.0,0.0,44.0,0
38.00_65.00,2015-09-14,38.0,65.0,0.0,0.0,0.0,0.0,0.0,0.0,45.0,0
38.00_65.00,2015-09-21,38.0,65.0,0.0,0.0,0.0,0.0,0.0,0.0,46.0,0
38.00_65.00,2015-09-28,38.0,65.0,0.0,0.0,0.0,0.0,0.0,0.0,47.0,0
38.00_65.00,2015-10-05,38.0,65.0,0.0,0.0,0.0,0.0,0.0,0.0,48.0,0
38.00_65.00,2015-10-12,38.0,65.0,0.0,0.0,0.0,0.0,0.0,0.0,49.0,0
38.00_65.00,2015-10-19,38.0,65.0,0.0,0.0,0.0,0.0,0.0,0.0,50.0,0
38.00_65.00,2015-10-26,38.0,65.0,0.0,0.0,0.0,0.0,0.0,0.0,51.0,0
38.00_65.00,2015-11-02,38.0,65.0,0.0,0.0,0.0,0.0,0.0,0.0,52.0,0
38.00_65.00,2015-11-09,38.0,65.0,0.0,0.0,0.0,0.0,0.0,0.0,53.0,0
38.00_65.00,2015-11-16,38.0,65.0,0.0,0.0,0.0,0.0,0.0,0.0,54.0,0
38.00_65.00,2015-11-23,38.0,65.0,0.0,0.0,0.0,0.0,0.0,0.0,55.0,0
38.00_65.00,2015-11-30,38.0,65.0,0.0,0.0,0.0,0.0,0.0,0.0,56.0,0
38.00_65.00,2015-12-07,38.0,65.0,0.0,0.0,0.0,0.0,0.0,0.0,57.0,0
38.00_65.00,2015-12-14,38.0,65.0,0.0,0.0,0.0,0.0,0.0,0.0,58.0,0
38.00_65.00,2015-12-21,38.0,65.0,0.0,0.0,0.0,0.0,0.0,0.0,59.0,0
38.00_65.00,2015-12-28,38.0,65.0,0.0,0.0,0.0,0.0,0.0,0.0,60.0,0
38.00_65.00,2016-01-04,38.0,65.0,0.0,0.0,0.0,0.0,0.0,0.0,61.0,0
38.00_65.00,2016-01-11,38.0,65.0,0.0,0.0,0.0,0.0,0.0,0.0,62.0,0
38.00_65.00,2016-01-18,38.0,65.0,0.0,0.0,0.0,0.0,0.0,0.0,63.0,0
38.00_65.00,2016-01-25,38.0,65.0,0.0,0.0,0.0,0.0,0.0,0.0,64.0,0
38.00_65.00,2016-02-01,38.0,65.0,0.0,0.0,0.0,0.0,0.0,0.0,65.0,0
38.00_65.00,2016-02-08,38.0,65.0,0.0,0.0,0.0,0.0,0.0,0.0,66.0,0
38.00_65.00,2016-02-15,38.0,65.0,0.0,0.0,0.0,0.0,0.0,0.0,67.0,0
38.00_65.00,2016-02-22,38.0,65.0,0.0,0.0,0.0,0.0,0.0,0.0,68.0,0
38.00_65.00,2016-02-29,38.0,65.0,0.0,0.0,0.0,0.0,0.0,0.0,69.0,0
38.00_65.00,2016-03-07,38.0,65.0,0.0,0.0,0.0,0.0,0.0,0.0,70.0,0
38.00_65.00,2016-03-14,38.0,65.0,0.0,0.0,0.0,0.0,0.0,0.0,71.0,0
38.00_65.00,2016-03-21,38.0,65.0,0.0,0.0,0.0,0.0,0.0,0.0,72.0,0
38.00_65.00,2016-03-28,38.0,65.0,0.0,0.0,0.0,0.0,0.0,0.0,73.0,0
38.00_65.00,2016-04-04,38.0,65.0,0.0,0.0,0.0,0.0,0.0,0.0,74.0,1
38.00_65.00,2016-04-11,38.0,65.0,1.0,5.0,5.0,5.0,1.0,31622776.60168379,0.0,0
38.00_65.00,2016-04-18,38.0,65.0,0.0,0.0,0.0,5.0,1.0,31622776.60168379,1.0,0
38.00_65.00,2016-04-25,38.0,65.0,0.0,0.0,0.0,5.0,1.0,31622776.60168379,2.0,0
38.00_65.00,2016-05-02,38.0,65.0,0.0,0.0,0.0,5.0,1.0,31622776.60168379,3.0,0
38.00_65.00,2016-05-09,38.0,65.0,0.0,0.0,0.0,0.0,1.0,31622776.60168379,4.0,0
38.00_65.00,2016-05-16,38.0,65.0,0.0,0.0,0.0,0.0,1.0,31622776.60168379,5.0,0
38.00_65.00,2016-05-23,38.0,65.0,0.0,0.0,0.0,0.0,1.0,31622776.60168379,6.0,0
38.00_65.00,2016-05-30,38.0,65.0,0.0,0.0,0.0,0.0,1.0,31622776.60168379,7.0,0
38.00_65.00,2016-06-06,38.0,65.0,0.0,0.0,0.0,0.0,1.0,0.0,8.0,0
38.00_65.00,2016-06-13,38.0,65.0,0.0,0.0,0.0,0.0,1.0,0.0,9.0,0
38.00_65.00,2016-06-20,38.0,65.0,0.0,0.0,0.0,0.0,1.0,0.0,10.0,0
38.00_65.00,2016-06-27,38.0,65.0,0.0,0.0,0.0,0.0,1.0,0.0,11.0,0
38.00_65.00,2016-07-04,38.0,65.0,0.0,0.0,0.0,0.0,0.0,0.0,12.0,0
38.00_65.00,2016-07-11,38.0,65.0,0.0,0.0,0.0,0.0,0.0,0.0,13.0,0
38.00_65.00,2016-07-18,38.0,65.0,0.0,0.0,0.0,0.0,0.0,0.0,14.0,0
38.00_65.00,2016-07-25,38.0,65.0,0.0,0.0,0.0,0.0,0.0,0.0,15.0,0
38.00_65.00,2016-08-01,38.0,65.0,0.0,0.0,0.0,0.0,0.0,0.0,16.0,0
38.00_65.00,2016-08-08,38.0,65.0,0.0,0.0,0.0,0.0,0.0,0.0,17.0,1
38.00_65.00,2016-08-15,38.0,65.0,1.0,4.6,4.6,4.6,1.0,7943282.347242805,0.0,0
38.00_65.00,2016-08-22,38.0,65.0,0.0,0.0,0.0,4.6,1.0,7943282.347242805,1.0,0
38.00_65.00,2016-08-29,38.0,65.0,0.0,0.0,0.0,4.6,1.0,7943282.347242805,2.0,0
38.00_65.00,2016-09-05,38.0,65.0,0.0,0.0,0.0,4.6,1.0,7943282.347242805,3.0,0
38.00_65.00,2016-09-12,38.0,65.0,0.0,0.0,0.0,0.0,1.0,7943282.347242805,4.0,0
38.00_65.00,2016-09-19,38.0,65.0,0.0,0.0,0.0,0.0,1.0,7943282.347242805,5.0,0
38.00_65.00,2016-09-26,38.0,65.0,0.0,0.0,0.0,0.0,1.0,7943282.347242805,6.0,0
38.00_65.00,2016-10-03,38.0,65.0,0.0,0.0,0.0,0.0,1.0,7943282.347242805,7.0,0
38.00_65.00,2016-10-10,38.0,65.0,0.0,0.0,0.0,0.0,1.0,0.0,8.0,0
38.00_65.00,2016-10-17,38.0,65.0,0.0,0.0,0.0,0.0,1.0,0.0,9.0,0
38.00_65.00,2016-10-24,38.0,65.0,0.0,0.0,0.0,0.0,1.0,0.0,10.0,0
38.00_65.00,2016-10-31,38.0,65.0,0.0,0.0,0.0,0.0,1.0,0.0,11.0,0
38.00_65.00,2016-11-07,38.0,65.0,0.0,0.0,0.0,0.0,0.0,0.0,12.0,0
38.00_65.00,2016-11-14,38.0,65.0,0.0,0.0,0.0,0.0,0.0,0.0,13.0,0
38.00_65.00,2016-11-21,38.0,65.0,0.0,0.0,0.0,0.0,0.0,0.0,14.0,0
38.00_65.00,2016-11-28,38.0,65.0,0.0,0.0,0.0,0.0,0.0,0.0,15.0,0
38.00_65.00,2016-12-05,38.0,65.0,0.0,0.0,0.0,0.0,0.0,0.0,16.0,0
38.00_65.00,2016-12-12,38.0,65.0,0.0,0.0,0.0,0.0,0.0,0.0,17.0,0
38.00_65.00,2016-12-19,38.0,65.0,0.0,0.0,0.0,0.0,0.0,0.0,18.0,0
38.00_65.00,2016-12-26,38.0,65.0,0.0,0.0,0.0,0.0,0.0,0.0,19.0,0
38.00_65.00,2017-01-02,38.0,65.0,0.0,0.0,0.0,0.0,0.0,0.0,20.0,0
38.00_65.00,2017-01-09,38.0,65.0,0.0,0.0,0.0,0.0,0.0,0.0,21.0,0
38.00_65.00,2017-01-16,38.0,65.0,0.0,0.0,0.0,0.0,0.0,0.0,22.0,0
38.00_65.00,2017-01-23,38.0,65.0,0.0,0.0,0.0,0.0,0.0,0.0,23.0,0
38.00_65.00,2017-01-30,38.0,65.0,0.0,0.0,0.0,0.0,0.0,0.0,24.0,0
38.00_65.00,2017-02-06,38.0,65.0,0.0,0.0,0.0,0.0,0.0,0.0,25.0,0
38.00_65.00,2017-02-13,38.0,65.0,0.0,0.0,0.0,0.0,0.0,0.0,26.0,0
38.00_65.00,2017-02-20,38.0,65.0,0.0,0.0,0.0,0.0,0.0,0.0,27.0,0
38.00_65.00,2017-02-27,38.0,65.0,0.0,0.0,0.0,0.0,0.0,0.0,28.0,0
38.00_65.00,2017-03-06,38.0,65.0,0.0,0.0,0.0,0.0,0.0,0.0,29.0,0
38.00_65.00,2017-03-13,38.0,65.0,0.0,0.0,0.0,0.0,0.0,0.0,30.0,0
38.00_65.00,2017-03-20,38.0,65.0,0.0,0.0,0.0,0.0,0.0,0.0,31.0,0
38.00_65.00,2017-03-27,38.0,65.0,0.0,0.0,0.0,0.0,0.0,0.0,32.0,0
38.00_65.00,2017-04-03,38.0,65.0,0.0,0.0,0.0,0.0,0.0,0.0,33.0,0
38.00_65.00,2017-04-10,38.0,65.0,0.0,0.0,0.0,0.0,0.0,0.0,34.0,0
38.00_65.00,2017-04-17,38.0,65.0,0.0,0.0,0.0,0.0,0.0,0.0,35.0,0
38.00_65.00,2017-04-24,38.0,65.0,0.0,0.0,0.0,0.0,0.0,0.0,36.0,0
38.00_65.00,2017-05-01,38.0,65.0,0.0,0.0,0.0,0.0,0.0,0.0,37.0,0
38.00_65.00,2017-05-08,38.0,65.0,0.0,0.0,0.0,0.0,0.0,0.0,38.0,0
38.00_65.00,2017-05-15,38.0,65.0,0.0,0.0,0.0,0.0,0.0,0.0,39.0,0
38.00_65.00,2017-05-22,38.0,65.0,0.0,0.0,0.0,0.0,0.0,0.0,40.0,0
38.00_65.00,2017-05-29,38.0,65.0,0.0,0.0,0.0,0.0,0.0,0.0,41.0,0
38.00_65.00,2017-06-05,38.0,65.0,0.0,0.0,0.0,0.0,0.0,0.0,42.0,0
38.00_65.00,2017-06-12,38.0,65.0,0.0,0.0,0.0,0.0,0.0,0.0,43.0,0
38.00_65.00,2017-06-19,38.0,65.0,0.0,0.0,0.0,0.0,0.0,0.0,44.0,0
38.00_65.00,2017-06-26,38.0,65.0,0.0,0.0,0.0,0.0,0.0,0.0,45.0,0
38.00_65.00,2017-07-03,38.0,65.0,0.0,0.0,0.0,0.0,0.0,0.0,46.0,0
38.00_65.00,2017-07-10,38.0,65.0,0.0,0.0,0.0,0.0,0.0,0.0,47.0,0
38.00_65.00,2017-07-17,38.0,65.0,0.0,0.0,0.0,0.0,0.0,0.0,48.0,0
38.00_65.00,2017-07-24,38.0,65.0,0.0,0.0,0.0,0.0,0.0,0.0,49.0,0
38.00_65.00,2017-07-31,38.0,65.0,0.0,0.0,0.0,0.0,0.0,0.0,50.0,0
38.00_65.00,2017-08-07,38.0,65.0,0.0,0.0,0.0,0.0,0.0,0.0,51.0,0
38.00_65.00,2017-08-14,38.0,65.0,0.0,0.0,0.0,0.0,0.0,0.0,52.0,0
38.00_65.00,2017-08-21,38.0,65.0,0.0,0.0,0.0,0.0,0.0,0.0,53.0,0
38.00_65.00,2017-08-28,38.0,65.0,0.0,0.0,0.0,0.0,0.0,0.0,54.0,0
38.00_65.00,2017-09-04,38.0,65.0,0.0,0.0,0.0,0.0,0.0,0.0,55.0,0
38.00_65.00,2017-09-11,38.0,65.0,0.0,0.0,0.0,0.0,0.0,0.0,56.0,0
38.00_65.00,2017-09-18,38.0,65.0,0.0,0.0,0.0,0.0,0.0,0.0,57.0,0
38.00_65.00,2017-09-25,38.0,65.0,0.0,0.0,0.0,0.0,0.0,0.0,58.0,0
38.00_65.00,2017-10-02,38.0,65.0,0.0,0.0,0.0,0.0,0.0,0.0,59.0,0
38.00_65.00,2017-10-09,38.0,65.0,0.0,0.0,0.0,0.0,0.0,0.0,60.0,0
38.00_65.00,2017-10-16,38.0,65.0,0.0,0.0,0.0,0.0,0.0,0.0,61.0,0
38.00_65.00,2017-10-23,38.0,65.0,0.0,0.0,0.0,0.0,0.0,0.0,62.0,0
38.00_65.00,2017-10-30,38.0,65.0,0.0,0.0,0.0,0.0,0.0,0.0,63.0,0
38.00_65.00,2017-11-06,38.0,65.0,0.0,0.0,0.0,0.0,0.0,0.0,64.0,0
38.00_65.00,2017-11-13,38.0,65.0,0.0,0.0,0.0,0.0,0.0,0.0,65.0,0
38.00_65.00,2017-11-20,38.0,65.0,0.0,0.0,0.0,0.0,0.0,0.0,66.0,0
38.00_65.00,2017-11-27,38.0,65.0,0.0,0.0,0.0,0.0,0.0,0.0,67.0,0
38.00_65.00,2017-12-04,38.0,65.0,0.0,0.0,0.0,0.0,0.0,0.0,68.0,0
38.00_65.00,2017-12-11,38.0,65.0,0.0,0.0,0.0,0.0,0.0,0.0,69.0,0
38.00_65.00,2017-12-18,38.0,65.0,0.0,0.0,0.0,0.0,0.0,0.0,70.0,0
38.00_65.00,2017-12-25,38.0,65.0,0.0,0.0,0.0,0.0,0.0,0.0,71.0,0
38.00_65.00,2018-01-01,38.0,65.0,0.0,0.0,0.0,0.0,0.0,0.0,72.0,0
38.00_65.00,2018-01-08,38.0,65.0,0.0,0.0,0.0,0.0,0.0,0.0,73.0,0
38.00_65.00,2018-01-15,38.0,65.0,0.0,0.0,0.0,0.0,0.0,0.0,74.0,0
38.00_65.00,2018-01-22,38.0,65.0,0.0,0.0,0.0,0.0,0.0,0.0,75.0,0
38.00_65.00,2018-01-29,38.0,65.0,0.0,0.0,0.0,0.0,0.0,0.0,76.0,0
38.00_65.00,2018-02-05,38.0,65.0,0.0,0.0,0.0,0.0,0.0,0.0,77.0,0
38.00_65.00,2018-02-12,38.0,65.0,0.0,0.0,0.0,0.0,0.0,0.0,78.0,0
38.00_65.00,2018-02-19,38.0,65.0,0.0,0.0,0.0,0.0,0.0,0.0,79.0,0
38.00_65.00,2018-02-26,38.0,65.0,0.0,0.0,0.0,0.0,0.0,0.0,80.0,0
38.00_65.00,2018-03-05,38.0,65.0,0.0,0.0,0.0,0.0,0.0,0.0,81.0,0
38.00_65.00,2018-03-12,38.0,65.0,0.0,0.0,0.0,0.0,0.0,0.0,82.0,0
38.00_65.00,2018-03-19,38.0,65.0,0.0,0.0,0.0,0.0,0.0,0.0,83.0,0
38.00_65.00,2018-03-26,38.0,65.0,0.0,0.0,0.0,0.0,0.0,0.0,84.0,0
38.00_65.00,2018-04-02,38.0,65.0,0.0,0.0,0.0,0.0,0.0,0.0,85.0,0
38.00_65.00,2018-04-09,38.0,65.0,0.0,0.0,0.0,0.0,0.0,0.0,86.0,0
38.00_65.00,2018-04-16,38.0,65.0,0.0,0.0,0.0,0.0,0.0,0.0,87.0,0
38.00_65.00,2018-04-23,38.0,65.0,0.0,0.0,0.0,0.0,0.0,0.0,88.0,0
38.00_65.00,2018-04-30,38.0,65.0,0.0,0.0,0.0,0.0,0.0,0.0,89.0,0
38.00_65.00,2018-05-07,38.0,65.0,0.0,0.0,0.0,0.0,0.0,0.0,90.0,0
38.00_65.00,2018-05-14,38.0,65.0,0.0,0.0,0.0,0.0,0.0,0.0,91.0,0
38.00_65.00,2018-05-21,38.0,65.0,0.0,0.0,0.0,0.0,0.0,0.0,92.0,0
38.00_65.00,2018-05-28,38.0,65.0,0.0,0.0,0.0,0.0,0.0,0.0,93.0,0
38.00_65.00,2018-06-04,38.0,65.0,0.0,0.0,0.0,0.0,0.0,0.0,94.0,0
38.00_65.00,2018-06-11,38.0,65.0,0.0,0.0,0.0,0.0,0.0,0.0,95.0,0
38.00_65.00,2018-06-18,38.0,65.0,0.0,0.0,0.0,0.0,0.0,0.0,96.0,0
38.00_65.00,2018-06-25,38.0,65.0,0.0,0.0,0.0,0.0,0.0,0.0,97.0,0
38.00_65.00,2018-07-02,38.0,65.0,0.0,0.0,0.0,0.0,0.0,0.0,98.0,0
38.00_65.00,2018-07-09,38.0,65.0,0.0,0.0,0.0,0.0,0.0,0.0,99.0,0
38.00_65.00,2018-07-16,38.0,65.0,0.0,0.0,0.0,0.0,0.0,0.0,100.0,0
38.00_65.00,2018-07-23,38.0,65.0,0.0,0.0,0.0,0.0,0.0,0.0,101.0,0
38.00_65.00,2018-07-30,38.0,65.0,0.0,0.0,0.0,0.0,0.0,0.0,102.0,0
38.00_65.00,2018-08-06,38.0,65.0,0.0,0.0,0.0,0.0,0.0,0.0,103.0,0
38.00_65.00,2018-08-13,38.0,65.0,0.0,0.0,0.0,0.0,0.0,0.0,104.0,0
38.00_65.00,2018-08-20,38.0,65.0,0.0,0.0,0.0,0.0,0.0,0.0,105.0,0
38.00_65.00,2018-08-27,38.0,65.0,0.0,0.0,0.0,0.0,0.0,0.0,106.0,0
38.00_65.00,2018-09-03,38.0,65.0,0.0,0.0,0.0,0.0,0.0,0.0,107.0,0
38.00_65.00,2018-09-10,38.0,65.0,0.0,0.0,0.0,0.0,0.0,0.0,108.0,0
38.00_65.00,2018-09-17,38.0,65.0,0.0,0.0,0.0,0.0,0.0,0.0,109.0,0
38.00_65.00,2018-09-24,38.0,65.0,0.0,0.0,0.0,0.0,0.0,0.0,110.0,1
38.00_65.00,2018-10-01,38.0,65.0,1.0,4.1,4.1,4.1,1.0,1412537.5446227526,111.0,0
38.00_65.00,2018-10-08,38.0,65.0,0.0,0.0,0.0,4.1,1.0,1412537.5446227526,112.0,0
38.00_65.00,2018-10-15,38.0,65.0,0.0,0.0,0.0,4.1,1.0,1412537.5446227526,113.0,0
38.00_65.00,2018-10-22,38.0,65.0,0.0,0.0,0.0,4.1,1.0,1412537.5446227526,114.0,0
38.00_65.00,2018-10-29,38.0,65.0,0.0,0.0,0.0,0.0,1.0,1412537.5446227526,115.0,0
38.00_65.00,2018-11-05,38.0,65.0,0.0,0.0,0.0,0.0,1.0,1412537.5446227526,116.0,0
38.00_65.00,2018-11-12,38.0,65.0,0.0,0.0,0.0,0.0,1.0,1412537.5446227526,117.0,0
38.00_65.00,2018-11-19,38.0,65.0,0.0,0.0,0.0,0.0,1.0,1412537.5446227526,118.0,0
38.00_65.00,2018-11-26,38.0,65.0,0.0,0.0,0.0,0.0,1.0,0.0,119.0,0
38.00_65.00,2018-12-03,38.0,65.0,0.0,0.0,0.0,0.0,1.0,0.0,120.0,0
38.00_65.00,2018-12-10,38.0,65.0,0.0,0.0,0.0,0.0,1.0,0.0,121.0,0
38.00_65.00,2018-12-17,38.0,65.0,0.0,0.0,0.0,0.0,1.0,0.0,122.0,0
38.00_65.00,2018-12-24,38.0,65.0,0.0,0.0,0.0,0.0,0.0,0.0,123.0,0
38.00_65.00,2018-12-31,38.0,65.0,0.0,0.0,0.0,0.0,0.0,0.0,124.0,0
38.00_65.00,2019-01-07,38.0,65.0,0.0,0.0,0.0,0.0,0.0,0.0,125.0,0
38.00_65.00,2019-01-14,38.0,65.0,0.0,0.0,0.0,0.0,0.0,0.0,126.0,0
38.00_65.00,2019-01-21,38.0,65.0,0.0,0.0,0.0,0.0,0.0,0.0,127.0,0
38.00_65.00,2019-01-28,38.0,65.0,0.0,0.0,0.0,0.0,0.0,0.0,128.0,0
38.00_65.00,2019-02-04,38.0,65.0,0.0,0.0,0.0,0.0,0.0,0.0,129.0,0
38.00_65.00,2019-02-11,38.0,65.0,0.0,0.0,0.0,0.0,0.0,0.0,130.0,0
38.00_65.00,2019-02-18,38.0,65.0,0.0,0.0,0.0,0.0,0.0,0.0,131.0,0
38.00_65.00,2019-02-25,38.0,65.0,0.0,0.0,0.0,0.0,0.0,0.0,132.0,0
38.00_65.00,2019-03-04,38.0,65.0,0.0,0.0,0.0,0.0,0.0,0.0,133.0,0
38.00_65.00,2019-03-11,38.0,65.0,0.0,0.0,0.0,0.0,0.0,0.0,134.0,0
38.00_65.00,2019-03-18,38.0,65.0,0.0,0.0,0.0,0.0,0.0,0.0,135.0,0
38.00_65.00,2019-03-25,38.0,65.0,0.0,0.0,0.0,0.0,0.0,0.0,136.0,0
38.00_65.00,2019-04-01,38.0,65.0,0.0,0.0,0.0,0.0,0.0,0.0,137.0,0
38.00_65.00,2019-04-08,38.0,65.0,0.0,0.0,0.0,0.0,0.0,0.0,138.0,0
38.00_65.00,2019-04-15,38.0,65.0,0.0,0.0,0.0,0.0,0.0,0.0,139.0,0
38.00_65.00,2019-04-22,38.0,65.0,0.0,0.0,0.0,0.0,0.0,0.0,140.0,0
38.00_65.00,2019-04-29,38.0,65.0,0.0,0.0,0.0,0.0,0.0,0.0,141.0,0
38.00_65.00,2019-05-06,38.0,65.0,0.0,0.0,0.0,0.0,0.0,0.0,142.0,0
38.00_65.00,2019-05-13,38.0,65.0,0.0,0.0,0.0,0.0,0.0,0.0,143.0,0
38.00_65.00,2019-05-20,38.0,65.0,0.0,0.0,0.0,0.0,0.0,0.0,144.0,0
38.00_65.00,2019-05-27,38.0,65.0,0.0,0.0,0.0,0.0,0.0,0.0,145.0,0
38.00_65.00,2019-06-03,38.0,65.0,0.0,0.0,0.0,0.0,0.0,0.0,146.0,0
38.00_65.00,2019-06-10,38.0,65.0,0.0,0.0,0.0,0.0,0.0,0.0,147.0,0
38.00_65.00,2019-06-17,38.0,65.0,0.0,0.0,0.0,0.0,0.0,0.0,148.0,0
38.00_65.00,2019-06-24,38.0,65.0,0.0,0.0,0.0,0.0,0.0,0.0,149.0,0
38.00_65.00,2019-07-01,38.0,65.0,0.0,0.0,0.0,0.0,0.0,0.0,150.0,0
38.00_65.00,2019-07-08,38.0,65.0,0.0,0.0,0.0,0.0,0.0,0.0,151.0,0
38.00_65.00,2019-07-15,38.0,65.0,0.0,0.0,0.0,0.0,0.0,0.0,152.0,0
38.00_65.00,2019-07-22,38.0,65.0,0.0,0.0,0.0,0.0,0.0,0.0,153.0,0
38.00_65.00,2019-07-29,38.0,65.0,0.0,0.0,0.0,0.0,0.0,0.0,154.0,0
38.00_65.00,2019-08-05,38.0,65.0,0.0,0.0,0.0,0.0,0.0,0.0,155.0,0
38.00_65.00,2019-08-12,38.0,65.0,0.0,0.0,0.0,0.0,0.0,0.0,156.0,0
38.00_65.00,2019-08-19,38.0,65.0,0.0,0.0,0.0,0.0,0.0,0.0,157.0,0
38.00_65.00,2019-08-26,38.0,65.0,0.0,0.0,0.0,0.0,0.0,0.0,158.0,0
38.00_65.00,2019-09-02,38.0,65.0,0.0,0.0,0.0,0.0,0.0,0.0,159.0,0
38.00_65.00,2019-09-09,38.0,65.0,0.0,0.0,0.0,0.0,0.0,0.0,160.0,0
38.00_65.00,2019-09-16,38.0,65.0,0.0,0.0,0.0,0.0,0.0,0.0,161.0,0
38.00_65.00,2019-09-23,38.0,65.0,0.0,0.0,0.0,0.0,0.0,0.0,162.0,0
38.00_65.00,2019-09-30,38.0,65.0,0.0,0.0,0.0,0.0,0.0,0.0,163.0,0
38.00_65.00,2019-10-07,38.0,65.0,0.0,0.0,0.0,0.0,0.0,0.0,164.0,0
38.00_65.00,2019-10-14,38.0,65.0,0.0,0.0,0.0,0.0,0.0,0.0,165.0,0
38.00_65.00,2019-10-21,38.0,65.0,0.0,0.0,0.0,0.0,0.0,0.0,166.0,0
38.00_65.00,2019-10-28,38.0,65.0,0.0,0.0,0.0,0.0,0.0,0.0,167.0,0
38.00_65.00,2019-11-04,38.0,65.0,0.0,0.0,0.0,0.0,0.0,0.0,168.0,0
38.00_65.00,2019-11-11,38.0,65.0,0.0,0.0,0.0,0.0,0.0,0.0,169.0,0
38.00_65.00,2019-11-18,38.0,65.0,0.0,0.0,0.0,0.0,0.0,0.0,170.0,0
38.00_65.00,2019-11-25,38.0,65.0,0.0,0.0,0.0,0.0,0.0,0.0,171.0,0
38.00_65.00,2019-12-02,38.0,65.0,0.0,0.0,0.0,0.0,0.0,0.0,172.0,0
38.00_65.00,2019-12-09,38.0,65.0,0.0,0.0,0.0,0.0,0.0,0.0,173.0,0
38.00_65.00,2019-12-16,38.0,65.0,0.0,0.0,0.0,0.0,0.0,0.0,174.0,0
38.00_65.00,2019-12-23,38.0,65.0,0.0,0.0,0.0,0.0,0.0,0.0,175.0,0
38.00_65.00,2019-12-30,38.0,65.0,0.0,0.0,0.0,0.0,0.0,0.0,176.0,0
38.00_65.00,2020-01-06,38.0,65.0,0.0,0.0,0.0,0.0,0.0,0.0,177.0,0
38.00_65.00,2020-01-13,38.0,65.0,0.0,0.0,0.0,0.0,0.0,0.0,178.0,0
38.00_65.00,2020-01-20,38.0,65.0,0.0,0.0,0.0,0.0,0.0,0.0,179.0,0
38.00_65.00,2020-01-27,38.0,65.0,0.0,0.0,0.0,0.0,0.0,0.0,180.0,0
38.00_65.00,2020-02-03,38.0,65.0,0.0,0.0,0.0,0.0,0.0,0.0,181.0,0
38.00_65.00,2020-02-10,38.0,65.0,0.0,0.0,0.0,0.0,0.0,0.0,182.0,0
38.00_65.00,2020-02-17,38.0,65.0,0.0,0.0,0.0,0.0,0.0,0.0,183.0,0
38.00_65.00,2020-02-24,38.0,65.0,0.0,0.0,0.0,0.0,0.0,0.0,184.0,0
38.00_65.00,2020-03-02,38.0,65.0,0.0,0.0,0.0,0.0,0.0,0.0,185.0,0
38.00_65.00,2020-03-09,38.0,65.0,0.0,0.0,0.0,0.0,0.0,0.0,186.0,0
38.00_65.00,2020-03-16,38.0,65.0,0.0,0.0,0.0,0.0,0.0,0.0,187.0,0
38.00_65.00,2020-03-23,38.0,65.0,0.0,0.0,0.0,0.0,0.0,0.0,188.0,0
38.00_65.00,2020-03-30,38.0,65.0,0.0,0.0,0.0,0.0,0.0,0.0,189.0,0
38.00_65.00,2020-04-06,38.0,65.0,0.0,0.0,0.0,0.0,0.0,0.0,190.0,0
38.00_65.00,2020-04-13,38.0,65.0,0.0,0.0,0.0,0.0,0.0,0.0,191.0,0
38.00_65.00,2020-04-20,38.0,65.0,0.0,0.0,0.0,0.0,0.0,0.0,192.0,0
38.00_65.00,2020-04-27,38.0,65.0,0.0,0.0,0.0,0.0,0.0,0.0,193.0,0
38.00_65.00,2020-05-04,38.0,65.0,0.0,0.0,0.0,0.0,0.0,0.0,194.0,0
38.00_65.00,2020-05-11,38.0,65.0,0.0,0.0,0.0,0.0,0.0,0.0,195.0,0
38.00_65.00,2020-05-18,38.0,65.0,0.0,0.0,0.0,0.0,0.0,0.0,196.0,0
38.00_65.00,2020-05-25,38.0,65.0,0.0,0.0,0.0,0.0,0.0,0.0,197.0,0
38.00_65.00,2020-06-01,38.0,65.0,0.0,0.0,0.0,0.0,0.0,0.0,198.0,0
38.00_65.00,2020-06-08,38.0,65.0,0.0,0.0,0.0,0.0,0.0,0.0,199.0,0
38.00_65.00,2020-06-15,38.0,65.0,0.0,0.0,0.0,0.0,0.0,0.0,200.0,0
38.00_65.00,2020-06-22,38.0,65.0,0.0,0.0,0.0,0.0,0.0,0.0,201.0,0
38.00_65.00,2020-06-29,38.0,65.0,0.0,0.0,0.0,0.0,0.0,0.0,202.0,0
38.00_65.00,2020-07-06,38.0,65.0,0.0,0.0,0.0,0.0,0.0,0.0,203.0,0
38.00_65.00,2020-07-13,38.0,65.0,0.0,0.0,0.0,0.0,0.0,0.0,204.0,0
38.00_65.00,2020-07-20,38.0,65.0,0.0,0.0,0.0,0.0,0.0,0.0,205.0,0
38.00_65.00,2020-07-27,38.0,65.0,0.0,0.0,0.0,0.0,0.0,0.0,206.0,0
38.00_65.00,2020-08-03,38.0,65.0,0.0,0.0,0.0,0.0,0.0,0.0,207.0,0
38.00_65.00,2020-08-10,38.0,65.0,0.0,0.0,0.0,0.0,0.0,0.0,208.0,0
38.00_65.00,2020-08-17,38.0,65.0,0.0,0.0,0.0,0.0,0.0,0.0,209.0,1
38.00_65.00,2020-08-24,38.0,65.0,1.0,4.4,4.4,4.4,1.0,3981071.7055349774,210.0,0
38.00_65.00,2020-08-31,38.0,65.0,0.0,0.0,0.0,4.4,1.0,3981071.7055349774,211.0,0
38.00_65.00,2020-09-07,38.0,65.0,0.0,0.0,0.0,4.4,1.0,3981071.7055349774,212.0,0
38.00_65.00,2020-09-14,38.0,65.0,0.0,0.0,0.0,4.4,1.0,3981071.7055349774,213.0,0
38.00_65.00,2020-09-21,38.0,65.0,0.0,0.0,0.0,0.0,1.0,3981071.7055349774,214.0,0
38.00_65.00,2020-09-28,38.0,65.0,0.0,0.0,0.0,0.0,1.0,3981071.7055349774,215.0,0
38.00_65.00,2020-10-05,38.0,65.0,0.0,0.0,0.0,0.0,1.0,3981071.7055349774,216.0,0
38.00_65.00,2020-10-12,38.0,65.0,0.0,0.0,0.0,0.0,1.0,3981071.7055349774,217.0,0
38.00_65.00,2020-10-19,38.0,65.0,0.0,0.0,0.0,0.0,1.0,0.0,218.0,0
38.00_65.00,2020-10-26,38.0,65.0,0.0,0.0,0.0,0.0,1.0,0.0,219.0,0
38.00_65.00,2020-11-02,38.0,65.0,0.0,0.0,0.0,0.0,1.0,0.0,220.0,0
38.00_65.00,2020-11-09,38.0,65.0,0.0,0.0,0.0,0.0,1.0,0.0,221.0,0
38.00_65.00,2020-11-16,38.0,65.0,0.0,0.0,0.0,0.0,0.0,0.0,222.0,0
38.00_65.00,2020-11-23,38.0,65.0,0.0,0.0,0.0,0.0,0.0,0.0,223.0,0
38.00_65.00,2020-11-30,38.0,65.0,0.0,0.0,0.0,0.0,0.0,0.0,224.0,0
38.00_65.00,2020-12-07,38.0,65.0,0.0,0.0,0.0,0.0,0.0,0.0,225.0,0
38.00_65.00,2020-12-14,38.0,65.0,0.0,0.0,0.0,0.0,0.0,0.0,226.0,0
38.00_65.00,2020-12-21,38.0,65.0,0.0,0.0,0.0,0.0,0.0,0.0,227.0,0
38.00_65.00,2020-12-28,38.0,65.0,0.0,0.0,0.0,0.0,0.0,0.0,228.0,0
38.00_65.00,2021-01-04,38.0,65.0,0.0,0.0,0.0,0.0,0.0,0.0,229.0,0
38.00_65.00,2021-01-11,38.0,65.0,0.0,0.0,0.0,0.0,0.0,0.0,230.0,0
38.00_65.00,2021-01-18,38.0,65.0,0.0,0.0,0.0,0.0,0.0,0.0,231.0,0
38.00_65.00,2021-01-25,38.0,65.0,0.0,0.0,0.0,0.0,0.0,0.0,232.0,0
38.00_65.00,2021-02-01,38.0,65.0,0.0,0.0,0.0,0.0,0.0,0.0,233.0,0
38.00_65.00,2021-02-08,38.0,65.0,0.0,0.0,0.0,0.0,0.0,0.0,234.0,0
38.00_65.00,2021-02-15,38.0,65.0,0.0,0.0,0.0,0.0,0.0,0.0,235.0,0
38.00_65.00,2021-02-22,38.0,65.0,0.0,0.0,0.0,0.0,0.0,0.0,236.0,0
38.00_65.00,2021-03-01,38.0,65.0,0.0,0.0,0.0,0.0,0.0,0.0,237.0,0
38.00_65.00,2021-03-08,38.0,65.0,0.0,0.0,0.0,0.0,0.0,0.0,238.0,0
38.00_65.00,2021-03-15,38.0,65.0,0.0,0.0,0.0,0.0,0.0,0.0,239.0,0
38.00_65.00,2021-03-22,38.0,65.0,0.0,0.0,0.0,0.0,0.0,0.0,240.0,0
38.00_65.00,2021-03-29,38.0,65.0,0.0,0.0,0.0,0.0,0.0,0.0,241.0,0
38.00_65.00,2021-04-05,38.0,65.0,0.0,0.0,0.0,0.0,0.0,0.0,242.0,0
38.00_65.00,2021-04-12,38.0,65.0,0.0,0.0,0.0,0.0,0.0,0.0,243.0,0
38.00_65.00,2021-04-19,38.0,65.0,0.0,0.0,0.0,0.0,0.0,0.0,244.0,0
38.00_65.00,2021-04-26,38.0,65.0,0.0,0.0,0.0,0.0,0.0,0.0,245.0,0
38.00_65.00,2021-05-03,38.0,65.0,0.0,0.0,0.0,0.0,0.0,0.0,246.0,0
38.00_65.00,2021-05-10,38.0,65.0,0.0,0.0,0.0,0.0,0.0,0.0,247.0,0
38.00_65.00,2021-05-17,38.0,65.0,0.0,0.0,0.0,0.0,0.0,0.0,248.0,0
38.00_65.00,2021-05-24,38.0,65.0,0.0,0.0,0.0,0.0,0.0,0.0,249.0,0
38.00_65.00,2021-05-31,38.0,65.0,0.0,0.0,0.0,0.0,0.0,0.0,250.0,0
38.00_65.00,2021-06-07,38.0,65.0,0.0,0.0,0.0,0.0,0.0,0.0,251.0,0
38.00_65.00,2021-06-14,38.0,65.0,0.0,0.0,0.0,0.0,0.0,0.0,252.0,0
38.00_65.00,2021-06-21,38.0,65.0,0.0,0.0,0.0,0.0,0.0,0.0,253.0,0
38.00_65.00,2021-06-28,38.0,65.0,0.0,0.0,0.0,0.0,0.0,0.0,254.0,0
38.00_65.00,2021-07-05,38.0,65.0,0.0,0.0,0.0,0.0,0.0,0.0,255.0,0
38.00_65.00,2021-07-12,38.0,65.0,0.0,0.0,0.0,0.0,0.0,0.0,256.0,0
38.00_65.00,2021-07-19,38.0,65.0,0.0,0.0,0.0,0.0,0.0,0.0,257.0,0
38.00_65.00,2021-07-26,38.0,65.0,0.0,0.0,0.0,0.0,0.0,0.0,258.0,0
38.00_65.00,2021-08-02,38.0,65.0,0.0,0.0,0.0,0.0,0.0,0.0,259.0,0
38.00_65.00,2021-08-09,38.0,65.0,0.0,0.0,0.0,0.0,0.0,0.0,260.0,0
38.00_65.00,2021-08-16,38.0,65.0,0.0,0.0,0.0,0.0,0.0,0.0,261.0,0
38.00_65.00,2021-08-23,38.0,65.0,0.0,0.0,0.0,0.0,0.0,0.0,262.0,0
38.00_65.00,2021-08-30,38.0,65.0,0.0,0.0,0.0,0.0,0.0,0.0,263.0,0
38.00_65.00,2021-09-06,38.0,65.0,0.0,0.0,0.0,0.0,0.0,0.0,264.0,0
38.00_65.00,2021-09-13,38.0,65.0,0.0,0.0,0.0,0.0,0.0,0.0,265.0,0
38.00_65.00,2021-09-20,38.0,65.0,0.0,0.0,0.0,0.0,0.0,0.0,266.0,0
38.00_65.00,2021-09-27,38.0,65.0,0.0,0.0,0.0,0.0,0.0,0.0,267.0,0
38.00_65.00,2021-10-04,38.0,65.0,0.0,0.0,0.0,0.0,0.0,0.0,268.0,0
38.00_65.00,2021-10-11,38.0,65.0,0.0,0.0,0.0,0.0,0.0,0.0,269.0,0
38.00_65.00,2021-10-18,38.0,65.0,0.0,0.0,0.0,0.0,0.0,0.0,270.0,0
38.00_65.00,2021-10-25,38.0,65.0,0.0,0.0,0.0,0.0,0.0,0.0,271.0,0
38.00_65.00,2021-11-01,38.0,65.0,0.0,0.0,0.0,0.0,0.0,0.0,272.0,0
38.00_65.00,2021-11-08,38.0,65.0,0.0,0.0,0.0,0.0,0.0,0.0,273.0,0
38.00_65.00,2021-11-15,38.0,65.0,0.0,0.0,0.0,0.0,0.0,0.0,274.0,0
38.00_65.00,2021-11-22,38.0,65.0,0.0,0.0,0.0,0.0,0.0,0.0,275.0,0
38.00_65.00,2021-11-29,38.0,65.0,0.0,0.0,0.0,0.0,0.0,0.0,276.0,0
38.00_65.00,2021-12-06,38.0,65.0,0.0,0.0,0.0,0.0,0.0,0.0,277.0,0
38.00_65.00,2021-12-13,38.0,65.0,0.0,0.0,0.0,0.0,0.0,0.0,278.0,0
38.00_65.00,2021-12-20,38.0,65.0,0.0,0.0,0.0,0.0,0.0,0.0,279.0,0
38.00_65.00,2021-12-27,38.0,65.0,0.0,0.0,0.0,0.0,0.0,0.0,280.0,0
38.00_65.00,2022-01-03,38.0,65.0,0.0,0.0,0.0,0.0,0.0,0.0,281.0,0
38.00_65.00,2022-01-10,38.0,65.0,0.0,0.0,0.0,0.0,0.0,0.0,282.0,0
38.00_65.00,2022-01-17,38.0,65.0,0.0,0.0,0.0,0.0,0.0,0.0,283.0,0
38.00_65.00,2022-01-24,38.0,65.0,0.0,0.0,0.0,0.0,0.0,0.0,284.0,0
38.00_65.00,2022-01-31,38.0,65.0,0.0,0.0,0.0,0.0,0.0,0.0,285.0,0
38.00_65.00,2022-02-07,38.0,65.0,0.0,0.0,0.0,0.0,0.0,0.0,286.0,0
38.00_65.00,2022-02-14,38.0,65.0,0.0,0.0,0.0,0.0,0.0,0.0,287.0,0
38.00_65.00,2022-02-21,38.0,65.0,0.0,0.0,0.0,0.0,0.0,0.0,288.0,0
38.00_65.00,2022-02-28,38.0,65.0,0.0,0.0,0.0,0.0,0.0,0.0,289.0,0
38.00_65.00,2022-03-07,38.0,65.0,0.0,0.0,0.0,0.0,0.0,0.0,290.0,0
38.00_65.00,2022-03-14,38.0,65.0,0.0,0.0,0.0,0.0,0.0,0.0,291.0,0
38.00_65.00,2022-03-21,38.0,65.0,0.0,0.0,0.0,0.0,0.0,0.0,292.0,0
38.00_65.00,2022-03-28,38.0,65.0,0.0,0.0,0.0,0.0,0.0,0.0,293.0,0
38.00_65.00,2022-04-04,38.0,65.0,0.0,0.0,0.0,0.0,0.0,0.0,294.0,0
38.00_65.00,2022-04-11,38.0,65.0,0.0,0.0,0.0,0.0,0.0,0.0,295.0,0
38.00_65.00,2022-04-18,38.0,65.0,0.0,0.0,0.0,0.0,0.0,0.0,296.0,0
38.00_65.00,2022-04-25,38.0,65.0,0.0,0.0,0.0,0.0,0.0,0.0,297.0,0
38.00_65.00,2022-05-02,38.0,65.0,0.0,0.0,0.0,0.0,0.0,0.0,298.0,0
38.00_65.00,2022-05-09,38.0,65.0,0.0,0.0,0.0,0.0,0.0,0.0,299.0,1
38.00_65.00,2022-05-16,38.0,65.0,1.0,5.3,5.3,5.3,1.0,89125093.8133744,0.0,0
38.00_65.00,2022-05-23,38.0,65.0,0.0,0.0,0.0,5.3,1.0,89125093.8133744,1.0,0
38.00_65.00,2022-05-30,38.0,65.0,0.0,0.0,0.0,5.3,1.0,89125093.8133744,2.0,0
38.00_65.00,2022-06-06,38.0,65.0,0.0,0.0,0.0,5.3,1.0,89125093.8133744,3.0,0
38.00_65.00,2022-06-13,38.0,65.0,0.0,0.0,0.0,0.0,1.0,89125093.8133744,4.0,0
38.00_65.00,2022-06-20,38.0,65.0,0.0,0.0,0.0,0.0,1.0,89125093.8133744,5.0,0
38.00_65.00,2022-06-27,38.0,65.0,0.0,0.0,0.0,0.0,1.0,89125093.8133744,6.0,0
38.00_65.00,2022-07-04,38.0,65.0,0.0,0.0,0.0,0.0,1.0,89125093.8133744,7.0,0
38.00_65.00,2022-07-11,38.0,65.0,0.0,0.0,0.0,0.0,1.0,0.0,8.0,0
38.00_65.00,2022-07-18,38.0,65.0,0.0,0.0,0.0,0.0,1.0,0.0,9.0,0
38.00_65.00,2022-07-25,38.0,65.0,0.0,0.0,0.0,0.0,1.0,0.0,10.0,0
38.00_65.00,2022-08-01,38.0,65.0,0.0,0.0,0.0,0.0,1.0,0.0,11.0,0
38.00_65.00,2022-08-08,38.0,65.0,0.0,0.0,0.0,0.0,0.0,0.0,12.0,0
38.00_65.00,2022-08-15,38.0,65.0,0.0,0.0,0.0,0.0,0.0,0.0,13.0,0
38.00_65.00,2022-08-22,38.0,65.0,0.0,0.0,0.0,0.0,0.0,0.0,14.0,0
38.00_65.00,2022-08-29,38.0,65.0,0.0,0.0,0.0,0.0,0.0,0.0,15.0,0
38.00_65.00,2022-09-05,38.0,65.0,0.0,0.0,0.0,0.0,0.0,0.0,16.0,0
38.00_65.00,2022-09-12,38.0,65.0,0.0,0.0,0.0,0.0,0.0,0.0,17.0,0
38.00_65.00,2022-09-19,38.0,65.0,0.0,0.0,0.0,0.0,0.0,0.0,18.0,0
38.00_65.00,2022-09-26,38.0,65.0,0.0,0.0,0.0,0.0,0.0,0.0,19.0,0
38.00_65.00,2022-10-03,38.0,65.0,0.0,0.0,0.0,0.0,0.0,0.0,20.0,0
38.00_65.00,2022-10-10,38.0,65.0,0.0,0.0,0.0,0.0,0.0,0.0,21.0,0
38.00_65.00,2022-10-17,38.0,65.0,0.0,0.0,0.0,0.0,0.0,0.0,22.0,0
38.00_65.00,2022-10-24,38.0,65.0,0.0,0.0,0.0,0.0,0.0,0.0,23.0,0
38.00_65.00,2022-10-31,38.0,65.0,0.0,0.0,0.0,0.0,0.0,0.0,24.0,0
38.00_65.00,2022-11-07,38.0,65.0,0.0,0.0,0.0,0.0,0.0,0.0,25.0,0
38.00_65.00,2022-11-14,38.0,65.0,0.0,0.0,0.0,0.0,0.0,0.0,26.0,1
38.00_65.00,2022-11-21,38.0,65.0,1.0,4.1,4.1,4.1,1.0,1412537.5446227526,27.0,0
38.00_65.00,2022-11-28,38.0,65.0,0.0,0.0,0.0,4.1,1.0,1412537.5446227526,28.0,0
38.00_65.00,2022-12-05,38.0,65.0,0.0,0.0,0.0,4.1,1.0,1412537.5446227526,29.0,0
38.00_65.00,2022-12-12,38.0,65.0,0.0,0.0,0.0,4.1,1.0,1412537.5446227526,30.0,0
38.00_65.00,2022-12-19,38.0,65.0,0.0,0.0,0.0,0.0,1.0,1412537.5446227526,31.0,0
38.00_65.00,2022-12-26,38.0,65.0,0.0,0.0,0.0,0.0,1.0,1412537.5446227526,32.0,0
38.00_65.00,2023-01-02,38.0,65.0,0.0,0.0,0.0,0.0,1.0,1412537.5446227526,33.0,0
38.00_65.00,2023-01-09,38.0,65.0,0.0,0.0,0.0,0.0,1.0,1412537.5446227526,34.0,0
38.00_65.00,2023-01-16,38.0,65.0,0.0,0.0,0.0,0.0,1.0,0.0,35.0,0
38.00_65.00,2023-01-23,38.0,65.0,0.0,0.0,0.0,0.0,1.0,0.0,36.0,0
38.00_65.00,2023-01-30,38.0,65.0,0.0,0.0,0.0,0.0,1.0,0.0,37.0,0
38.00_65.00,2023-02-06,38.0,65.0,0.0,0.0,0.0,0.0,1.0,0.0,38.0,0
38.00_65.00,2023-02-13,38.0,65.0,0.0,0.0,0.0,0.0,0.0,0.0,39.0,0
38.00_65.00,2023-02-20,38.0,65.0,0.0,0.0,0.0,0.0,0.0,0.0,40.0,0
38.00_65.00,2023-02-27,38.0,65.0,0.0,0.0,0.0,0.0,0.0,0.0,41.0,0
38.00_65.00,2023-03-06,38.0,65.0,0.0,0.0,0.0,0.0,0.0,0.0,42.0,1
38.00_65.00,2023-03-13,38.0,65.0,1.0,4.5,4.5,4.5,1.0,5623413.251903491,0.0,0
38.00_65.00,2023-03-20,38.0,65.0,0.0,0.0,0.0,4.5,1.0,5623413.251903491,1.0,0
38.00_65.00,2023-03-27,38.0,65.0,0.0,0.0,0.0,4.5,1.0,5623413.251903491,2.0,0
38.00_65.00,2023-04-03,38.0,65.0,0.0,0.0,0.0,4.5,1.0,5623413.251903491,3.0,0
38.00_65.00,2023-04-10,38.0,65.0,0.0,0.0,0.0,0.0,1.0,5623413.251903491,4.0,0
38.00_65.00,2023-04-17,38.0,65.0,0.0,0.0,0.0,0.0,1.0,5623413.251903491,5.0,0
38.00_65.00,2023-04-24,38.0,65.0,0.0,0.0,0.0,0.0,1.0,5623413.251903491,6.0,0
38.00_65.00,2023-05-01,38.0,65.0,0.0,0.0,0.0,0.0,1.0,5623413.251903491,7.0,0
38.00_65.00,2023-05-08,38.0,65.0,0.0,0.0,0.0,0.0,1.0,0.0,8.0,0
38.00_65.00,2023-05-15,38.0,65.0,0.0,0.0,0.0,0.0,1.0,0.0,9.0,0
38.00_65.00,2023-05-22,38.0,65.0,0.0,0.0,0.0,0.0,1.0,0.0,10.0,0
38.00_65.00,2023-05-29,38.0,65.0,0.0,0.0,0.0,0.0,1.0,0.0,11.0,0
38.00_65.00,2023-06-05,38.0,65.0,0.0,0.0,0.0,0.0,0.0,0.0,12.0,0
38.00_65.00,2023-06-12,38.0,65.0,0.0,0.0,0.0,0.0,0.0,0.0,13.0,1
38.00_65.00,2023-06-19,38.0,65.0,1.0,4.3,4.3,4.3,1.0,2818382.9312644494,14.0,0
38.00_65.00,2023-06-26,38.0,65.0,0.0,0.0,0.0,4.3,1.0,2818382.9312644494,15.0,0
38.00_65.00,2023-07-03,38.0,65.0,0.0,0.0,0.0,4.3,1.0,2818382.9312644494,16.0,0
38.00_65.00,2023-07-10,38.0,65.0,0.0,0.0,0.0,4.3,1.0,2818382.9312644494,17.0,0
38.00_65.00,2023-07-17,38.0,65.0,0.0,0.0,0.0,0.0,1.0,2818382.9312644494,18.0,0
38.00_65.00,2023-07-24,38.0,65.0,0.0,0.0,0.0,0.0,1.0,2818382.9312644494,19.0,0
38.00_65.00,2023-07-31,38.0,65.0,0.0,0.0,0.0,0.0,1.0,2818382.9312644494,20.0,0
38.00_65.00,2023-08-07,38.0,65.0,0.0,0.0,0.0,0.0,1.0,2818382.9312644494,21.0,0
38.00_65.00,2023-08-14,38.0,65.0,0.0,0.0,0.0,0.0,1.0,0.0,22.0,0
38.00_65.00,2023-08-21,38.0,65.0,0.0,0.0,0.0,0.0,1.0,0.0,23.0,0
38.00_65.00,2023-08-28,38.0,65.0,0.0,0.0,0.0,0.0,1.0,0.0,24.0,0
38.00_65.00,2023-09-04,38.0,65.0,0.0,0.0,0.0,0.0,1.0,0.0,25.0,0
38.00_65.00,2023-09-11,38.0,65.0,0.0,0.0,0.0,0.0,0.0,0.0,26.0,0
38.00_65.00,2023-09-18,38.0,65.0,0.0,0.0,0.0,0.0,0.0,0.0,27.0,0
38.00_65.00,2023-09-25,38.0,65.0,0.0,0.0,0.0,0.0,0.0,0.0,28.0,0
38.00_65.00,2023-10-02,38.0,65.0,0.0,0.0,0.0,0.0,0.0,0.0,29.0,0
38.00_65.00,2023-10-09,38.0,65.0,0.0,0.0,0.0,0.0,0.0,0.0,30.0,0
38.00_65.00,2023-10-16,38.0,65.0,0.0,0.0,0.0,0.0,0.0,0.0,31.0,0
38.00_65.00,2023-10-23,38.0,65.0,0.0,0.0,0.0,0.0,0.0,0.0,32.0,0
38.00_65.00,2023-10-30,38.0,65.0,0.0,0.0,0.0,0.0,0.0,0.0,33.0,0
38.00_65.00,2023-11-06,38.0,65.0,0.0,0.0,0.0,0.0,0.0,0.0,34.0,0
38.00_65.00,2023-11-13,38.0,65.0,0.0,0.0,0.0,0.0,0.0,0.0,35.0,0
38.00_65.00,2023-11-20,38.0,65.0,0.0,0.0,0.0,0.0,0.0,0.0,36.0,0
38.00_65.00,2023-11-27,38.0,65.0,0.0,0.0,0.0,0.0,0.0,0.0,37.0,0
38.00_65.00,2023-12-04,38.0,65.0,0.0,0.0,0.0,0.0,0.0,0.0,38.0,0
38.00_65.00,2023-12-11,38.0,65.0,0.0,0.0,0.0,0.0,0.0,0.0,39.0,1
38.00_65.00,2023-12-18,38.0,65.0,1.0,4.2,4.2,4.2,1.0,1995262.3149688828,40.0,0
38.00_65.00,2023-12-25,38.0,65.0,0.0,0.0,0.0,4.2,1.0,1995262.3149688828,41.0,0
38.00_68.00,2010-03-22,38.0,68.0,0.0,0.0,0.0,0.0,2.0,0.0,9.0,0
38.00_68.00,2010-03-29,38.0,68.0,0.0,0.0,0.0,0.0,2.0,0.0,10.0,0
38.00_68.00,2010-04-05,38.0,68.0,0.0,0.0,0.0,0.0,1.0,0.0,11.0,0
38.00_68.00,2010-04-12,38.0,68.0,0.0,0.0,0.0,0.0,0.0,0.0,12.0,1
38.00_68.00,2010-04-19,38.0,68.0,1.0,4.3,4.3,4.3,1.0,2818382.9312644494,13.0,1
38.00_68.00,2010-04-26,38.0,68.0,1.0,4.4,4.4,4.4,2.0,6799454.636799427,14.0,1
38.00_68.00,2010-05-03,38.0,68.0,1.0,4.3,4.3,4.4,3.0,9617837.568063876,15.0,0
38.00_68.00,2010-05-10,38.0,68.0,0.0,0.0,0.0,4.4,3.0,9617837.568063876,16.0,0
38.00_68.00,2010-05-17,38.0,68.0,0.0,0.0,0.0,4.4,3.0,9617837.568063876,17.0,0
38.00_68.00,2010-05-24,38.0,68.0,0.0,0.0,0.0,4.3,3.0,9617837.568063876,18.0,0
38.00_68.00,2010-05-31,38.0,68.0,0.0,0.0,0.0,0.0,3.0,9617837.568063876,19.0,0
38.00_68.00,2010-06-07,38.0,68.0,0.0,0.0,0.0,0.0,3.0,9617837.568063876,20.0,0
38.00_68.00,2010-06-14,38.0,68.0,0.0,0.0,0.0,0.0,3.0,6799454.636799427,21.0,0
38.00_68.00,2010-06-21,38.0,68.0,0.0,0.0,0.0,0.0,3.0,2818382.9312644494,22.0,0
38.00_68.00,2010-06-28,38.0,68.0,0.0,0.0,0.0,0.0,3.0,0.0,23.0,1
38.00_68.00,2010-07-05,38.0,68.0,1.0,4.7,4.7,4.7,4.0,11220184.543019652,0.0,1
38.00_68.00,2010-07-12,38.0,68.0,1.0,4.3,4.3,4.7,4.0,14038567.474284101,1.0,0
38.00_68.00,2010-07-19,38.0,68.0,0.0,0.0,0.0,4.7,3.0,14038567.474284101,2.0,0
38.00_68.00,2010-07-26,38.0,68.0,0.0,0.0,0.0,4.7,2.0,14038567.474284101,3.0,0
38.00_68.00,2010-08-02,38.0,68.0,0.0,0.0,0.0,4.3,2.0,14038567.474284101,4.0,1
38.00_68.00,2010-08-09,38.0,68.0,1.0,5.2,5.2,5.2,3.0,77134301.92230353,0.0,0
38.00_68.00,2010-08-16,38.0,68.0,0.0,0.0,0.0,5.2,3.0,77134301.92230353,1.0,0
38.00_68.00,2010-08-23,38.0,68.0,0.0,0.0,0.0,5.2,3.0,77134301.92230353,2.0,0
38.00_68.00,2010-08-30,38.0,68.0,0.0,0.0,0.0,5.2,3.0,65914117.379283875,3.0,0
38.00_68.00,2010-09-06,38.0,68.0,0.0,0.0,0.0,0.0,3.0,63095734.44801942,4.0,0
38.00_68.00,2010-09-13,38.0,68.0,0.0,0.0,0.0,0.0,3.0,63095734.44801942,5.0,0
38.00_68.00,2010-09-20,38.0,68.0,0.0,0.0,0.0,0.0,3.0,63095734.44801942,6.0,0
38.00_68.00,2010-09-27,38.0,68.0,0.0,0.0,0.0,0.0,2.0,63095734.44801942,7.0,1
38.00_68.00,2010-10-04,38.0,68.0,1.0,4.6,4.6,4.6,2.0,7943282.347242798,0.0,3
38.00_68.00,2010-10-11,38.0,68.0,3.0,5.1,4.4,5.1,5.0,78979924.65355746,0.0,0
38.00_68.00,2010-10-18,38.0,68.0,0.0,0.0,0.0,5.1,5.0,78979924.65355746,1.0,0
38.00_68.00,2010-10-25,38.0,68.0,0.0,0.0,0.0,5.1,5.0,78979924.65355746,2.0,0
38.00_68.00,2010-11-01,38.0,68.0,0.0,0.0,0.0,5.1,4.0,78979924.65355746,3.0,0
38.00_68.00,2010-11-08,38.0,68.0,0.0,0.0,0.0,0.0,4.0,78979924.65355746,4.0,0
38.00_68.00,2010-11-15,38.0,68.0,0.0,0.0,0.0,0.0,4.0,78979924.65355746,5.0,4
38.00_68.00,2010-11-22,38.0,68.0,4.0,4.8,4.1,4.8,8.0,111442650.37134595,0.0,1
38.00_68.00,2010-11-29,38.0,68.0,1.0,4.2,4.2,4.8,9.0,105494630.33907203,1.0,0
38.00_68.00,2010-12-06,38.0,68.0,0.0,0.0,0.0,4.8,9.0,34457988.03275737,2.0,0
38.00_68.00,2010-12-13,38.0,68.0,0.0,0.0,0.0,4.8,9.0,34457988.03275737,3.0,0
38.00_68.00,2010-12-20,38.0,68.0,0.0,0.0,0.0,4.2,9.0,34457988.03275737,4.0,0
38.00_68.00,2010-12-27,38.0,68.0,0.0,0.0,0.0,0.0,8.0,34457988.03275737,5.0,0
38.00_68.00,2011-01-03,38.0,68.0,0.0,0.0,0.0,0.0,5.0,34457988.03275737,6.0,1
38.00_68.00,2011-01-10,38.0,68.0,1.0,4.2,4.2,4.2,6.0,36453250.347726256,7.0,0
38.00_68.00,2011-01-17,38.0,68.0,0.0,0.0,0.0,4.2,6.0,3990524.6299377657,8.0,0
38.00_68.00,2011-01-24,38.0,68.0,0.0,0.0,0.0,4.2,6.0,1995262.3149688828,9.0,0
38.00_68.00,2011-01-31,38.0,68.0,0.0,0.0,0.0,4.2,6.0,1995262.3149688828,10.0,0
38.00_68.00,2011-02-07,38.0,68.0,0.0,0.0,0.0,0.0,6.0,1995262.3149688828,11.0,0
38.00_68.00,2011-02-14,38.0,68.0,0.0,0.0,0.0,0.0,2.0,1995262.3149688828,12.0,1
38.00_68.00,2011-02-21,38.0,68.0,1.0,4.3,4.3,4.3,2.0,4813645.246233332,13.0,0
38.00_68.00,2011-02-28,38.0,68.0,0.0,0.0,0.0,4.3,2.0,4813645.246233333,14.0,0
38.00_68.00,2011-03-07,38.0,68.0,0.0,0.0,0.0,4.3,2.0,2818382.9312644494,15.0,0
38.00_68.00,2011-03-14,38.0,68.0,0.0,0.0,0.0,4.3,2.0,2818382.93126445,16.0,0
38.00_68.00,2011-03-21,38.0,68.0,0.0,0.0,0.0,0.0,2.0,2818382.93126445,17.0,0
38.00_68.00,2011-03-28,38.0,68.0,0.0,0.0,0.0,0.0,2.0,2818382.93126445,18.0,0
38.00_68.00,2011-04-04,38.0,68.0,0.0,0.0,0.0,0.0,1.0,2818382.93126445,19.0,0
38.00_68.00,2011-04-11,38.0,68.0,0.0,0.0,0.0,0.0,1.0,2818382.93126445,20.0,0
38.00_68.00,2011-04-18,38.0,68.0,0.0,0.0,0.0,0.0,1.0,0.0,21.0,0
38.00_68.00,2011-04-25,38.0,68.0,0.0,0.0,0.0,0.0,1.0,0.0,22.0,0
38.00_68.00,2011-05-02,38.0,68.0,0.0,0.0,0.0,0.0,1.0,0.0,23.0,0
38.00_68.00,2011-05-09,38.0,68.0,0.0,0.0,0.0,0.0,1.0,0.0,24.0,0
38.00_68.00,2011-05-16,38.0,68.0,0.0,0.0,0.0,0.0,0.0,0.0,25.0,0
38.00_68.00,2011-05-23,38.0,68.0,0.0,0.0,0.0,0.0,0.0,0.0,26.0,0
38.00_68.00,2011-05-30,38.0,68.0,0.0,0.0,0.0,0.0,0.0,0.0,27.0,1
38.00_68.00,2011-06-06,38.0,68.0,1.0,4.5,4.5,4.5,1.0,5623413.251903491,0.0,0
38.00_68.00,2011-06-13,38.0,68.0,0.0,0.0,0.0,4.5,1.0,5623413.251903491,1.0,0
38.00_68.00,2011-06-20,38.0,68.0,0.0,0.0,0.0,4.5,1.0,5623413.251903491,2.0,0
38.00_68.00,2011-06-27,38.0,68.0,0.0,0.0,0.0,4.5,1.0,5623413.251903491,3.0,0
38.00_68.00,2011-07-04,38.0,68.0,0.0,0.0,0.0,0.0,1.0,5623413.251903491,4.0,0
38.00_68.00,2011-07-11,38.0,68.0,0.0,0.0,0.0,0.0,1.0,5623413.251903491,5.0,0
38.00_68.00,2011-07-18,38.0,68.0,0.0,0.0,0.0,0.0,1.0,5623413.251903491,6.0,1
38.00_68.00,2011-07-25,38.0,68.0,1.0,4.5,4.5,4.5,2.0,11246826.503806982,0.0,0
38.00_68.00,2011-08-01,38.0,68.0,0.0,0.0,0.0,4.5,2.0,5623413.251903491,1.0,0
38.00_68.00,2011-08-08,38.0,68.0,0.0,0.0,0.0,4.5,2.0,5623413.251903491,2.0,0
38.00_68.00,2011-08-15,38.0,68.0,0.0,0.0,0.0,4.5,2.0,5623413.251903491,3.0,1
38.00_68.00,2011-08-22,38.0,68.0,1.0,4.5,4.5,4.5,3.0,11246826.503806982,0.0,1
38.00_68.00,2011-08-29,38.0,68.0,1.0,4.8,4.8,4.8,3.0,27095758.428418092,0.0,0
38.00_68.00,2011-09-05,38.0,68.0,0.0,0.0,0.0,4.8,3.0,27095758.428418092,1.0,1
38.00_68.00,2011-09-12,38.0,68.0,1.0,4.9,4.9,4.9,4.0,49482969.81410152,0.0,0
38.00_68.00,2011-09-19,38.0,68.0,0.0,0.0,0.0,4.9,4.0,43859556.56219803,1.0,0
38.00_68.00,2011-09-26,38.0,68.0,0.0,0.0,0.0,4.9,4.0,43859556.56219803,2.0,1
38.00_68.00,2011-10-03,38.0,68.0,1.0,4.5,4.5,4.9,5.0,49482969.81410152,0.0,1
38.00_68.00,2011-10-10,38.0,68.0,1.0,4.7,4.7,4.7,6.0,60703154.35712117,0.0,1
38.00_68.00,2011-10-17,38.0,68.0,1.0,4.5,4.5,4.7,6.0,60703154.35712117,0.0,1
38.00_68.00,2011-10-24,38.0,68.0,1.0,4.3,4.3,4.7,7.0,47672605.36377451,1.0,0
38.00_68.00,2011-10-31,38.0,68.0,0.0,0.0,0.0,4.7,7.0,47672605.36377451,2.0,0
38.00_68.00,2011-11-07,38.0,68.0,0.0,0.0,0.0,4.5,7.0,25285393.978091083,3.0,0
38.00_68.00,2011-11-14,38.0,68.0,0.0,0.0,0.0,4.3,6.0,25285393.978091083,4.0,0
38.00_68.00,2011-11-21,38.0,68.0,0.0,0.0,0.0,0.0,5.0,25285393.978091083,5.0,0
38.00_68.00,2011-11-28,38.0,68.0,0.0,0.0,0.0,0.0,5.0,19661980.726187594,6.0,0
38.00_68.00,2011-12-05,38.0,68.0,0.0,0.0,0.0,0.0,4.0,8441796.18316794,7.0,0
38.00_68.00,2011-12-12,38.0,68.0,0.0,0.0,0.0,0.0,4.0,2818382.9312644494,8.0,0
38.00_68.00,2011-12-19,38.0,68.0,0.0,0.0,0.0,0.0,4.0,0.0,9.0,0
38.00_68.00,2011-12-26,38.0,68.0,0.0,0.0,0.0,0.0,3.0,0.0,10.0,2
38.00_68.00,2012-01-02,38.0,68.0,2.0,4.7,4.1,4.7,4.0,12632722.087642405,0.0,1
38.00_68.00,2012-01-09,38.0,68.0,1.0,4.2,4.2,4.7,4.0,14627984.402611287,1.0,0
38.00_68.00,2012-01-16,38.0,68.0,0.0,0.0,0.0,4.7,3.0,14627984.402611287,2.0,0
38.00_68.00,2012-01-23,38.0,68.0,0.0,0.0,0.0,4.7,3.0,14627984.402611287,3.0,0
38.00_68.00,2012-01-30,38.0,68.0,0.0,0.0,0.0,4.2,3.0,14627984.402611287,4.0,0
38.00_68.00,2012-02-06,38.0,68.0,0.0,0.0,0.0,0.0,3.0,14627984.402611287,5.0,0
38.00_68.00,2012-02-13,38.0,68.0,0.0,0.0,0.0,0.0,3.0,14627984.402611287,6.0,0
38.00_68.00,2012-02-20,38.0,68.0,0.0,0.0,0.0,0.0,3.0,14627984.402611287,7.0,0
38.00_68.00,2012-02-27,38.0,68.0,0.0,0.0,0.0,0.0,3.0,1995262.3149688828,8.0,0
38.00_68.00,2012-03-05,38.0,68.0,0.0,0.0,0.0,0.0,3.0,0.0,9.0,1
38.00_68.00,2012-03-12,38.0,68.0,1.0,4.0,4.0,4.0,4.0,1000000.0,10.0,0
38.00_68.00,2012-03-19,38.0,68.0,0.0,0.0,0.0,4.0,4.0,1000000.0,11.0,1
38.00_68.00,2012-03-26,38.0,68.0,1.0,4.7,4.7,4.7,3.0,12220184.543019652,0.0,0
38.00_68.00,2012-04-02,38.0,68.0,0.0,0.0,0.0,4.7,2.0,12220184.543019652,1.0,0
38.00_68.00,2012-04-09,38.0,68.0,0.0,0.0,0.0,4.7,2.0,12220184.543019652,2.0,0
38.00_68.00,2012-04-16,38.0,68.0,0.0,0.0,0.0,4.7,2.0,12220184.543019652,3.0,0
38.00_68.00,2012-04-23,38.0,68.0,0.0,0.0,0.0,0.0,2.0,12220184.543019652,4.0,1
38.00_68.00,2012-04-30,38.0,68.0,1.0,4.4,4.4,4.4,3.0,16201256.24855463,5.0,0
38.00_68.00,2012-05-07,38.0,68.0,0.0,0.0,0.0,4.4,3.0,15201256.24855463,6.0,2
38.00_68.00,2012-05-14,38.0,68.0,2.0,5.7,4.3,5.7,5.0,372833028.41339517,0.0,1
38.00_68.00,2012-05-21,38.0,68.0,1.0,4.1,4.1,5.7,6.0,363025381.4149983,1.0,1
38.00_68.00,2012-05-28,38.0,68.0,1.0,4.1,4.1,5.7,7.0,364437918.959621,2.0,1
38.00_68.00,2012-06-04,38.0,68.0,1.0,4.0,4.0,5.7,7.0,365437918.959621,3.0,0
38.00_68.00,2012-06-11,38.0,68.0,0.0,0.0,0.0,4.1,7.0,365437918.959621,4.0,0
38.00_68.00,2012-06-18,38.0,68.0,0.0,0.0,0.0,4.1,6.0,365437918.959621,5.0,0
38.00_68.00,2012-06-25,38.0,68.0,0.0,0.0,0.0,4.0,6.0,361456847.254086,6.0,0
38.00_68.00,2012-07-02,38.0,68.0,0.0,0.0,0.0,0.0,6.0,361456847.254086,7.0,0
38.00_68.00,2012-07-09,38.0,68.0,0.0,0.0,0.0,0.0,6.0,3825075.089245505,8.0,0
38.00_68.00,2012-07-16,38.0,68.0,0.0,0.0,0.0,0.0,6.0,2412537.544622753,9.0,1
38.00_68.00,2012-07-23,38.0,68.0,1.0,4.1,4.1,4.1,6.0,2412537.544622753,10.0,1
38.00_68.00,2012-07-30,38.0,68.0,1.0,4.4,4.4,4.4,7.0,5393609.25015773,11.0,0
38.00_68.00,2012-08-06,38.0,68.0,0.0,0.0,0.0,4.4,5.0,5393609.25015773,12.0,0
38.00_68.00,2012-08-13,38.0,68.0,0.0,0.0,0.0,4.4,4.0,5393609.25015773,13.0,0
38.00_68.00,2012-08-20,38.0,68.0,0.0,0.0,0.0,4.4,3.0,5393609.25015773,14.0,0
38.00_68.00,2012-08-27,38.0,68.0,0.0,0.0,0.0,0.0,2.0,5393609.25015773,15.0,0
38.00_68.00,2012-09-03,38.0,68.0,0.0,0.0,0.0,0.0,2.0,5393609.25015773,16.0,0
38.00_68.00,2012-09-10,38.0,68.0,0.0,0.0,0.0,0.0,2.0,5393609.25015773,17.0,0
38.00_68.00,2012-09-17,38.0,68.0,0.0,0.0,0.0,0.0,2.0,3981071.705534977,18.0,0
38.00_68.00,2012-09-24,38.0,68.0,0.0,0.0,0.0,0.0,2.0,0.0,19.0,1
38.00_68.00,2012-10-01,38.0,68.0,1.0,4.0,4.0,4.0,3.0,1000000.0,20.0,0
38.00_68.00,2012-10-08,38.0,68.0,0.0,0.0,0.0,4.0,3.0,1000000.0,21.0,0
38.00_68.00,2012-10-15,38.0,68.0,0.0,0.0,0.0,4.0,2.0,1000000.0,22.0,0
38.00_68.00,2012-10-22,38.0,68.0,0.0,0.0,0.0,4.0,1.0,1000000.0,23.0,0
38.00_68.00,2012-10-29,38.0,68.0,0.0,0.0,0.0,0.0,1.0,1000000.0,24.0,0
38.00_68.00,2012-11-05,38.0,68.0,0.0,0.0,0.0,0.0,1.0,1000000.0,25.0,0
38.00_68.00,2012-11-12,38.0,68.0,0.0,0.0,0.0,0.0,1.0,1000000.0,26.0,0
38.00_68.00,2012-11-19,38.0,68.0,0.0,0.0,0.0,0.0,1.0,1000000.0,27.0,1
38.00_68.00,2012-11-26,38.0,68.0,1.0,4.1,4.1,4.1,2.0,1412537.5446227526,28.0,0
38.00_68.00,2012-12-03,38.0,68.0,0.0,0.0,0.0,4.1,2.0,1412537.5446227526,29.0,0
38.00_68.00,2012-12-10,38.0,68.0,0.0,0.0,0.0,4.1,2.0,1412537.5446227526,30.0,0
38.00_68.00,2012-12-17,38.0,68.0,0.0,0.0,0.0,4.1,2.0,1412537.5446227526,31.0,0
38.00_68.00,2012-12-24,38.0,68.0,0.0,0.0,0.0,0.0,1.0,1412537.5446227526,32.0,0
38.00_68.00,2012-12-31,38.0,68.0,0.0,0.0,0.0,0.0,1.0,1412537.5446227526,33.0,0
38.00_68.00,2013-01-07,38.0,68.0,0.0,0.0,0.0,0.0,1.0,1412537.5446227526,34.0,0
38.00_68.00,2013-01-14,38.0,68.0,0.0,0.0,0.0,0.0,1.0,1412537.5446227526,35.0,0
38.00_68.00,2013-01-21,38.0,68.0,0.0,0.0,0.0,0.0,1.0,0.0,36.0,0
38.00_68.00,2013-01-28,38.0,68.0,0.0,0.0,0.0,0.0,1.0,0.0,37.0,0
38.00_68.00,2013-02-04,38.0,68.0,0.0,0.0,0.0,0.0,1.0,0.0,38.0,0
38.00_68.00,2013-02-11,38.0,68.0,0.0,0.0,0.0,0.0,1.0,0.0,39.0,0
38.00_68.00,2013-02-18,38.0,68.0,0.0,0.0,0.0,0.0,0.0,0.0,40.0,0
38.00_68.00,2013-02-25,38.0,68.0,0.0,0.0,0.0,0.0,0.0,0.0,41.0,0
38.00_68.00,2013-03-04,38.0,68.0,0.0,0.0,0.0,0.0,0.0,0.0,42.0,0
38.00_68.00,2013-03-11,38.0,68.0,0.0,0.0,0.0,0.0,0.0,0.0,43.0,0
38.00_68.00,2013-03-18,38.0,68.0,0.0,0.0,0.0,0.0,0.0,0.0,44.0,1
38.00_68.00,2013-03-25,38.0,68.0,1.0,4.0,4.0,4.0,1.0,1000000.0,45.0,0
38.00_68.00,2013-04-01,38.0,68.0,0.0,0.0,0.0,4.0,1.0,1000000.0,46.0,0
38.00_68.00,2013-04-08,38.0,68.0,0.0,0.0,0.0,4.0,1.0,1000000.0,47.0,0
38.00_68.00,2013-04-15,38.0,68.0,0.0,0.0,0.0,4.0,1.0,1000000.0,48.0,0
38.00_68.00,2013-04-22,38.0,68.0,0.0,0.0,0.0,0.0,1.0,1000000.0,49.0,0
38.00_68.00,2013-04-29,38.0,68.0,0.0,0.0,0.0,0.0,1.0,1000000.0,50.0,0
38.00_68.00,2013-05-06,38.0,68.0,0.0,0.0,0.0,0.0,1.0,1000000.0,51.0,0
38.00_68.00,2013-05-13,38.0,68.0,0.0,0.0,0.0,0.0,1.0,1000000.0,52.0,0
38.00_68.00,2013-05-20,38.0,68.0,0.0,0.0,0.0,0.0,1.0,0.0,53.0,1
38.00_68.00,2013-05-27,38.0,68.0,1.0,5.3,5.3,5.3,2.0,89125093.8133744,0.0,0
38.00_68.00,2013-06-03,38.0,68.0,0.0,0.0,0.0,5.3,2.0,89125093.8133744,1.0,0
38.00_68.00,2013-06-10,38.0,68.0,0.0,0.0,0.0,5.3,2.0,89125093.8133744,2.0,0
38.00_68.00,2013-06-17,38.0,68.0,0.0,0.0,0.0,5.3,1.0,89125093.8133744,3.0,0
38.00_68.00,2013-06-24,38.0,68.0,0.0,0.0,0.0,0.0,1.0,89125093.8133744,4.0,0
38.00_68.00,2013-07-01,38.0,68.0,0.0,0.0,0.0,0.0,1.0,89125093.8133744,5.0,1
38.00_68.00,2013-07-08,38.0,68.0,1.0,4.3,4.3,4.3,2.0,91943476.74463885,6.0,0
38.00_68.00,2013-07-15,38.0,68.0,0.0,0.0,0.0,4.3,2.0,91943476.74463885,7.0,0
38.00_68.00,2013-07-22,38.0,68.0,0.0,0.0,0.0,4.3,2.0,2818382.9312644494,8.0,0
38.00_68.00,2013-07-29,38.0,68.0,0.0,0.0,0.0,4.3,2.0,2818382.9312644494,9.0,1
38.00_68.00,2013-08-05,38.0,68.0,1.0,4.4,4.4,4.4,3.0,6799454.636799427,10.0,1
38.00_68.00,2013-08-12,38.0,68.0,1.0,4.0,4.0,4.4,4.0,7799454.636799427,11.0,0
38.00_68.00,2013-08-19,38.0,68.0,0.0,0.0,0.0,4.4,3.0,7799454.636799427,12.0,0
38.00_68.00,2013-08-26,38.0,68.0,0.0,0.0,0.0,4.4,3.0,7799454.636799427,13.0,1
38.00_68.00,2013-09-02,38.0,68.0,1.0,4.3,4.3,4.3,4.0,7799454.636799427,14.0,0
38.00_68.00,2013-09-09,38.0,68.0,0.0,0.0,0.0,4.3,4.0,7799454.636799427,15.0,0
38.00_68.00,2013-09-16,38.0,68.0,0.0,0.0,0.0,4.3,4.0,7799454.636799427,16.0,0
38.00_68.00,2013-09-23,38.0,68.0,0.0,0.0,0.0,4.3,4.0,7799454.636799427,17.0,1
38.00_68.00,2013-09-30,38.0,68.0,1.0,4.6,4.6,4.6,4.0,11761665.278507255,0.0,0
38.00_68.00,2013-10-07,38.0,68.0,0.0,0.0,0.0,4.6,4.0,10761665.278507255,1.0,0
38.00_68.00,2013-10-14,38.0,68.0,0.0,0.0,0.0,4.6,4.0,10761665.278507255,2.0,0
38.00_68.00,2013-10-21,38.0,68.0,0.0,0.0,0.0,4.6,4.0,10761665.278507255,3.0,0
38.00_68.00,2013-10-28,38.0,68.0,0.0,0.0,0.0,0.0,3.0,7943282.347242806,4.0,0
38.00_68.00,2013-11-04,38.0,68.0,0.0,0.0,0.0,0.0,2.0,7943282.347242806,5.0,1
38.00_68.00,2013-11-11,38.0,68.0,1.0,5.2,5.2,5.2,3.0,71039016.79526223,0.0,2
38.00_68.00,2013-11-18,38.0,68.0,2.0,4.7,4.0,5.2,5.0,83259201.33828188,0.0,0
38.00_68.00,2013-11-25,38.0,68.0,0.0,0.0,0.0,5.2,4.0,75315918.99103908,1.0,1
38.00_68.00,2013-12-02,38.0,68.0,1.0,4.2,4.2,5.2,5.0,77311181.30600797,2.0,1
38.00_68.00,2013-12-09,38.0,68.0,1.0,5.0,5.0,5.0,6.0,108933957.90769176,0.0,0
38.00_68.00,2013-12-16,38.0,68.0,0.0,0.0,0.0,5.0,6.0,108933957.90769176,1.0,0
38.00_68.00,2013-12-23,38.0,68.0,0.0,0.0,0.0,5.0,5.0,108933957.90769176,2.0,0
38.00_68.00,2013-12-30,38.0,68.0,0.0,0.0,0.0,5.0,5.0,108933957.90769176,3.0,0
38.00_68.00,2014-01-06,38.0,68.0,0.0,0.0,0.0,0.0,5.0,45838223.45967233,4.0,0
38.00_68.00,2014-01-13,38.0,68.0,0.0,0.0,0.0,0.0,5.0,33618038.91665268,5.0,1
38.00_68.00,2014-01-20,38.0,68.0,1.0,4.1,4.1,4.1,6.0,35030576.46127543,6.0,0
38.00_68.00,2014-01-27,38.0,68.0,0.0,0.0,0.0,4.1,6.0,33035314.146306545,7.0,1
38.00_68.00,2014-02-03,38.0,68.0,1.0,4.5,4.5,4.5,6.0,7035950.796526244,0.0,0
38.00_68.00,2014-02-10,38.0,68.0,0.0,0.0,0.0,4.5,4.0,7035950.796526244,1.0,0
38.00_68.00,2014-02-17,38.0,68.0,0.0,0.0,0.0,4.5,4.0,7035950.796526244,2.0,0
38.00_68.00,2014-02-24,38.0,68.0,0.0,0.0,0.0,4.5,3.0,7035950.796526244,3.0,0
38.00_68.00,2014-03-03,38.0,68.0,0.0,0.0,0.0,0.0,2.0,7035950.796526244,4.0,0
38.00_68.00,2014-03-10,38.0,68.0,0.0,0.0,0.0,0.0,2.0,7035950.796526244,5.0,0
38.00_68.00,2014-03-17,38.0,68.0,0.0,0.0,0.0,0.0,2.0,5623413.251903491,6.0,0
38.00_68.00,2014-03-24,38.0,68.0,0.0,0.0,0.0,0.0,2.0,5623413.251903491,7.0,0
38.00_68.00,2014-03-31,38.0,68.0,0.0,0.0,0.0,0.0,2.0,0.0,8.0,0
38.00_68.00,2014-04-07,38.0,68.0,0.0,0.0,0.0,0.0,2.0,0.0,9.0,0
38.00_68.00,2014-04-14,38.0,68.0,0.0,0.0,0.0,0.0,1.0,0.0,10.0,0
38.00_68.00,2014-04-21,38.0,68.0,0.0,0.0,0.0,0.0,1.0,0.0,11.0,0
38.00_68.00,2014-04-28,38.0,68.0,0.0,0.0,0.0,0.0,0.0,0.0,12.0,0
38.00_68.00,2014-05-05,38.0,68.0,0.0,0.0,0.0,0.0,0.0,0.0,13.0,0
38.00_68.00,2014-05-12,38.0,68.0,0.0,0.0,0.0,0.0,0.0,0.0,14.0,0
38.00_68.00,2014-05-19,38.0,68.0,0.0,0.0,0.0,0.0,0.0,0.0,15.0,0
38.00_68.00,2014-05-26,38.0,68.0,0.0,0.0,0.0,0.0,0.0,0.0,16.0,0
38.00_68.00,2014-06-02,38.0,68.0,0.0,0.0,0.0,0.0,0.0,0.0,17.0,0
38.00_68.00,2014-06-09,38.0,68.0,0.0,0.0,0.0,0.0,0.0,0.0,18.0,0
38.00_68.00,2014-06-16,38.0,68.0,0.0,0.0,0.0,0.0,0.0,0.0,19.0,0
38.00_68.00,2014-06-23,38.0,68.0,0.0,0.0,0.0,0.0,0.0,0.0,20.0,1
38.00_68.00,2014-06-30,38.0,68.0,1.0,4.5,4.5,4.5,1.0,5623413.251903491,0.0,0
38.00_68.00,2014-07-07,38.0,68.0,0.0,0.0,0.0,4.5,1.0,5623413.251903491,1.0,0
38.00_68.00,2014-07-14,38.0,68.0,0.0,0.0,0.0,4.5,1.0,5623413.251903491,2.0,0
38.00_68.00,2014-07-21,38.0,68.0,0.0,0.0,0.0,4.5,1.0,5623413.251903491,3.0,0
38.00_68.00,2014-07-28,38.0,68.0,0.0,0.0,0.0,0.0,1.0,5623413.251903491,4.0,0
38.00_68.00,2014-08-04,38.0,68.0,0.0,0.0,0.0,0.0,1.0,5623413.251903491,5.0,0
38.00_68.00,2014-08-11,38.0,68.0,0.0,0.0,0.0,0.0,1.0,5623413.251903491,6.0,0
38.00_68.00,2014-08-18,38.0,68.0,0.0,0.0,0.0,0.0,1.0,5623413.251903491,7.0,0
38.00_68.00,2014-08-25,38.0,68.0,0.0,0.0,0.0,0.0,1.0,0.0,8.0,0
38.00_68.00,2014-09-01,38.0,68.0,0.0,0.0,0.0,0.0,1.0,0.0,9.0,1
38.00_68.00,2014-09-08,38.0,68.0,1.0,4.3,4.3,4.3,2.0,2818382.9312644494,10.0,1
38.00_68.00,2014-09-15,38.0,68.0,1.0,4.4,4.4,4.4,3.0,6799454.636799427,11.0,0
38.00_68.00,2014-09-22,38.0,68.0,0.0,0.0,0.0,4.4,2.0,6799454.636799427,12.0,0
38.00_68.00,2014-09-29,38.0,68.0,0.0,0.0,0.0,4.4,2.0,6799454.636799427,13.0,2
38.00_68.00,2014-10-06,38.0,68.0,2.0,4.6,4.4,4.6,4.0,18723808.689577207,0.0,0
38.00_68.00,2014-10-13,38.0,68.0,0.0,0.0,0.0,4.6,4.0,18723808.689577207,1.0,0
38.00_68.00,2014-10-20,38.0,68.0,0.0,0.0,0.0,4.6,4.0,18723808.689577207,2.0,0
38.00_68.00,2014-10-27,38.0,68.0,0.0,0.0,0.0,4.6,4.0,18723808.689577207,3.0,0
38.00_68.00,2014-11-03,38.0,68.0,0.0,0.0,0.0,0.0,4.0,15905425.75831276,4.0,0
38.00_68.00,2014-11-10,38.0,68.0,0.0,0.0,0.0,0.0,4.0,11924354.052777782,5.0,0
38.00_68.00,2014-11-17,38.0,68.0,0.0,0.0,0.0,0.0,4.0,11924354.052777782,6.0,0
38.00_68.00,2014-11-24,38.0,68.0,0.0,0.0,0.0,0.0,4.0,11924354.052777782,7.0,0
38.00_68.00,2014-12-01,38.0,68.0,0.0,0.0,0.0,0.0,3.0,0.0,8.0,0
38.00_68.00,2014-12-08,38.0,68.0,0.0,0.0,0.0,0.0,2.0,0.0,9.0,0
38.00_68.00,2014-12-15,38.0,68.0,0.0,0.0,0.0,0.0,2.0,0.0,10.0,0
38.00_68.00,2014-12-22,38.0,68.0,0.0,0.0,0.0,0.0,2.0,0.0,11.0,0
38.00_68.00,2014-12-29,38.0,68.0,0.0,0.0,0.0,0.0,0.0,0.0,12.0,0
38.00_68.00,2015-01-05,38.0,68.0,0.0,0.0,0.0,0.0,0.0,0.0,13.0,0
38.00_68.00,2015-01-12,38.0,68.0,0.0,0.0,0.0,0.0,0.0,0.0,14.0,0
38.00_68.00,2015-01-19,38.0,68.0,0.0,0.0,0.0,0.0,0.0,0.0,15.0,0
38.00_68.00,2015-01-26,38.0,68.0,0.0,0.0,0.0,0.0,0.0,0.0,16.0,0
38.00_68.00,2015-02-02,38.0,68.0,0.0,0.0,0.0,0.0,0.0,0.0,17.0,0
38.00_68.00,2015-02-09,38.0,68.0,0.0,0.0,0.0,0.0,0.0,0.0,18.0,0
38.00_68.00,2015-02-16,38.0,68.0,0.0,0.0,0.0,0.0,0.0,0.0,19.0,0
38.00_68.00,2015-02-23,38.0,68.0,0.0,0.0,0.0,0.0,0.0,0.0,20.0,0
38.00_68.00,2015-03-02,38.0,68.0,0.0,0.0,0.0,0.0,0.0,0.0,21.0,0
38.00_68.00,2015-03-09,38.0,68.0,0.0,0.0,0.0,0.0,0.0,0.0,22.0,2
38.00_68.00,2015-03-16,38.0,68.0,2.0,4.5,4.5,4.5,2.0,11246826.503806982,0.0,0
38.00_68.00,2015-03-23,38.0,68.0,0.0,0.0,0.0,4.5,2.0,11246826.503806982,1.0,1
38.00_68.00,2015-03-30,38.0,68.0,1.0,4.2,4.2,4.5,3.0,13242088.818775864,2.0,0
38.00_68.00,2015-04-06,38.0,68.0,0.0,0.0,0.0,4.5,3.0,13242088.818775864,3.0,0
38.00_68.00,2015-04-13,38.0,68.0,0.0,0.0,0.0,4.2,3.0,13242088.818775864,4.0,0
38.00_68.00,2015-04-20,38.0,68.0,0.0,0.0,0.0,4.2,3.0,13242088.818775864,5.0,0
38.00_68.00,2015-04-27,38.0,68.0,0.0,0.0,0.0,0.0,3.0,13242088.818775864,6.0,0
38.00_68.00,2015-05-04,38.0,68.0,0.0,0.0,0.0,0.0,3.0,13242088.818775864,7.0,0
38.00_68.00,2015-05-11,38.0,68.0,0.0,0.0,0.0,0.0,3.0,1995262.3149688828,8.0,0
38.00_68.00,2015-05-18,38.0,68.0,0.0,0.0,0.0,0.0,3.0,1995262.3149688828,9.0,1
38.00_68.00,2015-05-25,38.0,68.0,1.0,5.2,5.2,5.2,4.0,63095734.44801943,0.0,0
38.00_68.00,2015-06-01,38.0,68.0,0.0,0.0,0.0,5.2,4.0,63095734.44801943,1.0,0
38.00_68.00,2015-06-08,38.0,68.0,0.0,0.0,0.0,5.2,2.0,63095734.44801943,2.0,1
38.00_68.00,2015-06-15,38.0,68.0,1.0,4.3,4.3,5.2,3.0,65914117.37928388,3.0,0
38.00_68.00,2015-06-22,38.0,68.0,0.0,0.0,0.0,4.3,2.0,65914117.37928388,4.0,0
38.00_68.00,2015-06-29,38.0,68.0,0.0,0.0,0.0,4.3,2.0,65914117.37928388,5.0,0
38.00_68.00,2015-07-06,38.0,68.0,0.0,0.0,0.0,4.3,2.0,65914117.37928388,6.0,0
38.00_68.00,2015-07-13,38.0,68.0,0.0,0.0,0.0,0.0,2.0,65914117.37928388,7.0,0
38.00_68.00,2015-07-20,38.0,68.0,0.0,0.0,0.0,0.0,2.0,2818382.9312644494,8.0,1
38.00_68.00,2015-07-27,38.0,68.0,1.0,4.8,4.8,4.8,3.0,18667314.85587556,0.0,0
38.00_68.00,2015-08-03,38.0,68.0,0.0,0.0,0.0,4.8,3.0,18667314.85587556,1.0,1
38.00_68.00,2015-08-10,38.0,68.0,1.0,4.0,4.0,4.8,4.0,16848931.924611107,2.0,0
38.00_68.00,2015-08-17,38.0,68.0,0.0,0.0,0.0,4.8,3.0,16848931.924611107,3.0,1
38.00_68.00,2015-08-24,38.0,68.0,1.0,4.2,4.2,4.2,4.0,18844194.23957999,4.0,0
38.00_68.00,2015-08-31,38.0,68.0,0.0,0.0,0.0,4.2,4.0,18844194.23957999,5.0,0
38.00_68.00,2015-09-07,38.0,68.0,0.0,0.0,0.0,4.2,3.0,18844194.23957999,6.0,0
38.00_68.00,2015-09-14,38.0,68.0,0.0,0.0,0.0,4.2,3.0,18844194.23957999,7.0,0
38.00_68.00,2015-09-21,38.0,68.0,0.0,0.0,0.0,0.0,3.0,2995262.314968883,8.0,0
38.00_68.00,2015-09-28,38.0,68.0,0.0,0.0,0.0,0.0,3.0,2995262.314968883,9.0,1
38.00_68.00,2015-10-05,38.0,68.0,1.0,4.3,4.3,4.3,4.0,4813645.246233332,10.0,0
38.00_68.00,2015-10-12,38.0,68.0,0.0,0.0,0.0,4.3,4.0,4813645.246233332,11.0,0
38.00_68.00,2015-10-19,38.0,68.0,0.0,0.0,0.0,4.3,3.0,2818382.931264449,12.0,1
38.00_68.00,2015-10-26,38.0,68.0,1.0,4.5,4.5,4.5,4.0,8441796.18316794,0.0,0
38.00_68.00,2015-11-02,38.0,68.0,0.0,0.0,0.0,4.5,3.0,8441796.18316794,1.0,0
38.00_68.00,2015-11-09,38.0,68.0,0.0,0.0,0.0,4.5,3.0,8441796.18316794,2.0,0
38.00_68.00,2015-11-16,38.0,68.0,0.0,0.0,0.0,4.5,2.0,8441796.18316794,3.0,0
38.00_68.00,2015-11-23,38.0,68.0,0.0,0.0,0.0,0.0,2.0,8441796.18316794,4.0,0
38.00_68.00,2015-11-30,38.0,68.0,0.0,0.0,0.0,0.0,2.0,5623413.251903491,5.0,0
38.00_68.00,2015-12-07,38.0,68.0,0.0,0.0,0.0,0.0,2.0,5623413.251903491,6.0,0
38.00_68.00,2015-12-14,38.0,68.0,0.0,0.0,0.0,0.0,2.0,5623413.251903491,7.0,0
38.00_68.00,2015-12-21,38.0,68.0,0.0,0.0,0.0,0.0,2.0,0.0,8.0,0
38.00_68.00,2015-12-28,38.0,68.0,0.0,0.0,0.0,0.0,1.0,0.0,9.0,0
38.00_68.00,2016-01-04,38.0,68.0,0.0,0.0,0.0,0.0,1.0,0.0,10.0,1
38.00_68.00,2016-01-11,38.0,68.0,1.0,4.3,4.3,4.3,2.0,2818382.9312644494,11.0,1
38.00_68.00,2016-01-18,38.0,68.0,1.0,4.4,4.4,4.4,2.0,6799454.636799427,12.0,0
38.00_68.00,2016-01-25,38.0,68.0,0.0,0.0,0.0,4.4,2.0,6799454.636799427,13.0,0
38.00_68.00,2016-02-01,38.0,68.0,0.0,0.0,0.0,4.4,2.0,6799454.636799427,14.0,0
38.00_68.00,2016-02-08,38.0,68.0,0.0,0.0,0.0,4.4,2.0,6799454.636799427,15.0,0
38.00_68.00,2016-02-15,38.0,68.0,0.0,0.0,0.0,0.0,2.0,6799454.636799427,16.0,1
38.00_68.00,2016-02-22,38.0,68.0,1.0,4.3,4.3,4.3,3.0,9617837.568063876,17.0,0
38.00_68.00,2016-02-29,38.0,68.0,0.0,0.0,0.0,4.3,3.0,9617837.568063876,18.0,0
38.00_68.00,2016-03-07,38.0,68.0,0.0,0.0,0.0,4.3,3.0,6799454.636799427,19.0,0
38.00_68.00,2016-03-14,38.0,68.0,0.0,0.0,0.0,4.3,3.0,2818382.9312644494,20.0,0
38.00_68.00,2016-03-21,38.0,68.0,0.0,0.0,0.0,0.0,3.0,2818382.9312644494,21.0,1
38.00_68.00,2016-03-28,38.0,68.0,1.0,4.9,4.9,4.9,4.0,25205594.316947874,0.0,0
38.00_68.00,2016-04-04,38.0,68.0,0.0,0.0,0.0,4.9,3.0,25205594.316947874,1.0,0
38.00_68.00,2016-04-11,38.0,68.0,0.0,0.0,0.0,4.9,2.0,25205594.316947874,2.0,1
38.00_68.00,2016-04-18,38.0,68.0,1.0,4.8,4.8,4.9,3.0,38236143.31029453,0.0,0
38.00_68.00,2016-04-25,38.0,68.0,0.0,0.0,0.0,4.8,3.0,38236143.31029453,1.0,0
38.00_68.00,2016-05-02,38.0,68.0,0.0,0.0,0.0,4.8,3.0,38236143.31029453,2.0,0
38.00_68.00,2016-05-09,38.0,68.0,0.0,0.0,0.0,4.8,3.0,38236143.31029453,3.0,0
38.00_68.00,2016-05-16,38.0,68.0,0.0,0.0,0.0,0.0,2.0,38236143.31029453,4.0,0
38.00_68.00,2016-05-23,38.0,68.0,0.0,0.0,0.0,0.0,2.0,15848931.924611108,5.0,0
38.00_68.00,2016-05-30,38.0,68.0,0.0,0.0,0.0,0.0,2.0,15848931.924611108,6.0,0
38.00_68.00,2016-06-06,38.0,68.0,0.0,0.0,0.0,0.0,2.0,15848931.924611108,7.0,0
38.00_68.00,2016-06-13,38.0,68.0,0.0,0.0,0.0,0.0,2.0,0.0,8.0,1
38.00_68.00,2016-06-20,38.0,68.0,1.0,4.3,4.3,4.3,2.0,2818382.9312644494,9.0,0
38.00_68.00,2016-06-27,38.0,68.0,0.0,0.0,0.0,4.3,2.0,2818382.9312644494,10.0,2
38.00_68.00,2016-07-04,38.0,68.0,2.0,5.0,4.3,5.0,4.0,37259542.46421269,0.0,0
38.00_68.00,2016-07-11,38.0,68.0,0.0,0.0,0.0,5.0,3.0,37259542.46421269,1.0,0
38.00_68.00,2016-07-18,38.0,68.0,0.0,0.0,0.0,5.0,3.0,37259542.46421269,2.0,0
38.00_68.00,2016-07-25,38.0,68.0,0.0,0.0,0.0,5.0,3.0,37259542.46421269,3.0,0
38.00_68.00,2016-08-01,38.0,68.0,0.0,0.0,0.0,0.0,3.0,37259542.46421269,4.0,1
38.00_68.00,2016-08-08,38.0,68.0,1.0,4.5,4.5,4.5,4.0,42882955.71611618,0.0,0
38.00_68.00,2016-08-15,38.0,68.0,0.0,0.0,0.0,4.5,4.0,40064572.78485173,1.0,1
38.00_68.00,2016-08-22,38.0,68.0,1.0,4.2,4.2,4.5,5.0,42059835.099820614,2.0,0
38.00_68.00,2016-08-29,38.0,68.0,0.0,0.0,0.0,4.5,5.0,7618675.566872374,3.0,0
38.00_68.00,2016-09-05,38.0,68.0,0.0,0.0,0.0,4.2,5.0,7618675.566872374,4.0,0
38.00_68.00,2016-09-12,38.0,68.0,0.0,0.0,0.0,4.2,4.0,7618675.566872374,5.0,0
38.00_68.00,2016-09-19,38.0,68.0,0.0,0.0,0.0,0.0,4.0,7618675.566872374,6.0,0
38.00_68.00,2016-09-26,38.0,68.0,0.0,0.0,0.0,0.0,2.0,7618675.566872374,7.0,0
38.00_68.00,2016-10-03,38.0,68.0,0.0,0.0,0.0,0.0,2.0,1995262.3149688828,8.0,0
38.00_68.00,2016-10-10,38.0,68.0,0.0,0.0,0.0,0.0,2.0,1995262.3149688828,9.0,0
38.00_68.00,2016-10-17,38.0,68.0,0.0,0.0,0.0,0.0,2.0,0.0,10.0,0
38.00_68.00,2016-10-24,38.0,68.0,0.0,0.0,0.0,0.0,2.0,0.0,11.0,0
38.00_68.00,2016-10-31,38.0,68.0,0.0,0.0,0.0,0.0,1.0,0.0,12.0,0
38.00_68.00,2016-11-07,38.0,68.0,0.0,0.0,0.0,0.0,1.0,0.0,13.0,1
38.00_68.00,2016-11-14,38.0,68.0,1.0,4.6,4.6,4.6,1.0,7943282.347242805,0.0,1
38.00_68.00,2016-11-21,38.0,68.0,1.0,4.2,4.2,4.6,2.0,9938544.662211688,1.0,0
38.00_68.00,2016-11-28,38.0,68.0,0.0,0.0,0.0,4.6,2.0,9938544.662211688,2.0,1
38.00_68.00,2016-12-05,38.0,68.0,1.0,4.6,4.6,4.6,3.0,17881827.009454492,0.0,1
38.00_68.00,2016-12-12,38.0,68.0,1.0,4.5,4.5,4.6,4.0,23505240.261357985,0.0,0
38.00_68.00,2016-12-19,38.0,68.0,0.0,0.0,0.0,4.6,4.0,23505240.261357985,1.0,0
38.00_68.00,2016-12-26,38.0,68.0,0.0,0.0,0.0,4.6,4.0,23505240.261357985,2.0,0
38.00_68.00,2017-01-02,38.0,68.0,0.0,0.0,0.0,4.5,4.0,23505240.261357985,3.0,0
38.00_68.00,2017-01-09,38.0,68.0,0.0,0.0,0.0,0.0,4.0,15561957.91411518,4.0,2
38.00_68.00,2017-01-16,38.0,68.0,2.0,4.6,4.3,4.6,6.0,24328360.877653554,0.0,0
38.00_68.00,2017-01-23,38.0,68.0,0.0,0.0,0.0,4.6,6.0,24328360.877653554,1.0,0
38.00_68.00,2017-01-30,38.0,68.0,0.0,0.0,0.0,4.6,6.0,16385078.530410746,2.0,3
38.00_68.00,2017-02-06,38.0,68.0,3.0,4.7,4.1,4.7,8.0,27375459.071684636,0.0,0
38.00_68.00,2017-02-13,38.0,68.0,0.0,0.0,0.0,4.7,7.0,27375459.071684636,1.0,0
38.00_68.00,2017-02-20,38.0,68.0,0.0,0.0,0.0,4.7,7.0,27375459.071684636,2.0,1
38.00_68.00,2017-02-27,38.0,68.0,1.0,4.7,4.7,4.7,7.0,38595643.61470429,0.0,0
38.00_68.00,2017-03-06,38.0,68.0,0.0,0.0,0.0,4.7,6.0,38595643.61470429,1.0,0
38.00_68.00,2017-03-13,38.0,68.0,0.0,0.0,0.0,4.7,6.0,27833978.336197034,2.0,1
38.00_68.00,2017-03-20,38.0,68.0,1.0,4.5,4.5,4.7,7.0,33457391.588100523,0.0,0
38.00_68.00,2017-03-27,38.0,68.0,0.0,0.0,0.0,4.5,7.0,33457391.588100523,1.0,0
38.00_68.00,2017-04-03,38.0,68.0,0.0,0.0,0.0,4.5,7.0,16843597.79492314,2.0,0
38.00_68.00,2017-04-10,38.0,68.0,0.0,0.0,0.0,4.5,5.0,16843597.79492314,3.0,1
38.00_68.00,2017-04-17,38.0,68.0,1.0,4.2,4.2,4.2,6.0,18838860.109892026,4.0,0
38.00_68.00,2017-04-24,38.0,68.0,0.0,0.0,0.0,4.2,6.0,7618675.566872374,5.0,0
38.00_68.00,2017-05-01,38.0,68.0,0.0,0.0,0.0,4.2,3.0,7618675.566872374,6.0,0
38.00_68.00,2017-05-08,38.0,68.0,0.0,0.0,0.0,4.2,3.0,7618675.566872374,7.0,1
38.00_68.00,2017-05-15,38.0,68.0,1.0,4.6,4.6,4.6,4.0,9938544.662211688,0.0,0
38.00_68.00,2017-05-22,38.0,68.0,0.0,0.0,0.0,4.6,3.0,9938544.662211688,1.0,1
38.00_68.00,2017-05-29,38.0,68.0,1.0,4.2,4.2,4.6,4.0,11933806.97718057,2.0,0
38.00_68.00,2017-06-05,38.0,68.0,0.0,0.0,0.0,4.6,4.0,11933806.97718057,3.0,0
38.00_68.00,2017-06-12,38.0,68.0,0.0,0.0,0.0,4.2,3.0,9938544.662211688,4.0,0
38.00_68.00,2017-06-19,38.0,68.0,0.0,0.0,0.0,4.2,3.0,9938544.662211688,5.0,1
38.00_68.00,2017-06-26,38.0,68.0,1.0,4.3,4.3,4.3,4.0,12756927.593476139,6.0,1
38.00_68.00,2017-07-03,38.0,68.0,1.0,5.0,5.0,5.0,5.0,44379704.19515993,0.0,0
38.00_68.00,2017-07-10,38.0,68.0,0.0,0.0,0.0,5.0,4.0,36436421.847917125,1.0,0
38.00_68.00,2017-07-17,38.0,68.0,0.0,0.0,0.0,5.0,4.0,36436421.847917125,2.0,0
38.00_68.00,2017-07-24,38.0,68.0,0.0,0.0,0.0,5.0,4.0,34441159.53294824,3.0,0
38.00_68.00,2017-07-31,38.0,68.0,0.0,0.0,0.0,0.0,4.0,34441159.53294824,4.0,1
38.00_68.00,2017-08-07,38.0,68.0,1.0,4.2,4.2,4.2,4.0,36436421.847917125,5.0,1
38.00_68.00,2017-08-14,38.0,68.0,1.0,4.3,4.3,4.3,5.0,39254804.77918158,6.0,0
38.00_68.00,2017-08-21,38.0,68.0,0.0,0.0,0.0,4.3,4.0,36436421.847917125,7.0,0
38.00_68.00,2017-08-28,38.0,68.0,0.0,0.0,0.0,4.3,4.0,4813645.246233332,8.0,0
38.00_68.00,2017-09-04,38.0,68.0,0.0,0.0,0.0,4.3,4.0,4813645.246233332,9.0,0
38.00_68.00,2017-09-11,38.0,68.0,0.0,0.0,0.0,0.0,4.0,4813645.246233332,10.0,1
38.00_68.00,2017-09-18,38.0,68.0,1.0,4.3,4.3,4.3,4.0,7632028.177497782,11.0,1
38.00_68.00,2017-09-25,38.0,68.0,1.0,4.1,4.1,4.3,4.0,9044565.722120535,12.0,1
38.00_68.00,2017-10-02,38.0,68.0,1.0,5.1,5.1,5.1,5.0,51717662.62224791,0.0,0
38.00_68.00,2017-10-09,38.0,68.0,0.0,0.0,0.0,5.1,5.0,48899279.69098346,1.0,0
38.00_68.00,2017-10-16,38.0,68.0,0.0,0.0,0.0,5.1,5.0,48899279.69098346,2.0,0
38.00_68.00,2017-10-23,38.0,68.0,0.0,0.0,0.0,5.1,5.0,48899279.69098346,3.0,0
38.00_68.00,2017-10-30,38.0,68.0,0.0,0.0,0.0,0.0,4.0,48899279.69098346,4.0,0
38.00_68.00,2017-11-06,38.0,68.0,0.0,0.0,0.0,0.0,3.0,48899279.69098346,5.0,0
38.00_68.00,2017-11-13,38.0,68.0,0.0,0.0,0.0,0.0,3.0,46080896.759719014,6.0,0
38.00_68.00,2017-11-20,38.0,68.0,0.0,0.0,0.0,0.0,3.0,44668359.21509626,7.0,0
38.00_68.00,2017-11-27,38.0,68.0,0.0,0.0,0.0,0.0,3.0,0.0,8.0,0
38.00_68.00,2017-12-04,38.0,68.0,0.0,0.0,0.0,0.0,3.0,0.0,9.0,0
38.00_68.00,2017-12-11,38.0,68.0,0.0,0.0,0.0,0.0,2.0,0.0,10.0,1
38.00_68.00,2017-12-18,38.0,68.0,1.0,4.3,4.3,4.3,2.0,2818382.9312644494,11.0,0
38.00_68.00,2017-12-25,38.0,68.0,0.0,0.0,0.0,4.3,1.0,2818382.9312644494,12.0,0
38.00_68.00,2018-01-01,38.0,68.0,0.0,0.0,0.0,4.3,1.0,2818382.9312644494,13.0,0
38.00_68.00,2018-01-08,38.0,68.0,0.0,0.0,0.0,4.3,1.0,2818382.9312644494,14.0,2
38.00_68.00,2018-01-15,38.0,68.0,2.0,4.9,4.4,4.9,3.0,29186666.02248285,0.0,0
38.00_68.00,2018-01-22,38.0,68.0,0.0,0.0,0.0,4.9,3.0,29186666.02248285,1.0,0
38.00_68.00,2018-01-29,38.0,68.0,0.0,0.0,0.0,4.9,3.0,29186666.02248285,2.0,0
38.00_68.00,2018-02-05,38.0,68.0,0.0,0.0,0.0,4.9,3.0,29186666.02248285,3.0,0
38.00_68.00,2018-02-12,38.0,68.0,0.0,0.0,0.0,0.0,3.0,26368283.0912184,4.0,0
38.00_68.00,2018-02-19,38.0,68.0,0.0,0.0,0.0,0.0,3.0,26368283.0912184,5.0,1
38.00_68.00,2018-02-26,38.0,68.0,1.0,4.2,4.2,4.2,4.0,28363545.406187285,6.0,1
38.00_68.00,2018-03-05,38.0,68.0,1.0,4.0,4.0,4.2,5.0,29363545.406187285,7.0,0
38.00_68.00,2018-03-12,38.0,68.0,0.0,0.0,0.0,4.2,4.0,2995262.314968883,8.0,0
38.00_68.00,2018-03-19,38.0,68.0,0.0,0.0,0.0,4.2,4.0,2995262.314968883,9.0,0
38.00_68.00,2018-03-26,38.0,68.0,0.0,0.0,0.0,4.0,4.0,2995262.314968883,10.0,5
38.00_68.00,2018-04-02,38.0,68.0,5.0,5.7,3.7,5.7,9.0,372083081.3055252,0.0,0
38.00_68.00,2018-04-09,38.0,68.0,0.0,0.0,0.0,5.7,7.0,372083081.3055252,1.0,0
38.00_68.00,2018-04-16,38.0,68.0,0.0,0.0,0.0,5.7,7.0,372083081.3055252,2.0,0
38.00_68.00,2018-04-23,38.0,68.0,0.0,0.0,0.0,5.7,7.0,370087818.9905563,3.0,0
38.00_68.00,2018-04-30,38.0,68.0,0.0,0.0,0.0,0.0,7.0,369087818.9905563,4.0,1
38.00_68.00,2018-05-07,38.0,68.0,1.0,4.6,4.6,4.6,8.0,377031101.33779913,0.0,0
38.00_68.00,2018-05-14,38.0,68.0,0.0,0.0,0.0,4.6,8.0,377031101.33779913,1.0,0
38.00_68.00,2018-05-21,38.0,68.0,0.0,0.0,0.0,4.6,7.0,377031101.33779913,2.0,0
38.00_68.00,2018-05-28,38.0,68.0,0.0,0.0,0.0,4.6,6.0,7943282.347242805,3.0,0
38.00_68.00,2018-06-04,38.0,68.0,0.0,0.0,0.0,0.0,6.0,7943282.347242805,4.0,1
38.00_68.00,2018-06-11,38.0,68.0,1.0,4.3,4.3,4.3,7.0,10761665.278507255,5.0,0
38.00_68.00,2018-06-18,38.0,68.0,0.0,0.0,0.0,4.3,7.0,10761665.278507255,6.0,0
38.00_68.00,2018-06-25,38.0,68.0,0.0,0.0,0.0,4.3,2.0,10761665.278507255,7.0,0
38.00_68.00,2018-07-02,38.0,68.0,0.0,0.0,0.0,4.3,2.0,2818382.9312644494,8.0,0
38.00_68.00,2018-07-09,38.0,68.0,0.0,0.0,0.0,0.0,2.0,2818382.9312644494,9.0,0
38.00_68.00,2018-07-16,38.0,68.0,0.0,0.0,0.0,0.0,2.0,2818382.9312644494,10.0,0
38.00_68.00,2018-07-23,38.0,68.0,0.0,0.0,0.0,0.0,2.0,2818382.9312644494,11.0,0
38.00_68.00,2018-07-30,38.0,68.0,0.0,0.0,0.0,0.0,1.0,2818382.9312644494,12.0,0
38.00_68.00,2018-08-06,38.0,68.0,0.0,0.0,0.0,0.0,1.0,0.0,13.0,0
38.00_68.00,2018-08-13,38.0,68.0,0.0,0.0,0.0,0.0,1.0,0.0,14.0,0
38.00_68.00,2018-08-20,38.0,68.0,0.0,0.0,0.0,0.0,1.0,0.0,15.0,0
38.00_68.00,2018-08-27,38.0,68.0,0.0,0.0,0.0,0.0,1.0,0.0,16.0,0
38.00_68.00,2018-09-03,38.0,68.0,0.0,0.0,0.0,0.0,0.0,0.0,17.0,0
38.00_68.00,2018-09-10,38.0,68.0,0.0,0.0,0.0,0.0,0.0,0.0,18.0,0
38.00_68.00,2018-09-17,38.0,68.0,0.0,0.0,0.0,0.0,0.0,0.0,19.0,1
38.00_68.00,2018-09-24,38.0,68.0,1.0,4.9,4.9,4.9,1.0,22387211.385683425,0.0,0
38.00_68.00,2018-10-01,38.0,68.0,0.0,0.0,0.0,4.9,1.0,22387211.385683425,1.0,0
38.00_68.00,2018-10-08,38.0,68.0,0.0,0.0,0.0,4.9,1.0,22387211.385683425,2.0,1
38.00_68.00,2018-10-15,38.0,68.0,1.0,4.5,4.5,4.9,2.0,28010624.637586914,0.0,1
38.00_68.00,2018-10-22,38.0,68.0,1.0,4.5,4.5,4.5,3.0,33634037.88949041,0.0,1
38.00_68.00,2018-10-29,38.0,68.0,1.0,4.6,4.6,4.6,4.0,41577320.23673321,0.0,0
38.00_68.00,2018-11-05,38.0,68.0,0.0,0.0,0.0,4.6,4.0,41577320.23673321,1.0,0
38.00_68.00,2018-11-12,38.0,68.0,0.0,0.0,0.0,4.6,4.0,41577320.23673321,2.0,0
38.00_68.00,2018-11-19,38.0,68.0,0.0,0.0,0.0,4.6,4.0,19190108.85104979,3.0,0
38.00_68.00,2018-11-26,38.0,68.0,0.0,0.0,0.0,0.0,4.0,19190108.85104979,4.0,0
38.00_68.00,2018-12-03,38.0,68.0,0.0,0.0,0.0,0.0,4.0,19190108.85104979,5.0,1
38.00_68.00,2018-12-10,38.0,68.0,1.0,5.0,5.0,5.0,5.0,45189472.20083009,0.0,0
38.00_68.00,2018-12-17,38.0,68.0,0.0,0.0,0.0,5.0,4.0,39566058.9489266,1.0,0
38.00_68.00,2018-12-24,38.0,68.0,0.0,0.0,0.0,5.0,4.0,31622776.601683795,2.0,0
38.00_68.00,2018-12-31,38.0,68.0,0.0,0.0,0.0,5.0,4.0,31622776.601683795,3.0,0
38.00_68.00,2019-01-07,38.0,68.0,0.0,0.0,0.0,0.0,3.0,31622776.601683795,4.0,0
38.00_68.00,2019-01-14,38.0,68.0,0.0,0.0,0.0,0.0,2.0,31622776.601683795,5.0,3
38.00_68.00,2019-01-21,38.0,68.0,3.0,4.7,4.2,4.7,4.0,48819295.16520731,0.0,2
38.00_68.00,2019-01-28,38.0,68.0,2.0,4.4,3.8,4.7,6.0,53301554.10436956,1.0,0
38.00_68.00,2019-02-04,38.0,68.0,0.0,0.0,0.0,4.7,6.0,21678777.502685763,2.0,1
38.00_68.00,2019-02-11,38.0,68.0,1.0,4.4,4.4,4.7,7.0,25659849.208220743,3.0,0
38.00_68.00,2019-02-18,38.0,68.0,0.0,0.0,0.0,4.4,7.0,25659849.208220743,4.0,1
38.00_68.00,2019-02-25,38.0,68.0,1.0,4.6,4.6,4.6,8.0,33603131.555463545,0.0,0
38.00_68.00,2019-03-04,38.0,68.0,0.0,0.0,0.0,4.6,7.0,33603131.555463545,1.0,1
38.00_68.00,2019-03-11,38.0,68.0,1.0,4.7,4.7,4.7,8.0,44823316.0984832,0.0,0
38.00_68.00,2019-03-18,38.0,68.0,0.0,0.0,0.0,4.7,8.0,27626797.53495969,1.0,0
38.00_68.00,2019-03-25,38.0,68.0,0.0,0.0,0.0,4.7,8.0,23144538.595797442,2.0,1
38.00_68.00,2019-04-01,38.0,68.0,1.0,4.4,4.4,4.7,9.0,27125610.301332418,3.0,0
38.00_68.00,2019-04-08,38.0,68.0,0.0,0.0,0.0,4.4,9.0,23144538.59579744,4.0,0
38.00_68.00,2019-04-15,38.0,68.0,0.0,0.0,0.0,4.4,6.0,23144538.59579744,5.0,0
38.00_68.00,2019-04-22,38.0,68.0,0.0,0.0,0.0,4.4,4.0,15201256.248554634,6.0,0
38.00_68.00,2019-04-29,38.0,68.0,0.0,0.0,0.0,0.0,4.0,15201256.248554634,7.0,0
38.00_68.00,2019-05-06,38.0,68.0,0.0,0.0,0.0,0.0,3.0,3981071.705534981,8.0,0
38.00_68.00,2019-05-13,38.0,68.0,0.0,0.0,0.0,0.0,3.0,3981071.705534981,9.0,0
38.00_68.00,2019-05-20,38.0,68.0,0.0,0.0,0.0,0.0,2.0,3981071.705534981,10.0,0
38.00_68.00,2019-05-27,38.0,68.0,0.0,0.0,0.0,0.0,2.0,0.0,11.0,0
38.00_68.00,2019-06-03,38.0,68.0,0.0,0.0,0.0,0.0,1.0,0.0,12.0,0
38.00_68.00,2019-06-10,38.0,68.0,0.0,0.0,0.0,0.0,1.0,0.0,13.0,0
38.00_68.00,2019-06-17,38.0,68.0,0.0,0.0,0.0,0.0,1.0,0.0,14.0,0
38.00_68.00,2019-06-24,38.0,68.0,0.0,0.0,0.0,0.0,0.0,0.0,15.0,0
38.00_68.00,2019-07-01,38.0,68.0,0.0,0.0,0.0,0.0,0.0,0.0,16.0,0
38.00_68.00,2019-07-08,38.0,68.0,0.0,0.0,0.0,0.0,0.0,0.0,17.0,0
38.00_68.00,2019-07-15,38.0,68.0,0.0,0.0,0.0,0.0,0.0,0.0,18.0,0
38.00_68.00,2019-07-22,38.0,68.0,0.0,0.0,0.0,0.0,0.0,0.0,19.0,0
38.00_68.00,2019-07-29,38.0,68.0,0.0,0.0,0.0,0.0,0.0,0.0,20.0,1
38.00_68.00,2019-08-05,38.0,68.0,1.0,4.5,4.5,4.5,1.0,5623413.251903495,0.0,0
38.00_68.00,2019-08-12,38.0,68.0,0.0,0.0,0.0,4.5,1.0,5623413.251903495,1.0,0
38.00_68.00,2019-08-19,38.0,68.0,0.0,0.0,0.0,4.5,1.0,5623413.251903495,2.0,0
38.00_68.00,2019-08-26,38.0,68.0,0.0,0.0,0.0,4.5,1.0,5623413.251903495,3.0,0
38.00_68.00,2019-09-02,38.0,68.0,0.0,0.0,0.0,0.0,1.0,5623413.251903495,4.0,1
38.00_68.00,2019-09-09,38.0,68.0,1.0,4.2,4.2,4.2,2.0,7618675.566872378,5.0,0
38.00_68.00,2019-09-16,38.0,68.0,0.0,0.0,0.0,4.2,2.0,7618675.566872378,6.0,1
38.00_68.00,2019-09-23,38.0,68.0,1.0,4.6,4.6,4.6,3.0,15561957.914115183,0.0,0
38.00_68.00,2019-09-30,38.0,68.0,0.0,0.0,0.0,4.6,3.0,9938544.662211692,1.0,0
38.00_68.00,2019-10-07,38.0,68.0,0.0,0.0,0.0,4.6,3.0,9938544.662211692,2.0,0
38.00_68.00,2019-10-14,38.0,68.0,0.0,0.0,0.0,4.6,3.0,9938544.662211692,3.0,0
38.00_68.00,2019-10-21,38.0,68.0,0.0,0.0,0.0,0.0,3.0,9938544.662211692,4.0,0
38.00_68.00,2019-10-28,38.0,68.0,0.0,0.0,0.0,0.0,2.0,9938544.662211692,5.0,0
38.00_68.00,2019-11-04,38.0,68.0,0.0,0.0,0.0,0.0,2.0,7943282.347242809,6.0,0
38.00_68.00,2019-11-11,38.0,68.0,0.0,0.0,0.0,0.0,2.0,7943282.347242809,7.0,1
38.00_68.00,2019-11-18,38.0,68.0,1.0,4.5,4.5,4.5,3.0,5623413.251903495,0.0,0
38.00_68.00,2019-11-25,38.0,68.0,0.0,0.0,0.0,4.5,3.0,5623413.251903495,1.0,0
38.00_68.00,2019-12-02,38.0,68.0,0.0,0.0,0.0,4.5,2.0,5623413.251903495,2.0,0
38.00_68.00,2019-12-09,38.0,68.0,0.0,0.0,0.0,4.5,2.0,5623413.251903495,3.0,0
38.00_68.00,2019-12-16,38.0,68.0,0.0,0.0,0.0,0.0,1.0,5623413.251903495,4.0,0
38.00_68.00,2019-12-23,38.0,68.0,0.0,0.0,0.0,0.0,1.0,5623413.251903495,5.0,0
38.00_68.00,2019-12-30,38.0,68.0,0.0,0.0,0.0,0.0,1.0,5623413.251903495,6.0,0
38.00_68.00,2020-01-06,38.0,68.0,0.0,0.0,0.0,0.0,1.0,5623413.251903495,7.0,1
38.00_68.00,2020-01-13,38.0,68.0,1.0,4.6,4.6,4.6,2.0,7943282.347242809,0.0,0
38.00_68.00,2020-01-20,38.0,68.0,0.0,0.0,0.0,4.6,2.0,7943282.347242809,1.0,0
38.00_68.00,2020-01-27,38.0,68.0,0.0,0.0,0.0,4.6,2.0,7943282.347242809,2.0,1
38.00_68.00,2020-02-03,38.0,68.0,1.0,4.9,4.9,4.9,3.0,30330493.732926235,0.0,0
38.00_68.00,2020-02-10,38.0,68.0,0.0,0.0,0.0,4.9,2.0,30330493.732926235,1.0,0
38.00_68.00,2020-02-17,38.0,68.0,0.0,0.0,0.0,4.9,2.0,30330493.732926235,2.0,0
38.00_68.00,2020-02-24,38.0,68.0,0.0,0.0,0.0,4.9,2.0,30330493.732926235,3.0,0
38.00_68.00,2020-03-02,38.0,68.0,0.0,0.0,0.0,0.0,2.0,30330493.732926235,4.0,0
38.00_68.00,2020-03-09,38.0,68.0,0.0,0.0,0.0,0.0,2.0,22387211.38568343,5.0,1
38.00_68.00,2020-03-16,38.0,68.0,1.0,4.2,4.2,4.2,3.0,24382473.700652312,6.0,0
38.00_68.00,2020-03-23,38.0,68.0,0.0,0.0,0.0,4.2,3.0,24382473.700652312,7.0,2
38.00_68.00,2020-03-30,38.0,68.0,2.0,4.6,4.5,4.6,5.0,15561957.914115181,0.0,0
38.00_68.00,2020-04-06,38.0,68.0,0.0,0.0,0.0,4.6,4.0,15561957.914115181,1.0,0
38.00_68.00,2020-04-13,38.0,68.0,0.0,0.0,0.0,4.6,4.0,15561957.914115181,2.0,1
38.00_68.00,2020-04-20,38.0,68.0,1.0,4.1,4.1,4.6,5.0,16974495.458737932,3.0,1
38.00_68.00,2020-04-27,38.0,68.0,1.0,4.5,4.5,4.5,5.0,22597908.710641425,0.0,1
38.00_68.00,2020-05-04,38.0,68.0,1.0,4.5,4.5,4.5,6.0,28221321.962544918,0.0,1
38.00_68.00,2020-05-11,38.0,68.0,1.0,3.6,3.6,4.5,7.0,26477248.29072699,1.0,0
38.00_68.00,2020-05-18,38.0,68.0,0.0,0.0,0.0,4.5,7.0,26477248.29072699,2.0,0
38.00_68.00,2020-05-25,38.0,68.0,0.0,0.0,0.0,4.5,7.0,12910552.691580696,3.0,0
38.00_68.00,2020-06-01,38.0,68.0,0.0,0.0,0.0,3.6,7.0,12910552.691580696,4.0,0
38.00_68.00,2020-06-08,38.0,68.0,0.0,0.0,0.0,0.0,6.0,12910552.691580696,5.0,0
38.00_68.00,2020-06-15,38.0,68.0,0.0,0.0,0.0,0.0,6.0,11498015.146957943,6.0,0
38.00_68.00,2020-06-22,38.0,68.0,0.0,0.0,0.0,0.0,4.0,5874601.895054453,7.0,1
38.00_68.00,2020-06-29,38.0,68.0,1.0,4.5,4.5,4.5,5.0,5874601.895054453,0.0,2
38.00_68.00,2020-07-06,38.0,68.0,2.0,5.4,4.3,5.4,7.0,134334337.36258507,0.0,1
38.00_68.00,2020-07-13,38.0,68.0,1.0,4.3,4.3,5.4,7.0,137152720.29384953,1.0,2
38.00_68.00,2020-07-20,38.0,68.0,2.0,4.5,4.3,5.4,8.0,145594516.47701746,0.0,0
38.00_68.00,2020-07-27,38.0,68.0,0.0,0.0,0.0,5.4,7.0,145594516.47701746,1.0,0
38.00_68.00,2020-08-03,38.0,68.0,0.0,0.0,0.0,4.5,6.0,145594516.47701746,2.0,1
38.00_68.00,2020-08-10,38.0,68.0,1.0,4.9,4.9,4.9,7.0,167981727.86270088,0.0,1
38.00_68.00,2020-08-17,38.0,68.0,1.0,4.8,4.8,4.9,8.0,183830659.787312,0.0,0
38.00_68.00,2020-08-24,38.0,68.0,0.0,0.0,0.0,4.9,8.0,178207246.5354085,1.0,0
38.00_68.00,2020-08-31,38.0,68.0,0.0,0.0,0.0,4.9,8.0,49496322.42472692,2.0,1
38.00_68.00,2020-09-07,38.0,68.0,1.0,4.3,4.3,4.8,9.0,49496322.42472692,3.0,0
38.00_68.00,2020-09-14,38.0,68.0,0.0,0.0,0.0,4.3,9.0,41054526.241558984,4.0,0
38.00_68.00,2020-09-21,38.0,68.0,0.0,0.0,0.0,4.3,8.0,41054526.241558984,5.0,0
38.00_68.00,2020-09-28,38.0,68.0,0.0,0.0,0.0,4.3,6.0,41054526.241558984,6.0,0
38.00_68.00,2020-10-05,38.0,68.0,0.0,0.0,0.0,0.0,5.0,18667314.85587556,7.0,0
38.00_68.00,2020-10-12,38.0,68.0,0.0,0.0,0.0,0.0,3.0,2818382.9312644494,8.0,0
38.00_68.00,2020-10-19,38.0,68.0,0.0,0.0,0.0,0.0,3.0,2818382.9312644494,9.0,1
38.00_68.00,2020-10-26,38.0,68.0,1.0,4.5,4.5,4.5,4.0,8441796.18316794,0.0,1
38.00_68.00,2020-11-02,38.0,68.0,1.0,4.6,4.6,4.6,4.0,13566695.599146295,0.0,0
38.00_68.00,2020-11-09,38.0,68.0,0.0,0.0,0.0,4.6,3.0,13566695.599146295,1.0,2
38.00_68.00,2020-11-16,38.0,68.0,2.0,5.0,4.9,5.0,5.0,67576683.5865135,0.0,1
38.00_68.00,2020-11-23,38.0,68.0,1.0,4.8,4.8,5.0,6.0,83425615.51112461,0.0,0
38.00_68.00,2020-11-30,38.0,68.0,0.0,0.0,0.0,5.0,5.0,83425615.51112461,1.0,0
38.00_68.00,2020-12-07,38.0,68.0,0.0,0.0,0.0,5.0,5.0,83425615.51112461,2.0,0
38.00_68.00,2020-12-14,38.0,68.0,0.0,0.0,0.0,4.8,5.0,83425615.51112461,3.0,0
38.00_68.00,2020-12-21,38.0,68.0,0.0,0.0,0.0,0.0,5.0,77802202.25922112,4.0,0
38.00_68.00,2020-12-28,38.0,68.0,0.0,0.0,0.0,0.0,5.0,69858919.91197832,5.0,0
38.00_68.00,2021-01-04,38.0,68.0,0.0,0.0,0.0,0.0,5.0,69858919.91197832,6.0,0
38.00_68.00,2021-01-11,38.0,68.0,0.0,0.0,0.0,0.0,5.0,15848931.9246111,7.0,0
38.00_68.00,2021-01-18,38.0,68.0,0.0,0.0,0.0,0.0,4.0,0.0,8.0,1
38.00_68.00,2021-01-25,38.0,68.0,1.0,4.2,4.2,4.2,4.0,1995262.3149688754,9.0,0
38.00_68.00,2021-02-01,38.0,68.0,0.0,0.0,0.0,4.2,4.0,1995262.3149688754,10.0,0
38.00_68.00,2021-02-08,38.0,68.0,0.0,0.0,0.0,4.2,2.0,1995262.3149688754,11.0,0
38.00_68.00,2021-02-15,38.0,68.0,0.0,0.0,0.0,4.2,1.0,1995262.3149688754,12.0,0
38.00_68.00,2021-02-22,38.0,68.0,0.0,0.0,0.0,0.0,1.0,1995262.3149688754,13.0,0
38.00_68.00,2021-03-01,38.0,68.0,0.0,0.0,0.0,0.0,1.0,1995262.3149688754,14.0,2
38.00_68.00,2021-03-08,38.0,68.0,2.0,4.3,4.2,4.3,3.0,6808907.561202208,15.0,0
38.00_68.00,2021-03-15,38.0,68.0,0.0,0.0,0.0,4.3,3.0,6808907.561202208,16.0,0
38.00_68.00,2021-03-22,38.0,68.0,0.0,0.0,0.0,4.3,3.0,4813645.2462333245,17.0,0
38.00_68.00,2021-03-29,38.0,68.0,0.0,0.0,0.0,4.3,3.0,4813645.2462333245,18.0,0
38.00_68.00,2021-04-05,38.0,68.0,0.0,0.0,0.0,0.0,3.0,4813645.2462333245,19.0,0
38.00_68.00,2021-04-12,38.0,68.0,0.0,0.0,0.0,0.0,3.0,4813645.2462333245,20.0,0
38.00_68.00,2021-04-19,38.0,68.0,0.0,0.0,0.0,0.0,2.0,4813645.2462333245,21.0,0
38.00_68.00,2021-04-26,38.0,68.0,0.0,0.0,0.0,0.0,2.0,4813645.2462333245,22.0,0
38.00_68.00,2021-05-03,38.0,68.0,0.0,0.0,0.0,0.0,2.0,0.0,23.0,0
38.00_68.00,2021-05-10,38.0,68.0,0.0,0.0,0.0,0.0,2.0,0.0,24.0,0
38.00_68.00,2021-05-17,38.0,68.0,0.0,0.0,0.0,0.0,2.0,0.0,25.0,0
38.00_68.00,2021-05-24,38.0,68.0,0.0,0.0,0.0,0.0,2.0,0.0,26.0,0
38.00_68.00,2021-05-31,38.0,68.0,0.0,0.0,0.0,0.0,0.0,0.0,27.0,0
38.00_68.00,2021-06-07,38.0,68.0,0.0,0.0,0.0,0.0,0.0,0.0,28.0,0
38.00_68.00,2021-06-14,38.0,68.0,0.0,0.0,0.0,0.0,0.0,0.0,29.0,0
38.00_68.00,2021-06-21,38.0,68.0,0.0,0.0,0.0,0.0,0.0,0.0,30.0,0
38.00_68.00,2021-06-28,38.0,68.0,0.0,0.0,0.0,0.0,0.0,0.0,31.0,0
38.00_68.00,2021-07-05,38.0,68.0,0.0,0.0,0.0,0.0,0.0,0.0,32.0,6
38.00_68.00,2021-07-12,38.0,68.0,6.0,5.7,4.1,5.7,6.0,376592077.01414454,0.0,2
38.00_68.00,2021-07-19,38.0,68.0,2.0,4.3,4.2,5.7,8.0,381405722.2603779,1.0,0
38.00_68.00,2021-07-26,38.0,68.0,0.0,0.0,0.0,5.7,8.0,381405722.2603779,2.0,0
38.00_68.00,2021-08-02,38.0,68.0,0.0,0.0,0.0,5.7,8.0,381405722.2603779,3.0,1
38.00_68.00,2021-08-09,38.0,68.0,1.0,4.5,4.5,4.5,9.0,387029135.51228136,0.0,0
38.00_68.00,2021-08-16,38.0,68.0,0.0,0.0,0.0,4.5,9.0,387029135.51228136,1.0,0
38.00_68.00,2021-08-23,38.0,68.0,0.0,0.0,0.0,4.5,9.0,387029135.51228136,2.0,1
38.00_68.00,2021-08-30,38.0,68.0,1.0,4.6,4.6,4.6,10.0,394972417.8595242,0.0,0
38.00_68.00,2021-09-06,38.0,68.0,0.0,0.0,0.0,4.6,10.0,18380340.84537963,1.0,0
38.00_68.00,2021-09-13,38.0,68.0,0.0,0.0,0.0,4.6,10.0,13566695.599146295,2.0,0
38.00_68.00,2021-09-20,38.0,68.0,0.0,0.0,0.0,4.6,10.0,13566695.599146295,3.0,0
38.00_68.00,2021-09-27,38.0,68.0,0.0,0.0,0.0,0.0,10.0,13566695.599146295,4.0,0
38.00_68.00,2021-10-04,38.0,68.0,0.0,0.0,0.0,0.0,4.0,7943282.347242805,5.0,0
38.00_68.00,2021-10-11,38.0,68.0,0.0,0.0,0.0,0.0,2.0,7943282.347242805,6.0,0
38.00_68.00,2021-10-18,38.0,68.0,0.0,0.0,0.0,0.0,2.0,7943282.347242805,7.0,0
38.00_68.00,2021-10-25,38.0,68.0,0.0,0.0,0.0,0.0,2.0,0.0,8.0,0
38.00_68.00,2021-11-01,38.0,68.0,0.0,0.0,0.0,0.0,1.0,0.0,9.0,0
38.00_68.00,2021-11-08,38.0,68.0,0.0,0.0,0.0,0.0,1.0,0.0,10.0,0
38.00_68.00,2021-11-15,38.0,68.0,0.0,0.0,0.0,0.0,1.0,0.0,11.0,0
38.00_68.00,2021-11-22,38.0,68.0,0.0,0.0,0.0,0.0,0.0,0.0,12.0,1
38.00_68.00,2021-11-29,38.0,68.0,1.0,4.4,4.4,4.4,1.0,3981071.7055349774,13.0,3
38.00_68.00,2021-12-06,38.0,68.0,3.0,4.6,4.1,4.6,4.0,16155274.528664986,0.0,0
38.00_68.00,2021-12-13,38.0,68.0,0.0,0.0,0.0,4.6,4.0,16155274.528664986,1.0,1
38.00_68.00,2021-12-20,38.0,68.0,1.0,4.7,4.7,4.7,5.0,27375459.071684636,0.0,0
38.00_68.00,2021-12-27,38.0,68.0,0.0,0.0,0.0,4.7,5.0,27375459.071684636,1.0,0
38.00_68.00,2022-01-03,38.0,68.0,0.0,0.0,0.0,4.7,5.0,27375459.071684636,2.0,0
38.00_68.00,2022-01-10,38.0,68.0,0.0,0.0,0.0,4.7,5.0,27375459.071684636,3.0,1
38.00_68.00,2022-01-17,38.0,68.0,1.0,4.3,4.3,4.3,6.0,30193842.00294909,4.0,0
38.00_68.00,2022-01-24,38.0,68.0,0.0,0.0,0.0,4.3,6.0,26212770.297414113,5.0,1
38.00_68.00,2022-01-31,38.0,68.0,1.0,4.2,4.2,4.3,7.0,16033829.789252985,6.0,0
38.00_68.00,2022-02-07,38.0,68.0,0.0,0.0,0.0,4.3,7.0,16033829.789252985,7.0,0
38.00_68.00,2022-02-14,38.0,68.0,0.0,0.0,0.0,4.2,7.0,4813645.246233332,8.0,0
38.00_68.00,2022-02-21,38.0,68.0,0.0,0.0,0.0,4.2,6.0,4813645.246233332,9.0,0
38.00_68.00,2022-02-28,38.0,68.0,0.0,0.0,0.0,0.0,3.0,4813645.246233332,10.0,0
38.00_68.00,2022-03-07,38.0,68.0,0.0,0.0,0.0,0.0,3.0,4813645.246233332,11.0,0
38.00_68.00,2022-03-14,38.0,68.0,0.0,0.0,0.0,0.0,2.0,1995262.3149688828,12.0,1
38.00_68.00,2022-03-21,38.0,68.0,1.0,4.5,4.5,4.5,3.0,7618675.566872374,0.0,0
38.00_68.00,2022-03-28,38.0,68.0,0.0,0.0,0.0,4.5,3.0,5623413.251903491,1.0,0
38.00_68.00,2022-04-04,38.0,68.0,0.0,0.0,0.0,4.5,3.0,5623413.251903491,2.0,0
38.00_68.00,2022-04-11,38.0,68.0,0.0,0.0,0.0,4.5,2.0,5623413.251903491,3.0,0
38.00_68.00,2022-04-18,38.0,68.0,0.0,0.0,0.0,0.0,2.0,5623413.251903491,4.0,1
38.00_68.00,2022-04-25,38.0,68.0,1.0,5.1,5.1,5.1,2.0,50291772.46699975,0.0,0
38.00_68.00,2022-05-02,38.0,68.0,0.0,0.0,0.0,5.1,2.0,50291772.46699975,1.0,0
38.00_68.00,2022-05-09,38.0,68.0,0.0,0.0,0.0,5.1,2.0,50291772.46699975,2.0,0
38.00_68.00,2022-05-16,38.0,68.0,0.0,0.0,0.0,5.1,2.0,44668359.21509626,3.0,0
38.00_68.00,2022-05-23,38.0,68.0,0.0,0.0,0.0,0.0,2.0,44668359.21509626,4.0,0
38.00_68.00,2022-05-30,38.0,68.0,0.0,0.0,0.0,0.0,2.0,44668359.21509626,5.0,1
38.00_68.00,2022-06-06,38.0,68.0,1.0,4.2,4.2,4.2,3.0,46663621.53006514,6.0,1
38.00_68.00,2022-06-13,38.0,68.0,1.0,4.2,4.2,4.2,3.0,48658883.845034026,7.0,0
38.00_68.00,2022-06-20,38.0,68.0,0.0,0.0,0.0,4.2,3.0,3990524.6299377657,8.0,0
38.00_68.00,2022-06-27,38.0,68.0,0.0,0.0,0.0,4.2,3.0,3990524.6299377657,9.0,0
38.00_68.00,2022-07-04,38.0,68.0,0.0,0.0,0.0,4.2,3.0,3990524.6299377657,10.0,0
38.00_68.00,2022-07-11,38.0,68.0,0.0,0.0,0.0,0.0,3.0,3990524.6299377657,11.0,0
38.00_68.00,2022-07-18,38.0,68.0,0.0,0.0,0.0,0.0,2.0,3990524.6299377657,12.0,0
38.00_68.00,2022-07-25,38.0,68.0,0.0,0.0,0.0,0.0,2.0,3990524.6299377657,13.0,0
38.00_68.00,2022-08-01,38.0,68.0,0.0,0.0,0.0,0.0,2.0,1995262.3149688828,14.0,0
38.00_68.00,2022-08-08,38.0,68.0,0.0,0.0,0.0,0.0,2.0,0.0,15.0,0
38.00_68.00,2022-08-15,38.0,68.0,0.0,0.0,0.0,0.0,2.0,0.0,16.0,0
38.00_68.00,2022-08-22,38.0,68.0,0.0,0.0,0.0,0.0,2.0,0.0,17.0,0
38.00_68.00,2022-08-29,38.0,68.0,0.0,0.0,0.0,0.0,1.0,0.0,18.0,0
38.00_68.00,2022-09-05,38.0,68.0,0.0,0.0,0.0,0.0,0.0,0.0,19.0,1
38.00_68.00,2022-09-12,38.0,68.0,1.0,4.5,4.5,4.5,1.0,5623413.251903491,0.0,0
38.00_68.00,2022-09-19,38.0,68.0,0.0,0.0,0.0,4.5,1.0,5623413.251903491,1.0,0
38.00_68.00,2022-09-26,38.0,68.0,0.0,0.0,0.0,4.5,1.0,5623413.251903491,2.0,0
38.00_68.00,2022-10-03,38.0,68.0,0.0,0.0,0.0,4.5,1.0,5623413.251903491,3.0,0
38.00_68.00,2022-10-10,38.0,68.0,0.0,0.0,0.0,0.0,1.0,5623413.251903491,4.0,0
38.00_68.00,2022-10-17,38.0,68.0,0.0,0.0,0.0,0.0,1.0,5623413.251903491,5.0,0
38.00_68.00,2022-10-24,38.0,68.0,0.0,0.0,0.0,0.0,1.0,5623413.251903491,6.0,1
38.00_68.00,2022-10-31,38.0,68.0,1.0,4.0,4.0,4.0,2.0,6623413.251903491,7.0,0
38.00_68.00,2022-11-07,38.0,68.0,0.0,0.0,0.0,4.0,2.0,1000000.0,8.0,0
38.00_68.00,2022-11-14,38.0,68.0,0.0,0.0,0.0,4.0,2.0,1000000.0,9.0,0
38.00_68.00,2022-11-21,38.0,68.0,0.0,0.0,0.0,4.0,2.0,1000000.0,10.0,0
38.00_68.00,2022-11-28,38.0,68.0,0.0,0.0,0.0,0.0,2.0,1000000.0,11.0,0
38.00_68.00,2022-12-05,38.0,68.0,0.0,0.0,0.0,0.0,1.0,1000000.0,12.0,1
38.00_68.00,2022-12-12,38.0,68.0,1.0,4.7,4.7,4.7,2.0,12220184.543019652,0.0,1
38.00_68.00,2022-12-19,38.0,68.0,1.0,4.3,4.3,4.7,3.0,15038567.474284101,1.0,1
38.00_68.00,2022-12-26,38.0,68.0,1.0,4.3,4.3,4.7,4.0,16856950.40554855,2.0,0
38.00_68.00,2023-01-02,38.0,68.0,0.0,0.0,0.0,4.7,4.0,16856950.40554855,3.0,1
38.00_68.00,2023-01-09,38.0,68.0,1.0,4.3,4.3,4.3,5.0,19675333.336813,4.0,0
38.00_68.00,2023-01-16,38.0,68.0,0.0,0.0,0.0,4.3,5.0,19675333.336813,5.0,1
38.00_68.00,2023-01-23,38.0,68.0,1.0,4.7,4.7,4.7,5.0,30895517.879832655,0.0,0
38.00_68.00,2023-01-30,38.0,68.0,0.0,0.0,0.0,4.7,5.0,30895517.879832655,1.0,0
38.00_68.00,2023-02-06,38.0,68.0,0.0,0.0,0.0,4.7,5.0,19675333.336813003,2.0,0
38.00_68.00,2023-02-13,38.0,68.0,0.0,0.0,0.0,4.7,5.0,16856950.40554855,3.0,0
38.00_68.00,2023-02-20,38.0,68.0,0.0,0.0,0.0,0.0,5.0,14038567.474284103,4.0,0
38.00_68.00,2023-02-27,38.0,68.0,0.0,0.0,0.0,0.0,5.0,14038567.474284101,5.0,0
38.00_68.00,2023-03-06,38.0,68.0,0.0,0.0,0.0,0.0,4.0,11220184.543019652,6.0,0
38.00_68.00,2023-03-13,38.0,68.0,0.0,0.0,0.0,0.0,3.0,11220184.543019652,7.0,2
38.00_68.00,2023-03-20,38.0,68.0,2.0,4.3,4.1,4.3,4.0,4230920.475887202,8.0,2
38.00_68.00,2023-03-27,38.0,68.0,2.0,5.8,4.6,5.8,6.0,513361436.4504015,0.0,0
38.00_68.00,2023-04-03,38.0,68.0,0.0,0.0,0.0,5.8,5.0,513361436.4504015,1.0,0
38.00_68.00,2023-04-10,38.0,68.0,0.0,0.0,0.0,5.8,5.0,513361436.4504015,2.0,0
38.00_68.00,2023-04-17,38.0,68.0,0.0,0.0,0.0,5.8,4.0,513361436.4504015,3.0,0
38.00_68.00,2023-04-24,38.0,68.0,0.0,0.0,0.0,0.0,4.0,513361436.4504015,4.0,0
38.00_68.00,2023-05-01,38.0,68.0,0.0,0.0,0.0,0.0,4.0,513361436.4504015,5.0,0
38.00_68.00,2023-05-08,38.0,68.0,0.0,0.0,0.0,0.0,4.0,513361436.4504015,6.0,2
38.00_68.00,2023-05-15,38.0,68.0,2.0,4.2,4.2,4.2,6.0,513121040.6044521,7.0,0
38.00_68.00,2023-05-22,38.0,68.0,0.0,0.0,0.0,4.2,6.0,3990524.6299377657,8.0,0
38.00_68.00,2023-05-29,38.0,68.0,0.0,0.0,0.0,4.2,6.0,3990524.6299377657,9.0,0
38.00_68.00,2023-06-05,38.0,68.0,0.0,0.0,0.0,4.2,6.0,3990524.6299377657,10.0,0
38.00_68.00,2023-06-12,38.0,68.0,0.0,0.0,0.0,0.0,4.0,3990524.6299377657,11.0,0
38.00_68.00,2023-06-19,38.0,68.0,0.0,0.0,0.0,0.0,2.0,3990524.6299377657,12.0,0
38.00_68.00,2023-06-26,38.0,68.0,0.0,0.0,0.0,0.0,2.0,3990524.6299377657,13.0,0
38.00_68.00,2023-07-03,38.0,68.0,0.0,0.0,0.0,0.0,2.0,3990524.6299377657,14.0,0
38.00_68.00,2023-07-10,38.0,68.0,0.0,0.0,0.0,0.0,2.0,0.0,15.0,0
38.00_68.00,2023-07-17,38.0,68.0,0.0,0.0,0.0,0.0,2.0,0.0,16.0,0
38.00_68.00,2023-07-24,38.0,68.0,0.0,0.0,0.0,0.0,2.0,0.0,17.0,0
38.00_68.00,2023-07-31,38.0,68.0,0.0,0.0,0.0,0.0,2.0,0.0,18.0,0
38.00_68.00,2023-08-07,38.0,68.0,0.0,0.0,0.0,0.0,0.0,0.0,19.0,1
38.00_68.00,2023-08-14,38.0,68.0,1.0,4.0,4.0,4.0,1.0,1000000.0,20.0,0
38.00_68.00,2023-08-21,38.0,68.0,0.0,0.0,0.0,4.0,1.0,1000000.0,21.0,0
38.00_68.00,2023-08-28,38.0,68.0,0.0,0.0,0.0,4.0,1.0,1000000.0,22.0,0
38.00_68.00,2023-09-04,38.0,68.0,0.0,0.0,0.0,4.0,1.0,1000000.0,23.0,0
38.00_68.00,2023-09-11,38.0,68.0,0.0,0.0,0.0,0.0,1.0,1000000.0,24.0,0
38.00_68.00,2023-09-18,38.0,68.0,0.0,0.0,0.0,0.0,1.0,1000000.0,25.0,0
38.00_68.00,2023-09-25,38.0,68.0,0.0,0.0,0.0,0.0,1.0,1000000.0,26.0,0
38.00_68.00,2023-10-02,38.0,68.0,0.0,0.0,0.0,0.0,1.0,1000000.0,27.0,0
38.00_68.00,2023-10-09,38.0,68.0,0.0,0.0,0.0,0.0,1.0,0.0,28.0,0
38.00_68.00,2023-10-16,38.0,68.0,0.0,0.0,0.0,0.0,1.0,0.0,29.0,0
38.00_68.00,2023-10-23,38.0,68.0,0.0,0.0,0.0,0.0,1.0,0.0,30.0,0
38.00_68.00,2023-10-30,38.0,68.0,0.0,0.0,0.0,0.0,1.0,0.0,31.0,0
38.00_68.00,2023-11-06,38.0,68.0,0.0,0.0,0.0,0.0,0.0,0.0,32.0,1
38.00_68.00,2023-11-13,38.0,68.0,1.0,4.6,4.6,4.6,1.0,7943282.347242805,0.0,1
38.00_68.00,2023-11-20,38.0,68.0,1.0,4.7,4.7,4.7,2.0,19163466.89026246,0.0,0
38.00_68.00,2023-11-27,38.0,68.0,0.0,0.0,0.0,4.7,2.0,19163466.89026246,1.0,0
38.00_68.00,2023-12-04,38.0,68.0,0.0,0.0,0.0,4.7,2.0,19163466.89026246,2.0,0
38.00_68.00,2023-12-11,38.0,68.0,0.0,0.0,0.0,4.7,2.0,19163466.89026246,3.0,0
38.00_68.00,2023-12-18,38.0,68.0,0.0,0.0,0.0,0.0,2.0,19163466.89026246,4.0,0
38.00_68.00,2023-12-25,38.0,68.0,0.0,0.0,0.0,0.0,2.0,19163466.89026246,5.0,0
38.00_71.00,2010-03-22,38.0,71.0,1.0,4.4,4.4,4.4,8.0,24819093.816618506,5.0,0
38.00_71.00,2010-03-29,38.0,71.0,0.0,0.0,0.0,4.4,5.0,24819093.816618506,6.0,0
38.00_71.00,2010-04-05,38.0,71.0,0.0,0.0,0.0,4.4,5.0,24819093.816618506,7.0,2
38.00_71.00,2010-04-12,38.0,71.0,2.0,4.5,4.3,4.5,7.0,22040705.45676679,0.0,0
38.00_71.00,2010-04-19,38.0,71.0,0.0,0.0,0.0,4.5,7.0,19222322.525502346,1.0,3
38.00_71.00,2010-04-26,38.0,71.0,3.0,4.5,4.4,4.5,10.0,26008424.551676363,0.0,1
38.00_71.00,2010-05-03,38.0,71.0,1.0,4.8,4.8,4.8,11.0,41857356.47628747,0.0,0
38.00_71.00,2010-05-10,38.0,71.0,0.0,0.0,0.0,4.8,10.0,41857356.47628747,1.0,1
38.00_71.00,2010-05-17,38.0,71.0,1.0,4.3,4.3,4.8,10.0,40694667.70201694,2.0,0
38.00_71.00,2010-05-24,38.0,71.0,0.0,0.0,0.0,4.8,8.0,40694667.70201694,3.0,2
38.00_71.00,2010-05-31,38.0,71.0,2.0,4.5,4.2,4.5,10.0,48313343.268889315,0.0,0
38.00_71.00,2010-06-07,38.0,71.0,0.0,0.0,0.0,4.5,10.0,39871547.08572137,1.0,0
38.00_71.00,2010-06-14,38.0,71.0,0.0,0.0,0.0,4.5,9.0,39871547.08572137,2.0,2
38.00_71.00,2010-06-21,38.0,71.0,2.0,4.8,4.1,4.8,11.0,43547459.891981795,0.0,0
38.00_71.00,2010-06-28,38.0,71.0,0.0,0.0,0.0,4.8,11.0,27698527.967370685,1.0,0
38.00_71.00,2010-07-05,38.0,71.0,0.0,0.0,0.0,4.8,9.0,27698527.96737068,2.0,0
38.00_71.00,2010-07-12,38.0,71.0,0.0,0.0,0.0,4.8,9.0,24880145.036106233,3.0,0
38.00_71.00,2010-07-19,38.0,71.0,0.0,0.0,0.0,0.0,6.0,24880145.036106233,4.0,1
38.00_71.00,2010-07-26,38.0,71.0,1.0,4.1,4.1,4.1,6.0,18674007.013856612,5.0,0
38.00_71.00,2010-08-02,38.0,71.0,0.0,0.0,0.0,4.1,6.0,18674007.013856612,6.0,0
38.00_71.00,2010-08-09,38.0,71.0,0.0,0.0,0.0,4.1,5.0,18674007.013856612,7.0,1
38.00_71.00,2010-08-16,38.0,71.0,1.0,4.2,4.2,4.2,6.0,3407799.8595916354,8.0,1
38.00_71.00,2010-08-23,38.0,71.0,1.0,5.2,5.2,5.2,5.0,66503534.30761106,0.0,0
38.00_71.00,2010-08-30,38.0,71.0,0.0,0.0,0.0,5.2,5.0,66503534.30761106,1.0,0
38.00_71.00,2010-09-06,38.0,71.0,0.0,0.0,0.0,5.2,5.0,66503534.30761106,2.0,3
38.00_71.00,2010-09-13,38.0,71.0,3.0,5.4,4.1,5.4,6.0,201751895.37889373,0.0,0
38.00_71.00,2010-09-20,38.0,71.0,0.0,0.0,0.0,5.4,6.0,200339357.83427098,1.0,0
38.00_71.00,2010-09-27,38.0,71.0,0.0,0.0,0.0,5.4,6.0,200339357.83427098,2.0,0
38.00_71.00,2010-10-04,38.0,71.0,0.0,0.0,0.0,5.4,6.0,200339357.83427098,3.0,2
38.00_71.00,2010-10-11,38.0,71.0,2.0,4.9,4.7,4.9,8.0,231951491.44800517,0.0,0
38.00_71.00,2010-10-18,38.0,71.0,0.0,0.0,0.0,4.9,7.0,168855756.99998575,1.0,0
38.00_71.00,2010-10-25,38.0,71.0,0.0,0.0,0.0,4.9,7.0,168855756.99998575,2.0,0
38.00_71.00,2010-11-01,38.0,71.0,0.0,0.0,0.0,4.9,7.0,168855756.99998575,3.0,0
38.00_71.00,2010-11-08,38.0,71.0,0.0,0.0,0.0,0.0,6.0,33607395.92870308,4.0,0
38.00_71.00,2010-11-15,38.0,71.0,0.0,0.0,0.0,0.0,5.0,33607395.92870308,5.0,1
38.00_71.00,2010-11-22,38.0,71.0,1.0,4.3,4.3,4.3,6.0,36425778.85996753,6.0,1
38.00_71.00,2010-11-29,38.0,71.0,1.0,5.0,5.0,5.0,7.0,68048555.46165133,0.0,1
38.00_71.00,2010-12-06,38.0,71.0,1.0,4.0,4.0,5.0,5.0,35441159.53294824,1.0,2
38.00_71.00,2010-12-13,38.0,71.0,2.0,5.5,4.2,5.5,7.0,215264362.85180938,0.0,1
38.00_71.00,2010-12-20,38.0,71.0,1.0,5.2,5.2,5.5,8.0,278360097.2998288,0.0,0
38.00_71.00,2010-12-27,38.0,71.0,0.0,0.0,0.0,5.5,8.0,278360097.2998288,1.0,0
38.00_71.00,2011-01-03,38.0,71.0,0.0,0.0,0.0,5.5,6.0,278360097.2998288,2.0,0
38.00_71.00,2011-01-10,38.0,71.0,0.0,0.0,0.0,5.2,6.0,278360097.2998288,3.0,0
38.00_71.00,2011-01-17,38.0,71.0,0.0,0.0,0.0,0.0,6.0,275541714.36856437,4.0,1
38.00_71.00,2011-01-24,38.0,71.0,1.0,5.0,5.0,5.0,7.0,275541714.36856437,0.0,2
38.00_71.00,2011-01-31,38.0,71.0,2.0,6.0,4.3,6.0,9.0,1277360097.2998288,0.0,0
38.00_71.00,2011-02-07,38.0,71.0,0.0,0.0,0.0,6.0,9.0,1097536893.9809675,1.0,1
38.00_71.00,2011-02-14,38.0,71.0,1.0,4.9,4.9,6.0,9.0,1056828370.9186317,0.0,0
38.00_71.00,2011-02-21,38.0,71.0,0.0,0.0,0.0,6.0,8.0,1056828370.9186317,1.0,0
38.00_71.00,2011-02-28,38.0,71.0,0.0,0.0,0.0,4.9,7.0,1056828370.9186317,2.0,0
38.00_71.00,2011-03-07,38.0,71.0,0.0,0.0,0.0,4.9,5.0,1056828370.9186317,3.0,0
38.00_71.00,2011-03-14,38.0,71.0,0.0,0.0,0.0,0.0,4.0,1056828370.9186317,4.0,0
38.00_71.00,2011-03-21,38.0,71.0,0.0,0.0,0.0,0.0,4.0,1025205594.3169478,5.0,1
38.00_71.00,2011-03-28,38.0,71.0,1.0,4.7,4.7,4.7,5.0,33607395.92870308,0.0,1
38.00_71.00,2011-04-04,38.0,71.0,1.0,4.6,4.6,4.7,6.0,41550678.27594588,0.0,0
38.00_71.00,2011-04-11,38.0,71.0,0.0,0.0,0.0,4.7,6.0,19163466.89026246,1.0,0
38.00_71.00,2011-04-18,38.0,71.0,0.0,0.0,0.0,4.7,5.0,19163466.89026246,2.0,0
38.00_71.00,2011-04-25,38.0,71.0,0.0,0.0,0.0,4.6,3.0,19163466.89026246,3.0,1
38.00_71.00,2011-05-02,38.0,71.0,1.0,4.4,4.4,4.4,4.0,23144538.595797434,4.0,0
38.00_71.00,2011-05-09,38.0,71.0,0.0,0.0,0.0,4.4,3.0,23144538.595797434,5.0,0
38.00_71.00,2011-05-16,38.0,71.0,0.0,0.0,0.0,4.4,3.0,23144538.595797434,6.0,0
38.00_71.00,2011-05-23,38.0,71.0,0.0,0.0,0.0,4.4,3.0,11924354.052777782,7.0,0
38.00_71.00,2011-05-30,38.0,71.0,0.0,0.0,0.0,0.0,3.0,3981071.7055349774,8.0,0
38.00_71.00,2011-06-06,38.0,71.0,0.0,0.0,0.0,0.0,3.0,3981071.7055349774,9.0,0
38.00_71.00,2011-06-13,38.0,71.0,0.0,0.0,0.0,0.0,3.0,3981071.7055349774,10.0,1
38.00_71.00,2011-06-20,38.0,71.0,1.0,4.3,4.3,4.3,3.0,6799454.636799427,11.0,2
38.00_71.00,2011-06-27,38.0,71.0,2.0,5.0,4.4,5.0,4.0,38422231.23848322,0.0,0
38.00_71.00,2011-07-04,38.0,71.0,0.0,0.0,0.0,5.0,4.0,38422231.23848322,1.0,2
38.00_71.00,2011-07-11,38.0,71.0,2.0,4.7,4.5,5.0,6.0,55265829.03340636,0.0,0
38.00_71.00,2011-07-18,38.0,71.0,0.0,0.0,0.0,5.0,6.0,55265829.03340636,1.0,1
38.00_71.00,2011-07-25,38.0,71.0,1.0,6.1,6.1,6.1,6.0,1467803373.6561558,0.0,1
38.00_71.00,2011-08-01,38.0,71.0,1.0,4.3,4.3,6.1,7.0,1470621756.5874202,1.0,0
38.00_71.00,2011-08-08,38.0,71.0,0.0,0.0,0.0,6.1,7.0,1470621756.5874202,2.0,0
38.00_71.00,2011-08-15,38.0,71.0,0.0,0.0,0.0,6.1,7.0,1467803373.6561558,3.0,0
38.00_71.00,2011-08-22,38.0,71.0,0.0,0.0,0.0,4.3,7.0,1432199525.348937,4.0,0
38.00_71.00,2011-08-29,38.0,71.0,0.0,0.0,0.0,0.0,7.0,1432199525.348937,5.0,0
38.00_71.00,2011-09-05,38.0,71.0,0.0,0.0,0.0,0.0,7.0,1415355927.554014,6.0,0
38.00_71.00,2011-09-12,38.0,71.0,0.0,0.0,0.0,0.0,6.0,1415355927.554014,7.0,0
38.00_71.00,2011-09-19,38.0,71.0,0.0,0.0,0.0,0.0,4.0,2818382.9312644494,8.0,0
38.00_71.00,2011-09-26,38.0,71.0,0.0,0.0,0.0,0.0,4.0,0.0,9.0,1
38.00_71.00,2011-10-03,38.0,71.0,1.0,4.8,4.8,4.8,3.0,15848931.924611108,0.0,1
38.00_71.00,2011-10-10,38.0,71.0,1.0,4.6,4.6,4.8,4.0,23792214.271853913,0.0,0
38.00_71.00,2011-10-17,38.0,71.0,0.0,0.0,0.0,4.8,3.0,23792214.271853913,1.0,2
38.00_71.00,2011-10-24,38.0,71.0,2.0,4.7,4.5,4.8,4.0,40635812.06677705,0.0,0
38.00_71.00,2011-10-31,38.0,71.0,0.0,0.0,0.0,4.7,4.0,40635812.06677705,1.0,1
38.00_71.00,2011-11-07,38.0,71.0,1.0,4.7,4.7,4.7,5.0,51855996.6097967,0.0,1
38.00_71.00,2011-11-14,38.0,71.0,1.0,4.5,4.5,4.7,6.0,57479409.8617002,0.0,0
38.00_71.00,2011-11-21,38.0,71.0,0.0,0.0,0.0,4.7,6.0,57479409.8617002,1.0,0
38.00_71.00,2011-11-28,38.0,71.0,0.0,0.0,0.0,4.7,6.0,41630477.93708909,2.0,1
38.00_71.00,2011-12-05,38.0,71.0,1.0,4.5,4.5,4.5,7.0,39310608.84174977,0.0,0
38.00_71.00,2011-12-12,38.0,71.0,0.0,0.0,0.0,4.5,7.0,39310608.84174977,1.0,0
38.00_71.00,2011-12-19,38.0,71.0,0.0,0.0,0.0,4.5,7.0,22467011.046826635,2.0,0
38.00_71.00,2011-12-26,38.0,71.0,0.0,0.0,0.0,4.5,6.0,22467011.046826635,3.0,0
38.00_71.00,2012-01-02,38.0,71.0,0.0,0.0,0.0,0.0,5.0,11246826.503806982,4.0,0
38.00_71.00,2012-01-09,38.0,71.0,0.0,0.0,0.0,0.0,5.0,5623413.251903491,5.0,0
38.00_71.00,2012-01-16,38.0,71.0,0.0,0.0,0.0,0.0,3.0,5623413.251903491,6.0,2
38.00_71.00,2012-01-23,38.0,71.0,2.0,4.2,4.1,4.2,5.0,9031213.111495126,7.0,1
38.00_71.00,2012-01-30,38.0,71.0,1.0,4.5,4.5,4.5,5.0,9031213.111495126,0.0,0
38.00_71.00,2012-02-06,38.0,71.0,0.0,0.0,0.0,4.5,4.0,9031213.111495126,1.0,0
38.00_71.00,2012-02-13,38.0,71.0,0.0,0.0,0.0,4.5,4.0,9031213.111495126,2.0,0
38.00_71.00,2012-02-20,38.0,71.0,0.0,0.0,0.0,4.5,4.0,9031213.111495126,3.0,0
38.00_71.00,2012-02-27,38.0,71.0,0.0,0.0,0.0,0.0,3.0,9031213.111495126,4.0,1
38.00_71.00,2012-03-05,38.0,71.0,1.0,4.0,4.0,4.0,4.0,10031213.111495126,5.0,2
38.00_71.00,2012-03-12,38.0,71.0,2.0,4.4,4.0,4.4,6.0,15012284.817030104,6.0,0
38.00_71.00,2012-03-19,38.0,71.0,0.0,0.0,0.0,4.4,6.0,11604484.957438469,7.0,0
38.00_71.00,2012-03-26,38.0,71.0,0.0,0.0,0.0,4.4,6.0,5981071.705534978,8.0,0
38.00_71.00,2012-04-02,38.0,71.0,0.0,0.0,0.0,4.4,6.0,5981071.705534978,9.0,0
38.00_71.00,2012-04-09,38.0,71.0,0.0,0.0,0.0,0.0,6.0,5981071.705534978,10.0,0
38.00_71.00,2012-04-16,38.0,71.0,0.0,0.0,0.0,0.0,4.0,5981071.705534978,11.0,0
38.00_71.00,2012-04-23,38.0,71.0,0.0,0.0,0.0,0.0,3.0,5981071.705534978,12.0,1
38.00_71.00,2012-04-30,38.0,71.0,1.0,4.4,4.4,4.4,4.0,8962143.411069956,13.0,0
38.00_71.00,2012-05-07,38.0,71.0,0.0,0.0,0.0,4.4,4.0,3981071.7055349774,14.0,0
38.00_71.00,2012-05-14,38.0,71.0,0.0,0.0,0.0,4.4,4.0,3981071.7055349774,15.0,0
38.00_71.00,2012-05-21,38.0,71.0,0.0,0.0,0.0,4.4,4.0,3981071.7055349774,16.0,0
38.00_71.00,2012-05-28,38.0,71.0,0.0,0.0,0.0,0.0,3.0,3981071.7055349774,17.0,0
38.00_71.00,2012-06-04,38.0,71.0,0.0,0.0,0.0,0.0,1.0,3981071.7055349774,18.0,0
38.00_71.00,2012-06-11,38.0,71.0,0.0,0.0,0.0,0.0,1.0,3981071.7055349774,19.0,0
38.00_71.00,2012-06-18,38.0,71.0,0.0,0.0,0.0,0.0,1.0,3981071.7055349774,20.0,0
38.00_71.00,2012-06-25,38.0,71.0,0.0,0.0,0.0,0.0,1.0,0.0,21.0,0
38.00_71.00,2012-07-02,38.0,71.0,0.0,0.0,0.0,0.0,1.0,0.0,22.0,0
38.00_71.00,2012-07-09,38.0,71.0,0.0,0.0,0.0,0.0,1.0,0.0,23.0,0
38.00_71.00,2012-07-16,38.0,71.0,0.0,0.0,0.0,0.0,1.0,0.0,24.0,0
38.00_71.00,2012-07-23,38.0,71.0,0.0,0.0,0.0,0.0,0.0,0.0,25.0,1
38.00_71.00,2012-07-30,38.0,71.0,1.0,4.0,4.0,4.0,1.0,1000000.0,26.0,0
38.00_71.00,2012-08-06,38.0,71.0,0.0,0.0,0.0,4.0,1.0,1000000.0,27.0,0
38.00_71.00,2012-08-13,38.0,71.0,0.0,0.0,0.0,4.0,1.0,1000000.0,28.0,0
38.00_71.00,2012-08-20,38.0,71.0,0.0,0.0,0.0,4.0,1.0,1000000.0,29.0,0
38.00_71.00,2012-08-27,38.0,71.0,0.0,0.0,0.0,0.0,1.0,1000000.0,30.0,0
38.00_71.00,2012-09-03,38.0,71.0,0.0,0.0,0.0,0.0,1.0,1000000.0,31.0,0
38.00_71.00,2012-09-10,38.0,71.0,0.0,0.0,0.0,0.0,1.0,1000000.0,32.0,0
38.00_71.00,2012-09-17,38.0,71.0,0.0,0.0,0.0,0.0,1.0,1000000.0,33.0,0
38.00_71.00,2012-09-24,38.0,71.0,0.0,0.0,0.0,0.0,1.0,0.0,34.0,1
38.00_71.00,2012-10-01,38.0,71.0,1.0,4.3,4.3,4.3,2.0,2818382.9312644494,35.0,0
38.00_71.00,2012-10-08,38.0,71.0,0.0,0.0,0.0,4.3,2.0,2818382.9312644494,36.0,0
38.00_71.00,2012-10-15,38.0,71.0,0.0,0.0,0.0,4.3,2.0,2818382.9312644494,37.0,0
38.00_71.00,2012-10-22,38.0,71.0,0.0,0.0,0.0,4.3,1.0,2818382.9312644494,38.0,1
38.00_71.00,2012-10-29,38.0,71.0,1.0,4.4,4.4,4.4,2.0,6799454.636799427,39.0,0
38.00_71.00,2012-11-05,38.0,71.0,0.0,0.0,0.0,4.4,2.0,6799454.636799427,40.0,0
38.00_71.00,2012-11-12,38.0,71.0,0.0,0.0,0.0,4.4,2.0,6799454.636799427,41.0,2
38.00_71.00,2012-11-19,38.0,71.0,2.0,4.2,4.0,4.4,4.0,9794716.951768309,42.0,0
38.00_71.00,2012-11-26,38.0,71.0,0.0,0.0,0.0,4.2,4.0,6976334.020503861,43.0,0
38.00_71.00,2012-12-03,38.0,71.0,0.0,0.0,0.0,4.2,4.0,6976334.02050386,44.0,0
38.00_71.00,2012-12-10,38.0,71.0,0.0,0.0,0.0,4.2,4.0,6976334.02050386,45.0,2
38.00_71.00,2012-12-17,38.0,71.0,2.0,4.4,4.2,4.4,6.0,12952668.04100772,46.0,0
38.00_71.00,2012-12-24,38.0,71.0,0.0,0.0,0.0,4.4,5.0,8971596.335472744,47.0,0
38.00_71.00,2012-12-31,38.0,71.0,0.0,0.0,0.0,4.4,5.0,8971596.335472744,48.0,1
38.00_71.00,2013-01-07,38.0,71.0,1.0,4.0,4.0,4.4,6.0,9971596.335472744,49.0,1
38.00_71.00,2013-01-14,38.0,71.0,1.0,4.6,4.6,4.6,7.0,14919616.367746666,0.0,0
38.00_71.00,2013-01-21,38.0,71.0,0.0,0.0,0.0,4.6,6.0,14919616.367746666,1.0,3
38.00_71.00,2013-01-28,38.0,71.0,3.0,4.5,4.1,4.6,9.0,24773950.095537357,0.0,0
38.00_71.00,2013-02-04,38.0,71.0,0.0,0.0,0.0,4.6,9.0,24773950.095537357,1.0,0
38.00_71.00,2013-02-11,38.0,71.0,0.0,0.0,0.0,4.5,7.0,18797616.075033497,2.0,0
38.00_71.00,2013-02-18,38.0,71.0,0.0,0.0,0.0,4.5,7.0,18797616.075033497,3.0,1
38.00_71.00,2013-02-25,38.0,71.0,1.0,4.4,4.4,4.4,8.0,22778687.780568473,4.0,1
38.00_71.00,2013-03-04,38.0,71.0,1.0,5.1,5.1,5.1,9.0,66447046.99566473,0.0,0
38.00_71.00,2013-03-11,38.0,71.0,0.0,0.0,0.0,5.1,7.0,58503764.64842193,1.0,0
38.00_71.00,2013-03-18,38.0,71.0,0.0,0.0,0.0,5.1,7.0,58503764.64842193,2.0,0
38.00_71.00,2013-03-25,38.0,71.0,0.0,0.0,0.0,5.1,7.0,48649430.92063123,3.0,1
38.00_71.00,2013-04-01,38.0,71.0,1.0,4.5,4.5,4.5,7.0,54272844.17253472,0.0,1
38.00_71.00,2013-04-08,38.0,71.0,1.0,4.1,4.1,4.5,7.0,55685381.717157476,1.0,1
38.00_71.00,2013-04-15,38.0,71.0,1.0,4.7,4.7,4.7,8.0,66905566.260177135,0.0,0
38.00_71.00,2013-04-22,38.0,71.0,0.0,0.0,0.0,4.7,5.0,62924494.554642156,1.0,1
38.00_71.00,2013-04-29,38.0,71.0,1.0,4.1,4.1,4.7,6.0,19668672.884168647,2.0,0
38.00_71.00,2013-05-06,38.0,71.0,0.0,0.0,0.0,4.7,6.0,19668672.884168647,3.0,2
38.00_71.00,2013-05-13,38.0,71.0,2.0,4.8,4.1,4.8,8.0,36930142.35340251,0.0,1
38.00_71.00,2013-05-20,38.0,71.0,1.0,4.2,4.2,4.8,8.0,38925404.66837139,1.0,0
38.00_71.00,2013-05-27,38.0,71.0,0.0,0.0,0.0,4.8,7.0,33301991.4164679,2.0,0
38.00_71.00,2013-06-03,38.0,71.0,0.0,0.0,0.0,4.8,7.0,31889453.87184515,3.0,0
38.00_71.00,2013-06-10,38.0,71.0,0.0,0.0,0.0,4.2,7.0,20669269.328825496,4.0,0
38.00_71.00,2013-06-17,38.0,71.0,0.0,0.0,0.0,0.0,7.0,20669269.328825496,5.0,1
38.00_71.00,2013-06-24,38.0,71.0,1.0,4.1,4.1,4.1,7.0,20669269.328825496,6.0,4
38.00_71.00,2013-07-01,38.0,71.0,4.0,5.0,4.0,5.0,10.0,64053711.20901655,0.0,1
38.00_71.00,2013-07-08,38.0,71.0,1.0,4.3,4.3,5.0,10.0,49610624.67104714,1.0,2
38.00_71.00,2013-07-15,38.0,71.0,2.0,4.7,4.3,5.0,12.0,61653929.83036236,0.0,0
38.00_71.00,2013-07-22,38.0,71.0,0.0,0.0,0.0,5.0,11.0,61653929.83036236,1.0,2
38.00_71.00,2013-07-29,38.0,71.0,2.0,4.4,4.3,4.7,13.0,68453384.46716179,2.0,0
38.00_71.00,2013-08-05,38.0,71.0,0.0,0.0,0.0,4.7,11.0,68453384.46716179,3.0,0
38.00_71.00,2013-08-12,38.0,71.0,0.0,0.0,0.0,4.4,10.0,68453384.46716179,4.0,0
38.00_71.00,2013-08-19,38.0,71.0,0.0,0.0,0.0,4.4,10.0,67040846.922539026,5.0,0
38.00_71.00,2013-08-26,38.0,71.0,0.0,0.0,0.0,0.0,10.0,23656405.042347975,6.0,0
38.00_71.00,2013-09-02,38.0,71.0,0.0,0.0,0.0,0.0,10.0,20838022.11108353,7.0,0
38.00_71.00,2013-09-09,38.0,71.0,0.0,0.0,0.0,0.0,10.0,6799454.636799427,8.0,0
38.00_71.00,2013-09-16,38.0,71.0,0.0,0.0,0.0,0.0,9.0,6799454.636799427,9.0,0
38.00_71.00,2013-09-23,38.0,71.0,0.0,0.0,0.0,0.0,5.0,0.0,10.0,0
38.00_71.00,2013-09-30,38.0,71.0,0.0,0.0,0.0,0.0,4.0,0.0,11.0,0
38.00_71.00,2013-10-07,38.0,71.0,0.0,0.0,0.0,0.0,2.0,0.0,12.0,0
38.00_71.00,2013-10-14,38.0,71.0,0.0,0.0,0.0,0.0,2.0,0.0,13.0,0
38.00_71.00,2013-10-21,38.0,71.0,0.0,0.0,0.0,0.0,0.0,0.0,14.0,0
38.00_71.00,2013-10-28,38.0,71.0,0.0,0.0,0.0,0.0,0.0,0.0,15.0,0
38.00_71.00,2013-11-04,38.0,71.0,0.0,0.0,0.0,0.0,0.0,0.0,16.0,0
38.00_71.00,2013-11-11,38.0,71.0,0.0,0.0,0.0,0.0,0.0,0.0,17.0,1
38.00_71.00,2013-11-18,38.0,71.0,1.0,4.7,4.7,4.7,1.0,11220184.543019652,0.0,0
38.00_71.00,2013-11-25,38.0,71.0,0.0,0.0,0.0,4.7,1.0,11220184.543019652,1.0,1
38.00_71.00,2013-12-02,38.0,71.0,1.0,4.6,4.6,4.7,2.0,19163466.89026246,0.0,0
38.00_71.00,2013-12-09,38.0,71.0,0.0,0.0,0.0,4.7,2.0,19163466.89026246,1.0,0
38.00_71.00,2013-12-16,38.0,71.0,0.0,0.0,0.0,4.6,2.0,19163466.89026246,2.0,0
38.00_71.00,2013-12-23,38.0,71.0,0.0,0.0,0.0,4.6,2.0,19163466.89026246,3.0,1
38.00_71.00,2013-12-30,38.0,71.0,1.0,4.9,4.9,4.9,3.0,41550678.27594589,0.0,0
38.00_71.00,2014-01-06,38.0,71.0,0.0,0.0,0.0,4.9,3.0,41550678.27594589,1.0,0
38.00_71.00,2014-01-13,38.0,71.0,0.0,0.0,0.0,4.9,3.0,30330493.73292623,2.0,0
38.00_71.00,2014-01-20,38.0,71.0,0.0,0.0,0.0,4.9,3.0,30330493.73292623,3.0,1
38.00_71.00,2014-01-27,38.0,71.0,1.0,4.1,4.1,4.1,4.0,23799748.930306178,4.0,0
38.00_71.00,2014-02-03,38.0,71.0,0.0,0.0,0.0,4.1,4.0,23799748.930306178,5.0,2
38.00_71.00,2014-02-10,38.0,71.0,2.0,4.5,4.4,4.5,5.0,33404233.887744647,0.0,1
38.00_71.00,2014-02-17,38.0,71.0,1.0,4.5,4.5,4.5,6.0,39027647.13964814,0.0,0
38.00_71.00,2014-02-24,38.0,71.0,0.0,0.0,0.0,4.5,5.0,16640435.753964713,1.0,1
38.00_71.00,2014-03-03,38.0,71.0,1.0,4.4,4.4,4.5,6.0,20621507.45949969,2.0,0
38.00_71.00,2014-03-10,38.0,71.0,0.0,0.0,0.0,4.5,6.0,20621507.45949969,3.0,1
38.00_71.00,2014-03-17,38.0,71.0,1.0,4.6,4.6,4.6,7.0,28564789.806742497,0.0,0
38.00_71.00,2014-03-24,38.0,71.0,0.0,0.0,0.0,4.6,6.0,27152252.26211974,1.0,0
38.00_71.00,2014-03-31,38.0,71.0,0.0,0.0,0.0,4.6,6.0,27152252.26211974,2.0,2
38.00_71.00,2014-04-07,38.0,71.0,2.0,4.2,4.1,4.6,8.0,20955567.164272908,3.0,1
38.00_71.00,2014-04-14,38.0,71.0,1.0,4.4,4.4,4.4,9.0,19313225.617904395,4.0,1
38.00_71.00,2014-04-21,38.0,71.0,1.0,4.1,4.1,4.4,9.0,20725763.162527148,5.0,2
38.00_71.00,2014-04-28,38.0,71.0,2.0,4.3,4.0,4.4,11.0,20563074.388256617,6.0,1
38.00_71.00,2014-05-05,38.0,71.0,1.0,4.5,4.5,4.5,10.0,26186487.64016011,0.0,0
38.00_71.00,2014-05-12,38.0,71.0,0.0,0.0,0.0,4.5,9.0,18243205.292917304,1.0,0
38.00_71.00,2014-05-19,38.0,71.0,0.0,0.0,0.0,4.5,9.0,18243205.292917304,2.0,1
38.00_71.00,2014-05-26,38.0,71.0,1.0,4.1,4.1,4.5,9.0,19655742.837540057,3.0,1
38.00_71.00,2014-06-02,38.0,71.0,1.0,4.2,4.2,4.2,10.0,18243205.292917307,4.0,0
38.00_71.00,2014-06-09,38.0,71.0,0.0,0.0,0.0,4.2,9.0,14262133.587382328,5.0,0
38.00_71.00,2014-06-16,38.0,71.0,0.0,0.0,0.0,4.2,9.0,12849596.042759575,6.0,0
38.00_71.00,2014-06-23,38.0,71.0,0.0,0.0,0.0,4.2,9.0,9031213.111495126,7.0,0
38.00_71.00,2014-06-30,38.0,71.0,0.0,0.0,0.0,0.0,7.0,3407799.8595916354,8.0,0
38.00_71.00,2014-07-07,38.0,71.0,0.0,0.0,0.0,0.0,6.0,3407799.8595916354,9.0,0
38.00_71.00,2014-07-14,38.0,71.0,0.0,0.0,0.0,0.0,5.0,3407799.8595916354,10.0,0
38.00_71.00,2014-07-21,38.0,71.0,0.0,0.0,0.0,0.0,3.0,1995262.3149688828,11.0,0
38.00_71.00,2014-07-28,38.0,71.0,0.0,0.0,0.0,0.0,2.0,0.0,12.0,1
38.00_71.00,2014-08-04,38.0,71.0,1.0,4.3,4.3,4.3,3.0,2818382.9312644494,13.0,1
38.00_71.00,2014-08-11,38.0,71.0,1.0,4.5,4.5,4.5,4.0,8441796.18316794,0.0,0
38.00_71.00,2014-08-18,38.0,71.0,0.0,0.0,0.0,4.5,3.0,8441796.18316794,1.0,1
38.00_71.00,2014-08-25,38.0,71.0,1.0,4.3,4.3,4.5,3.0,11260179.114432389,2.0,1
38.00_71.00,2014-09-01,38.0,71.0,1.0,4.8,4.8,4.8,4.0,27109111.039043497,0.0,1
38.00_71.00,2014-09-08,38.0,71.0,1.0,4.8,4.8,4.8,5.0,42958042.96365461,0.0,0
38.00_71.00,2014-09-15,38.0,71.0,0.0,0.0,0.0,4.8,5.0,42958042.96365461,1.0,0
38.00_71.00,2014-09-22,38.0,71.0,0.0,0.0,0.0,4.8,5.0,42958042.96365461,2.0,0
38.00_71.00,2014-09-29,38.0,71.0,0.0,0.0,0.0,4.8,5.0,40139660.032390155,3.0,0
38.00_71.00,2014-10-06,38.0,71.0,0.0,0.0,0.0,0.0,5.0,34516246.780486666,4.0,0
38.00_71.00,2014-10-13,38.0,71.0,0.0,0.0,0.0,0.0,5.0,34516246.780486666,5.0,1
38.00_71.00,2014-10-20,38.0,71.0,1.0,4.4,4.4,4.4,6.0,35678935.55475719,6.0,0
38.00_71.00,2014-10-27,38.0,71.0,0.0,0.0,0.0,4.4,5.0,19830003.630146086,7.0,1
38.00_71.00,2014-11-03,38.0,71.0,1.0,4.4,4.4,4.4,5.0,7962143.411069955,8.0,0
38.00_71.00,2014-11-10,38.0,71.0,0.0,0.0,0.0,4.4,5.0,7962143.411069955,9.0,0
38.00_71.00,2014-11-17,38.0,71.0,0.0,0.0,0.0,4.4,4.0,7962143.411069955,10.0,2
38.00_71.00,2014-11-24,38.0,71.0,2.0,5.0,4.5,5.0,5.0,45208333.26465724,0.0,0
38.00_71.00,2014-12-01,38.0,71.0,0.0,0.0,0.0,5.0,4.0,45208333.26465724,1.0,0
38.00_71.00,2014-12-08,38.0,71.0,0.0,0.0,0.0,5.0,4.0,45208333.26465724,2.0,1
38.00_71.00,2014-12-15,38.0,71.0,1.0,4.3,4.3,5.0,5.0,44045644.49038671,3.0,0
38.00_71.00,2014-12-22,38.0,71.0,0.0,0.0,0.0,4.3,5.0,44045644.49038671,4.0,1
38.00_71.00,2014-12-29,38.0,71.0,1.0,4.1,4.1,4.3,6.0,41477110.32947449,5.0,0
38.00_71.00,2015-01-05,38.0,71.0,0.0,0.0,0.0,4.3,6.0,41477110.32947449,6.0,0
38.00_71.00,2015-01-12,38.0,71.0,0.0,0.0,0.0,4.1,5.0,41477110.32947449,7.0,1
38.00_71.00,2015-01-19,38.0,71.0,1.0,4.4,4.4,4.4,6.0,8211992.18142218,8.0,2
38.00_71.00,2015-01-26,38.0,71.0,2.0,4.5,4.1,4.5,7.0,15247942.977948423,0.0,0
38.00_71.00,2015-02-02,38.0,71.0,0.0,0.0,0.0,4.5,7.0,15247942.977948423,1.0,0
38.00_71.00,2015-02-09,38.0,71.0,0.0,0.0,0.0,4.5,7.0,12429560.046683975,2.0,0
38.00_71.00,2015-02-16,38.0,71.0,0.0,0.0,0.0,4.5,5.0,12429560.046683975,3.0,0
38.00_71.00,2015-02-23,38.0,71.0,0.0,0.0,0.0,0.0,5.0,11017022.502061222,4.0,0
38.00_71.00,2015-03-02,38.0,71.0,0.0,0.0,0.0,0.0,5.0,11017022.502061222,5.0,0
38.00_71.00,2015-03-09,38.0,71.0,0.0,0.0,0.0,0.0,4.0,11017022.502061222,6.0,0
38.00_71.00,2015-03-16,38.0,71.0,0.0,0.0,0.0,0.0,4.0,7035950.796526244,7.0,2
38.00_71.00,2015-03-23,38.0,71.0,2.0,4.4,4.1,4.4,5.0,5393609.25015773,8.0,0
38.00_71.00,2015-03-30,38.0,71.0,0.0,0.0,0.0,4.4,5.0,5393609.25015773,9.0,0
38.00_71.00,2015-04-06,38.0,71.0,0.0,0.0,0.0,4.4,5.0,5393609.25015773,10.0,2
38.00_71.00,2015-04-13,38.0,71.0,2.0,4.3,4.3,4.4,6.0,11030375.112686628,11.0,0
38.00_71.00,2015-04-20,38.0,71.0,0.0,0.0,0.0,4.3,4.0,11030375.112686628,12.0,0
38.00_71.00,2015-04-27,38.0,71.0,0.0,0.0,0.0,4.3,4.0,11030375.112686628,13.0,0
38.00_71.00,2015-05-04,38.0,71.0,0.0,0.0,0.0,4.3,4.0,11030375.112686628,14.0,0
38.00_71.00,2015-05-11,38.0,71.0,0.0,0.0,0.0,0.0,4.0,11030375.112686628,15.0,0
38.00_71.00,2015-05-18,38.0,71.0,0.0,0.0,0.0,0.0,4.0,5636765.862528899,16.0,0
38.00_71.00,2015-05-25,38.0,71.0,0.0,0.0,0.0,0.0,4.0,5636765.862528899,17.0,1
38.00_71.00,2015-06-01,38.0,71.0,1.0,5.4,5.4,5.4,5.0,131529307.04194604,0.0,1
38.00_71.00,2015-06-08,38.0,71.0,1.0,4.8,4.8,5.4,6.0,141741473.10402825,0.0,0
38.00_71.00,2015-06-15,38.0,71.0,0.0,0.0,0.0,5.4,4.0,141741473.10402825,1.0,0
38.00_71.00,2015-06-22,38.0,71.0,0.0,0.0,0.0,5.4,4.0,141741473.10402825,2.0,3
38.00_71.00,2015-06-29,38.0,71.0,3.0,4.5,4.3,4.8,7.0,155806682.53909966,0.0,2
38.00_71.00,2015-07-06,38.0,71.0,2.0,4.4,4.1,4.5,7.0,161200291.7892574,1.0,1
38.00_71.00,2015-07-13,38.0,71.0,1.0,4.4,4.4,4.5,8.0,165181363.49479237,2.0,1
38.00_71.00,2015-07-20,38.0,71.0,1.0,4.8,4.8,4.8,9.0,181030295.4194035,0.0,0
38.00_71.00,2015-07-27,38.0,71.0,0.0,0.0,0.0,4.8,9.0,55137754.23998635,1.0,0
38.00_71.00,2015-08-03,38.0,71.0,0.0,0.0,0.0,4.8,9.0,39288822.315375246,2.0,1
38.00_71.00,2015-08-10,38.0,71.0,1.0,4.1,4.1,4.8,10.0,40701359.859998,3.0,0
38.00_71.00,2015-08-17,38.0,71.0,0.0,0.0,0.0,4.1,10.0,40701359.859998,4.0,0
38.00_71.00,2015-08-24,38.0,71.0,0.0,0.0,0.0,4.1,9.0,26636150.424926568,5.0,0
38.00_71.00,2015-08-31,38.0,71.0,0.0,0.0,0.0,4.1,8.0,21242541.174768835,6.0,1
38.00_71.00,2015-09-07,38.0,71.0,1.0,4.7,4.7,4.7,9.0,28481654.012253515,0.0,1
38.00_71.00,2015-09-14,38.0,71.0,1.0,4.3,4.3,4.7,10.0,15451105.018906854,1.0,0
38.00_71.00,2015-09-21,38.0,71.0,0.0,0.0,0.0,4.7,7.0,15451105.018906854,2.0,0
38.00_71.00,2015-09-28,38.0,71.0,0.0,0.0,0.0,4.7,5.0,15451105.018906854,3.0,0
38.00_71.00,2015-10-05,38.0,71.0,0.0,0.0,0.0,4.3,4.0,14038567.474284101,4.0,1
38.00_71.00,2015-10-12,38.0,71.0,1.0,4.5,4.5,4.5,4.0,19661980.726187594,0.0,1
38.00_71.00,2015-10-19,38.0,71.0,1.0,4.0,4.0,4.5,5.0,20661980.726187594,1.0,0
38.00_71.00,2015-10-26,38.0,71.0,0.0,0.0,0.0,4.5,5.0,20661980.726187594,2.0,1
38.00_71.00,2015-11-02,38.0,71.0,1.0,4.4,4.4,4.5,5.0,13422867.888702918,3.0,0
38.00_71.00,2015-11-09,38.0,71.0,0.0,0.0,0.0,4.4,5.0,10604484.957438469,4.0,0
38.00_71.00,2015-11-16,38.0,71.0,0.0,0.0,0.0,4.4,5.0,10604484.957438469,5.0,4
38.00_71.00,2015-11-23,38.0,71.0,4.0,5.6,3.9,5.6,9.0,283973419.0692944,0.0,2
38.00_71.00,2015-11-30,38.0,71.0,2.0,4.6,4.3,5.6,10.0,294735084.3478016,0.0,0
38.00_71.00,2015-12-07,38.0,71.0,0.0,0.0,0.0,5.6,9.0,289111671.09589815,1.0,33
38.00_71.00,2015-12-14,38.0,71.0,33.0,7.2,4.1,7.2,42.0,63887831717.51096,0.0,3
38.00_71.00,2015-12-21,38.0,71.0,3.0,4.4,4.0,7.2,45.0,63893812789.2165,1.0,2
38.00_71.00,2015-12-28,38.0,71.0,2.0,4.4,4.1,7.2,47.0,63895225326.76112,2.0,4
38.00_71.00,2016-01-04,38.0,71.0,4.0,4.5,4.3,7.2,50.0,63912108919.12746,0.0,0
38.00_71.00,2016-01-11,38.0,71.0,0.0,0.0,0.0,4.5,49.0,63912108919.12746,1.0,2
38.00_71.00,2016-01-18,38.0,71.0,2.0,5.0,4.3,5.0,51.0,63673181144.54855,0.0,0
38.00_71.00,2016-01-25,38.0,71.0,0.0,0.0,0.0,5.0,50.0,63662419479.27004,1.0,1
38.00_71.00,2016-02-01,38.0,71.0,1.0,4.5,4.5,5.0,51.0,63668042892.52194,0.0,1
38.00_71.00,2016-02-08,38.0,71.0,1.0,4.4,4.4,5.0,52.0,72303917.8124153,1.0,1
38.00_71.00,2016-02-15,38.0,71.0,1.0,4.0,4.0,4.5,49.0,67322846.10688032,2.0,1
38.00_71.00,2016-02-22,38.0,71.0,1.0,4.6,4.6,4.6,48.0,69872519.2039654,0.0,0
38.00_71.00,2016-02-29,38.0,71.0,0.0,0.0,0.0,4.6,48.0,52988926.83762951,1.0,0
38.00_71.00,2016-03-07,38.0,71.0,0.0,0.0,0.0,4.6,15.0,52988926.83762951,2.0,1
38.00_71.00,2016-03-14,38.0,71.0,1.0,4.2,4.2,4.6,13.0,20543029.619650155,3.0,1
38.00_71.00,2016-03-21,38.0,71.0,1.0,5.6,5.6,5.6,12.0,271731672.77060735,0.0,0
38.00_71.00,2016-03-28,38.0,71.0,0.0,0.0,0.0,5.6,8.0,266108259.51870385,1.0,0
38.00_71.00,2016-04-04,38.0,71.0,0.0,0.0,0.0,5.6,8.0,262127187.81316888,2.0,2
38.00_71.00,2016-04-11,38.0,71.0,2.0,4.7,4.2,5.6,8.0,274342634.6711574,0.0,0
38.00_71.00,2016-04-18,38.0,71.0,0.0,0.0,0.0,4.7,8.0,266399352.32391462,1.0,0
38.00_71.00,2016-04-25,38.0,71.0,0.0,0.0,0.0,4.7,7.0,266399352.32391462,2.0,0
38.00_71.00,2016-05-02,38.0,71.0,0.0,0.0,0.0,4.7,6.0,266399352.32391462,3.0,1
38.00_71.00,2016-05-09,38.0,71.0,1.0,4.4,4.4,4.4,6.0,268385161.7144807,4.0,0
38.00_71.00,2016-05-16,38.0,71.0,0.0,0.0,0.0,4.4,5.0,17196518.563523512,5.0,0
38.00_71.00,2016-05-23,38.0,71.0,0.0,0.0,0.0,4.4,5.0,17196518.563523512,6.0,0
38.00_71.00,2016-05-30,38.0,71.0,0.0,0.0,0.0,4.4,5.0,17196518.563523512,7.0,2
38.00_71.00,2016-06-06,38.0,71.0,2.0,4.3,4.1,4.3,6.0,8211992.18142218,8.0,0
38.00_71.00,2016-06-13,38.0,71.0,0.0,0.0,0.0,4.3,5.0,8211992.18142218,9.0,0
38.00_71.00,2016-06-20,38.0,71.0,0.0,0.0,0.0,4.3,5.0,8211992.18142218,10.0,35
38.00_71.00,2016-06-27,38.0,71.0,35.0,6.4,4.1,6.4,40.0,4174150874.167675,0.0,31
38.00_71.00,2016-07-04,38.0,71.0,31.0,5.5,4.0,6.4,69.0,4613840961.513926,0.0,7
38.00_71.00,2016-07-11,38.0,71.0,7.0,4.7,4.2,6.4,76.0,4647921072.443785,0.0,1
38.00_71.00,2016-07-18,38.0,71.0,1.0,4.6,4.6,6.4,77.0,4655864354.791027,0.0,5
38.00_71.00,2016-07-25,38.0,71.0,5.0,4.9,4.3,5.5,82.0,4695135158.543047,0.0,3
38.00_71.00,2016-08-01,38.0,71.0,3.0,4.6,4.0,4.9,84.0,4703828592.119937,0.0,6
38.00_71.00,2016-08-08,38.0,71.0,6.0,4.7,4.3,4.9,90.0,4735433787.962729,0.0,9
38.00_71.00,2016-08-15,38.0,71.0,9.0,5.0,4.2,5.0,99.0,4806760088.746177,0.0,2
38.00_71.00,2016-08-22,38.0,71.0,2.0,4.3,4.0,5.0,101.0,644639589.6911881,1.0,0
38.00_71.00,2016-08-29,38.0,71.0,0.0,0.0,0.0,5.0,99.0,200968430.63940293,2.0,0
38.00_71.00,2016-09-05,38.0,71.0,0.0,0.0,0.0,5.0,99.0,166888319.70954353,3.0,1
38.00_71.00,2016-09-12,38.0,71.0,1.0,4.1,4.1,4.3,100.0,160357574.90692347,4.0,0
38.00_71.00,2016-09-19,38.0,71.0,0.0,0.0,0.0,4.1,65.0,121086771.15490419,5.0,1
38.00_71.00,2016-09-26,38.0,71.0,1.0,4.1,4.1,4.1,35.0,109574954.64674915,6.0,0
38.00_71.00,2016-10-03,38.0,71.0,0.0,0.0,0.0,4.1,28.0,77969758.80395663,7.0,0
38.00_71.00,2016-10-10,38.0,71.0,0.0,0.0,0.0,4.1,27.0,6643458.020509955,8.0,1
38.00_71.00,2016-10-17,38.0,71.0,1.0,4.2,4.2,4.2,23.0,4820337.404214388,9.0,1
38.00_71.00,2016-10-24,38.0,71.0,1.0,4.6,4.6,4.6,21.0,12763619.751457192,0.0,1
38.00_71.00,2016-10-31,38.0,71.0,1.0,4.2,4.2,4.6,16.0,14758882.066426076,1.0,1
38.00_71.00,2016-11-07,38.0,71.0,1.0,4.4,4.4,4.6,8.0,17327416.2273383,2.0,0
38.00_71.00,2016-11-14,38.0,71.0,0.0,0.0,0.0,4.6,6.0,17327416.2273383,3.0,1
38.00_71.00,2016-11-21,38.0,71.0,1.0,4.4,4.4,4.4,7.0,19895950.388250526,4.0,9
38.00_71.00,2016-11-28,38.0,71.0,9.0,6.6,4.1,6.6,16.0,8100156528.804398,0.0,1
38.00_71.00,2016-12-05,38.0,71.0,1.0,4.4,4.4,6.6,16.0,8104137600.5099325,1.0,0
38.00_71.00,2016-12-12,38.0,71.0,0.0,0.0,0.0,6.6,16.0,8102142338.194963,2.0,2
38.00_71.00,2016-12-19,38.0,71.0,2.0,4.5,4.4,6.6,17.0,8103803540.80516,0.0,1
38.00_71.00,2016-12-26,38.0,71.0,1.0,4.3,4.3,4.5,18.0,8104626661.421455,1.0,0
38.00_71.00,2017-01-02,38.0,71.0,0.0,0.0,0.0,4.5,18.0,8100645589.71592,2.0,2
38.00_71.00,2017-01-09,38.0,71.0,2.0,4.5,4.5,4.5,19.0,8111892416.2197275,0.0,0
38.00_71.00,2017-01-16,38.0,71.0,0.0,0.0,0.0,4.5,18.0,8107911344.514193,1.0,0
38.00_71.00,2017-01-23,38.0,71.0,0.0,0.0,0.0,4.5,17.0,27650766.09804488,2.0,1
38.00_71.00,2017-01-30,38.0,71.0,1.0,4.5,4.5,4.5,17.0,29293107.644413393,0.0,2
38.00_71.00,2017-02-06,38.0,71.0,2.0,4.2,4.1,4.5,19.0,32700907.50400503,1.0,1
38.00_71.00,2017-02-13,38.0,71.0,1.0,4.2,4.2,4.5,19.0,25091684.86153544,2.0,2
38.00_71.00,2017-02-20,38.0,71.0,2.0,4.7,4.3,4.7,12.0,36311869.40455509,0.0,0
38.00_71.00,2017-02-27,38.0,71.0,0.0,0.0,0.0,4.7,11.0,36311869.40455509,1.0,0
38.00_71.00,2017-03-06,38.0,71.0,0.0,0.0,0.0,4.7,11.0,25065042.90074811,2.0,1
38.00_71.00,2017-03-13,38.0,71.0,1.0,4.3,4.3,4.7,10.0,27883425.832012564,3.0,3
38.00_71.00,2017-03-20,38.0,71.0,3.0,5.0,4.3,5.0,12.0,70267867.7122036,0.0,2
38.00_71.00,2017-03-27,38.0,71.0,2.0,4.3,4.1,5.0,14.0,68875374.93618733,1.0,1
38.00_71.00,2017-04-03,38.0,71.0,1.0,4.1,4.1,5.0,13.0,66880112.62121843,2.0,1
38.00_71.00,2017-04-10,38.0,71.0,1.0,4.5,4.5,5.0,14.0,70508263.55815303,0.0,0
38.00_71.00,2017-04-17,38.0,71.0,0.0,0.0,0.0,4.5,14.0,56469696.08386894,1.0,1
38.00_71.00,2017-04-24,38.0,71.0,1.0,4.4,4.4,4.5,14.0,60450767.789403915,2.0,0
38.00_71.00,2017-05-01,38.0,71.0,0.0,0.0,0.0,4.5,12.0,60450767.789403915,3.0,15
38.00_71.00,2017-05-08,38.0,71.0,15.0,6.0,4.0,6.0,26.0,1766434299.8475456,0.0,0
38.00_71.00,2017-05-15,38.0,71.0,0.0,0.0,0.0,6.0,24.0,1724049857.9673545,1.0,2
38.00_71.00,2017-05-22,38.0,71.0,2.0,4.5,4.3,6.0,26.0,1728260733.6746354,0.0,2
38.00_71.00,2017-05-29,38.0,71.0,2.0,4.9,4.3,6.0,28.0,1752053790.4469604,0.0,2
38.00_71.00,2017-06-05,38.0,71.0,2.0,4.4,4.0,4.9,29.0,1751411448.9005919,1.0,2
38.00_71.00,2017-06-12,38.0,71.0,2.0,4.3,4.1,4.9,28.0,1755642369.3764791,2.0,1
38.00_71.00,2017-06-19,38.0,71.0,1.0,4.5,4.5,4.9,27.0,1757284710.9228475,0.0,1
38.00_71.00,2017-06-26,38.0,71.0,1.0,4.7,4.7,4.7,27.0,1768504895.4658673,0.0,3
38.00_71.00,2017-07-03,38.0,71.0,3.0,4.2,4.0,4.7,29.0,64110780.33605277,1.0,1
38.00_71.00,2017-07-10,38.0,71.0,1.0,4.2,4.2,4.7,30.0,66106042.65102165,2.0,1
38.00_71.00,2017-07-17,38.0,71.0,1.0,4.0,4.0,4.7,30.0,58664246.46785371,3.0,1
38.00_71.00,2017-07-24,38.0,71.0,1.0,4.4,4.4,4.4,31.0,37439723.85644082,4.0,0
38.00_71.00,2017-07-31,38.0,71.0,0.0,0.0,0.0,4.4,16.0,32458652.15090584,5.0,2
38.00_71.00,2017-08-07,38.0,71.0,2.0,4.7,4.3,4.7,18.0,42266299.149302736,0.0,0
38.00_71.00,2017-08-14,38.0,71.0,0.0,0.0,0.0,4.7,16.0,36642885.89739925,1.0,2
38.00_71.00,2017-08-21,38.0,71.0,2.0,4.7,4.2,4.7,16.0,38638148.21236813,0.0,1
38.00_71.00,2017-08-28,38.0,71.0,1.0,4.2,4.2,4.7,15.0,36225610.66774538,1.0,0
38.00_71.00,2017-09-04,38.0,71.0,0.0,0.0,0.0,4.7,13.0,34230348.3527765,2.0,0
38.00_71.00,2017-09-11,38.0,71.0,0.0,0.0,0.0,4.7,12.0,33230348.352776498,3.0,0
38.00_71.00,2017-09-18,38.0,71.0,0.0,0.0,0.0,4.2,11.0,29249276.647241518,4.0,0
38.00_71.00,2017-09-25,38.0,71.0,0.0,0.0,0.0,0.0,8.0,29249276.647241518,5.0,0
38.00_71.00,2017-10-02,38.0,71.0,0.0,0.0,0.0,0.0,7.0,15210709.172957417,6.0,2
38.00_71.00,2017-10-09,38.0,71.0,2.0,4.8,4.2,4.8,8.0,33054903.412537407,0.0,0
38.00_71.00,2017-10-16,38.0,71.0,0.0,0.0,0.0,4.8,7.0,19839456.554548874,1.0,0
38.00_71.00,2017-10-23,38.0,71.0,0.0,0.0,0.0,4.8,7.0,17844194.23957999,2.0,1
38.00_71.00,2017-10-30,38.0,71.0,1.0,4.4,4.4,4.8,6.0,21825265.945114966,3.0,1
38.00_71.00,2017-11-06,38.0,71.0,1.0,4.4,4.4,4.4,7.0,25806337.650649946,4.0,2
38.00_71.00,2017-11-13,38.0,71.0,2.0,5.0,4.7,5.0,7.0,68649298.7953534,0.0,0
38.00_71.00,2017-11-20,38.0,71.0,0.0,0.0,0.0,5.0,6.0,68649298.7953534,1.0,1
38.00_71.00,2017-11-27,38.0,71.0,1.0,4.4,4.4,5.0,7.0,72630370.50088838,2.0,1
38.00_71.00,2017-12-04,38.0,71.0,1.0,4.3,4.3,5.0,8.0,57604559.19257283,3.0,1
38.00_71.00,2017-12-11,38.0,71.0,1.0,4.0,4.0,4.4,9.0,58604559.19257283,4.0,0
38.00_71.00,2017-12-18,38.0,71.0,0.0,0.0,0.0,4.4,9.0,58604559.19257283,5.0,0
38.00_71.00,2017-12-25,38.0,71.0,0.0,0.0,0.0,4.3,9.0,54623487.48703785,6.0,4
38.00_71.00,2018-01-01,38.0,71.0,4.0,4.9,4.4,4.9,11.0,100802913.1445752,0.0,3
38.00_71.00,2018-01-08,38.0,71.0,3.0,4.5,4.3,4.9,14.0,69220131.11430414,0.0,2
38.00_71.00,2018-01-15,38.0,71.0,2.0,4.9,4.2,4.9,16.0,93602604.81495644,0.0,1
38.00_71.00,2018-01-22,38.0,71.0,1.0,4.5,4.5,4.9,16.0,95244946.36132495,0.0,0
38.00_71.00,2018-01-29,38.0,71.0,0.0,0.0,0.0,4.9,15.0,92426563.4300605,1.0,0
38.00_71.00,2018-02-05,38.0,71.0,0.0,0.0,0.0,4.9,13.0,91426563.4300605,2.0,2
38.00_71.00,2018-02-12,38.0,71.0,2.0,5.0,4.5,5.0,15.0,128672753.2836478,0.0,2
38.00_71.00,2018-02-19,38.0,71.0,2.0,4.2,4.1,5.0,16.0,132080553.14323944,1.0,1
38.00_71.00,2018-02-26,38.0,71.0,1.0,4.5,4.5,5.0,16.0,87543469.03207062,0.0,2
38.00_71.00,2018-03-05,38.0,71.0,2.0,4.8,4.2,5.0,17.0,94127484.15721822,0.0,0
38.00_71.00,2018-03-12,38.0,71.0,0.0,0.0,0.0,4.8,17.0,69745010.4565659,1.0,0
38.00_71.00,2018-03-19,38.0,71.0,0.0,0.0,0.0,4.8,17.0,64121597.20466241,2.0,0
38.00_71.00,2018-03-26,38.0,71.0,0.0,0.0,0.0,4.8,13.0,64121597.20466241,3.0,0
38.00_71.00,2018-04-02,38.0,71.0,0.0,0.0,0.0,0.0,10.0,64121597.20466241,4.0,1
38.00_71.00,2018-04-09,38.0,71.0,1.0,4.2,4.2,4.2,9.0,28870669.666044008,5.0,0
38.00_71.00,2018-04-16,38.0,71.0,0.0,0.0,0.0,4.2,8.0,25462869.80645237,6.0,2
38.00_71.00,2018-04-23,38.0,71.0,2.0,4.3,4.2,4.3,10.0,24653101.80078221,7.0,1
38.00_71.00,2018-04-30,38.0,71.0,1.0,4.3,4.3,4.3,11.0,9627290.492466671,8.0,1
38.00_71.00,2018-05-07,38.0,71.0,1.0,4.6,4.6,4.6,10.0,17570572.839709476,0.0,1
38.00_71.00,2018-05-14,38.0,71.0,1.0,4.2,4.2,4.6,9.0,19565835.15467836,1.0,1
38.00_71.00,2018-05-21,38.0,71.0,1.0,4.4,4.4,4.6,9.0,23546906.86021334,2.0,0
38.00_71.00,2018-05-28,38.0,71.0,0.0,0.0,0.0,4.6,7.0,23546906.86021334,3.0,1
38.00_71.00,2018-06-04,38.0,71.0,1.0,4.5,4.5,4.5,8.0,27175057.797147945,0.0,0
38.00_71.00,2018-06-11,38.0,71.0,0.0,0.0,0.0,4.5,8.0,27175057.797147945,1.0,0
38.00_71.00,2018-06-18,38.0,71.0,0.0,0.0,0.0,4.5,8.0,22361412.550914615,2.0,1
38.00_71.00,2018-06-25,38.0,71.0,1.0,4.4,4.4,4.5,9.0,23524101.32518514,3.0,0
38.00_71.00,2018-07-02,38.0,71.0,0.0,0.0,0.0,4.4,8.0,15580818.977942336,4.0,0
38.00_71.00,2018-07-09,38.0,71.0,0.0,0.0,0.0,4.4,8.0,13585556.662973454,5.0,1
38.00_71.00,2018-07-16,38.0,71.0,1.0,5.1,5.1,5.1,7.0,54272844.172534734,0.0,2
38.00_71.00,2018-07-23,38.0,71.0,2.0,4.7,4.2,5.1,8.0,67488291.03052327,0.0,1
38.00_71.00,2018-07-30,38.0,71.0,1.0,4.4,4.4,5.1,8.0,65845949.48415475,1.0,0
38.00_71.00,2018-08-06,38.0,71.0,0.0,0.0,0.0,5.1,7.0,65845949.48415475,2.0,0
38.00_71.00,2018-08-13,38.0,71.0,0.0,0.0,0.0,4.7,6.0,65845949.48415475,3.0,0
38.00_71.00,2018-08-20,38.0,71.0,0.0,0.0,0.0,4.4,6.0,61864877.77861977,4.0,2
38.00_71.00,2018-08-27,38.0,71.0,2.0,4.4,4.4,4.4,7.0,69827021.18968973,5.0,1
38.00_71.00,2018-09-03,38.0,71.0,1.0,4.2,4.2,4.4,8.0,71822283.50465861,6.0,2
38.00_71.00,2018-09-10,38.0,71.0,2.0,4.9,4.3,4.9,10.0,52359518.60651023,0.0,0
38.00_71.00,2018-09-17,38.0,71.0,0.0,0.0,0.0,4.9,9.0,39144071.74852169,1.0,0
38.00_71.00,2018-09-24,38.0,71.0,0.0,0.0,0.0,4.9,9.0,35163000.04298672,2.0,0
38.00_71.00,2018-10-01,38.0,71.0,0.0,0.0,0.0,4.9,9.0,35163000.04298672,3.0,0
38.00_71.00,2018-10-08,38.0,71.0,0.0,0.0,0.0,0.0,8.0,35163000.04298672,4.0,3
38.00_71.00,2018-10-15,38.0,71.0,3.0,4.8,4.2,4.8,9.0,58630607.5344702,0.0,2
38.00_71.00,2018-10-22,38.0,71.0,2.0,5.1,4.4,5.1,10.0,99317895.04403149,0.0,0
38.00_71.00,2018-10-29,38.0,71.0,0.0,0.0,0.0,5.1,10.0,97322632.7290626,1.0,0
38.00_71.00,2018-11-05,38.0,71.0,0.0,0.0,0.0,5.1,10.0,72117038.41211474,2.0,1
38.00_71.00,2018-11-12,38.0,71.0,1.0,4.2,4.2,5.1,11.0,74112300.72708362,3.0,0
38.00_71.00,2018-11-19,38.0,71.0,0.0,0.0,0.0,4.2,9.0,74112300.72708362,4.0,1
38.00_71.00,2018-11-26,38.0,71.0,1.0,4.1,4.1,4.2,9.0,75524838.27170637,5.0,0
38.00_71.00,2018-12-03,38.0,71.0,0.0,0.0,0.0,4.2,7.0,75524838.27170637,6.0,0
38.00_71.00,2018-12-10,38.0,71.0,0.0,0.0,0.0,4.1,7.0,52057230.78022288,7.0,0
38.00_71.00,2018-12-17,38.0,71.0,0.0,0.0,0.0,4.1,7.0,3407799.8595916503,8.0,0
38.00_71.00,2018-12-24,38.0,71.0,0.0,0.0,0.0,0.0,7.0,3407799.8595916503,9.0,1
38.00_71.00,2018-12-31,38.0,71.0,1.0,4.2,4.2,4.2,8.0,5403062.174560533,10.0,0
38.00_71.00,2019-01-07,38.0,71.0,0.0,0.0,0.0,4.2,5.0,3407799.85959165,11.0,1
38.00_71.00,2019-01-14,38.0,71.0,1.0,4.5,4.5,4.5,4.0,9031213.111495141,0.0,1
38.00_71.00,2019-01-21,38.0,71.0,1.0,4.5,4.5,4.5,5.0,13242088.81877588,0.0,0
38.00_71.00,2019-01-28,38.0,71.0,0.0,0.0,0.0,4.5,5.0,13242088.81877588,1.0,0
38.00_71.00,2019-02-04,38.0,71.0,0.0,0.0,0.0,4.5,4.0,13242088.81877588,2.0,1
38.00_71.00,2019-02-11,38.0,71.0,1.0,4.5,4.5,4.5,5.0,18865502.07067937,0.0,0
38.00_71.00,2019-02-18,38.0,71.0,0.0,0.0,0.0,4.5,4.0,18865502.07067937,1.0,0
38.00_71.00,2019-02-25,38.0,71.0,0.0,0.0,0.0,4.5,4.0,16870239.755710486,2.0,0
38.00_71.00,2019-03-04,38.0,71.0,0.0,0.0,0.0,4.5,4.0,16870239.755710486,3.0,0
38.00_71.00,2019-03-11,38.0,71.0,0.0,0.0,0.0,0.0,4.0,11246826.503806997,4.0,0
38.00_71.00,2019-03-18,38.0,71.0,0.0,0.0,0.0,0.0,4.0,5623413.251903506,5.0,0
38.00_71.00,2019-03-25,38.0,71.0,0.0,0.0,0.0,0.0,3.0,5623413.251903506,6.0,0
38.00_71.00,2019-04-01,38.0,71.0,0.0,0.0,0.0,0.0,3.0,5623413.251903506,7.0,0
38.00_71.00,2019-04-08,38.0,71.0,0.0,0.0,0.0,0.0,2.0,0.0,8.0,0
38.00_71.00,2019-04-15,38.0,71.0,0.0,0.0,0.0,0.0,1.0,0.0,9.0,0
38.00_71.00,2019-04-22,38.0,71.0,0.0,0.0,0.0,0.0,1.0,0.0,10.0,0
38.00_71.00,2019-04-29,38.0,71.0,0.0,0.0,0.0,0.0,1.0,0.0,11.0,1
38.00_71.00,2019-05-06,38.0,71.0,1.0,4.6,4.6,4.6,1.0,7943282.34724282,0.0,0
38.00_71.00,2019-05-13,38.0,71.0,0.0,0.0,0.0,4.6,1.0,7943282.34724282,1.0,0
38.00_71.00,2019-05-20,38.0,71.0,0.0,0.0,0.0,4.6,1.0,7943282.34724282,2.0,1
38.00_71.00,2019-05-27,38.0,71.0,1.0,4.3,4.3,4.6,2.0,10761665.27850727,3.0,0
38.00_71.00,2019-06-03,38.0,71.0,0.0,0.0,0.0,4.3,2.0,10761665.27850727,4.0,1
38.00_71.00,2019-06-10,38.0,71.0,1.0,4.4,4.4,4.4,3.0,14742736.984042246,5.0,0
38.00_71.00,2019-06-17,38.0,71.0,0.0,0.0,0.0,4.4,3.0,14742736.984042246,6.0,0
38.00_71.00,2019-06-24,38.0,71.0,0.0,0.0,0.0,4.4,3.0,14742736.984042246,7.0,1
38.00_71.00,2019-07-01,38.0,71.0,1.0,4.4,4.4,4.4,4.0,10780526.34233442,8.0,1
38.00_71.00,2019-07-08,38.0,71.0,1.0,5.0,5.0,5.0,5.0,42403302.944018215,0.0,0
38.00_71.00,2019-07-15,38.0,71.0,0.0,0.0,0.0,5.0,5.0,42403302.944018215,1.0,2
38.00_71.00,2019-07-22,38.0,71.0,2.0,4.6,4.4,5.0,7.0,51509274.06553154,0.0,0
38.00_71.00,2019-07-29,38.0,71.0,0.0,0.0,0.0,5.0,6.0,51509274.06553154,1.0,0
38.00_71.00,2019-08-05,38.0,71.0,0.0,0.0,0.0,4.6,6.0,47528202.35999657,2.0,0
38.00_71.00,2019-08-12,38.0,71.0,0.0,0.0,0.0,4.6,6.0,47528202.35999657,3.0,1
38.00_71.00,2019-08-19,38.0,71.0,1.0,4.6,4.6,4.6,6.0,55471484.707239375,0.0,0
38.00_71.00,2019-08-26,38.0,71.0,0.0,0.0,0.0,4.6,6.0,51490413.001704395,1.0,0
38.00_71.00,2019-09-02,38.0,71.0,0.0,0.0,0.0,4.6,5.0,19867636.400020603,2.0,0
38.00_71.00,2019-09-09,38.0,71.0,0.0,0.0,0.0,4.6,5.0,19867636.400020603,3.0,0
38.00_71.00,2019-09-16,38.0,71.0,0.0,0.0,0.0,0.0,5.0,7943282.34724282,4.0,0
38.00_71.00,2019-09-23,38.0,71.0,0.0,0.0,0.0,0.0,4.0,7943282.34724282,5.0,1
38.00_71.00,2019-09-30,38.0,71.0,1.0,4.5,4.5,4.5,4.0,13566695.59914631,0.0,1
38.00_71.00,2019-10-07,38.0,71.0,1.0,4.3,4.3,4.5,5.0,16385078.530410761,1.0,1
38.00_71.00,2019-10-14,38.0,71.0,1.0,4.3,4.3,4.5,4.0,11260179.114432406,2.0,0
38.00_71.00,2019-10-21,38.0,71.0,0.0,0.0,0.0,4.5,4.0,11260179.114432406,3.0,0
38.00_71.00,2019-10-28,38.0,71.0,0.0,0.0,0.0,4.3,4.0,11260179.114432406,4.0,0
38.00_71.00,2019-11-04,38.0,71.0,0.0,0.0,0.0,4.3,4.0,11260179.114432406,5.0,1
38.00_71.00,2019-11-11,38.0,71.0,1.0,4.4,4.4,4.4,4.0,15241250.819967384,6.0,0
38.00_71.00,2019-11-18,38.0,71.0,0.0,0.0,0.0,4.4,4.0,15241250.819967382,7.0,0
38.00_71.00,2019-11-25,38.0,71.0,0.0,0.0,0.0,4.4,4.0,9617837.568063892,8.0,0
38.00_71.00,2019-12-02,38.0,71.0,0.0,0.0,0.0,4.4,4.0,6799454.636799442,9.0,0
38.00_71.00,2019-12-09,38.0,71.0,0.0,0.0,0.0,0.0,4.0,3981071.7055349923,10.0,1
38.00_71.00,2019-12-16,38.0,71.0,1.0,4.9,4.9,4.9,5.0,26368283.091218416,0.0,1
38.00_71.00,2019-12-23,38.0,71.0,1.0,4.5,4.5,4.9,5.0,31991696.34312191,0.0,0
38.00_71.00,2019-12-30,38.0,71.0,0.0,0.0,0.0,4.9,4.0,31991696.34312191,1.0,1
38.00_71.00,2020-01-06,38.0,71.0,1.0,4.5,4.5,4.9,4.0,33634037.889490426,0.0,0
38.00_71.00,2020-01-13,38.0,71.0,0.0,0.0,0.0,4.5,4.0,33634037.889490426,1.0,1
38.00_71.00,2020-01-20,38.0,71.0,1.0,4.2,4.2,4.5,5.0,35629300.2044593,2.0,3
38.00_71.00,2020-01-27,38.0,71.0,3.0,5.5,4.5,5.5,8.0,250703431.06193885,0.0,0
38.00_71.00,2020-02-03,38.0,71.0,0.0,0.0,0.0,5.5,7.0,250703431.06193885,1.0,0
38.00_71.00,2020-02-10,38.0,71.0,0.0,0.0,0.0,5.5,7.0,228316219.67625543,2.0,0
38.00_71.00,2020-02-17,38.0,71.0,0.0,0.0,0.0,5.5,7.0,222692806.42435193,3.0,1
38.00_71.00,2020-02-24,38.0,71.0,1.0,4.6,4.6,4.6,8.0,230636088.77159473,0.0,0
38.00_71.00,2020-03-02,38.0,71.0,0.0,0.0,0.0,4.6,8.0,225012675.51969126,1.0,1
38.00_71.00,2020-03-09,38.0,71.0,1.0,4.6,4.6,4.6,8.0,232955957.86693406,0.0,0
38.00_71.00,2020-03-16,38.0,71.0,0.0,0.0,0.0,4.6,7.0,230960695.55196518,1.0,1
38.00_71.00,2020-03-23,38.0,71.0,1.0,4.6,4.6,4.6,8.0,23829847.041728444,0.0,0
38.00_71.00,2020-03-30,38.0,71.0,0.0,0.0,0.0,4.6,7.0,23829847.041728444,1.0,0
38.00_71.00,2020-04-06,38.0,71.0,0.0,0.0,0.0,4.6,7.0,23829847.041728444,2.0,1
38.00_71.00,2020-04-13,38.0,71.0,1.0,4.6,4.6,4.6,7.0,31773129.38897125,0.0,0
38.00_71.00,2020-04-20,38.0,71.0,0.0,0.0,0.0,4.6,4.0,23829847.041728444,1.0,2
38.00_71.00,2020-04-27,38.0,71.0,2.0,4.7,4.1,4.7,6.0,36462569.12937085,0.0,1
38.00_71.00,2020-05-04,38.0,71.0,1.0,4.5,4.5,4.7,7.0,34142700.03403154,0.0,1
38.00_71.00,2020-05-11,38.0,71.0,1.0,5.1,5.1,5.1,8.0,78811059.2491278,0.0,1
38.00_71.00,2020-05-18,38.0,71.0,1.0,4.6,4.6,5.1,8.0,78811059.2491278,0.0,0
38.00_71.00,2020-05-25,38.0,71.0,0.0,0.0,0.0,5.1,8.0,78811059.2491278,1.0,0
38.00_71.00,2020-06-01,38.0,71.0,0.0,0.0,0.0,5.1,7.0,78811059.2491278,2.0,0
38.00_71.00,2020-06-08,38.0,71.0,0.0,0.0,0.0,4.6,7.0,70867776.901885,3.0,1
38.00_71.00,2020-06-15,38.0,71.0,1.0,4.0,4.0,4.0,7.0,71867776.901885,4.0,0
38.00_71.00,2020-06-22,38.0,71.0,0.0,0.0,0.0,4.0,7.0,59235054.81424258,5.0,0
38.00_71.00,2020-06-29,38.0,71.0,0.0,0.0,0.0,4.0,7.0,53611641.56233909,6.0,1
38.00_71.00,2020-07-06,38.0,71.0,1.0,4.5,4.5,4.5,7.0,14566695.599146325,0.0,0
38.00_71.00,2020-07-13,38.0,71.0,0.0,0.0,0.0,4.5,7.0,6623413.251903521,1.0,1
38.00_71.00,2020-07-20,38.0,71.0,1.0,4.3,4.3,4.5,6.0,9441796.18316797,2.0,0
38.00_71.00,2020-07-27,38.0,71.0,0.0,0.0,0.0,4.5,5.0,9441796.18316797,3.0,1
38.00_71.00,2020-08-03,38.0,71.0,1.0,4.1,4.1,4.3,5.0,10854333.727790723,4.0,0
38.00_71.00,2020-08-10,38.0,71.0,0.0,0.0,0.0,4.3,4.0,9854333.727790723,5.0,1
38.00_71.00,2020-08-17,38.0,71.0,1.0,4.3,4.3,4.3,5.0,12672716.659055173,6.0,1
38.00_71.00,2020-08-24,38.0,71.0,1.0,4.0,4.0,4.3,6.0,13672716.659055173,7.0,0
38.00_71.00,2020-08-31,38.0,71.0,0.0,0.0,0.0,4.3,6.0,8049303.407151681,8.0,0
38.00_71.00,2020-09-07,38.0,71.0,0.0,0.0,0.0,4.3,5.0,8049303.407151681,9.0,1
38.00_71.00,2020-09-14,38.0,71.0,1.0,4.3,4.3,4.3,6.0,8049303.40715168,10.0,2
38.00_71.00,2020-09-21,38.0,71.0,2.0,5.1,4.2,5.1,8.0,54712924.93721682,0.0,0
38.00_71.00,2020-09-28,38.0,71.0,0.0,0.0,0.0,5.1,7.0,53300387.39259408,1.0,0
38.00_71.00,2020-10-05,38.0,71.0,0.0,0.0,0.0,5.1,7.0,53300387.39259408,2.0,2
38.00_71.00,2020-10-12,38.0,71.0,2.0,4.6,4.4,5.1,8.0,62406358.514107406,0.0,0
38.00_71.00,2020-10-19,38.0,71.0,0.0,0.0,0.0,4.6,8.0,61406358.514107406,1.0,1
38.00_71.00,2020-10-26,38.0,71.0,1.0,4.4,4.4,4.6,8.0,65387430.219642386,2.0,1
38.00_71.00,2020-11-02,38.0,71.0,1.0,4.6,4.6,4.6,9.0,73330712.56688519,0.0,1
38.00_71.00,2020-11-09,38.0,71.0,1.0,4.7,4.7,4.7,9.0,81732514.1786404,0.0,2
38.00_71.00,2020-11-16,38.0,71.0,2.0,4.6,4.3,4.7,10.0,45830557.9270825,0.0,0
38.00_71.00,2020-11-23,38.0,71.0,0.0,0.0,0.0,4.7,10.0,45830557.9270825,1.0,0
38.00_71.00,2020-11-30,38.0,71.0,0.0,0.0,0.0,4.7,10.0,45830557.9270825,2.0,0
38.00_71.00,2020-12-07,38.0,71.0,0.0,0.0,0.0,4.6,9.0,33906203.87430472,3.0,0
38.00_71.00,2020-12-14,38.0,71.0,0.0,0.0,0.0,0.0,7.0,33906203.87430472,4.0,0
38.00_71.00,2020-12-21,38.0,71.0,0.0,0.0,0.0,0.0,7.0,29925132.168769743,5.0,2
38.00_71.00,2020-12-28,38.0,71.0,2.0,4.8,4.1,4.8,9.0,39243319.2907608,0.0,0
38.00_71.00,2021-01-04,38.0,71.0,0.0,0.0,0.0,4.8,7.0,28023134.747741144,1.0,0
38.00_71.00,2021-01-11,38.0,71.0,0.0,0.0,0.0,4.8,7.0,17261469.46923389,2.0,0
38.00_71.00,2021-01-18,38.0,71.0,0.0,0.0,0.0,4.8,6.0,17261469.46923389,3.0,1
38.00_71.00,2021-01-25,38.0,71.0,1.0,4.6,4.6,4.6,6.0,25204751.816476695,0.0,0
38.00_71.00,2021-02-01,38.0,71.0,0.0,0.0,0.0,4.6,5.0,25204751.816476695,1.0,0
38.00_71.00,2021-02-08,38.0,71.0,0.0,0.0,0.0,4.6,3.0,25204751.816476695,2.0,4
38.00_71.00,2021-02-15,38.0,71.0,4.0,5.9,4.0,5.9,7.0,742112679.611687,0.0,0
38.00_71.00,2021-02-22,38.0,71.0,0.0,0.0,0.0,5.9,7.0,724851210.1424531,1.0,0
38.00_71.00,2021-03-01,38.0,71.0,0.0,0.0,0.0,5.9,7.0,724851210.1424531,2.0,0
38.00_71.00,2021-03-08,38.0,71.0,0.0,0.0,0.0,5.9,7.0,724851210.1424531,3.0,0
38.00_71.00,2021-03-15,38.0,71.0,0.0,0.0,0.0,0.0,7.0,724851210.1424531,4.0,0
38.00_71.00,2021-03-22,38.0,71.0,0.0,0.0,0.0,0.0,5.0,716907927.7952102,5.0,0
38.00_71.00,2021-03-29,38.0,71.0,0.0,0.0,0.0,0.0,5.0,716907927.7952102,6.0,2
38.00_71.00,2021-04-05,38.0,71.0,2.0,4.4,4.3,4.4,7.0,723707382.4320097,7.0,0
38.00_71.00,2021-04-12,38.0,71.0,0.0,0.0,0.0,4.4,7.0,6799454.636799427,8.0,1
38.00_71.00,2021-04-19,38.0,71.0,1.0,4.5,4.5,4.5,7.0,12422867.888702918,0.0,1
38.00_71.00,2021-04-26,38.0,71.0,1.0,4.3,4.3,4.5,8.0,15241250.819967367,1.0,0
38.00_71.00,2021-05-03,38.0,71.0,0.0,0.0,0.0,4.5,8.0,15241250.819967367,2.0,1
38.00_71.00,2021-05-10,38.0,71.0,1.0,4.5,4.5,4.5,5.0,20864664.071870856,0.0,1
38.00_71.00,2021-05-17,38.0,71.0,1.0,4.3,4.3,4.5,6.0,23683047.00313531,1.0,0
38.00_71.00,2021-05-24,38.0,71.0,0.0,0.0,0.0,4.5,6.0,23683047.00313531,2.0,1
38.00_71.00,2021-05-31,38.0,71.0,1.0,4.5,4.5,4.5,7.0,22507005.618239373,0.0,0
38.00_71.00,2021-06-07,38.0,71.0,0.0,0.0,0.0,4.5,7.0,22507005.618239373,1.0,0
38.00_71.00,2021-06-14,38.0,71.0,0.0,0.0,0.0,4.5,7.0,16883592.36633588,2.0,0
38.00_71.00,2021-06-21,38.0,71.0,0.0,0.0,0.0,4.5,7.0,14065209.435071431,3.0,0
38.00_71.00,2021-06-28,38.0,71.0,0.0,0.0,0.0,0.0,5.0,14065209.435071431,4.0,1
38.00_71.00,2021-07-05,38.0,71.0,1.0,4.4,4.4,4.4,6.0,12422867.888702918,5.0,2
38.00_71.00,2021-07-12,38.0,71.0,2.0,4.4,4.4,4.4,7.0,17566628.36850842,6.0,0
38.00_71.00,2021-07-19,38.0,71.0,0.0,0.0,0.0,4.4,6.0,17566628.36850842,7.0,0
38.00_71.00,2021-07-26,38.0,71.0,0.0,0.0,0.0,4.4,6.0,11943215.116604932,8.0,1
38.00_71.00,2021-08-02,38.0,71.0,1.0,5.0,5.0,5.0,6.0,43565991.71828872,0.0,1
38.00_71.00,2021-08-09,38.0,71.0,1.0,4.6,4.6,5.0,6.0,51509274.06553153,0.0,0
38.00_71.00,2021-08-16,38.0,71.0,0.0,0.0,0.0,5.0,6.0,51509274.06553153,1.0,2
38.00_71.00,2021-08-23,38.0,71.0,2.0,4.5,4.2,5.0,7.0,59127949.6324039,0.0,0
38.00_71.00,2021-08-30,38.0,71.0,0.0,0.0,0.0,4.6,7.0,55146877.92686892,1.0,0
38.00_71.00,2021-09-06,38.0,71.0,0.0,0.0,0.0,4.5,7.0,47184734.51579897,2.0,2
38.00_71.00,2021-09-13,38.0,71.0,2.0,5.4,4.7,5.4,9.0,184297460.23823577,0.0,2
38.00_71.00,2021-09-20,38.0,71.0,2.0,4.9,4.2,5.4,11.0,208679933.93888807,0.0,0
38.00_71.00,2021-09-27,38.0,71.0,0.0,0.0,0.0,5.4,10.0,177057157.33720428,1.0,3
38.00_71.00,2021-10-04,38.0,71.0,3.0,5.1,4.5,5.4,11.0,227348929.80420405,0.0,0
38.00_71.00,2021-10-11,38.0,71.0,0.0,0.0,0.0,5.1,11.0,227348929.80420405,1.0,0
38.00_71.00,2021-10-18,38.0,71.0,0.0,0.0,0.0,5.1,11.0,219730254.2373317,2.0,1
38.00_71.00,2021-10-25,38.0,71.0,1.0,4.2,4.2,5.1,11.0,221725516.55230057,3.0,1
38.00_71.00,2021-11-01,38.0,71.0,1.0,4.2,4.2,4.2,11.0,223720778.86726946,4.0,0
38.00_71.00,2021-11-08,38.0,71.0,0.0,0.0,0.0,4.2,11.0,86608053.14483266,5.0,0
38.00_71.00,2021-11-15,38.0,71.0,0.0,0.0,0.0,4.2,9.0,62225579.444180354,6.0,0
38.00_71.00,2021-11-22,38.0,71.0,0.0,0.0,0.0,4.2,9.0,62225579.444180354,7.0,1
38.00_71.00,2021-11-29,38.0,71.0,1.0,4.5,4.5,4.5,10.0,9613937.881841287,0.0,1
38.00_71.00,2021-12-06,38.0,71.0,1.0,4.0,4.0,4.5,9.0,10613937.881841287,1.0,2
38.00_71.00,2021-12-13,38.0,71.0,2.0,4.4,4.1,4.5,9.0,16007547.131999016,2.0,0
38.00_71.00,2021-12-20,38.0,71.0,0.0,0.0,0.0,4.5,9.0,14012284.817030136,3.0,1
38.00_71.00,2021-12-27,38.0,71.0,1.0,3.7,3.7,4.4,7.0,12371835.891294826,4.0,1
38.00_71.00,2022-01-03,38.0,71.0,1.0,4.2,4.2,4.4,8.0,14367098.20626371,5.0,1
38.00_71.00,2022-01-10,38.0,71.0,1.0,4.7,4.7,4.7,9.0,25587282.749283362,0.0,0
38.00_71.00,2022-01-17,38.0,71.0,0.0,0.0,0.0,4.7,8.0,25587282.749283362,1.0,0
38.00_71.00,2022-01-24,38.0,71.0,0.0,0.0,0.0,4.7,7.0,19963869.49737987,2.0,0
38.00_71.00,2022-01-31,38.0,71.0,0.0,0.0,0.0,4.7,7.0,18963869.49737987,3.0,1
38.00_71.00,2022-02-07,38.0,71.0,1.0,4.5,4.5,4.5,8.0,19193673.49912563,0.0,1
38.00_71.00,2022-02-14,38.0,71.0,1.0,4.3,4.3,4.5,9.0,22012056.430390082,1.0,0
38.00_71.00,2022-02-21,38.0,71.0,0.0,0.0,0.0,4.5,8.0,21657243.041156508,2.0,0
38.00_71.00,2022-02-28,38.0,71.0,0.0,0.0,0.0,4.5,7.0,19661980.726187624,3.0,0
38.00_71.00,2022-03-07,38.0,71.0,0.0,0.0,0.0,4.3,5.0,8441796.18316797,4.0,0
38.00_71.00,2022-03-14,38.0,71.0,0.0,0.0,0.0,0.0,5.0,8441796.18316797,5.0,0
38.00_71.00,2022-03-21,38.0,71.0,0.0,0.0,0.0,0.0,4.0,8441796.18316797,6.0,1
38.00_71.00,2022-03-28,38.0,71.0,1.0,4.3,4.3,4.3,4.0,11260179.11443242,7.0,1
38.00_71.00,2022-04-04,38.0,71.0,1.0,4.6,4.6,4.6,4.0,13580048.209771734,0.0,0
38.00_71.00,2022-04-11,38.0,71.0,0.0,0.0,0.0,4.6,4.0,10761665.278507285,1.0,1
38.00_71.00,2022-04-18,38.0,71.0,1.0,4.4,4.4,4.6,5.0,14742736.984042263,2.0,0
38.00_71.00,2022-04-25,38.0,71.0,0.0,0.0,0.0,4.6,5.0,14742736.984042263,3.0,0
38.00_71.00,2022-05-02,38.0,71.0,0.0,0.0,0.0,4.4,4.0,14742736.984042263,4.0,0
38.00_71.00,2022-05-09,38.0,71.0,0.0,0.0,0.0,4.4,3.0,14742736.984042263,5.0,0
38.00_71.00,2022-05-16,38.0,71.0,0.0,0.0,0.0,0.0,3.0,14742736.984042263,6.0,0
38.00_71.00,2022-05-23,38.0,71.0,0.0,0.0,0.0,0.0,3.0,11924354.052777812,7.0,0
38.00_71.00,2022-05-30,38.0,71.0,0.0,0.0,0.0,0.0,3.0,3981071.705535007,8.0,0
38.00_71.00,2022-06-06,38.0,71.0,0.0,0.0,0.0,0.0,3.0,3981071.705535007,9.0,1
38.00_71.00,2022-06-13,38.0,71.0,1.0,4.1,4.1,4.1,4.0,1412537.5446227824,10.0,1
38.00_71.00,2022-06-20,38.0,71.0,1.0,4.0,4.0,4.1,4.0,2412537.5446227826,11.0,0
38.00_71.00,2022-06-27,38.0,71.0,0.0,0.0,0.0,4.1,3.0,2412537.5446227826,12.0,0
38.00_71.00,2022-07-04,38.0,71.0,0.0,0.0,0.0,4.1,3.0,2412537.5446227826,13.0,2
38.00_71.00,2022-07-11,38.0,71.0,2.0,4.4,4.2,4.4,4.0,8388871.565126643,14.0,1
38.00_71.00,2022-07-18,38.0,71.0,1.0,4.1,4.1,4.4,5.0,9801409.109749395,15.0,1
38.00_71.00,2022-07-25,38.0,71.0,1.0,4.3,4.3,4.4,6.0,12619792.041013844,16.0,0
38.00_71.00,2022-08-01,38.0,71.0,0.0,0.0,0.0,4.4,6.0,12619792.041013844,17.0,0
38.00_71.00,2022-08-08,38.0,71.0,0.0,0.0,0.0,4.3,6.0,11207254.496391091,18.0,0
38.00_71.00,2022-08-15,38.0,71.0,0.0,0.0,0.0,4.3,6.0,10207254.496391091,19.0,0
38.00_71.00,2022-08-22,38.0,71.0,0.0,0.0,0.0,0.0,6.0,10207254.496391091,20.0,0
38.00_71.00,2022-08-29,38.0,71.0,0.0,0.0,0.0,0.0,6.0,10207254.496391091,21.0,1
38.00_71.00,2022-09-05,38.0,71.0,1.0,4.4,4.4,4.4,6.0,8211992.181422209,22.0,0
38.00_71.00,2022-09-12,38.0,71.0,0.0,0.0,0.0,4.4,5.0,6799454.636799457,23.0,1
38.00_71.00,2022-09-19,38.0,71.0,1.0,4.2,4.2,4.4,6.0,5976334.02050389,24.0,0
38.00_71.00,2022-09-26,38.0,71.0,0.0,0.0,0.0,4.4,6.0,5976334.02050389,25.0,0
38.00_71.00,2022-10-03,38.0,71.0,0.0,0.0,0.0,4.2,4.0,5976334.02050389,26.0,0
38.00_71.00,2022-10-10,38.0,71.0,0.0,0.0,0.0,4.2,3.0,5976334.02050389,27.0,0
38.00_71.00,2022-10-17,38.0,71.0,0.0,0.0,0.0,0.0,2.0,5976334.02050389,28.0,2
38.00_71.00,2022-10-24,38.0,71.0,2.0,4.3,4.1,4.3,4.0,10207254.496391091,29.0,0
38.00_71.00,2022-10-31,38.0,71.0,0.0,0.0,0.0,4.3,4.0,6226182.790856114,30.0,1
38.00_71.00,2022-11-07,38.0,71.0,1.0,4.3,4.3,4.3,5.0,9044565.722120563,31.0,0
38.00_71.00,2022-11-14,38.0,71.0,0.0,0.0,0.0,4.3,5.0,7049303.40715168,32.0,1
38.00_71.00,2022-11-21,38.0,71.0,1.0,4.3,4.3,4.3,6.0,9867686.33841613,33.0,2
38.00_71.00,2022-11-28,38.0,71.0,2.0,4.6,4.3,4.6,7.0,20629351.616923384,0.0,0
38.00_71.00,2022-12-05,38.0,71.0,0.0,0.0,0.0,4.6,7.0,20629351.616923384,1.0,1
38.00_71.00,2022-12-12,38.0,71.0,1.0,4.3,4.3,4.6,7.0,23447734.548187833,2.0,0
38.00_71.00,2022-12-19,38.0,71.0,0.0,0.0,0.0,4.6,7.0,19216814.07230063,3.0,0
38.00_71.00,2022-12-26,38.0,71.0,0.0,0.0,0.0,4.3,7.0,19216814.07230063,4.0,1
38.00_71.00,2023-01-02,38.0,71.0,1.0,4.0,4.0,4.3,8.0,17398431.141036183,5.0,0
38.00_71.00,2023-01-09,38.0,71.0,0.0,0.0,0.0,4.0,8.0,17398431.141036183,6.0,0
38.00_71.00,2023-01-16,38.0,71.0,0.0,0.0,0.0,4.0,6.0,14580048.209771734,7.0,1
38.00_71.00,2023-01-23,38.0,71.0,1.0,4.1,4.1,4.1,7.0,5230920.4758872315,8.0,0
38.00_71.00,2023-01-30,38.0,71.0,0.0,0.0,0.0,4.1,6.0,5230920.4758872315,9.0,1
38.00_71.00,2023-02-06,38.0,71.0,1.0,4.1,4.1,4.1,7.0,3825075.089245535,10.0,0
38.00_71.00,2023-02-13,38.0,71.0,0.0,0.0,0.0,4.1,6.0,3825075.089245535,11.0,1
38.00_71.00,2023-02-20,38.0,71.0,1.0,4.5,4.5,4.5,5.0,9448488.341149027,0.0,14
38.00_71.00,2023-02-27,38.0,71.0,14.0,6.9,4.2,6.9,19.0,22535605004.198868,0.0,6
38.00_71.00,2023-03-06,38.0,71.0,6.0,5.0,4.1,6.9,24.0,22578267608.837643,0.0,7
38.00_71.00,2023-03-13,38.0,71.0,7.0,4.5,4.0,6.9,31.0,22599902468.907764,0.0,3
38.00_71.00,2023-03-20,38.0,71.0,3.0,4.4,4.1,6.9,34.0,22607864612.318836,1.0,0
38.00_71.00,2023-03-27,38.0,71.0,0.0,0.0,0.0,5.0,33.0,22607864612.318836,2.0,1
38.00_71.00,2023-04-03,38.0,71.0,1.0,4.1,4.1,4.5,34.0,22607864612.318836,3.0,0
38.00_71.00,2023-04-10,38.0,71.0,0.0,0.0,0.0,4.4,34.0,22607864612.318836,4.0,2
38.00_71.00,2023-04-17,38.0,71.0,2.0,4.2,4.1,4.2,35.0,22605648998.926525,5.0,1
38.00_71.00,2023-04-24,38.0,71.0,1.0,4.1,4.1,4.2,36.0,79905020.61342816,6.0,0
38.00_71.00,2023-05-01,38.0,71.0,0.0,0.0,0.0,4.2,35.0,37242415.97465494,7.0,2
38.00_71.00,2023-05-08,38.0,71.0,2.0,4.3,4.0,4.3,37.0,19425938.8357943,8.0,1
38.00_71.00,2023-05-15,38.0,71.0,1.0,4.2,4.2,4.3,37.0,12046520.195070472,9.0,1
38.00_71.00,2023-05-22,38.0,71.0,1.0,4.2,4.2,4.3,24.0,14041782.510039356,10.0,1
38.00_71.00,2023-05-29,38.0,71.0,1.0,4.2,4.2,4.3,19.0,14624507.280385485,11.0,1
38.00_71.00,2023-06-05,38.0,71.0,1.0,4.5,4.5,4.5,13.0,20247920.532288976,0.0,1
38.00_71.00,2023-06-12,38.0,71.0,1.0,4.5,4.5,4.5,11.0,22463533.924600832,0.0,1
38.00_71.00,2023-06-19,38.0,71.0,1.0,4.3,4.3,4.5,12.0,23869379.311242532,1.0,2
38.00_71.00,2023-06-26,38.0,71.0,2.0,4.2,4.1,4.5,13.0,27277179.170834165,2.0,2
38.00_71.00,2023-07-03,38.0,71.0,2.0,4.2,4.1,4.5,15.0,26866596.099161353,3.0,0
38.00_71.00,2023-07-10,38.0,71.0,0.0,0.0,0.0,4.3,13.0,24871333.78419247,4.0,0
38.00_71.00,2023-07-17,38.0,71.0,0.0,0.0,0.0,4.2,12.0,22876071.469223585,5.0,1
38.00_71.00,2023-07-24,38.0,71.0,1.0,4.3,4.3,4.3,13.0,23699192.08551915,6.0,0
38.00_71.00,2023-07-31,38.0,71.0,0.0,0.0,0.0,4.3,11.0,18075778.83361566,7.0,0
38.00_71.00,2023-08-07,38.0,71.0,0.0,0.0,0.0,4.3,10.0,12452365.58171217,8.0,0
38.00_71.00,2023-08-14,38.0,71.0,0.0,0.0,0.0,4.3,9.0,9633982.65044772,9.0,0
38.00_71.00,2023-08-21,38.0,71.0,0.0,0.0,0.0,0.0,8.0,6226182.790856085,10.0,1
38.00_71.00,2023-08-28,38.0,71.0,1.0,4.4,4.4,4.4,8.0,6799454.636799427,11.0,1
38.00_71.00,2023-09-04,38.0,71.0,1.0,4.8,4.8,4.8,8.0,22648386.561410535,0.0,0
38.00_71.00,2023-09-11,38.0,71.0,0.0,0.0,0.0,4.8,7.0,22648386.561410535,1.0,3
38.00_71.00,2023-09-18,38.0,71.0,3.0,4.6,4.1,4.8,8.0,33166895.22754662,0.0,0
38.00_71.00,2023-09-25,38.0,71.0,0.0,0.0,0.0,4.8,6.0,33166895.22754662,1.0,0
38.00_71.00,2023-10-02,38.0,71.0,0.0,0.0,0.0,4.6,6.0,33166895.22754662,2.0,5
38.00_71.00,2023-10-09,38.0,71.0,5.0,5.3,4.1,5.3,11.0,142894635.43659356,0.0,0
38.00_71.00,2023-10-16,38.0,71.0,0.0,0.0,0.0,5.3,10.0,142894635.43659356,1.0,1
38.00_71.00,2023-10-23,38.0,71.0,1.0,4.4,4.4,5.3,11.0,142894635.43659356,2.0,1
38.00_71.00,2023-10-30,38.0,71.0,1.0,4.4,4.4,5.3,12.0,131026775.21751744,3.0,0
38.00_71.00,2023-11-06,38.0,71.0,0.0,0.0,0.0,4.4,12.0,131026775.21751744,4.0,1
38.00_71.00,2023-11-13,38.0,71.0,1.0,4.4,4.4,4.4,13.0,121670955.32565188,5.0,1
38.00_71.00,2023-11-20,38.0,71.0,1.0,5.3,5.3,5.3,13.0,210796049.13902628,0.0,2
38.00_71.00,2023-11-27,38.0,71.0,2.0,4.9,4.6,5.3,14.0,241126542.8719525,0.0,1
38.00_71.00,2023-12-04,38.0,71.0,1.0,4.4,4.4,5.3,15.0,135379874.36844054,1.0,0
38.00_71.00,2023-12-11,38.0,71.0,0.0,0.0,0.0,5.3,12.0,135379874.36844054,2.0,1
38.00_71.00,2023-12-18,38.0,71.0,1.0,4.1,4.1,4.9,13.0,132811340.20752832,3.0,0
38.00_71.00,2023-12-25,38.0,71.0,0.0,0.0,0.0,4.4,13.0,128830268.50199334,4.0,1
38.00_74.00,2010-03-22,38.0,74.0,0.0,0.0,0.0,0.0,3.0,11924354.052777782,4.0,0
38.00_74.00,2010-03-29,38.0,74.0,0.0,0.0,0.0,0.0,3.0,11924354.052777782,5.0,0
38.00_74.00,2010-04-05,38.0,74.0,0.0,0.0,0.0,0.0,2.0,11924354.052777782,6.0,0
38.00_74.00,2010-04-12,38.0,74.0,0.0,0.0,0.0,0.0,2.0,7943282.347242804,7.0,1
38.00_74.00,2010-04-19,38.0,74.0,1.0,4.7,4.7,4.7,3.0,11220184.543019652,0.0,1
38.00_74.00,2010-04-26,38.0,74.0,1.0,4.7,4.7,4.7,4.0,22440369.086039305,0.0,0
38.00_74.00,2010-05-03,38.0,74.0,0.0,0.0,0.0,4.7,4.0,22440369.086039305,1.0,0
38.00_74.00,2010-05-10,38.0,74.0,0.0,0.0,0.0,4.7,3.0,22440369.086039305,2.0,1
38.00_74.00,2010-05-17,38.0,74.0,1.0,4.6,4.6,4.7,3.0,30383651.43328211,0.0,0
38.00_74.00,2010-05-24,38.0,74.0,0.0,0.0,0.0,4.6,3.0,30383651.43328211,1.0,0
38.00_74.00,2010-05-31,38.0,74.0,0.0,0.0,0.0,4.6,3.0,30383651.43328211,2.0,1
38.00_74.00,2010-06-07,38.0,74.0,1.0,4.3,4.3,4.6,4.0,33202034.36454656,3.0,1
38.00_74.00,2010-06-14,38.0,74.0,1.0,5.2,5.2,5.2,5.0,85077584.26954633,0.0,0
38.00_74.00,2010-06-21,38.0,74.0,0.0,0.0,0.0,5.2,5.0,73857399.72652668,1.0,1
38.00_74.00,2010-06-28,38.0,74.0,1.0,4.5,4.5,5.2,6.0,79480812.97843018,0.0,0
38.00_74.00,2010-07-05,38.0,74.0,0.0,0.0,0.0,5.2,6.0,79480812.97843018,1.0,0
38.00_74.00,2010-07-12,38.0,74.0,0.0,0.0,0.0,4.5,5.0,71537530.63118738,2.0,0
38.00_74.00,2010-07-19,38.0,74.0,0.0,0.0,0.0,4.5,4.0,71537530.63118738,3.0,0
38.00_74.00,2010-07-26,38.0,74.0,0.0,0.0,0.0,0.0,4.0,71537530.63118738,4.0,1
38.00_74.00,2010-08-02,38.0,74.0,1.0,4.8,4.8,4.8,5.0,84568079.62453404,0.0,0
38.00_74.00,2010-08-09,38.0,74.0,0.0,0.0,0.0,4.8,4.0,21472345.1765146,1.0,0
38.00_74.00,2010-08-16,38.0,74.0,0.0,0.0,0.0,4.8,4.0,21472345.1765146,2.0,0
38.00_74.00,2010-08-23,38.0,74.0,0.0,0.0,0.0,4.8,4.0,15848931.924611108,3.0,0
38.00_74.00,2010-08-30,38.0,74.0,0.0,0.0,0.0,0.0,3.0,15848931.924611108,4.0,0
38.00_74.00,2010-09-06,38.0,74.0,0.0,0.0,0.0,0.0,2.0,15848931.924611108,5.0,0
38.00_74.00,2010-09-13,38.0,74.0,0.0,0.0,0.0,0.0,2.0,15848931.924611108,6.0,0
38.00_74.00,2010-09-20,38.0,74.0,0.0,0.0,0.0,0.0,1.0,15848931.924611108,7.0,1
38.00_74.00,2010-09-27,38.0,74.0,1.0,4.0,4.0,4.0,2.0,1000000.0,8.0,0
38.00_74.00,2010-10-04,38.0,74.0,0.0,0.0,0.0,4.0,2.0,1000000.0,9.0,0
38.00_74.00,2010-10-11,38.0,74.0,0.0,0.0,0.0,4.0,2.0,1000000.0,10.0,0
38.00_74.00,2010-10-18,38.0,74.0,0.0,0.0,0.0,4.0,2.0,1000000.0,11.0,0
38.00_74.00,2010-10-25,38.0,74.0,0.0,0.0,0.0,0.0,1.0,1000000.0,12.0,1
38.00_74.00,2010-11-01,38.0,74.0,1.0,4.5,4.5,4.5,2.0,6623413.251903491,0.0,0
38.00_74.00,2010-11-08,38.0,74.0,0.0,0.0,0.0,4.5,2.0,6623413.251903491,1.0,0
38.00_74.00,2010-11-15,38.0,74.0,0.0,0.0,0.0,4.5,2.0,6623413.251903491,2.0,0
38.00_74.00,2010-11-22,38.0,74.0,0.0,0.0,0.0,4.5,2.0,5623413.251903491,3.0,0
38.00_74.00,2010-11-29,38.0,74.0,0.0,0.0,0.0,0.0,2.0,5623413.251903491,4.0,0
38.00_74.00,2010-12-06,38.0,74.0,0.0,0.0,0.0,0.0,2.0,5623413.251903491,5.0,0
38.00_74.00,2010-12-13,38.0,74.0,0.0,0.0,0.0,0.0,2.0,5623413.251903491,6.0,0
38.00_74.00,2010-12-20,38.0,74.0,0.0,0.0,0.0,0.0,1.0,5623413.251903491,7.0,0
38.00_74.00,2010-12-27,38.0,74.0,0.0,0.0,0.0,0.0,1.0,0.0,8.0,1
38.00_74.00,2011-01-03,38.0,74.0,1.0,4.9,4.9,4.9,2.0,22387211.385683425,0.0,0
38.00_74.00,2011-01-10,38.0,74.0,0.0,0.0,0.0,4.9,2.0,22387211.385683425,1.0,0
38.00_74.00,2011-01-17,38.0,74.0,0.0,0.0,0.0,4.9,2.0,22387211.385683425,2.0,0
38.00_74.00,2011-01-24,38.0,74.0,0.0,0.0,0.0,4.9,1.0,22387211.385683425,3.0,0
38.00_74.00,2011-01-31,38.0,74.0,0.0,0.0,0.0,0.0,1.0,22387211.385683425,4.0,0
38.00_74.00,2011-02-07,38.0,74.0,0.0,0.0,0.0,0.0,1.0,22387211.385683425,5.0,0
38.00_74.00,2011-02-14,38.0,74.0,0.0,0.0,0.0,0.0,1.0,22387211.385683425,6.0,0
38.00_74.00,2011-02-21,38.0,74.0,0.0,0.0,0.0,0.0,1.0,22387211.385683425,7.0,0
38.00_74.00,2011-02-28,38.0,74.0,0.0,0.0,0.0,0.0,1.0,0.0,8.0,2
38.00_74.00,2011-03-07,38.0,74.0,2.0,4.8,4.5,4.8,3.0,21472345.1765146,0.0,0
38.00_74.00,2011-03-14,38.0,74.0,0.0,0.0,0.0,4.8,3.0,21472345.1765146,1.0,0
38.00_74.00,2011-03-21,38.0,74.0,0.0,0.0,0.0,4.8,3.0,21472345.1765146,2.0,0
38.00_74.00,2011-03-28,38.0,74.0,0.0,0.0,0.0,4.8,2.0,21472345.1765146,3.0,0
38.00_74.00,2011-04-04,38.0,74.0,0.0,0.0,0.0,0.0,2.0,21472345.1765146,4.0,0
38.00_74.00,2011-04-11,38.0,74.0,0.0,0.0,0.0,0.0,2.0,21472345.1765146,5.0,1
38.00_74.00,2011-04-18,38.0,74.0,1.0,4.6,4.6,4.6,3.0,29415627.523757406,0.0,0
38.00_74.00,2011-04-25,38.0,74.0,0.0,0.0,0.0,4.6,3.0,29415627.523757406,1.0,0
38.00_74.00,2011-05-02,38.0,74.0,0.0,0.0,0.0,4.6,3.0,7943282.347242805,2.0,0
38.00_74.00,2011-05-09,38.0,74.0,0.0,0.0,0.0,4.6,3.0,7943282.347242805,3.0,0
38.00_74.00,2011-05-16,38.0,74.0,0.0,0.0,0.0,0.0,3.0,7943282.347242805,4.0,0
38.00_74.00,2011-05-23,38.0,74.0,0.0,0.0,0.0,0.0,3.0,7943282.347242805,5.0,2
38.00_74.00,2011-05-30,38.0,74.0,2.0,4.7,4.4,4.7,3.0,23144538.595797434,0.0,0
38.00_74.00,2011-06-06,38.0,74.0,0.0,0.0,0.0,4.7,3.0,23144538.595797434,1.0,1
38.00_74.00,2011-06-13,38.0,74.0,1.0,4.5,4.5,4.7,4.0,20824669.50045812,0.0,0
38.00_74.00,2011-06-20,38.0,74.0,0.0,0.0,0.0,4.7,4.0,20824669.50045812,1.0,1
38.00_74.00,2011-06-27,38.0,74.0,1.0,4.2,4.2,4.5,5.0,22819931.815427005,2.0,0
38.00_74.00,2011-07-04,38.0,74.0,0.0,0.0,0.0,4.5,5.0,22819931.815427005,3.0,0
38.00_74.00,2011-07-11,38.0,74.0,0.0,0.0,0.0,4.2,4.0,22819931.815427005,4.0,0
38.00_74.00,2011-07-18,38.0,74.0,0.0,0.0,0.0,4.2,4.0,22819931.815427005,5.0,0
38.00_74.00,2011-07-25,38.0,74.0,0.0,0.0,0.0,0.0,4.0,7618675.566872376,6.0,0
38.00_74.00,2011-08-01,38.0,74.0,0.0,0.0,0.0,0.0,4.0,7618675.566872376,7.0,0
38.00_74.00,2011-08-08,38.0,74.0,0.0,0.0,0.0,0.0,4.0,1995262.3149688847,8.0,1
38.00_74.00,2011-08-15,38.0,74.0,1.0,4.1,4.1,4.1,5.0,3407799.8595916373,9.0,0
38.00_74.00,2011-08-22,38.0,74.0,0.0,0.0,0.0,4.1,3.0,1412537.5446227544,10.0,0
38.00_74.00,2011-08-29,38.0,74.0,0.0,0.0,0.0,4.1,3.0,1412537.5446227544,11.0,0
38.00_74.00,2011-09-05,38.0,74.0,0.0,0.0,0.0,4.1,2.0,1412537.5446227544,12.0,1
38.00_74.00,2011-09-12,38.0,74.0,1.0,4.4,4.4,4.4,3.0,5393609.250157732,13.0,0
38.00_74.00,2011-09-19,38.0,74.0,0.0,0.0,0.0,4.4,2.0,5393609.2501577325,14.0,0
38.00_74.00,2011-09-26,38.0,74.0,0.0,0.0,0.0,4.4,2.0,5393609.2501577325,15.0,0
38.00_74.00,2011-10-03,38.0,74.0,0.0,0.0,0.0,4.4,2.0,5393609.2501577325,16.0,0
38.00_74.00,2011-10-10,38.0,74.0,0.0,0.0,0.0,0.0,2.0,3981071.7055349792,17.0,0
38.00_74.00,2011-10-17,38.0,74.0,0.0,0.0,0.0,0.0,2.0,3981071.7055349797,18.0,0
38.00_74.00,2011-10-24,38.0,74.0,0.0,0.0,0.0,0.0,2.0,3981071.7055349797,19.0,1
38.00_74.00,2011-10-31,38.0,74.0,1.0,4.5,4.5,4.5,3.0,9604484.95743847,0.0,0
38.00_74.00,2011-11-07,38.0,74.0,0.0,0.0,0.0,4.5,2.0,5623413.251903493,1.0,0
38.00_74.00,2011-11-14,38.0,74.0,0.0,0.0,0.0,4.5,2.0,5623413.251903493,2.0,0
38.00_74.00,2011-11-21,38.0,74.0,0.0,0.0,0.0,4.5,2.0,5623413.251903493,3.0,0
38.00_74.00,2011-11-28,38.0,74.0,0.0,0.0,0.0,0.0,2.0,5623413.251903493,4.0,1
38.00_74.00,2011-12-05,38.0,74.0,1.0,4.9,4.9,4.9,2.0,28010624.637586918,0.0,0
38.00_74.00,2011-12-12,38.0,74.0,0.0,0.0,0.0,4.9,2.0,28010624.637586918,1.0,1
38.00_74.00,2011-12-19,38.0,74.0,1.0,4.4,4.4,4.9,3.0,31991696.343121894,2.0,0
38.00_74.00,2011-12-26,38.0,74.0,0.0,0.0,0.0,4.9,3.0,26368283.091218404,3.0,0
38.00_74.00,2012-01-02,38.0,74.0,0.0,0.0,0.0,4.4,3.0,26368283.091218404,4.0,0
38.00_74.00,2012-01-09,38.0,74.0,0.0,0.0,0.0,4.4,3.0,26368283.091218404,5.0,0
38.00_74.00,2012-01-16,38.0,74.0,0.0,0.0,0.0,0.0,3.0,26368283.091218404,6.0,0
38.00_74.00,2012-01-23,38.0,74.0,0.0,0.0,0.0,0.0,2.0,26368283.091218404,7.0,0
38.00_74.00,2012-01-30,38.0,74.0,0.0,0.0,0.0,0.0,2.0,3981071.705534981,8.0,0
38.00_74.00,2012-02-06,38.0,74.0,0.0,0.0,0.0,0.0,2.0,3981071.705534981,9.0,0
38.00_74.00,2012-02-13,38.0,74.0,0.0,0.0,0.0,0.0,2.0,0.0,10.0,0
38.00_74.00,2012-02-20,38.0,74.0,0.0,0.0,0.0,0.0,2.0,0.0,11.0,0
38.00_74.00,2012-02-27,38.0,74.0,0.0,0.0,0.0,0.0,1.0,0.0,12.0,2
38.00_74.00,2012-03-05,38.0,74.0,2.0,5.0,4.7,5.0,3.0,42842961.14470345,0.0,0
38.00_74.00,2012-03-12,38.0,74.0,0.0,0.0,0.0,5.0,2.0,42842961.14470345,1.0,0
38.00_74.00,2012-03-19,38.0,74.0,0.0,0.0,0.0,5.0,2.0,42842961.14470345,2.0,1
38.00_74.00,2012-03-26,38.0,74.0,1.0,4.0,4.0,5.0,3.0,43842961.14470345,3.0,0
38.00_74.00,2012-04-02,38.0,74.0,0.0,0.0,0.0,4.0,3.0,43842961.14470345,4.0,0
38.00_74.00,2012-04-09,38.0,74.0,0.0,0.0,0.0,4.0,3.0,43842961.14470345,5.0,1
38.00_74.00,2012-04-16,38.0,74.0,1.0,4.4,4.4,4.4,4.0,47824032.85023843,6.0,0
38.00_74.00,2012-04-23,38.0,74.0,0.0,0.0,0.0,4.4,4.0,47824032.85023843,7.0,0
38.00_74.00,2012-04-30,38.0,74.0,0.0,0.0,0.0,4.4,4.0,4981071.705534978,8.0,0
38.00_74.00,2012-05-07,38.0,74.0,0.0,0.0,0.0,4.4,4.0,4981071.705534978,9.0,0
38.00_74.00,2012-05-14,38.0,74.0,0.0,0.0,0.0,0.0,4.0,4981071.705534978,10.0,0
38.00_74.00,2012-05-21,38.0,74.0,0.0,0.0,0.0,0.0,4.0,3981071.7055349774,11.0,0
38.00_74.00,2012-05-28,38.0,74.0,0.0,0.0,0.0,0.0,2.0,3981071.7055349774,12.0,1
38.00_74.00,2012-06-04,38.0,74.0,1.0,5.3,5.3,5.3,3.0,93106165.51890938,0.0,0
38.00_74.00,2012-06-11,38.0,74.0,0.0,0.0,0.0,5.3,3.0,89125093.8133744,1.0,0
38.00_74.00,2012-06-18,38.0,74.0,0.0,0.0,0.0,5.3,2.0,89125093.8133744,2.0,0
38.00_74.00,2012-06-25,38.0,74.0,0.0,0.0,0.0,5.3,2.0,89125093.8133744,3.0,0
38.00_74.00,2012-07-02,38.0,74.0,0.0,0.0,0.0,0.0,2.0,89125093.8133744,4.0,1
38.00_74.00,2012-07-09,38.0,74.0,1.0,4.4,4.4,4.4,2.0,93106165.51890938,5.0,1
38.00_74.00,2012-07-16,38.0,74.0,1.0,4.0,4.0,4.4,3.0,94106165.51890938,6.0,0
38.00_74.00,2012-07-23,38.0,74.0,0.0,0.0,0.0,4.4,3.0,94106165.51890938,7.0,1
38.00_74.00,2012-07-30,38.0,74.0,1.0,5.2,5.2,5.2,4.0,68076806.15355441,0.0,1
38.00_74.00,2012-08-06,38.0,74.0,1.0,5.0,5.0,5.2,5.0,99699582.7552382,0.0,0
38.00_74.00,2012-08-13,38.0,74.0,0.0,0.0,0.0,5.2,5.0,99699582.7552382,1.0,0
38.00_74.00,2012-08-20,38.0,74.0,0.0,0.0,0.0,5.2,5.0,99699582.7552382,2.0,0
38.00_74.00,2012-08-27,38.0,74.0,0.0,0.0,0.0,5.0,4.0,99699582.7552382,3.0,0
38.00_74.00,2012-09-03,38.0,74.0,0.0,0.0,0.0,0.0,4.0,95718511.04970323,4.0,0
38.00_74.00,2012-09-10,38.0,74.0,0.0,0.0,0.0,0.0,4.0,94718511.04970323,5.0,1
38.00_74.00,2012-09-17,38.0,74.0,1.0,4.6,4.6,4.6,5.0,102661793.39694603,0.0,0
38.00_74.00,2012-09-24,38.0,74.0,0.0,0.0,0.0,4.6,5.0,39566058.9489266,1.0,0
38.00_74.00,2012-10-01,38.0,74.0,0.0,0.0,0.0,4.6,4.0,7943282.347242805,2.0,0
38.00_74.00,2012-10-08,38.0,74.0,0.0,0.0,0.0,4.6,3.0,7943282.347242805,3.0,1
38.00_74.00,2012-10-15,38.0,74.0,1.0,4.3,4.3,4.3,4.0,10761665.278507255,4.0,1
38.00_74.00,2012-10-22,38.0,74.0,1.0,4.5,4.5,4.5,4.0,16385078.530410746,0.0,1
38.00_74.00,2012-10-29,38.0,74.0,1.0,4.0,4.0,4.5,4.0,17385078.530410744,1.0,0
38.00_74.00,2012-11-05,38.0,74.0,0.0,0.0,0.0,4.5,4.0,17385078.530410744,2.0,0
38.00_74.00,2012-11-12,38.0,74.0,0.0,0.0,0.0,4.5,4.0,9441796.18316794,3.0,0
38.00_74.00,2012-11-19,38.0,74.0,0.0,0.0,0.0,4.0,4.0,9441796.183167942,4.0,0
38.00_74.00,2012-11-26,38.0,74.0,0.0,0.0,0.0,0.0,4.0,9441796.183167942,5.0,0
38.00_74.00,2012-12-03,38.0,74.0,0.0,0.0,0.0,0.0,4.0,9441796.183167942,6.0,1
38.00_74.00,2012-12-10,38.0,74.0,1.0,4.7,4.7,4.7,4.0,17843597.79492314,0.0,0
38.00_74.00,2012-12-17,38.0,74.0,0.0,0.0,0.0,4.7,4.0,12220184.543019652,1.0,0
38.00_74.00,2012-12-24,38.0,74.0,0.0,0.0,0.0,4.7,4.0,11220184.543019652,2.0,2
38.00_74.00,2012-12-31,38.0,74.0,2.0,4.5,4.1,4.7,6.0,18256135.3395459,0.0,0
38.00_74.00,2013-01-07,38.0,74.0,0.0,0.0,0.0,4.5,5.0,18256135.3395459,1.0,0
38.00_74.00,2013-01-14,38.0,74.0,0.0,0.0,0.0,4.5,4.0,18256135.3395459,2.0,0
38.00_74.00,2013-01-21,38.0,74.0,0.0,0.0,0.0,4.5,3.0,18256135.3395459,3.0,1
38.00_74.00,2013-01-28,38.0,74.0,1.0,4.5,4.5,4.5,4.0,23879548.591449387,0.0,1
38.00_74.00,2013-02-04,38.0,74.0,1.0,4.5,4.5,4.5,5.0,18282777.300333224,0.0,0
38.00_74.00,2013-02-11,38.0,74.0,0.0,0.0,0.0,4.5,5.0,18282777.300333224,1.0,0
38.00_74.00,2013-02-18,38.0,74.0,0.0,0.0,0.0,4.5,5.0,18282777.300333224,2.0,0
38.00_74.00,2013-02-25,38.0,74.0,0.0,0.0,0.0,4.5,5.0,11246826.503806982,3.0,1
38.00_74.00,2013-03-04,38.0,74.0,1.0,4.2,4.2,4.2,5.0,13242088.818775864,4.0,0
38.00_74.00,2013-03-11,38.0,74.0,0.0,0.0,0.0,4.2,5.0,13242088.818775864,5.0,0
38.00_74.00,2013-03-18,38.0,74.0,0.0,0.0,0.0,4.2,5.0,13242088.818775864,6.0,0
38.00_74.00,2013-03-25,38.0,74.0,0.0,0.0,0.0,4.2,3.0,7618675.566872374,7.0,0
38.00_74.00,2013-04-01,38.0,74.0,0.0,0.0,0.0,0.0,3.0,1995262.3149688828,8.0,0
38.00_74.00,2013-04-08,38.0,74.0,0.0,0.0,0.0,0.0,3.0,1995262.3149688828,9.0,1
38.00_74.00,2013-04-15,38.0,74.0,1.0,4.4,4.4,4.4,4.0,5976334.02050386,10.0,0
38.00_74.00,2013-04-22,38.0,74.0,0.0,0.0,0.0,4.4,3.0,5976334.02050386,11.0,0
38.00_74.00,2013-04-29,38.0,74.0,0.0,0.0,0.0,4.4,2.0,3981071.7055349774,12.0,0
38.00_74.00,2013-05-06,38.0,74.0,0.0,0.0,0.0,4.4,2.0,3981071.705534978,13.0,0
38.00_74.00,2013-05-13,38.0,74.0,0.0,0.0,0.0,0.0,2.0,3981071.705534978,14.0,0
38.00_74.00,2013-05-20,38.0,74.0,0.0,0.0,0.0,0.0,2.0,3981071.705534978,15.0,1
38.00_74.00,2013-05-27,38.0,74.0,1.0,4.1,4.1,4.1,2.0,5393609.250157731,16.0,0
38.00_74.00,2013-06-03,38.0,74.0,0.0,0.0,0.0,4.1,2.0,5393609.250157731,17.0,1
38.00_74.00,2013-06-10,38.0,74.0,1.0,4.2,4.2,4.2,3.0,3407799.8595916354,18.0,0
38.00_74.00,2013-06-17,38.0,74.0,0.0,0.0,0.0,4.2,3.0,3407799.8595916354,19.0,0
38.00_74.00,2013-06-24,38.0,74.0,0.0,0.0,0.0,4.2,3.0,3407799.8595916354,20.0,0
38.00_74.00,2013-07-01,38.0,74.0,0.0,0.0,0.0,4.2,3.0,3407799.8595916354,21.0,0
38.00_74.00,2013-07-08,38.0,74.0,0.0,0.0,0.0,0.0,2.0,3407799.8595916354,22.0,0
38.00_74.00,2013-07-15,38.0,74.0,0.0,0.0,0.0,0.0,2.0,3407799.8595916354,23.0,0
38.00_74.00,2013-07-22,38.0,74.0,0.0,0.0,0.0,0.0,2.0,1995262.3149688828,24.0,0
38.00_74.00,2013-07-29,38.0,74.0,0.0,0.0,0.0,0.0,2.0,1995262.3149688828,25.0,0
38.00_74.00,2013-08-05,38.0,74.0,0.0,0.0,0.0,0.0,2.0,0.0,26.0,0
38.00_74.00,2013-08-12,38.0,74.0,0.0,0.0,0.0,0.0,2.0,0.0,27.0,0
38.00_74.00,2013-08-19,38.0,74.0,0.0,0.0,0.0,0.0,1.0,0.0,28.0,0
38.00_74.00,2013-08-26,38.0,74.0,0.0,0.0,0.0,0.0,1.0,0.0,29.0,1
38.00_74.00,2013-09-02,38.0,74.0,1.0,4.5,4.5,4.5,1.0,5623413.251903491,0.0,0
38.00_74.00,2013-09-09,38.0,74.0,0.0,0.0,0.0,4.5,1.0,5623413.251903491,1.0,0
38.00_74.00,2013-09-16,38.0,74.0,0.0,0.0,0.0,4.5,1.0,5623413.251903491,2.0,1
38.00_74.00,2013-09-23,38.0,74.0,1.0,4.2,4.2,4.5,2.0,7618675.566872374,3.0,0
38.00_74.00,2013-09-30,38.0,74.0,0.0,0.0,0.0,4.2,2.0,7618675.566872374,4.0,1
38.00_74.00,2013-10-07,38.0,74.0,1.0,4.1,4.1,4.2,3.0,9031213.111495126,5.0,1
38.00_74.00,2013-10-14,38.0,74.0,1.0,4.0,4.0,4.2,4.0,10031213.111495126,6.0,0
38.00_74.00,2013-10-21,38.0,74.0,0.0,0.0,0.0,4.1,4.0,10031213.111495126,7.0,0
38.00_74.00,2013-10-28,38.0,74.0,0.0,0.0,0.0,4.1,4.0,4407799.859591635,8.0,0
38.00_74.00,2013-11-04,38.0,74.0,0.0,0.0,0.0,4.0,4.0,4407799.859591635,9.0,1
38.00_74.00,2013-11-11,38.0,74.0,1.0,4.8,4.8,4.8,5.0,20256731.784202743,0.0,0
38.00_74.00,2013-11-18,38.0,74.0,0.0,0.0,0.0,4.8,5.0,18261469.46923386,1.0,0
38.00_74.00,2013-11-25,38.0,74.0,0.0,0.0,0.0,4.8,4.0,18261469.46923386,2.0,0
38.00_74.00,2013-12-02,38.0,74.0,0.0,0.0,0.0,4.8,4.0,16848931.924611107,3.0,0
38.00_74.00,2013-12-09,38.0,74.0,0.0,0.0,0.0,0.0,4.0,15848931.924611108,4.0,1
38.00_74.00,2013-12-16,38.0,74.0,1.0,4.2,4.2,4.2,4.0,17844194.23957999,5.0,0
38.00_74.00,2013-12-23,38.0,74.0,0.0,0.0,0.0,4.2,4.0,17844194.23957999,6.0,0
38.00_74.00,2013-12-30,38.0,74.0,0.0,0.0,0.0,4.2,3.0,17844194.23957999,7.0,1
38.00_74.00,2014-01-06,38.0,74.0,1.0,4.6,4.6,4.6,3.0,9938544.662211688,0.0,0
38.00_74.00,2014-01-13,38.0,74.0,0.0,0.0,0.0,4.6,3.0,9938544.662211688,1.0,0
38.00_74.00,2014-01-20,38.0,74.0,0.0,0.0,0.0,4.6,3.0,9938544.662211688,2.0,1
38.00_74.00,2014-01-27,38.0,74.0,1.0,4.3,4.3,4.6,4.0,12756927.593476137,3.0,0
38.00_74.00,2014-02-03,38.0,74.0,0.0,0.0,0.0,4.3,3.0,12756927.593476137,4.0,1
38.00_74.00,2014-02-10,38.0,74.0,1.0,4.3,4.3,4.3,4.0,13580048.209771704,5.0,0
38.00_74.00,2014-02-17,38.0,74.0,0.0,0.0,0.0,4.3,4.0,13580048.209771704,6.0,0
38.00_74.00,2014-02-24,38.0,74.0,0.0,0.0,0.0,4.3,4.0,13580048.209771704,7.0,0
38.00_74.00,2014-03-03,38.0,74.0,0.0,0.0,0.0,4.3,4.0,5636765.862528899,8.0,0
38.00_74.00,2014-03-10,38.0,74.0,0.0,0.0,0.0,0.0,3.0,5636765.862528899,9.0,0
38.00_74.00,2014-03-17,38.0,74.0,0.0,0.0,0.0,0.0,3.0,5636765.862528899,10.0,0
38.00_74.00,2014-03-24,38.0,74.0,0.0,0.0,0.0,0.0,3.0,2818382.9312644494,11.0,0
38.00_74.00,2014-03-31,38.0,74.0,0.0,0.0,0.0,0.0,2.0,2818382.9312644494,12.0,0
38.00_74.00,2014-04-07,38.0,74.0,0.0,0.0,0.0,0.0,2.0,0.0,13.0,0
38.00_74.00,2014-04-14,38.0,74.0,0.0,0.0,0.0,0.0,2.0,0.0,14.0,0
38.00_74.00,2014-04-21,38.0,74.0,0.0,0.0,0.0,0.0,1.0,0.0,15.0,0
38.00_74.00,2014-04-28,38.0,74.0,0.0,0.0,0.0,0.0,1.0,0.0,16.0,1
38.00_74.00,2014-05-05,38.0,74.0,1.0,4.1,4.1,4.1,1.0,1412537.5446227526,17.0,0
38.00_74.00,2014-05-12,38.0,74.0,0.0,0.0,0.0,4.1,1.0,1412537.5446227526,18.0,0
38.00_74.00,2014-05-19,38.0,74.0,0.0,0.0,0.0,4.1,1.0,1412537.5446227526,19.0,0
38.00_74.00,2014-05-26,38.0,74.0,0.0,0.0,0.0,4.1,1.0,1412537.5446227526,20.0,0
38.00_74.00,2014-06-02,38.0,74.0,0.0,0.0,0.0,0.0,1.0,1412537.5446227526,21.0,0
38.00_74.00,2014-06-09,38.0,74.0,0.0,0.0,0.0,0.0,1.0,1412537.5446227526,22.0,0
38.00_74.00,2014-06-16,38.0,74.0,0.0,0.0,0.0,0.0,1.0,1412537.5446227526,23.0,1
38.00_74.00,2014-06-23,38.0,74.0,1.0,4.1,4.1,4.1,2.0,2825075.089245505,24.0,0
38.00_74.00,2014-06-30,38.0,74.0,0.0,0.0,0.0,4.1,2.0,1412537.5446227526,25.0,0
38.00_74.00,2014-07-07,38.0,74.0,0.0,0.0,0.0,4.1,2.0,1412537.5446227526,26.0,0
38.00_74.00,2014-07-14,38.0,74.0,0.0,0.0,0.0,4.1,2.0,1412537.5446227526,27.0,1
38.00_74.00,2014-07-21,38.0,74.0,1.0,4.2,4.2,4.2,3.0,3407799.8595916354,28.0,1
38.00_74.00,2014-07-28,38.0,74.0,1.0,4.3,4.3,4.3,3.0,6226182.790856085,29.0,0
38.00_74.00,2014-08-04,38.0,74.0,0.0,0.0,0.0,4.3,3.0,6226182.790856085,30.0,0
38.00_74.00,2014-08-11,38.0,74.0,0.0,0.0,0.0,4.3,3.0,6226182.790856085,31.0,0
38.00_74.00,2014-08-18,38.0,74.0,0.0,0.0,0.0,4.3,3.0,4813645.246233332,32.0,0
38.00_74.00,2014-08-25,38.0,74.0,0.0,0.0,0.0,0.0,3.0,4813645.246233332,33.0,0
38.00_74.00,2014-09-01,38.0,74.0,0.0,0.0,0.0,0.0,3.0,4813645.246233332,34.0,0
38.00_74.00,2014-09-08,38.0,74.0,0.0,0.0,0.0,0.0,3.0,4813645.246233332,35.0,0
38.00_74.00,2014-09-15,38.0,74.0,0.0,0.0,0.0,0.0,2.0,2818382.9312644494,36.0,0
38.00_74.00,2014-09-22,38.0,74.0,0.0,0.0,0.0,0.0,2.0,0.0,37.0,0
38.00_74.00,2014-09-29,38.0,74.0,0.0,0.0,0.0,0.0,2.0,0.0,38.0,0
38.00_74.00,2014-10-06,38.0,74.0,0.0,0.0,0.0,0.0,2.0,0.0,39.0,0
38.00_74.00,2014-10-13,38.0,74.0,0.0,0.0,0.0,0.0,1.0,0.0,40.0,0
38.00_74.00,2014-10-20,38.0,74.0,0.0,0.0,0.0,0.0,0.0,0.0,41.0,0
38.00_74.00,2014-10-27,38.0,74.0,0.0,0.0,0.0,0.0,0.0,0.0,42.0,0
38.00_74.00,2014-11-03,38.0,74.0,0.0,0.0,0.0,0.0,0.0,0.0,43.0,0
38.00_74.00,2014-11-10,38.0,74.0,0.0,0.0,0.0,0.0,0.0,0.0,44.0,2
38.00_74.00,2014-11-17,38.0,74.0,2.0,4.5,4.0,4.5,2.0,6623413.251903491,0.0,0
38.00_74.00,2014-11-24,38.0,74.0,0.0,0.0,0.0,4.5,2.0,6623413.251903491,1.0,0
38.00_74.00,2014-12-01,38.0,74.0,0.0,0.0,0.0,4.5,2.0,6623413.251903491,2.0,0
38.00_74.00,2014-12-08,38.0,74.0,0.0,0.0,0.0,4.5,2.0,6623413.251903491,3.0,1
38.00_74.00,2014-12-15,38.0,74.0,1.0,4.4,4.4,4.4,3.0,10604484.957438469,4.0,0
38.00_74.00,2014-12-22,38.0,74.0,0.0,0.0,0.0,4.4,3.0,10604484.957438469,5.0,0
38.00_74.00,2014-12-29,38.0,74.0,0.0,0.0,0.0,4.4,3.0,10604484.957438469,6.0,0
38.00_74.00,2015-01-05,38.0,74.0,0.0,0.0,0.0,4.4,3.0,10604484.957438469,7.0,0
38.00_74.00,2015-01-12,38.0,74.0,0.0,0.0,0.0,0.0,3.0,3981071.7055349774,8.0,1
38.00_74.00,2015-01-19,38.0,74.0,1.0,4.3,4.3,4.3,4.0,6799454.636799427,9.0,0
38.00_74.00,2015-01-26,38.0,74.0,0.0,0.0,0.0,4.3,4.0,6799454.636799427,10.0,0
38.00_74.00,2015-02-02,38.0,74.0,0.0,0.0,0.0,4.3,4.0,6799454.636799427,11.0,0
38.00_74.00,2015-02-09,38.0,74.0,0.0,0.0,0.0,4.3,2.0,2818382.9312644494,12.0,1
38.00_74.00,2015-02-16,38.0,74.0,1.0,4.7,4.7,4.7,3.0,14038567.474284101,0.0,0
38.00_74.00,2015-02-23,38.0,74.0,0.0,0.0,0.0,4.7,3.0,14038567.474284101,1.0,0
38.00_74.00,2015-03-02,38.0,74.0,0.0,0.0,0.0,4.7,3.0,14038567.474284101,2.0,0
38.00_74.00,2015-03-09,38.0,74.0,0.0,0.0,0.0,4.7,2.0,14038567.474284101,3.0,0
38.00_74.00,2015-03-16,38.0,74.0,0.0,0.0,0.0,0.0,2.0,11220184.543019652,4.0,0
38.00_74.00,2015-03-23,38.0,74.0,0.0,0.0,0.0,0.0,2.0,11220184.543019652,5.0,0
38.00_74.00,2015-03-30,38.0,74.0,0.0,0.0,0.0,0.0,2.0,11220184.543019652,6.0,0
38.00_74.00,2015-04-06,38.0,74.0,0.0,0.0,0.0,0.0,2.0,11220184.543019652,7.0,1
38.00_74.00,2015-04-13,38.0,74.0,1.0,4.1,4.1,4.1,2.0,1412537.5446227526,8.0,0
38.00_74.00,2015-04-20,38.0,74.0,0.0,0.0,0.0,4.1,2.0,1412537.5446227526,9.0,0
38.00_74.00,2015-04-27,38.0,74.0,0.0,0.0,0.0,4.1,2.0,1412537.5446227526,10.0,2
38.00_74.00,2015-05-04,38.0,74.0,2.0,4.3,4.2,4.3,4.0,6226182.790856085,11.0,1
38.00_74.00,2015-05-11,38.0,74.0,1.0,4.0,4.0,4.3,4.0,7226182.790856085,12.0,0
38.00_74.00,2015-05-18,38.0,74.0,0.0,0.0,0.0,4.3,4.0,7226182.790856085,13.0,0
38.00_74.00,2015-05-25,38.0,74.0,0.0,0.0,0.0,4.3,4.0,7226182.790856085,14.0,0
38.00_74.00,2015-06-01,38.0,74.0,0.0,0.0,0.0,4.0,4.0,7226182.790856085,15.0,0
38.00_74.00,2015-06-08,38.0,74.0,0.0,0.0,0.0,0.0,4.0,5813645.246233332,16.0,0
38.00_74.00,2015-06-15,38.0,74.0,0.0,0.0,0.0,0.0,4.0,5813645.246233332,17.0,0
38.00_74.00,2015-06-22,38.0,74.0,0.0,0.0,0.0,0.0,4.0,5813645.246233332,18.0,1
38.00_74.00,2015-06-29,38.0,74.0,1.0,4.1,4.1,4.1,5.0,2412537.544622753,19.0,0
38.00_74.00,2015-07-06,38.0,74.0,0.0,0.0,0.0,4.1,4.0,1412537.5446227526,20.0,1
38.00_74.00,2015-07-13,38.0,74.0,1.0,3.9,3.9,4.1,5.0,2120483.32900689,21.0,0
38.00_74.00,2015-07-20,38.0,74.0,0.0,0.0,0.0,4.1,5.0,2120483.32900689,22.0,1
38.00_74.00,2015-07-27,38.0,74.0,1.0,4.1,4.1,4.1,4.0,3533020.8736296427,23.0,0
38.00_74.00,2015-08-03,38.0,74.0,0.0,0.0,0.0,4.1,3.0,3533020.8736296427,24.0,0
38.00_74.00,2015-08-10,38.0,74.0,0.0,0.0,0.0,4.1,3.0,3533020.8736296427,25.0,1
38.00_74.00,2015-08-17,38.0,74.0,1.0,4.4,4.4,4.4,4.0,7514092.5791646205,26.0,1
38.00_74.00,2015-08-24,38.0,74.0,1.0,4.1,4.1,4.4,5.0,7514092.57916462,27.0,0
38.00_74.00,2015-08-31,38.0,74.0,0.0,0.0,0.0,4.4,5.0,7514092.57916462,28.0,0
38.00_74.00,2015-09-07,38.0,74.0,0.0,0.0,0.0,4.4,5.0,6806146.794780483,29.0,0
38.00_74.00,2015-09-14,38.0,74.0,0.0,0.0,0.0,4.1,5.0,6806146.794780483,30.0,0
38.00_74.00,2015-09-21,38.0,74.0,0.0,0.0,0.0,0.0,4.0,5393609.25015773,31.0,1
38.00_74.00,2015-09-28,38.0,74.0,1.0,4.1,4.1,4.1,5.0,6806146.794780483,32.0,1
38.00_74.00,2015-10-05,38.0,74.0,1.0,4.4,4.4,4.4,5.0,10787218.50031546,33.0,0
38.00_74.00,2015-10-12,38.0,74.0,0.0,0.0,0.0,4.4,5.0,6806146.794780482,34.0,0
38.00_74.00,2015-10-19,38.0,74.0,0.0,0.0,0.0,4.4,4.0,5393609.250157731,35.0,0
38.00_74.00,2015-10-26,38.0,74.0,0.0,0.0,0.0,4.4,4.0,5393609.250157731,36.0,0
38.00_74.00,2015-11-02,38.0,74.0,0.0,0.0,0.0,0.0,4.0,5393609.250157731,37.0,0
38.00_74.00,2015-11-09,38.0,74.0,0.0,0.0,0.0,0.0,3.0,5393609.250157731,38.0,1
38.00_74.00,2015-11-16,38.0,74.0,1.0,4.0,4.0,4.0,3.0,6393609.250157731,39.0,1
38.00_74.00,2015-11-23,38.0,74.0,1.0,4.7,4.7,4.7,4.0,16201256.24855463,0.0,0
38.00_74.00,2015-11-30,38.0,74.0,0.0,0.0,0.0,4.7,4.0,12220184.543019652,1.0,1
38.00_74.00,2015-12-07,38.0,74.0,1.0,4.4,4.4,4.7,5.0,16201256.24855463,2.0,0
38.00_74.00,2015-12-14,38.0,74.0,0.0,0.0,0.0,4.7,5.0,16201256.24855463,3.0,0
38.00_74.00,2015-12-21,38.0,74.0,0.0,0.0,0.0,4.4,4.0,16201256.24855463,4.0,1
38.00_74.00,2015-12-28,38.0,74.0,1.0,4.0,4.0,4.4,4.0,17201256.24855463,5.0,1
38.00_74.00,2016-01-04,38.0,74.0,1.0,4.4,4.4,4.4,5.0,21182327.954089608,6.0,0
38.00_74.00,2016-01-11,38.0,74.0,0.0,0.0,0.0,4.4,5.0,20182327.954089608,7.0,0
38.00_74.00,2016-01-18,38.0,74.0,0.0,0.0,0.0,4.4,5.0,8962143.411069956,8.0,0
38.00_74.00,2016-01-25,38.0,74.0,0.0,0.0,0.0,4.4,5.0,8962143.411069956,9.0,0
38.00_74.00,2016-02-01,38.0,74.0,0.0,0.0,0.0,0.0,5.0,4981071.705534977,10.0,0
38.00_74.00,2016-02-08,38.0,74.0,0.0,0.0,0.0,0.0,4.0,4981071.705534978,11.0,0
38.00_74.00,2016-02-15,38.0,74.0,0.0,0.0,0.0,0.0,3.0,4981071.705534978,12.0,1
38.00_74.00,2016-02-22,38.0,74.0,1.0,4.5,4.5,4.5,4.0,9604484.957438469,0.0,0
38.00_74.00,2016-02-29,38.0,74.0,0.0,0.0,0.0,4.5,3.0,5623413.251903491,1.0,0
38.00_74.00,2016-03-07,38.0,74.0,0.0,0.0,0.0,4.5,3.0,5623413.251903491,2.0,1
38.00_74.00,2016-03-14,38.0,74.0,1.0,4.1,4.1,4.5,4.0,7035950.796526244,3.0,0
38.00_74.00,2016-03-21,38.0,74.0,0.0,0.0,0.0,4.1,3.0,7035950.796526244,4.0,0
38.00_74.00,2016-03-28,38.0,74.0,0.0,0.0,0.0,4.1,2.0,7035950.796526244,5.0,0
38.00_74.00,2016-04-04,38.0,74.0,0.0,0.0,0.0,4.1,2.0,7035950.796526244,6.0,0
38.00_74.00,2016-04-11,38.0,74.0,0.0,0.0,0.0,0.0,2.0,7035950.796526244,7.0,0
38.00_74.00,2016-04-18,38.0,74.0,0.0,0.0,0.0,0.0,2.0,1412537.5446227526,8.0,0
38.00_74.00,2016-04-25,38.0,74.0,0.0,0.0,0.0,0.0,2.0,1412537.5446227526,9.0,3
38.00_74.00,2016-05-02,38.0,74.0,3.0,4.7,4.3,4.7,5.0,18269487.950171303,0.0,1
38.00_74.00,2016-05-09,38.0,74.0,1.0,4.3,4.3,4.7,6.0,19675333.336813,1.0,2
38.00_74.00,2016-05-16,38.0,74.0,2.0,4.6,4.5,4.7,7.0,33242028.935959294,0.0,1
38.00_74.00,2016-05-23,38.0,74.0,1.0,4.1,4.1,4.7,8.0,34654566.48058204,1.0,0
38.00_74.00,2016-05-30,38.0,74.0,0.0,0.0,0.0,4.6,8.0,34654566.48058204,2.0,0
38.00_74.00,2016-06-06,38.0,74.0,0.0,0.0,0.0,4.6,7.0,34654566.48058204,3.0,0
38.00_74.00,2016-06-13,38.0,74.0,0.0,0.0,0.0,4.1,7.0,34654566.48058204,4.0,0
38.00_74.00,2016-06-20,38.0,74.0,0.0,0.0,0.0,0.0,7.0,34654566.48058204,5.0,1
38.00_74.00,2016-06-27,38.0,74.0,1.0,4.7,4.7,4.7,8.0,29017800.61805315,0.0,0
38.00_74.00,2016-07-04,38.0,74.0,0.0,0.0,0.0,4.7,8.0,26199417.6867887,1.0,0
38.00_74.00,2016-07-11,38.0,74.0,0.0,0.0,0.0,4.7,8.0,12632722.087642405,2.0,0
38.00_74.00,2016-07-18,38.0,74.0,0.0,0.0,0.0,4.7,8.0,11220184.543019652,3.0,0
38.00_74.00,2016-07-25,38.0,74.0,0.0,0.0,0.0,0.0,5.0,11220184.543019652,4.0,1
38.00_74.00,2016-08-01,38.0,74.0,1.0,4.4,4.4,4.4,5.0,15201256.24855463,5.0,0
38.00_74.00,2016-08-08,38.0,74.0,0.0,0.0,0.0,4.4,3.0,15201256.24855463,6.0,0
38.00_74.00,2016-08-15,38.0,74.0,0.0,0.0,0.0,4.4,2.0,15201256.24855463,7.0,0
38.00_74.00,2016-08-22,38.0,74.0,0.0,0.0,0.0,4.4,2.0,3981071.7055349774,8.0,0
38.00_74.00,2016-08-29,38.0,74.0,0.0,0.0,0.0,0.0,2.0,3981071.7055349774,9.0,0
38.00_74.00,2016-09-05,38.0,74.0,0.0,0.0,0.0,0.0,2.0,3981071.7055349774,10.0,0
38.00_74.00,2016-09-12,38.0,74.0,0.0,0.0,0.0,0.0,2.0,3981071.7055349774,11.0,0
38.00_74.00,2016-09-19,38.0,74.0,0.0,0.0,0.0,0.0,1.0,3981071.7055349774,12.0,0
38.00_74.00,2016-09-26,38.0,74.0,0.0,0.0,0.0,0.0,1.0,0.0,13.0,0
38.00_74.00,2016-10-03,38.0,74.0,0.0,0.0,0.0,0.0,1.0,0.0,14.0,0
38.00_74.00,2016-10-10,38.0,74.0,0.0,0.0,0.0,0.0,1.0,0.0,15.0,0
38.00_74.00,2016-10-17,38.0,74.0,0.0,0.0,0.0,0.0,1.0,0.0,16.0,0
38.00_74.00,2016-10-24,38.0,74.0,0.0,0.0,0.0,0.0,0.0,0.0,17.0,0
38.00_74.00,2016-10-31,38.0,74.0,0.0,0.0,0.0,0.0,0.0,0.0,18.0,0
38.00_74.00,2016-11-07,38.0,74.0,0.0,0.0,0.0,0.0,0.0,0.0,19.0,0
38.00_74.00,2016-11-14,38.0,74.0,0.0,0.0,0.0,0.0,0.0,0.0,20.0,0
38.00_74.00,2016-11-21,38.0,74.0,0.0,0.0,0.0,0.0,0.0,0.0,21.0,14
38.00_74.00,2016-11-28,38.0,74.0,14.0,5.1,4.2,5.1,14.0,121043312.50207241,0.0,4
38.00_74.00,2016-12-05,38.0,74.0,4.0,4.6,4.1,5.1,18.0,137198587.0307374,0.0,5
38.00_74.00,2016-12-12,38.0,74.0,5.0,4.6,4.3,5.1,23.0,163865678.0675574,0.0,2
38.00_74.00,2016-12-19,38.0,74.0,2.0,4.8,4.4,5.1,25.0,183695681.69770348,0.0,1
38.00_74.00,2016-12-26,38.0,74.0,1.0,4.9,4.9,4.9,26.0,206082893.08338693,0.0,0
38.00_74.00,2017-01-02,38.0,74.0,0.0,0.0,0.0,4.9,26.0,206082893.08338693,1.0,0
38.00_74.00,2017-01-09,38.0,74.0,0.0,0.0,0.0,4.9,26.0,206082893.08338693,2.0,0
38.00_74.00,2017-01-16,38.0,74.0,0.0,0.0,0.0,4.9,26.0,206082893.08338693,3.0,1
38.00_74.00,2017-01-23,38.0,74.0,1.0,5.3,5.3,5.3,27.0,174164674.3946889,0.0,2
38.00_74.00,2017-01-30,38.0,74.0,2.0,4.5,4.4,5.3,29.0,167613884.8234624,0.0,0
38.00_74.00,2017-02-06,38.0,74.0,0.0,0.0,0.0,5.3,29.0,140946793.78664237,1.0,1
38.00_74.00,2017-02-13,38.0,74.0,1.0,4.1,4.1,5.3,30.0,122529327.70111904,2.0,0
38.00_74.00,2017-02-20,38.0,74.0,0.0,0.0,0.0,4.5,16.0,100142116.31543562,3.0,0
38.00_74.00,2017-02-27,38.0,74.0,0.0,0.0,0.0,4.1,12.0,100142116.31543562,4.0,0
38.00_74.00,2017-03-06,38.0,74.0,0.0,0.0,0.0,4.1,7.0,100142116.31543562,5.0,0
38.00_74.00,2017-03-13,38.0,74.0,0.0,0.0,0.0,0.0,5.0,100142116.31543562,6.0,0
38.00_74.00,2017-03-20,38.0,74.0,0.0,0.0,0.0,0.0,4.0,11017022.502061222,7.0,0
38.00_74.00,2017-03-27,38.0,74.0,0.0,0.0,0.0,0.0,4.0,1412537.5446227526,8.0,1
38.00_74.00,2017-04-03,38.0,74.0,1.0,4.6,4.6,4.6,5.0,9355819.891865557,0.0,0
38.00_74.00,2017-04-10,38.0,74.0,0.0,0.0,0.0,4.6,5.0,7943282.347242805,1.0,0
38.00_74.00,2017-04-17,38.0,74.0,0.0,0.0,0.0,4.6,4.0,7943282.347242805,2.0,0
38.00_74.00,2017-04-24,38.0,74.0,0.0,0.0,0.0,4.6,2.0,7943282.347242805,3.0,1
38.00_74.00,2017-05-01,38.0,74.0,1.0,4.4,4.4,4.4,3.0,11924354.052777782,4.0,0
38.00_74.00,2017-05-08,38.0,74.0,0.0,0.0,0.0,4.4,2.0,11924354.052777782,5.0,0
38.00_74.00,2017-05-15,38.0,74.0,0.0,0.0,0.0,4.4,2.0,11924354.052777782,6.0,0
38.00_74.00,2017-05-22,38.0,74.0,0.0,0.0,0.0,4.4,2.0,11924354.052777782,7.0,0
38.00_74.00,2017-05-29,38.0,74.0,0.0,0.0,0.0,0.0,2.0,3981071.7055349774,8.0,0
38.00_74.00,2017-06-05,38.0,74.0,0.0,0.0,0.0,0.0,2.0,3981071.7055349774,9.0,0
38.00_74.00,2017-06-12,38.0,74.0,0.0,0.0,0.0,0.0,2.0,3981071.7055349774,10.0,0
38.00_74.00,2017-06-19,38.0,74.0,0.0,0.0,0.0,0.0,2.0,3981071.7055349774,11.0,0
38.00_74.00,2017-06-26,38.0,74.0,0.0,0.0,0.0,0.0,1.0,0.0,12.0,0
38.00_74.00,2017-07-03,38.0,74.0,0.0,0.0,0.0,0.0,1.0,0.0,13.0,0
38.00_74.00,2017-07-10,38.0,74.0,0.0,0.0,0.0,0.0,1.0,0.0,14.0,1
38.00_74.00,2017-07-17,38.0,74.0,1.0,4.0,4.0,4.0,2.0,1000000.0,15.0,0
38.00_74.00,2017-07-24,38.0,74.0,0.0,0.0,0.0,4.0,1.0,1000000.0,16.0,2
38.00_74.00,2017-07-31,38.0,74.0,2.0,4.4,4.2,4.4,3.0,6976334.02050386,17.0,0
38.00_74.00,2017-08-07,38.0,74.0,0.0,0.0,0.0,4.4,3.0,6976334.02050386,18.0,1
38.00_74.00,2017-08-14,38.0,74.0,1.0,4.3,4.3,4.4,4.0,9794716.951768309,19.0,0
38.00_74.00,2017-08-21,38.0,74.0,0.0,0.0,0.0,4.4,4.0,9794716.951768309,20.0,1
38.00_74.00,2017-08-28,38.0,74.0,1.0,4.2,4.2,4.3,5.0,11789979.266737193,21.0,1
38.00_74.00,2017-09-04,38.0,74.0,1.0,4.4,4.4,4.4,6.0,15771050.972272169,22.0,1
38.00_74.00,2017-09-11,38.0,74.0,1.0,4.2,4.2,4.4,7.0,16766313.287241053,23.0,0
38.00_74.00,2017-09-18,38.0,74.0,0.0,0.0,0.0,4.4,7.0,16766313.287241053,24.0,0
38.00_74.00,2017-09-25,38.0,74.0,0.0,0.0,0.0,4.4,7.0,10789979.266737193,25.0,0
38.00_74.00,2017-10-02,38.0,74.0,0.0,0.0,0.0,4.2,7.0,10789979.266737193,26.0,0
38.00_74.00,2017-10-09,38.0,74.0,0.0,0.0,0.0,0.0,6.0,7971596.335472744,27.0,1
38.00_74.00,2017-10-16,38.0,74.0,1.0,4.4,4.4,4.4,7.0,11952668.04100772,28.0,0
38.00_74.00,2017-10-23,38.0,74.0,0.0,0.0,0.0,4.4,5.0,9957405.726038836,29.0,1
38.00_74.00,2017-10-30,38.0,74.0,1.0,4.0,4.0,4.4,6.0,6976334.02050386,30.0,0
38.00_74.00,2017-11-06,38.0,74.0,0.0,0.0,0.0,4.4,5.0,4981071.705534977,31.0,0
38.00_74.00,2017-11-13,38.0,74.0,0.0,0.0,0.0,4.0,5.0,4981071.705534977,32.0,0
38.00_74.00,2017-11-20,38.0,74.0,0.0,0.0,0.0,4.0,4.0,4981071.705534977,33.0,1
38.00_74.00,2017-11-27,38.0,74.0,1.0,4.3,4.3,4.3,4.0,7799454.636799427,34.0,1
38.00_74.00,2017-12-04,38.0,74.0,1.0,4.5,4.5,4.5,4.0,13422867.888702918,0.0,0
38.00_74.00,2017-12-11,38.0,74.0,0.0,0.0,0.0,4.5,4.0,9441796.183167942,1.0,1
38.00_74.00,2017-12-18,38.0,74.0,1.0,4.3,4.3,4.5,5.0,12260179.11443239,2.0,0
38.00_74.00,2017-12-25,38.0,74.0,0.0,0.0,0.0,4.5,5.0,11260179.11443239,3.0,0
38.00_74.00,2018-01-01,38.0,74.0,0.0,0.0,0.0,4.3,5.0,11260179.11443239,4.0,1
38.00_74.00,2018-01-08,38.0,74.0,1.0,4.1,4.1,4.3,5.0,12672716.659055144,5.0,0
38.00_74.00,2018-01-15,38.0,74.0,0.0,0.0,0.0,4.1,5.0,12672716.659055144,6.0,1
38.00_74.00,2018-01-22,38.0,74.0,1.0,4.3,4.3,4.3,5.0,12672716.659055144,7.0,0
38.00_74.00,2018-01-29,38.0,74.0,0.0,0.0,0.0,4.3,5.0,7049303.407151652,8.0,0
38.00_74.00,2018-02-05,38.0,74.0,0.0,0.0,0.0,4.3,5.0,7049303.407151652,9.0,0
38.00_74.00,2018-02-12,38.0,74.0,0.0,0.0,0.0,4.3,5.0,4230920.475887202,10.0,0
38.00_74.00,2018-02-19,38.0,74.0,0.0,0.0,0.0,0.0,4.0,4230920.475887202,11.0,0
38.00_74.00,2018-02-26,38.0,74.0,0.0,0.0,0.0,0.0,3.0,4230920.475887202,12.0,0
38.00_74.00,2018-03-05,38.0,74.0,0.0,0.0,0.0,0.0,3.0,2818382.93126445,13.0,0
38.00_74.00,2018-03-12,38.0,74.0,0.0,0.0,0.0,0.0,2.0,2818382.93126445,14.0,1
38.00_74.00,2018-03-19,38.0,74.0,1.0,4.3,4.3,4.3,3.0,2818382.9312644494,15.0,0
38.00_74.00,2018-03-26,38.0,74.0,0.0,0.0,0.0,4.3,3.0,2818382.9312644494,16.0,0
38.00_74.00,2018-04-02,38.0,74.0,0.0,0.0,0.0,4.3,2.0,2818382.9312644494,17.0,2
38.00_74.00,2018-04-09,38.0,74.0,2.0,5.0,4.6,5.0,4.0,42384441.88019105,0.0,0
38.00_74.00,2018-04-16,38.0,74.0,0.0,0.0,0.0,5.0,3.0,42384441.88019105,1.0,0
38.00_74.00,2018-04-23,38.0,74.0,0.0,0.0,0.0,5.0,3.0,42384441.88019105,2.0,0
38.00_74.00,2018-04-30,38.0,74.0,0.0,0.0,0.0,5.0,3.0,42384441.88019105,3.0,1
38.00_74.00,2018-05-07,38.0,74.0,1.0,4.4,4.4,4.4,4.0,46365513.58572603,4.0,1
38.00_74.00,2018-05-14,38.0,74.0,1.0,4.4,4.4,4.4,5.0,47528202.35999655,5.0,0
38.00_74.00,2018-05-21,38.0,74.0,0.0,0.0,0.0,4.4,5.0,47528202.35999655,6.0,0
38.00_74.00,2018-05-28,38.0,74.0,0.0,0.0,0.0,4.4,5.0,47528202.35999655,7.0,0
38.00_74.00,2018-06-04,38.0,74.0,0.0,0.0,0.0,4.4,5.0,7962143.411069955,8.0,0
38.00_74.00,2018-06-11,38.0,74.0,0.0,0.0,0.0,0.0,4.0,7962143.411069955,9.0,0
38.00_74.00,2018-06-18,38.0,74.0,0.0,0.0,0.0,0.0,4.0,7962143.411069955,10.0,0
38.00_74.00,2018-06-25,38.0,74.0,0.0,0.0,0.0,0.0,4.0,7962143.411069955,11.0,0
38.00_74.00,2018-07-02,38.0,74.0,0.0,0.0,0.0,0.0,2.0,3981071.7055349774,12.0,0
38.00_74.00,2018-07-09,38.0,74.0,0.0,0.0,0.0,0.0,2.0,0.0,13.0,0
38.00_74.00,2018-07-16,38.0,74.0,0.0,0.0,0.0,0.0,2.0,0.0,14.0,0
38.00_74.00,2018-07-23,38.0,74.0,0.0,0.0,0.0,0.0,2.0,0.0,15.0,0
38.00_74.00,2018-07-30,38.0,74.0,0.0,0.0,0.0,0.0,1.0,0.0,16.0,0
38.00_74.00,2018-08-06,38.0,74.0,0.0,0.0,0.0,0.0,0.0,0.0,17.0,1
38.00_74.00,2018-08-13,38.0,74.0,1.0,4.3,4.3,4.3,1.0,2818382.9312644494,18.0,0
38.00_74.00,2018-08-20,38.0,74.0,0.0,0.0,0.0,4.3,1.0,2818382.9312644494,19.0,0
38.00_74.00,2018-08-27,38.0,74.0,0.0,0.0,0.0,4.3,1.0,2818382.9312644494,20.0,0
38.00_74.00,2018-09-03,38.0,74.0,0.0,0.0,0.0,4.3,1.0,2818382.9312644494,21.0,3
38.00_74.00,2018-09-10,38.0,74.0,3.0,5.5,4.6,5.5,4.0,196532888.62964234,0.0,0
38.00_74.00,2018-09-17,38.0,74.0,0.0,0.0,0.0,5.5,4.0,196532888.62964234,1.0,0
38.00_74.00,2018-09-24,38.0,74.0,0.0,0.0,0.0,5.5,4.0,196532888.62964234,2.0,0
38.00_74.00,2018-10-01,38.0,74.0,0.0,0.0,0.0,5.5,4.0,196532888.62964234,3.0,0
38.00_74.00,2018-10-08,38.0,74.0,0.0,0.0,0.0,0.0,4.0,193714505.69837788,4.0,1
38.00_74.00,2018-10-15,38.0,74.0,1.0,4.6,4.6,4.6,5.0,201657788.04562068,0.0,1
38.00_74.00,2018-10-22,38.0,74.0,1.0,4.4,4.4,4.6,6.0,205638859.75115567,1.0,0
38.00_74.00,2018-10-29,38.0,74.0,0.0,0.0,0.0,4.6,6.0,205638859.75115567,2.0,1
38.00_74.00,2018-11-05,38.0,74.0,1.0,4.6,4.6,4.6,6.0,19867636.40002059,0.0,0
38.00_74.00,2018-11-12,38.0,74.0,0.0,0.0,0.0,4.6,6.0,19867636.40002059,1.0,0
38.00_74.00,2018-11-19,38.0,74.0,0.0,0.0,0.0,4.6,6.0,19867636.40002059,2.0,0
38.00_74.00,2018-11-26,38.0,74.0,0.0,0.0,0.0,4.6,6.0,19867636.40002059,3.0,1
38.00_74.00,2018-12-03,38.0,74.0,1.0,4.2,4.2,4.2,4.0,21862898.714989472,4.0,0
38.00_74.00,2018-12-10,38.0,74.0,0.0,0.0,0.0,4.2,4.0,13919616.367746664,5.0,2
38.00_74.00,2018-12-17,38.0,74.0,2.0,4.7,4.6,4.7,6.0,29102011.55247415,0.0,2
38.00_74.00,2018-12-24,38.0,74.0,2.0,5.0,4.6,5.0,8.0,68668070.50140074,0.0,1
38.00_74.00,2018-12-31,38.0,74.0,1.0,4.1,4.1,5.0,9.0,62137325.69878069,1.0,0
38.00_74.00,2019-01-07,38.0,74.0,0.0,0.0,0.0,5.0,8.0,62137325.698780686,2.0,2
38.00_74.00,2019-01-14,38.0,74.0,2.0,5.3,4.2,5.3,9.0,153257681.82712397,0.0,0
38.00_74.00,2019-01-21,38.0,74.0,0.0,0.0,0.0,5.3,9.0,153257681.82712397,1.0,0
38.00_74.00,2019-01-28,38.0,74.0,0.0,0.0,0.0,5.3,8.0,151262419.5121551,2.0,0
38.00_74.00,2019-02-04,38.0,74.0,0.0,0.0,0.0,5.3,8.0,151262419.5121551,3.0,0
38.00_74.00,2019-02-11,38.0,74.0,0.0,0.0,0.0,0.0,8.0,132098952.62189263,4.0,0
38.00_74.00,2019-02-18,38.0,74.0,0.0,0.0,0.0,0.0,8.0,92532893.67296603,5.0,1
38.00_74.00,2019-02-25,38.0,74.0,1.0,4.4,4.4,4.4,8.0,95101427.83387826,6.0,0
38.00_74.00,2019-03-04,38.0,74.0,0.0,0.0,0.0,4.4,8.0,95101427.83387826,7.0,0
38.00_74.00,2019-03-11,38.0,74.0,0.0,0.0,0.0,4.4,6.0,3981071.7055349774,8.0,0
38.00_74.00,2019-03-18,38.0,74.0,0.0,0.0,0.0,4.4,4.0,3981071.7055349774,9.0,0
38.00_74.00,2019-03-25,38.0,74.0,0.0,0.0,0.0,0.0,3.0,3981071.7055349774,10.0,0
38.00_74.00,2019-04-01,38.0,74.0,0.0,0.0,0.0,0.0,3.0,3981071.7055349774,11.0,1
38.00_74.00,2019-04-08,38.0,74.0,1.0,4.5,4.5,4.5,2.0,9604484.957438469,0.0,0
38.00_74.00,2019-04-15,38.0,74.0,0.0,0.0,0.0,4.5,2.0,9604484.957438469,1.0,0
38.00_74.00,2019-04-22,38.0,74.0,0.0,0.0,0.0,4.5,2.0,5623413.251903491,2.0,0
38.00_74.00,2019-04-29,38.0,74.0,0.0,0.0,0.0,4.5,2.0,5623413.251903491,3.0,0
38.00_74.00,2019-05-06,38.0,74.0,0.0,0.0,0.0,0.0,2.0,5623413.251903491,4.0,0
38.00_74.00,2019-05-13,38.0,74.0,0.0,0.0,0.0,0.0,2.0,5623413.251903491,5.0,2
38.00_74.00,2019-05-20,38.0,74.0,2.0,4.4,4.3,4.4,3.0,12422867.888702918,6.0,0
38.00_74.00,2019-05-27,38.0,74.0,0.0,0.0,0.0,4.4,3.0,12422867.888702918,7.0,0
38.00_74.00,2019-06-03,38.0,74.0,0.0,0.0,0.0,4.4,3.0,6799454.636799427,8.0,0
38.00_74.00,2019-06-10,38.0,74.0,0.0,0.0,0.0,4.4,3.0,6799454.636799427,9.0,0
38.00_74.00,2019-06-17,38.0,74.0,0.0,0.0,0.0,0.0,3.0,6799454.636799427,10.0,1
38.00_74.00,2019-06-24,38.0,74.0,1.0,4.1,4.1,4.1,4.0,8211992.18142218,11.0,0
38.00_74.00,2019-07-01,38.0,74.0,0.0,0.0,0.0,4.1,3.0,8211992.18142218,12.0,0
38.00_74.00,2019-07-08,38.0,74.0,0.0,0.0,0.0,4.1,3.0,8211992.18142218,13.0,0
38.00_74.00,2019-07-15,38.0,74.0,0.0,0.0,0.0,4.1,3.0,1412537.5446227526,14.0,0
38.00_74.00,2019-07-22,38.0,74.0,0.0,0.0,0.0,0.0,3.0,1412537.5446227526,15.0,0
38.00_74.00,2019-07-29,38.0,74.0,0.0,0.0,0.0,0.0,3.0,1412537.5446227526,16.0,0
38.00_74.00,2019-08-05,38.0,74.0,0.0,0.0,0.0,0.0,3.0,1412537.5446227526,17.0,1
38.00_74.00,2019-08-12,38.0,74.0,1.0,4.3,4.3,4.3,2.0,4230920.475887202,18.0,0
38.00_74.00,2019-08-19,38.0,74.0,0.0,0.0,0.0,4.3,2.0,2818382.9312644494,19.0,0
38.00_74.00,2019-08-26,38.0,74.0,0.0,0.0,0.0,4.3,2.0,2818382.93126445,20.0,1
38.00_74.00,2019-09-02,38.0,74.0,1.0,4.0,4.0,4.3,3.0,3818382.93126445,21.0,0
38.00_74.00,2019-09-09,38.0,74.0,0.0,0.0,0.0,4.0,3.0,3818382.93126445,22.0,0
38.00_74.00,2019-09-16,38.0,74.0,0.0,0.0,0.0,4.0,2.0,3818382.93126445,23.0,0
38.00_74.00,2019-09-23,38.0,74.0,0.0,0.0,0.0,4.0,2.0,3818382.93126445,24.0,0
38.00_74.00,2019-09-30,38.0,74.0,0.0,0.0,0.0,0.0,2.0,3818382.93126445,25.0,1
38.00_74.00,2019-10-07,38.0,74.0,1.0,4.5,4.5,4.5,3.0,6623413.251903491,0.0,0
38.00_74.00,2019-10-14,38.0,74.0,0.0,0.0,0.0,4.5,3.0,6623413.251903491,1.0,0
38.00_74.00,2019-10-21,38.0,74.0,0.0,0.0,0.0,4.5,3.0,6623413.251903491,2.0,0
38.00_74.00,2019-10-28,38.0,74.0,0.0,0.0,0.0,4.5,3.0,5623413.251903491,3.0,0
38.00_74.00,2019-11-04,38.0,74.0,0.0,0.0,0.0,0.0,2.0,5623413.251903491,4.0,0
38.00_74.00,2019-11-11,38.0,74.0,0.0,0.0,0.0,0.0,2.0,5623413.251903491,5.0,0
38.00_74.00,2019-11-18,38.0,74.0,0.0,0.0,0.0,0.0,2.0,5623413.251903491,6.0,0
38.00_74.00,2019-11-25,38.0,74.0,0.0,0.0,0.0,0.0,1.0,5623413.251903491,7.0,0
38.00_74.00,2019-12-02,38.0,74.0,0.0,0.0,0.0,0.0,1.0,0.0,8.0,0
38.00_74.00,2019-12-09,38.0,74.0,0.0,0.0,0.0,0.0,1.0,0.0,9.0,0
38.00_74.00,2019-12-16,38.0,74.0,0.0,0.0,0.0,0.0,1.0,0.0,10.0,0
38.00_74.00,2019-12-23,38.0,74.0,0.0,0.0,0.0,0.0,1.0,0.0,11.0,1
38.00_74.00,2019-12-30,38.0,74.0,1.0,4.4,4.4,4.4,1.0,3981071.7055349774,12.0,1
38.00_74.00,2020-01-06,38.0,74.0,1.0,4.1,4.1,4.4,2.0,5393609.25015773,13.0,0
38.00_74.00,2020-01-13,38.0,74.0,0.0,0.0,0.0,4.4,2.0,5393609.25015773,14.0,0
38.00_74.00,2020-01-20,38.0,74.0,0.0,0.0,0.0,4.4,2.0,5393609.25015773,15.0,0
38.00_74.00,2020-01-27,38.0,74.0,0.0,0.0,0.0,4.1,2.0,5393609.25015773,16.0,1
38.00_74.00,2020-02-03,38.0,74.0,1.0,4.2,4.2,4.2,3.0,7388871.565126613,17.0,0
38.00_74.00,2020-02-10,38.0,74.0,0.0,0.0,0.0,4.2,3.0,7388871.565126613,18.0,0
38.00_74.00,2020-02-17,38.0,74.0,0.0,0.0,0.0,4.2,3.0,7388871.565126613,19.0,0
38.00_74.00,2020-02-24,38.0,74.0,0.0,0.0,0.0,4.2,3.0,3407799.8595916354,20.0,0
38.00_74.00,2020-03-02,38.0,74.0,0.0,0.0,0.0,0.0,3.0,1995262.3149688828,21.0,0
38.00_74.00,2020-03-09,38.0,74.0,0.0,0.0,0.0,0.0,3.0,1995262.3149688828,22.0,1
38.00_74.00,2020-03-16,38.0,74.0,1.0,4.2,4.2,4.2,4.0,3990524.6299377657,23.0,0
38.00_74.00,2020-03-23,38.0,74.0,0.0,0.0,0.0,4.2,3.0,3990524.6299377657,24.0,0
38.00_74.00,2020-03-30,38.0,74.0,0.0,0.0,0.0,4.2,2.0,1995262.3149688828,25.0,0
38.00_74.00,2020-04-06,38.0,74.0,0.0,0.0,0.0,4.2,2.0,1995262.3149688828,26.0,0
38.00_74.00,2020-04-13,38.0,74.0,0.0,0.0,0.0,0.0,2.0,1995262.3149688828,27.0,0
38.00_74.00,2020-04-20,38.0,74.0,0.0,0.0,0.0,0.0,2.0,1995262.3149688828,28.0,0
38.00_74.00,2020-04-27,38.0,74.0,0.0,0.0,0.0,0.0,1.0,1995262.3149688828,29.0,0
38.00_74.00,2020-05-04,38.0,74.0,0.0,0.0,0.0,0.0,1.0,1995262.3149688828,30.0,0
38.00_74.00,2020-05-11,38.0,74.0,0.0,0.0,0.0,0.0,1.0,0.0,31.0,0
38.00_74.00,2020-05-18,38.0,74.0,0.0,0.0,0.0,0.0,1.0,0.0,32.0,1
38.00_74.00,2020-05-25,38.0,74.0,1.0,4.3,4.3,4.3,2.0,2818382.9312644494,33.0,0
38.00_74.00,2020-06-01,38.0,74.0,0.0,0.0,0.0,4.3,2.0,2818382.9312644494,34.0,0
38.00_74.00,2020-06-08,38.0,74.0,0.0,0.0,0.0,4.3,1.0,2818382.9312644494,35.0,2
38.00_74.00,2020-06-15,38.0,74.0,2.0,4.3,4.2,4.3,3.0,7632028.177497782,36.0,0
38.00_74.00,2020-06-22,38.0,74.0,0.0,0.0,0.0,4.3,3.0,7632028.177497781,37.0,0
38.00_74.00,2020-06-29,38.0,74.0,0.0,0.0,0.0,4.3,3.0,7632028.177497781,38.0,1
38.00_74.00,2020-07-06,38.0,74.0,1.0,4.5,4.5,4.5,4.0,13255441.429401271,0.0,0
38.00_74.00,2020-07-13,38.0,74.0,0.0,0.0,0.0,4.5,4.0,13255441.429401271,1.0,0
38.00_74.00,2020-07-20,38.0,74.0,0.0,0.0,0.0,4.5,4.0,10437058.498136822,2.0,0
38.00_74.00,2020-07-27,38.0,74.0,0.0,0.0,0.0,4.5,4.0,10437058.498136822,3.0,1
38.00_74.00,2020-08-03,38.0,74.0,1.0,4.3,4.3,4.3,5.0,13255441.429401273,4.0,0
38.00_74.00,2020-08-10,38.0,74.0,0.0,0.0,0.0,4.3,5.0,8441796.18316794,5.0,2
38.00_74.00,2020-08-17,38.0,74.0,2.0,4.4,4.3,4.4,6.0,15241250.819967367,6.0,0
38.00_74.00,2020-08-24,38.0,74.0,0.0,0.0,0.0,4.4,6.0,15241250.819967367,7.0,0
38.00_74.00,2020-08-31,38.0,74.0,0.0,0.0,0.0,4.4,6.0,9617837.568063876,8.0,1
38.00_74.00,2020-09-07,38.0,74.0,1.0,4.1,4.1,4.4,5.0,11030375.112686628,9.0,0
38.00_74.00,2020-09-14,38.0,74.0,0.0,0.0,0.0,4.1,5.0,11030375.112686628,10.0,2
38.00_74.00,2020-09-21,38.0,74.0,2.0,4.5,4.4,4.5,7.0,20634860.070125096,0.0,0
38.00_74.00,2020-09-28,38.0,74.0,0.0,0.0,0.0,4.5,6.0,17816477.13886065,1.0,0
38.00_74.00,2020-10-05,38.0,74.0,0.0,0.0,0.0,4.5,6.0,17816477.13886065,2.0,0
38.00_74.00,2020-10-12,38.0,74.0,0.0,0.0,0.0,4.5,6.0,11017022.502061222,3.0,1
38.00_74.00,2020-10-19,38.0,74.0,1.0,4.4,4.4,4.4,7.0,14998094.2075962,4.0,1
38.00_74.00,2020-10-26,38.0,74.0,1.0,4.2,4.2,4.4,7.0,16993356.52256508,5.0,1
38.00_74.00,2020-11-02,38.0,74.0,1.0,4.8,4.8,4.8,8.0,31429750.90255344,0.0,0
38.00_74.00,2020-11-09,38.0,74.0,0.0,0.0,0.0,4.8,6.0,31429750.90255344,1.0,1
38.00_74.00,2020-11-16,38.0,74.0,1.0,4.6,4.6,4.8,7.0,29768548.292357773,0.0,0
38.00_74.00,2020-11-23,38.0,74.0,0.0,0.0,0.0,4.8,7.0,29768548.292357773,1.0,0
38.00_74.00,2020-11-30,38.0,74.0,0.0,0.0,0.0,4.6,6.0,29768548.292357773,2.0,2
38.00_74.00,2020-12-07,38.0,74.0,2.0,4.4,4.1,4.6,8.0,35162157.5425155,3.0,0
38.00_74.00,2020-12-14,38.0,74.0,0.0,0.0,0.0,4.4,6.0,31181085.83698053,4.0,0
38.00_74.00,2020-12-21,38.0,74.0,0.0,0.0,0.0,4.4,6.0,29185823.522011645,5.0,0
38.00_74.00,2020-12-28,38.0,74.0,0.0,0.0,0.0,4.4,6.0,13336891.597400535,6.0,0
38.00_74.00,2021-01-04,38.0,74.0,0.0,0.0,0.0,0.0,6.0,13336891.597400535,7.0,0
38.00_74.00,2021-01-11,38.0,74.0,0.0,0.0,0.0,0.0,5.0,5393609.25015773,8.0,0
38.00_74.00,2021-01-18,38.0,74.0,0.0,0.0,0.0,0.0,4.0,5393609.25015773,9.0,0
38.00_74.00,2021-01-25,38.0,74.0,0.0,0.0,0.0,0.0,3.0,5393609.25015773,10.0,0
38.00_74.00,2021-02-01,38.0,74.0,0.0,0.0,0.0,0.0,3.0,0.0,11.0,0
38.00_74.00,2021-02-08,38.0,74.0,0.0,0.0,0.0,0.0,2.0,0.0,12.0,1
38.00_74.00,2021-02-15,38.0,74.0,1.0,4.5,4.5,4.5,3.0,5623413.251903491,0.0,0
38.00_74.00,2021-02-22,38.0,74.0,0.0,0.0,0.0,4.5,3.0,5623413.251903491,1.0,0
38.00_74.00,2021-03-01,38.0,74.0,0.0,0.0,0.0,4.5,1.0,5623413.251903491,2.0,0
38.00_74.00,2021-03-08,38.0,74.0,0.0,0.0,0.0,4.5,1.0,5623413.251903491,3.0,0
38.00_74.00,2021-03-15,38.0,74.0,0.0,0.0,0.0,0.0,1.0,5623413.251903491,4.0,0
38.00_74.00,2021-03-22,38.0,74.0,0.0,0.0,0.0,0.0,1.0,5623413.251903491,5.0,0
38.00_74.00,2021-03-29,38.0,74.0,0.0,0.0,0.0,0.0,1.0,5623413.251903491,6.0,0
38.00_74.00,2021-04-05,38.0,74.0,0.0,0.0,0.0,0.0,1.0,5623413.251903491,7.0,0
38.00_74.00,2021-04-12,38.0,74.0,0.0,0.0,0.0,0.0,1.0,0.0,8.0,0
38.00_74.00,2021-04-19,38.0,74.0,0.0,0.0,0.0,0.0,1.0,0.0,9.0,0
38.00_74.00,2021-04-26,38.0,74.0,0.0,0.0,0.0,0.0,1.0,0.0,10.0,0
38.00_74.00,2021-05-03,38.0,74.0,0.0,0.0,0.0,0.0,1.0,0.0,11.0,1
38.00_74.00,2021-05-10,38.0,74.0,1.0,4.2,4.2,4.2,1.0,1995262.3149688828,12.0,0
38.00_74.00,2021-05-17,38.0,74.0,0.0,0.0,0.0,4.2,1.0,1995262.3149688828,13.0,0
38.00_74.00,2021-05-24,38.0,74.0,0.0,0.0,0.0,4.2,1.0,1995262.3149688828,14.0,1
38.00_74.00,2021-05-31,38.0,74.0,1.0,4.4,4.4,4.4,2.0,5976334.02050386,15.0,0
38.00_74.00,2021-06-07,38.0,74.0,0.0,0.0,0.0,4.4,2.0,5976334.02050386,16.0,0
38.00_74.00,2021-06-14,38.0,74.0,0.0,0.0,0.0,4.4,2.0,5976334.02050386,17.0,0
38.00_74.00,2021-06-21,38.0,74.0,0.0,0.0,0.0,4.4,2.0,5976334.02050386,18.0,0
38.00_74.00,2021-06-28,38.0,74.0,0.0,0.0,0.0,0.0,2.0,5976334.02050386,19.0,1
38.00_74.00,2021-07-05,38.0,74.0,1.0,4.0,4.0,4.0,3.0,4981071.705534978,20.0,0
38.00_74.00,2021-07-12,38.0,74.0,0.0,0.0,0.0,4.0,3.0,4981071.705534978,21.0,0
38.00_74.00,2021-07-19,38.0,74.0,0.0,0.0,0.0,4.0,3.0,4981071.705534978,22.0,0
38.00_74.00,2021-07-26,38.0,74.0,0.0,0.0,0.0,4.0,3.0,1000000.0000000005,23.0,1
38.00_74.00,2021-08-02,38.0,74.0,1.0,4.3,4.3,4.3,3.0,3818382.93126445,24.0,0
38.00_74.00,2021-08-09,38.0,74.0,0.0,0.0,0.0,4.3,3.0,3818382.93126445,25.0,1
38.00_74.00,2021-08-16,38.0,74.0,1.0,4.7,4.7,4.7,4.0,15038567.474284101,0.0,0
38.00_74.00,2021-08-23,38.0,74.0,0.0,0.0,0.0,4.7,3.0,15038567.474284101,1.0,0
38.00_74.00,2021-08-30,38.0,74.0,0.0,0.0,0.0,4.7,3.0,14038567.474284101,2.0,0
38.00_74.00,2021-09-06,38.0,74.0,0.0,0.0,0.0,4.7,3.0,14038567.474284101,3.0,0
38.00_74.00,2021-09-13,38.0,74.0,0.0,0.0,0.0,0.0,3.0,14038567.474284101,4.0,0
38.00_74.00,2021-09-20,38.0,74.0,0.0,0.0,0.0,0.0,3.0,14038567.474284101,5.0,0
38.00_74.00,2021-09-27,38.0,74.0,0.0,0.0,0.0,0.0,2.0,11220184.543019652,6.0,0
38.00_74.00,2021-10-04,38.0,74.0,0.0,0.0,0.0,0.0,2.0,11220184.543019652,7.0,1
38.00_74.00,2021-10-11,38.0,74.0,1.0,4.4,4.4,4.4,3.0,3981071.7055349774,8.0,1
38.00_74.00,2021-10-18,38.0,74.0,1.0,4.1,4.1,4.4,4.0,5393609.25015773,9.0,0
38.00_74.00,2021-10-25,38.0,74.0,0.0,0.0,0.0,4.4,3.0,5393609.25015773,10.0,0
38.00_74.00,2021-11-01,38.0,74.0,0.0,0.0,0.0,4.4,3.0,5393609.25015773,11.0,1
38.00_74.00,2021-11-08,38.0,74.0,1.0,4.4,4.4,4.4,3.0,9374680.955692708,12.0,0
38.00_74.00,2021-11-15,38.0,74.0,0.0,0.0,0.0,4.4,3.0,9374680.955692708,13.0,1
38.00_74.00,2021-11-22,38.0,74.0,1.0,4.0,4.0,4.4,4.0,10374680.955692708,14.0,0
38.00_74.00,2021-11-29,38.0,74.0,0.0,0.0,0.0,4.4,4.0,10374680.955692708,15.0,0
38.00_74.00,2021-12-06,38.0,74.0,0.0,0.0,0.0,4.0,4.0,6393609.25015773,16.0,0
38.00_74.00,2021-12-13,38.0,74.0,0.0,0.0,0.0,4.0,4.0,4981071.705534978,17.0,1
38.00_74.00,2021-12-20,38.0,74.0,1.0,4.4,4.4,4.4,5.0,8962143.411069956,18.0,0
38.00_74.00,2021-12-27,38.0,74.0,0.0,0.0,0.0,4.4,5.0,8962143.411069956,19.0,0
38.00_74.00,2022-01-03,38.0,74.0,0.0,0.0,0.0,4.4,4.0,4981071.705534978,20.0,0
38.00_74.00,2022-01-10,38.0,74.0,0.0,0.0,0.0,4.4,3.0,4981071.705534978,21.0,0
38.00_74.00,2022-01-17,38.0,74.0,0.0,0.0,0.0,0.0,3.0,3981071.7055349774,22.0,0
38.00_74.00,2022-01-24,38.0,74.0,0.0,0.0,0.0,0.0,3.0,3981071.7055349774,23.0,0
38.00_74.00,2022-01-31,38.0,74.0,0.0,0.0,0.0,0.0,2.0,3981071.7055349774,24.0,0
38.00_74.00,2022-02-07,38.0,74.0,0.0,0.0,0.0,0.0,2.0,3981071.7055349774,25.0,0
38.00_74.00,2022-02-14,38.0,74.0,0.0,0.0,0.0,0.0,1.0,0.0,26.0,0
38.00_74.00,2022-02-21,38.0,74.0,0.0,0.0,0.0,0.0,1.0,0.0,27.0,0
38.00_74.00,2022-02-28,38.0,74.0,0.0,0.0,0.0,0.0,1.0,0.0,28.0,0
38.00_74.00,2022-03-07,38.0,74.0,0.0,0.0,0.0,0.0,1.0,0.0,29.0,0
38.00_74.00,2022-03-14,38.0,74.0,0.0,0.0,0.0,0.0,0.0,0.0,30.0,0
38.00_74.00,2022-03-21,38.0,74.0,0.0,0.0,0.0,0.0,0.0,0.0,31.0,0
38.00_74.00,2022-03-28,38.0,74.0,0.0,0.0,0.0,0.0,0.0,0.0,32.0,0
38.00_74.00,2022-04-04,38.0,74.0,0.0,0.0,0.0,0.0,0.0,0.0,33.0,0
38.00_74.00,2022-04-11,38.0,74.0,0.0,0.0,0.0,0.0,0.0,0.0,34.0,0
38.00_74.00,2022-04-18,38.0,74.0,0.0,0.0,0.0,0.0,0.0,0.0,35.0,0
38.00_74.00,2022-04-25,38.0,74.0,0.0,0.0,0.0,0.0,0.0,0.0,36.0,0
38.00_74.00,2022-05-02,38.0,74.0,0.0,0.0,0.0,0.0,0.0,0.0,37.0,0
38.00_74.00,2022-05-09,38.0,74.0,0.0,0.0,0.0,0.0,0.0,0.0,38.0,1
38.00_74.00,2022-05-16,38.0,74.0,1.0,4.5,4.5,4.5,1.0,5623413.251903491,0.0,0
38.00_74.00,2022-05-23,38.0,74.0,0.0,0.0,0.0,4.5,1.0,5623413.251903491,1.0,0
38.00_74.00,2022-05-30,38.0,74.0,0.0,0.0,0.0,4.5,1.0,5623413.251903491,2.0,4
38.00_74.00,2022-06-06,38.0,74.0,4.0,4.4,4.1,4.5,5.0,15007547.131998988,3.0,1
38.00_74.00,2022-06-13,38.0,74.0,1.0,4.2,4.2,4.4,6.0,17002809.44696787,4.0,1
38.00_74.00,2022-06-20,38.0,74.0,1.0,4.3,4.3,4.4,7.0,19821192.37823232,5.0,0
38.00_74.00,2022-06-27,38.0,74.0,0.0,0.0,0.0,4.4,7.0,19821192.37823232,6.0,0
38.00_74.00,2022-07-04,38.0,74.0,0.0,0.0,0.0,4.3,7.0,19821192.37823232,7.0,0
38.00_74.00,2022-07-11,38.0,74.0,0.0,0.0,0.0,4.3,7.0,14197779.12632883,8.0,1
38.00_74.00,2022-07-18,38.0,74.0,1.0,4.3,4.3,4.3,8.0,17016162.05759328,9.0,0
38.00_74.00,2022-07-25,38.0,74.0,0.0,0.0,0.0,4.3,8.0,17016162.05759328,10.0,0
38.00_74.00,2022-08-01,38.0,74.0,0.0,0.0,0.0,4.3,8.0,7632028.177497782,11.0,2
38.00_74.00,2022-08-08,38.0,74.0,2.0,4.5,4.2,4.5,9.0,13255441.429401271,0.0,0
38.00_74.00,2022-08-15,38.0,74.0,0.0,0.0,0.0,4.5,9.0,10437058.498136822,1.0,0
38.00_74.00,2022-08-22,38.0,74.0,0.0,0.0,0.0,4.5,9.0,10437058.498136822,2.0,0
38.00_74.00,2022-08-29,38.0,74.0,0.0,0.0,0.0,4.5,5.0,10437058.498136822,3.0,0
38.00_74.00,2022-09-05,38.0,74.0,0.0,0.0,0.0,0.0,4.0,10437058.498136822,4.0,1
38.00_74.00,2022-09-12,38.0,74.0,1.0,4.2,4.2,4.2,4.0,9613937.881841257,5.0,0
38.00_74.00,2022-09-19,38.0,74.0,0.0,0.0,0.0,4.2,4.0,9613937.881841257,6.0,0
38.00_74.00,2022-09-26,38.0,74.0,0.0,0.0,0.0,4.2,4.0,9613937.881841257,7.0,0
38.00_74.00,2022-10-03,38.0,74.0,0.0,0.0,0.0,4.2,4.0,1995262.314968882,8.0,0
38.00_74.00,2022-10-10,38.0,74.0,0.0,0.0,0.0,0.0,3.0,1995262.314968882,9.0,0
38.00_74.00,2022-10-17,38.0,74.0,0.0,0.0,0.0,0.0,3.0,1995262.314968882,10.0,0
38.00_74.00,2022-10-24,38.0,74.0,0.0,0.0,0.0,0.0,3.0,1995262.314968882,11.0,0
38.00_74.00,2022-10-31,38.0,74.0,0.0,0.0,0.0,0.0,1.0,1995262.314968882,12.0,0
38.00_74.00,2022-11-07,38.0,74.0,0.0,0.0,0.0,0.0,1.0,0.0,13.0,0
38.00_74.00,2022-11-14,38.0,74.0,0.0,0.0,0.0,0.0,1.0,0.0,14.0,0
38.00_74.00,2022-11-21,38.0,74.0,0.0,0.0,0.0,0.0,1.0,0.0,15.0,1
38.00_74.00,2022-11-28,38.0,74.0,1.0,4.9,4.9,4.9,2.0,22387211.385683425,0.0,0
38.00_74.00,2022-12-05,38.0,74.0,0.0,0.0,0.0,4.9,1.0,22387211.385683425,1.0,0
38.00_74.00,2022-12-12,38.0,74.0,0.0,0.0,0.0,4.9,1.0,22387211.385683425,2.0,1
38.00_74.00,2022-12-19,38.0,74.0,1.0,4.2,4.2,4.9,2.0,24382473.70065231,3.0,1
38.00_74.00,2022-12-26,38.0,74.0,1.0,4.3,4.3,4.3,3.0,27200856.631916758,4.0,1
38.00_74.00,2023-01-02,38.0,74.0,1.0,4.0,4.0,4.3,4.0,28200856.631916758,5.0,2
38.00_74.00,2023-01-09,38.0,74.0,2.0,4.2,4.1,4.3,6.0,31608656.49150839,6.0,2
38.00_74.00,2023-01-16,38.0,74.0,2.0,4.4,4.2,4.4,8.0,37584990.51201225,7.0,0
38.00_74.00,2023-01-23,38.0,74.0,0.0,0.0,0.0,4.4,8.0,15197779.126328828,8.0,2
38.00_74.00,2023-01-30,38.0,74.0,2.0,4.5,4.0,4.5,10.0,21821192.37823232,0.0,0
38.00_74.00,2023-02-06,38.0,74.0,0.0,0.0,0.0,4.5,10.0,21821192.37823232,1.0,0
38.00_74.00,2023-02-13,38.0,74.0,0.0,0.0,0.0,4.5,10.0,19825930.063263435,2.0,0
38.00_74.00,2023-02-20,38.0,74.0,0.0,0.0,0.0,4.5,9.0,17007547.131998986,3.0,0
38.00_74.00,2023-02-27,38.0,74.0,0.0,0.0,0.0,0.0,9.0,16007547.131998986,4.0,1
38.00_74.00,2023-03-06,38.0,74.0,1.0,4.6,4.6,4.6,10.0,20543029.619650155,0.0,1
38.00_74.00,2023-03-13,38.0,74.0,1.0,4.4,4.4,4.6,10.0,18547767.304681275,1.0,1
38.00_74.00,2023-03-20,38.0,74.0,1.0,4.7,4.7,4.7,10.0,29767951.847700924,0.0,0
38.00_74.00,2023-03-27,38.0,74.0,0.0,0.0,0.0,4.7,9.0,23144538.595797434,1.0,0
38.00_74.00,2023-04-03,38.0,74.0,0.0,0.0,0.0,4.7,7.0,23144538.595797434,2.0,1
38.00_74.00,2023-04-10,38.0,74.0,1.0,4.6,4.6,4.7,6.0,31087820.94304024,0.0,0
38.00_74.00,2023-04-17,38.0,74.0,0.0,0.0,0.0,4.6,6.0,31087820.943040237,1.0,0
38.00_74.00,2023-04-24,38.0,74.0,0.0,0.0,0.0,4.6,4.0,31087820.943040237,2.0,0
38.00_74.00,2023-05-01,38.0,74.0,0.0,0.0,0.0,4.6,4.0,23144538.595797434,3.0,0
38.00_74.00,2023-05-08,38.0,74.0,0.0,0.0,0.0,0.0,4.0,19163466.890262455,4.0,0
38.00_74.00,2023-05-15,38.0,74.0,0.0,0.0,0.0,0.0,4.0,7943282.347242805,5.0,0
38.00_74.00,2023-05-22,38.0,74.0,0.0,0.0,0.0,0.0,4.0,7943282.347242805,6.0,1
38.00_74.00,2023-05-29,38.0,74.0,1.0,4.4,4.4,4.4,4.0,11924354.052777782,7.0,0
38.00_74.00,2023-06-05,38.0,74.0,0.0,0.0,0.0,4.4,3.0,3981071.7055349774,8.0,0
38.00_74.00,2023-06-12,38.0,74.0,0.0,0.0,0.0,4.4,2.0,3981071.7055349774,9.0,0
38.00_74.00,2023-06-19,38.0,74.0,0.0,0.0,0.0,4.4,2.0,3981071.7055349774,10.0,0
38.00_74.00,2023-06-26,38.0,74.0,0.0,0.0,0.0,0.0,2.0,3981071.7055349774,11.0,0
38.00_74.00,2023-07-03,38.0,74.0,0.0,0.0,0.0,0.0,1.0,3981071.7055349774,12.0,1
38.00_74.00,2023-07-10,38.0,74.0,1.0,4.6,4.6,4.6,2.0,11924354.052777782,0.0,0
38.00_74.00,2023-07-17,38.0,74.0,0.0,0.0,0.0,4.6,2.0,11924354.052777782,1.0,0
38.00_74.00,2023-07-24,38.0,74.0,0.0,0.0,0.0,4.6,2.0,7943282.347242805,2.0,0
38.00_74.00,2023-07-31,38.0,74.0,0.0,0.0,0.0,4.6,2.0,7943282.347242806,3.0,0
38.00_74.00,2023-08-07,38.0,74.0,0.0,0.0,0.0,0.0,2.0,7943282.347242806,4.0,0
38.00_74.00,2023-08-14,38.0,74.0,0.0,0.0,0.0,0.0,2.0,7943282.347242806,5.0,0
38.00_74.00,2023-08-21,38.0,74.0,0.0,0.0,0.0,0.0,1.0,7943282.347242806,6.0,0
38.00_74.00,2023-08-28,38.0,74.0,0.0,0.0,0.0,0.0,1.0,7943282.347242806,7.0,0
38.00_74.00,2023-09-04,38.0,74.0,0.0,0.0,0.0,0.0,1.0,0.0,8.0,1
38.00_74.00,2023-09-11,38.0,74.0,1.0,4.4,4.4,4.4,2.0,3981071.7055349774,9.0,0
38.00_74.00,2023-09-18,38.0,74.0,0.0,0.0,0.0,4.4,2.0,3981071.7055349774,10.0,0
38.00_74.00,2023-09-25,38.0,74.0,0.0,0.0,0.0,4.4,2.0,3981071.7055349774,11.0,1
38.00_74.00,2023-10-02,38.0,74.0,1.0,4.2,4.2,4.4,2.0,5976334.02050386,12.0,0
38.00_74.00,2023-10-09,38.0,74.0,0.0,0.0,0.0,4.2,2.0,5976334.02050386,13.0,0
38.00_74.00,2023-10-16,38.0,74.0,0.0,0.0,0.0,4.2,2.0,5976334.02050386,14.0,0
38.00_74.00,2023-10-23,38.0,74.0,0.0,0.0,0.0,4.2,2.0,5976334.02050386,15.0,0
38.00_74.00,2023-10-30,38.0,74.0,0.0,0.0,0.0,0.0,2.0,5976334.02050386,16.0,1
38.00_74.00,2023-11-06,38.0,74.0,1.0,4.2,4.2,4.2,3.0,3990524.6299377657,17.0,1
38.00_74.00,2023-11-13,38.0,74.0,1.0,4.6,4.6,4.6,4.0,11933806.97718057,0.0,0
38.00_74.00,2023-11-20,38.0,74.0,0.0,0.0,0.0,4.6,4.0,11933806.97718057,1.0,0
38.00_74.00,2023-11-27,38.0,74.0,0.0,0.0,0.0,4.6,4.0,9938544.66221169,2.0,0
38.00_74.00,2023-12-04,38.0,74.0,0.0,0.0,0.0,4.6,3.0,9938544.66221169,3.0,0
38.00_74.00,2023-12-11,38.0,74.0,0.0,0.0,0.0,0.0,3.0,9938544.66221169,4.0,0
38.00_74.00,2023-12-18,38.0,74.0,0.0,0.0,0.0,0.0,3.0,9938544.66221169,5.0,0
38.00_74.00,2023-12-25,38.0,74.0,0.0,0.0,0.0,0.0,2.0,9938544.66221169,6.0,0
38.00_77.00,2010-03-22,38.0,77.0,0.0,0.0,0.0,0.0,1.0,0.0,11.0,0
38.00_77.00,2010-03-29,38.0,77.0,0.0,0.0,0.0,0.0,0.0,0.0,12.0,0
38.00_77.00,2010-04-05,38.0,77.0,0.0,0.0,0.0,0.0,0.0,0.0,13.0,0
38.00_77.00,2010-04-12,38.0,77.0,0.0,0.0,0.0,0.0,0.0,0.0,14.0,0
38.00_77.00,2010-04-19,38.0,77.0,0.0,0.0,0.0,0.0,0.0,0.0,15.0,0
38.00_77.00,2010-04-26,38.0,77.0,0.0,0.0,0.0,0.0,0.0,0.0,16.0,0
38.00_77.00,2010-05-03,38.0,77.0,0.0,0.0,0.0,0.0,0.0,0.0,17.0,0
38.00_77.00,2010-05-10,38.0,77.0,0.0,0.0,0.0,0.0,0.0,0.0,18.0,0
38.00_77.00,2010-05-17,38.0,77.0,0.0,0.0,0.0,0.0,0.0,0.0,19.0,1
38.00_77.00,2010-05-24,38.0,77.0,1.0,4.6,4.6,4.6,1.0,7943282.347242805,0.0,2
38.00_77.00,2010-05-31,38.0,77.0,2.0,4.2,4.2,4.6,3.0,11933806.97718057,1.0,0
38.00_77.00,2010-06-07,38.0,77.0,0.0,0.0,0.0,4.6,3.0,11933806.97718057,2.0,0
38.00_77.00,2010-06-14,38.0,77.0,0.0,0.0,0.0,4.6,3.0,11933806.97718057,3.0,0
38.00_77.00,2010-06-21,38.0,77.0,0.0,0.0,0.0,4.2,3.0,11933806.97718057,4.0,0
38.00_77.00,2010-06-28,38.0,77.0,0.0,0.0,0.0,0.0,3.0,11933806.97718057,5.0,0
38.00_77.00,2010-07-05,38.0,77.0,0.0,0.0,0.0,0.0,3.0,11933806.97718057,6.0,0
38.00_77.00,2010-07-12,38.0,77.0,0.0,0.0,0.0,0.0,3.0,11933806.97718057,7.0,0
38.00_77.00,2010-07-19,38.0,77.0,0.0,0.0,0.0,0.0,3.0,3990524.6299377657,8.0,0
38.00_77.00,2010-07-26,38.0,77.0,0.0,0.0,0.0,0.0,3.0,0.0,9.0,0
38.00_77.00,2010-08-02,38.0,77.0,0.0,0.0,0.0,0.0,3.0,0.0,10.0,0
38.00_77.00,2010-08-09,38.0,77.0,0.0,0.0,0.0,0.0,3.0,0.0,11.0,0
38.00_77.00,2010-08-16,38.0,77.0,0.0,0.0,0.0,0.0,2.0,0.0,12.0,0
38.00_77.00,2010-08-23,38.0,77.0,0.0,0.0,0.0,0.0,0.0,0.0,13.0,0
38.00_77.00,2010-08-30,38.0,77.0,0.0,0.0,0.0,0.0,0.0,0.0,14.0,0
38.00_77.00,2010-09-06,38.0,77.0,0.0,0.0,0.0,0.0,0.0,0.0,15.0,0
38.00_77.00,2010-09-13,38.0,77.0,0.0,0.0,0.0,0.0,0.0,0.0,16.0,0
38.00_77.00,2010-09-20,38.0,77.0,0.0,0.0,0.0,0.0,0.0,0.0,17.0,0
38.00_77.00,2010-09-27,38.0,77.0,0.0,0.0,0.0,0.0,0.0,0.0,18.0,0
38.00_77.00,2010-10-04,38.0,77.0,0.0,0.0,0.0,0.0,0.0,0.0,19.0,0
38.00_77.00,2010-10-11,38.0,77.0,0.0,0.0,0.0,0.0,0.0,0.0,20.0,0
38.00_77.00,2010-10-18,38.0,77.0,0.0,0.0,0.0,0.0,0.0,0.0,21.0,0
38.00_77.00,2010-10-25,38.0,77.0,0.0,0.0,0.0,0.0,0.0,0.0,22.0,0
38.00_77.00,2010-11-01,38.0,77.0,0.0,0.0,0.0,0.0,0.0,0.0,23.0,0
38.00_77.00,2010-11-08,38.0,77.0,0.0,0.0,0.0,0.0,0.0,0.0,24.0,0
38.00_77.00,2010-11-15,38.0,77.0,0.0,0.0,0.0,0.0,0.0,0.0,25.0,0
38.00_77.00,2010-11-22,38.0,77.0,0.0,0.0,0.0,0.0,0.0,0.0,26.0,0
38.00_77.00,2010-11-29,38.0,77.0,0.0,0.0,0.0,0.0,0.0,0.0,27.0,0
38.00_77.00,2010-12-06,38.0,77.0,0.0,0.0,0.0,0.0,0.0,0.0,28.0,0
38.00_77.00,2010-12-13,38.0,77.0,0.0,0.0,0.0,0.0,0.0,0.0,29.0,0
38.00_77.00,2010-12-20,38.0,77.0,0.0,0.0,0.0,0.0,0.0,0.0,30.0,0
38.00_77.00,2010-12-27,38.0,77.0,0.0,0.0,0.0,0.0,0.0,0.0,31.0,0
38.00_77.00,2011-01-03,38.0,77.0,0.0,0.0,0.0,0.0,0.0,0.0,32.0,0
38.00_77.00,2011-01-10,38.0,77.0,0.0,0.0,0.0,0.0,0.0,0.0,33.0,0
38.00_77.00,2011-01-17,38.0,77.0,0.0,0.0,0.0,0.0,0.0,0.0,34.0,0
38.00_77.00,2011-01-24,38.0,77.0,0.0,0.0,0.0,0.0,0.0,0.0,35.0,0
38.00_77.00,2011-01-31,38.0,77.0,0.0,0.0,0.0,0.0,0.0,0.0,36.0,0
38.00_77.00,2011-02-07,38.0,77.0,0.0,0.0,0.0,0.0,0.0,0.0,37.0,0
38.00_77.00,2011-02-14,38.0,77.0,0.0,0.0,0.0,0.0,0.0,0.0,38.0,0
38.00_77.00,2011-02-21,38.0,77.0,0.0,0.0,0.0,0.0,0.0,0.0,39.0,0
38.00_77.00,2011-02-28,38.0,77.0,0.0,0.0,0.0,0.0,0.0,0.0,40.0,0
38.00_77.00,2011-03-07,38.0,77.0,0.0,0.0,0.0,0.0,0.0,0.0,41.0,0
38.00_77.00,2011-03-14,38.0,77.0,0.0,0.0,0.0,0.0,0.0,0.0,42.0,1
38.00_77.00,2011-03-21,38.0,77.0,1.0,4.9,4.9,4.9,1.0,22387211.385683425,0.0,0
38.00_77.00,2011-03-28,38.0,77.0,0.0,0.0,0.0,4.9,1.0,22387211.385683425,1.0,0
38.00_77.00,2011-04-04,38.0,77.0,0.0,0.0,0.0,4.9,1.0,22387211.385683425,2.0,0
38.00_77.00,2011-04-11,38.0,77.0,0.0,0.0,0.0,4.9,1.0,22387211.385683425,3.0,0
38.00_77.00,2011-04-18,38.0,77.0,0.0,0.0,0.0,0.0,1.0,22387211.385683425,4.0,0
38.00_77.00,2011-04-25,38.0,77.0,0.0,0.0,0.0,0.0,1.0,22387211.385683425,5.0,0
38.00_77.00,2011-05-02,38.0,77.0,0.0,0.0,0.0,0.0,1.0,22387211.385683425,6.0,0
38.00_77.00,2011-05-09,38.0,77.0,0.0,0.0,0.0,0.0,1.0,22387211.385683425,7.0,0
38.00_77.00,2011-05-16,38.0,77.0,0.0,0.0,0.0,0.0,1.0,0.0,8.0,0
38.00_77.00,2011-05-23,38.0,77.0,0.0,0.0,0.0,0.0,1.0,0.0,9.0,0
38.00_77.00,2011-05-30,38.0,77.0,0.0,0.0,0.0,0.0,1.0,0.0,10.0,0
38.00_77.00,2011-06-06,38.0,77.0,0.0,0.0,0.0,0.0,1.0,0.0,11.0,0
38.00_77.00,2011-06-13,38.0,77.0,0.0,0.0,0.0,0.0,0.0,0.0,12.0,0
38.00_77.00,2011-06-20,38.0,77.0,0.0,0.0,0.0,0.0,0.0,0.0,13.0,0
38.00_77.00,2011-06-27,38.0,77.0,0.0,0.0,0.0,0.0,0.0,0.0,14.0,0
38.00_77.00,2011-07-04,38.0,77.0,0.0,0.0,0.0,0.0,0.0,0.0,15.0,0
38.00_77.00,2011-07-11,38.0,77.0,0.0,0.0,0.0,0.0,0.0,0.0,16.0,0
38.00_77.00,2011-07-18,38.0,77.0,0.0,0.0,0.0,0.0,0.0,0.0,17.0,0
38.00_77.00,2011-07-25,38.0,77.0,0.0,0.0,0.0,0.0,0.0,0.0,18.0,0
38.00_77.00,2011-08-01,38.0,77.0,0.0,0.0,0.0,0.0,0.0,0.0,19.0,0
38.00_77.00,2011-08-08,38.0,77.0,0.0,0.0,0.0,0.0,0.0,0.0,20.0,1
38.00_77.00,2011-08-15,38.0,77.0,1.0,5.6,5.6,5.6,1.0,251188643.1509572,0.0,0
38.00_77.00,2011-08-22,38.0,77.0,0.0,0.0,0.0,5.6,1.0,251188643.1509572,1.0,1
38.00_77.00,2011-08-29,38.0,77.0,1.0,4.8,4.8,5.6,2.0,267037575.07556832,0.0,0
38.00_77.00,2011-09-05,38.0,77.0,0.0,0.0,0.0,5.6,2.0,267037575.07556832,1.0,0
38.00_77.00,2011-09-12,38.0,77.0,0.0,0.0,0.0,4.8,2.0,267037575.07556832,2.0,0
38.00_77.00,2011-09-19,38.0,77.0,0.0,0.0,0.0,4.8,2.0,267037575.07556832,3.0,0
38.00_77.00,2011-09-26,38.0,77.0,0.0,0.0,0.0,0.0,2.0,267037575.07556832,4.0,0
38.00_77.00,2011-10-03,38.0,77.0,0.0,0.0,0.0,0.0,2.0,267037575.07556832,5.0,0
38.00_77.00,2011-10-10,38.0,77.0,0.0,0.0,0.0,0.0,2.0,15848931.924611108,6.0,0
38.00_77.00,2011-10-17,38.0,77.0,0.0,0.0,0.0,0.0,2.0,15848931.924611108,7.0,0
38.00_77.00,2011-10-24,38.0,77.0,0.0,0.0,0.0,0.0,2.0,0.0,8.0,0
38.00_77.00,2011-10-31,38.0,77.0,0.0,0.0,0.0,0.0,2.0,0.0,9.0,0
38.00_77.00,2011-11-07,38.0,77.0,0.0,0.0,0.0,0.0,1.0,0.0,10.0,0
38.00_77.00,2011-11-14,38.0,77.0,0.0,0.0,0.0,0.0,1.0,0.0,11.0,0
38.00_77.00,2011-11-21,38.0,77.0,0.0,0.0,0.0,0.0,0.0,0.0,12.0,0
38.00_77.00,2011-11-28,38.0,77.0,0.0,0.0,0.0,0.0,0.0,0.0,13.0,0
38.00_77.00,2011-12-05,38.0,77.0,0.0,0.0,0.0,0.0,0.0,0.0,14.0,0
38.00_77.00,2011-12-12,38.0,77.0,0.0,0.0,0.0,0.0,0.0,0.0,15.0,0
38.00_77.00,2011-12-19,38.0,77.0,0.0,0.0,0.0,0.0,0.0,0.0,16.0,0
38.00_77.00,2011-12-26,38.0,77.0,0.0,0.0,0.0,0.0,0.0,0.0,17.0,0
38.00_77.00,2012-01-02,38.0,77.0,0.0,0.0,0.0,0.0,0.0,0.0,18.0,1
38.00_77.00,2012-01-09,38.0,77.0,1.0,4.5,4.5,4.5,1.0,5623413.251903491,0.0,0
38.00_77.00,2012-01-16,38.0,77.0,0.0,0.0,0.0,4.5,1.0,5623413.251903491,1.0,0
38.00_77.00,2012-01-23,38.0,77.0,0.0,0.0,0.0,4.5,1.0,5623413.251903491,2.0,0
38.00_77.00,2012-01-30,38.0,77.0,0.0,0.0,0.0,4.5,1.0,5623413.251903491,3.0,0
38.00_77.00,2012-02-06,38.0,77.0,0.0,0.0,0.0,0.0,1.0,5623413.251903491,4.0,0
38.00_77.00,2012-02-13,38.0,77.0,0.0,0.0,0.0,0.0,1.0,5623413.251903491,5.0,0
38.00_77.00,2012-02-20,38.0,77.0,0.0,0.0,0.0,0.0,1.0,5623413.251903491,6.0,0
38.00_77.00,2012-02-27,38.0,77.0,0.0,0.0,0.0,0.0,1.0,5623413.251903491,7.0,1
38.00_77.00,2012-03-05,38.0,77.0,1.0,4.5,4.5,4.5,2.0,5623413.251903491,0.0,1
38.00_77.00,2012-03-12,38.0,77.0,1.0,4.3,4.3,4.5,3.0,8441796.18316794,1.0,0
38.00_77.00,2012-03-19,38.0,77.0,0.0,0.0,0.0,4.5,3.0,8441796.18316794,2.0,0
38.00_77.00,2012-03-26,38.0,77.0,0.0,0.0,0.0,4.5,3.0,8441796.18316794,3.0,0
38.00_77.00,2012-04-02,38.0,77.0,0.0,0.0,0.0,4.3,2.0,8441796.18316794,4.0,0
38.00_77.00,2012-04-09,38.0,77.0,0.0,0.0,0.0,0.0,2.0,8441796.18316794,5.0,0
38.00_77.00,2012-04-16,38.0,77.0,0.0,0.0,0.0,0.0,2.0,8441796.18316794,6.0,2
38.00_77.00,2012-04-23,38.0,77.0,2.0,4.6,4.4,4.6,4.0,20366150.235945724,0.0,0
38.00_77.00,2012-04-30,38.0,77.0,0.0,0.0,0.0,4.6,4.0,14742736.984042231,1.0,0
38.00_77.00,2012-05-07,38.0,77.0,0.0,0.0,0.0,4.6,4.0,11924354.052777782,2.0,0
38.00_77.00,2012-05-14,38.0,77.0,0.0,0.0,0.0,4.6,4.0,11924354.052777782,3.0,0
38.00_77.00,2012-05-21,38.0,77.0,0.0,0.0,0.0,0.0,4.0,11924354.052777782,4.0,0
38.00_77.00,2012-05-28,38.0,77.0,0.0,0.0,0.0,0.0,3.0,11924354.052777782,5.0,0
38.00_77.00,2012-06-04,38.0,77.0,0.0,0.0,0.0,0.0,2.0,11924354.052777782,6.0,0
38.00_77.00,2012-06-11,38.0,77.0,0.0,0.0,0.0,0.0,2.0,11924354.052777782,7.0,1
38.00_77.00,2012-06-18,38.0,77.0,1.0,4.1,4.1,4.1,3.0,1412537.5446227526,8.0,0
38.00_77.00,2012-06-25,38.0,77.0,0.0,0.0,0.0,4.1,3.0,1412537.5446227526,9.0,0
38.00_77.00,2012-07-02,38.0,77.0,0.0,0.0,0.0,4.1,3.0,1412537.5446227526,10.0,0
38.00_77.00,2012-07-09,38.0,77.0,0.0,0.0,0.0,4.1,3.0,1412537.5446227526,11.0,0
38.00_77.00,2012-07-16,38.0,77.0,0.0,0.0,0.0,0.0,1.0,1412537.5446227526,12.0,0
38.00_77.00,2012-07-23,38.0,77.0,0.0,0.0,0.0,0.0,1.0,1412537.5446227526,13.0,0
38.00_77.00,2012-07-30,38.0,77.0,0.0,0.0,0.0,0.0,1.0,1412537.5446227526,14.0,0
38.00_77.00,2012-08-06,38.0,77.0,0.0,0.0,0.0,0.0,1.0,1412537.5446227526,15.0,2
38.00_77.00,2012-08-13,38.0,77.0,2.0,5.1,4.4,5.1,3.0,48649430.92063124,0.0,0
38.00_77.00,2012-08-20,38.0,77.0,0.0,0.0,0.0,5.1,3.0,48649430.92063124,1.0,0
38.00_77.00,2012-08-27,38.0,77.0,0.0,0.0,0.0,5.1,3.0,48649430.92063124,2.0,0
38.00_77.00,2012-09-03,38.0,77.0,0.0,0.0,0.0,5.1,3.0,48649430.92063124,3.0,0
38.00_77.00,2012-09-10,38.0,77.0,0.0,0.0,0.0,0.0,2.0,48649430.92063124,4.0,0
38.00_77.00,2012-09-17,38.0,77.0,0.0,0.0,0.0,0.0,2.0,48649430.92063124,5.0,1
38.00_77.00,2012-09-24,38.0,77.0,1.0,4.5,4.5,4.5,3.0,54272844.17253473,0.0,0
38.00_77.00,2012-10-01,38.0,77.0,0.0,0.0,0.0,4.5,3.0,54272844.17253473,1.0,0
38.00_77.00,2012-10-08,38.0,77.0,0.0,0.0,0.0,4.5,3.0,5623413.251903491,2.0,0
38.00_77.00,2012-10-15,38.0,77.0,0.0,0.0,0.0,4.5,3.0,5623413.251903491,3.0,0
38.00_77.00,2012-10-22,38.0,77.0,0.0,0.0,0.0,0.0,3.0,5623413.251903491,4.0,1
38.00_77.00,2012-10-29,38.0,77.0,1.0,4.0,4.0,4.0,4.0,6623413.251903491,5.0,0
38.00_77.00,2012-11-05,38.0,77.0,0.0,0.0,0.0,4.0,2.0,6623413.251903491,6.0,0
38.00_77.00,2012-11-12,38.0,77.0,0.0,0.0,0.0,4.0,2.0,6623413.251903491,7.0,0
38.00_77.00,2012-11-19,38.0,77.0,0.0,0.0,0.0,4.0,2.0,1000000.0,8.0,0
38.00_77.00,2012-11-26,38.0,77.0,0.0,0.0,0.0,0.0,2.0,1000000.0,9.0,0
38.00_77.00,2012-12-03,38.0,77.0,0.0,0.0,0.0,0.0,2.0,1000000.0,10.0,0
38.00_77.00,2012-12-10,38.0,77.0,0.0,0.0,0.0,0.0,2.0,1000000.0,11.0,1
38.00_77.00,2012-12-17,38.0,77.0,1.0,4.9,4.9,4.9,2.0,23387211.385683425,0.0,0
38.00_77.00,2012-12-24,38.0,77.0,0.0,0.0,0.0,4.9,2.0,22387211.385683425,1.0,0
38.00_77.00,2012-12-31,38.0,77.0,0.0,0.0,0.0,4.9,2.0,22387211.385683425,2.0,0
38.00_77.00,2013-01-07,38.0,77.0,0.0,0.0,0.0,4.9,2.0,22387211.385683425,3.0,0
38.00_77.00,2013-01-14,38.0,77.0,0.0,0.0,0.0,0.0,2.0,22387211.385683425,4.0,0
38.00_77.00,2013-01-21,38.0,77.0,0.0,0.0,0.0,0.0,1.0,22387211.385683425,5.0,1
38.00_77.00,2013-01-28,38.0,77.0,1.0,4.7,4.7,4.7,2.0,33607395.92870308,0.0,0
38.00_77.00,2013-02-04,38.0,77.0,0.0,0.0,0.0,4.7,2.0,33607395.92870308,1.0,0
38.00_77.00,2013-02-11,38.0,77.0,0.0,0.0,0.0,4.7,2.0,11220184.543019652,2.0,0
38.00_77.00,2013-02-18,38.0,77.0,0.0,0.0,0.0,4.7,2.0,11220184.543019652,3.0,2
38.00_77.00,2013-02-25,38.0,77.0,2.0,4.9,4.7,4.9,4.0,44827580.47172273,0.0,0
38.00_77.00,2013-03-04,38.0,77.0,0.0,0.0,0.0,4.9,4.0,44827580.47172273,1.0,0
38.00_77.00,2013-03-11,38.0,77.0,0.0,0.0,0.0,4.9,3.0,44827580.47172273,2.0,1
38.00_77.00,2013-03-18,38.0,77.0,1.0,5.4,5.4,5.4,4.0,170720121.65113986,0.0,0
38.00_77.00,2013-03-25,38.0,77.0,0.0,0.0,0.0,5.4,4.0,159499937.1081202,1.0,0
38.00_77.00,2013-04-01,38.0,77.0,0.0,0.0,0.0,5.4,4.0,159499937.1081202,2.0,1
38.00_77.00,2013-04-08,38.0,77.0,1.0,4.3,4.3,5.4,5.0,162318320.03938466,3.0,0
38.00_77.00,2013-04-15,38.0,77.0,0.0,0.0,0.0,4.3,5.0,162318320.03938466,4.0,0
38.00_77.00,2013-04-22,38.0,77.0,0.0,0.0,0.0,4.3,4.0,128710924.11068158,5.0,0
38.00_77.00,2013-04-29,38.0,77.0,0.0,0.0,0.0,4.3,4.0,128710924.11068156,6.0,1
38.00_77.00,2013-05-06,38.0,77.0,1.0,4.5,4.5,4.5,5.0,134334337.36258507,0.0,0
38.00_77.00,2013-05-13,38.0,77.0,0.0,0.0,0.0,4.5,5.0,8441796.183167925,1.0,0
38.00_77.00,2013-05-20,38.0,77.0,0.0,0.0,0.0,4.5,3.0,8441796.183167925,2.0,0
38.00_77.00,2013-05-27,38.0,77.0,0.0,0.0,0.0,4.5,3.0,8441796.183167925,3.0,0
38.00_77.00,2013-06-03,38.0,77.0,0.0,0.0,0.0,0.0,3.0,5623413.251903476,4.0,0
38.00_77.00,2013-06-10,38.0,77.0,0.0,0.0,0.0,0.0,2.0,5623413.251903476,5.0,0
38.00_77.00,2013-06-17,38.0,77.0,0.0,0.0,0.0,0.0,2.0,5623413.251903476,6.0,0
38.00_77.00,2013-06-24,38.0,77.0,0.0,0.0,0.0,0.0,2.0,5623413.251903476,7.0,0
38.00_77.00,2013-07-01,38.0,77.0,0.0,0.0,0.0,0.0,1.0,0.0,8.0,0
38.00_77.00,2013-07-08,38.0,77.0,0.0,0.0,0.0,0.0,1.0,0.0,9.0,0
38.00_77.00,2013-07-15,38.0,77.0,0.0,0.0,0.0,0.0,1.0,0.0,10.0,0
38.00_77.00,2013-07-22,38.0,77.0,0.0,0.0,0.0,0.0,1.0,0.0,11.0,0
38.00_77.00,2013-07-29,38.0,77.0,0.0,0.0,0.0,0.0,0.0,0.0,12.0,1
38.00_77.00,2013-08-05,38.0,77.0,1.0,4.0,4.0,4.0,1.0,999999.9999999851,13.0,0
38.00_77.00,2013-08-12,38.0,77.0,0.0,0.0,0.0,4.0,1.0,999999.9999999851,14.0,0
38.00_77.00,2013-08-19,38.0,77.0,0.0,0.0,0.0,4.0,1.0,999999.9999999851,15.0,0
38.00_77.00,2013-08-26,38.0,77.0,0.0,0.0,0.0,4.0,1.0,999999.9999999851,16.0,0
38.00_77.00,2013-09-02,38.0,77.0,0.0,0.0,0.0,0.0,1.0,999999.9999999851,17.0,0
38.00_77.00,2013-09-09,38.0,77.0,0.0,0.0,0.0,0.0,1.0,999999.9999999851,18.0,0
38.00_77.00,2013-09-16,38.0,77.0,0.0,0.0,0.0,0.0,1.0,999999.9999999851,19.0,0
38.00_77.00,2013-09-23,38.0,77.0,0.0,0.0,0.0,0.0,1.0,999999.9999999851,20.0,0
38.00_77.00,2013-09-30,38.0,77.0,0.0,0.0,0.0,0.0,1.0,0.0,21.0,0
38.00_77.00,2013-10-07,38.0,77.0,0.0,0.0,0.0,0.0,1.0,0.0,22.0,0
38.00_77.00,2013-10-14,38.0,77.0,0.0,0.0,0.0,0.0,1.0,0.0,23.0,0
38.00_77.00,2013-10-21,38.0,77.0,0.0,0.0,0.0,0.0,1.0,0.0,24.0,0
38.00_77.00,2013-10-28,38.0,77.0,0.0,0.0,0.0,0.0,0.0,0.0,25.0,1
38.00_77.00,2013-11-04,38.0,77.0,1.0,4.2,4.2,4.2,1.0,1995262.314968868,26.0,0
38.00_77.00,2013-11-11,38.0,77.0,0.0,0.0,0.0,4.2,1.0,1995262.314968868,27.0,1
38.00_77.00,2013-11-18,38.0,77.0,1.0,4.4,4.4,4.4,2.0,5976334.020503845,28.0,0
38.00_77.00,2013-11-25,38.0,77.0,0.0,0.0,0.0,4.4,2.0,5976334.020503845,29.0,1
38.00_77.00,2013-12-02,38.0,77.0,1.0,5.0,5.0,5.0,3.0,37599110.62218764,0.0,0
38.00_77.00,2013-12-09,38.0,77.0,0.0,0.0,0.0,5.0,3.0,37599110.62218764,1.0,0
38.00_77.00,2013-12-16,38.0,77.0,0.0,0.0,0.0,5.0,3.0,37599110.62218764,2.0,0
38.00_77.00,2013-12-23,38.0,77.0,0.0,0.0,0.0,5.0,3.0,37599110.62218764,3.0,0
38.00_77.00,2013-12-30,38.0,77.0,0.0,0.0,0.0,0.0,3.0,35603848.30721875,4.0,0
38.00_77.00,2014-01-06,38.0,77.0,0.0,0.0,0.0,0.0,3.0,35603848.30721875,5.0,0
38.00_77.00,2014-01-13,38.0,77.0,0.0,0.0,0.0,0.0,3.0,31622776.601683777,6.0,0
38.00_77.00,2014-01-20,38.0,77.0,0.0,0.0,0.0,0.0,3.0,31622776.601683777,7.0,0
38.00_77.00,2014-01-27,38.0,77.0,0.0,0.0,0.0,0.0,2.0,0.0,8.0,0
38.00_77.00,2014-02-03,38.0,77.0,0.0,0.0,0.0,0.0,2.0,0.0,9.0,0
38.00_77.00,2014-02-10,38.0,77.0,0.0,0.0,0.0,0.0,1.0,0.0,10.0,0
38.00_77.00,2014-02-17,38.0,77.0,0.0,0.0,0.0,0.0,1.0,0.0,11.0,0
38.00_77.00,2014-02-24,38.0,77.0,0.0,0.0,0.0,0.0,0.0,0.0,12.0,0
38.00_77.00,2014-03-03,38.0,77.0,0.0,0.0,0.0,0.0,0.0,0.0,13.0,0
38.00_77.00,2014-03-10,38.0,77.0,0.0,0.0,0.0,0.0,0.0,0.0,14.0,0
38.00_77.00,2014-03-17,38.0,77.0,0.0,0.0,0.0,0.0,0.0,0.0,15.0,1
38.00_77.00,2014-03-24,38.0,77.0,1.0,4.7,4.7,4.7,1.0,11220184.543019637,0.0,0
38.00_77.00,2014-03-31,38.0,77.0,0.0,0.0,0.0,4.7,1.0,11220184.543019637,1.0,0
38.00_77.00,2014-04-07,38.0,77.0,0.0,0.0,0.0,4.7,1.0,11220184.543019637,2.0,0
38.00_77.00,2014-04-14,38.0,77.0,0.0,0.0,0.0,4.7,1.0,11220184.543019637,3.0,0
38.00_77.00,2014-04-21,38.0,77.0,0.0,0.0,0.0,0.0,1.0,11220184.543019637,4.0,0
38.00_77.00,2014-04-28,38.0,77.0,0.0,0.0,0.0,0.0,1.0,11220184.543019637,5.0,2
38.00_77.00,2014-05-05,38.0,77.0,2.0,5.4,4.2,5.4,3.0,139107988.03740567,0.0,0
38.00_77.00,2014-05-12,38.0,77.0,0.0,0.0,0.0,5.4,3.0,139107988.03740567,1.0,0
38.00_77.00,2014-05-19,38.0,77.0,0.0,0.0,0.0,5.4,3.0,127887803.494386,2.0,1
38.00_77.00,2014-05-26,38.0,77.0,1.0,4.1,4.1,5.4,4.0,129300341.03900875,3.0,0
38.00_77.00,2014-06-02,38.0,77.0,0.0,0.0,0.0,4.1,4.0,129300341.03900875,4.0,0
38.00_77.00,2014-06-09,38.0,77.0,0.0,0.0,0.0,4.1,4.0,129300341.03900875,5.0,0
38.00_77.00,2014-06-16,38.0,77.0,0.0,0.0,0.0,4.1,3.0,129300341.03900875,6.0,0
38.00_77.00,2014-06-23,38.0,77.0,0.0,0.0,0.0,0.0,3.0,129300341.03900875,7.0,0
38.00_77.00,2014-06-30,38.0,77.0,0.0,0.0,0.0,0.0,3.0,1412537.5446227377,8.0,0
38.00_77.00,2014-07-07,38.0,77.0,0.0,0.0,0.0,0.0,3.0,1412537.5446227377,9.0,1
38.00_77.00,2014-07-14,38.0,77.0,1.0,5.0,5.0,5.0,4.0,33035314.14630653,0.0,0
38.00_77.00,2014-07-21,38.0,77.0,0.0,0.0,0.0,5.0,4.0,31622776.601683777,1.0,0
38.00_77.00,2014-07-28,38.0,77.0,0.0,0.0,0.0,5.0,2.0,31622776.601683777,2.0,0
38.00_77.00,2014-08-04,38.0,77.0,0.0,0.0,0.0,5.0,2.0,31622776.601683777,3.0,0
38.00_77.00,2014-08-11,38.0,77.0,0.0,0.0,0.0,0.0,2.0,31622776.601683777,4.0,0
38.00_77.00,2014-08-18,38.0,77.0,0.0,0.0,0.0,0.0,1.0,31622776.601683777,5.0,0
38.00_77.00,2014-08-25,38.0,77.0,0.0,0.0,0.0,0.0,1.0,31622776.601683777,6.0,0
38.00_77.00,2014-09-01,38.0,77.0,0.0,0.0,0.0,0.0,1.0,31622776.601683777,7.0,0
38.00_77.00,2014-09-08,38.0,77.0,0.0,0.0,0.0,0.0,1.0,0.0,8.0,0
38.00_77.00,2014-09-15,38.0,77.0,0.0,0.0,0.0,0.0,1.0,0.0,9.0,0
38.00_77.00,2014-09-22,38.0,77.0,0.0,0.0,0.0,0.0,1.0,0.0,10.0,0
38.00_77.00,2014-09-29,38.0,77.0,0.0,0.0,0.0,0.0,1.0,0.0,11.0,0
38.00_77.00,2014-10-06,38.0,77.0,0.0,0.0,0.0,0.0,0.0,0.0,12.0,0
38.00_77.00,2014-10-13,38.0,77.0,0.0,0.0,0.0,0.0,0.0,0.0,13.0,0
38.00_77.00,2014-10-20,38.0,77.0,0.0,0.0,0.0,0.0,0.0,0.0,14.0,0
38.00_77.00,2014-10-27,38.0,77.0,0.0,0.0,0.0,0.0,0.0,0.0,15.0,0
38.00_77.00,2014-11-03,38.0,77.0,0.0,0.0,0.0,0.0,0.0,0.0,16.0,0
38.00_77.00,2014-11-10,38.0,77.0,0.0,0.0,0.0,0.0,0.0,0.0,17.0,0
38.00_77.00,2014-11-17,38.0,77.0,0.0,0.0,0.0,0.0,0.0,0.0,18.0,0
38.00_77.00,2014-11-24,38.0,77.0,0.0,0.0,0.0,0.0,0.0,0.0,19.0,0
38.00_77.00,2014-12-01,38.0,77.0,0.0,0.0,0.0,0.0,0.0,0.0,20.0,0
38.00_77.00,2014-12-08,38.0,77.0,0.0,0.0,0.0,0.0,0.0,0.0,21.0,0
38.00_77.00,2014-12-15,38.0,77.0,0.0,0.0,0.0,0.0,0.0,0.0,22.0,0
38.00_77.00,2014-12-22,38.0,77.0,0.0,0.0,0.0,0.0,0.0,0.0,23.0,0
38.00_77.00,2014-12-29,38.0,77.0,0.0,0.0,0.0,0.0,0.0,0.0,24.0,0
38.00_77.00,2015-01-05,38.0,77.0,0.0,0.0,0.0,0.0,0.0,0.0,25.0,1
38.00_77.00,2015-01-12,38.0,77.0,1.0,5.1,5.1,5.1,1.0,44668359.21509624,0.0,0
38.00_77.00,2015-01-19,38.0,77.0,0.0,0.0,0.0,5.1,1.0,44668359.21509624,1.0,0
38.00_77.00,2015-01-26,38.0,77.0,0.0,0.0,0.0,5.1,1.0,44668359.21509624,2.0,0
38.00_77.00,2015-02-02,38.0,77.0,0.0,0.0,0.0,5.1,1.0,44668359.21509624,3.0,0
38.00_77.00,2015-02-09,38.0,77.0,0.0,0.0,0.0,0.0,1.0,44668359.21509624,4.0,0
38.00_77.00,2015-02-16,38.0,77.0,0.0,0.0,0.0,0.0,1.0,44668359.21509624,5.0,0
38.00_77.00,2015-02-23,38.0,77.0,0.0,0.0,0.0,0.0,1.0,44668359.21509624,6.0,1
38.00_77.00,2015-03-02,38.0,77.0,1.0,4.3,4.3,4.3,2.0,47486742.146360695,7.0,0
38.00_77.00,2015-03-09,38.0,77.0,0.0,0.0,0.0,4.3,2.0,2818382.9312644345,8.0,0
38.00_77.00,2015-03-16,38.0,77.0,0.0,0.0,0.0,4.3,2.0,2818382.9312644345,9.0,0
38.00_77.00,2015-03-23,38.0,77.0,0.0,0.0,0.0,4.3,2.0,2818382.9312644345,10.0,0
38.00_77.00,2015-03-30,38.0,77.0,0.0,0.0,0.0,0.0,2.0,2818382.9312644345,11.0,0
38.00_77.00,2015-04-06,38.0,77.0,0.0,0.0,0.0,0.0,1.0,2818382.9312644345,12.0,0
38.00_77.00,2015-04-13,38.0,77.0,0.0,0.0,0.0,0.0,1.0,2818382.9312644345,13.0,0
38.00_77.00,2015-04-20,38.0,77.0,0.0,0.0,0.0,0.0,1.0,2818382.9312644345,14.0,0
38.00_77.00,2015-04-27,38.0,77.0,0.0,0.0,0.0,0.0,1.0,0.0,15.0,0
38.00_77.00,2015-05-04,38.0,77.0,0.0,0.0,0.0,0.0,1.0,0.0,16.0,0
38.00_77.00,2015-05-11,38.0,77.0,0.0,0.0,0.0,0.0,1.0,0.0,17.0,0
38.00_77.00,2015-05-18,38.0,77.0,0.0,0.0,0.0,0.0,1.0,0.0,18.0,0
38.00_77.00,2015-05-25,38.0,77.0,0.0,0.0,0.0,0.0,0.0,0.0,19.0,0
38.00_77.00,2015-06-01,38.0,77.0,0.0,0.0,0.0,0.0,0.0,0.0,20.0,0
38.00_77.00,2015-06-08,38.0,77.0,0.0,0.0,0.0,0.0,0.0,0.0,21.0,0
38.00_77.00,2015-06-15,38.0,77.0,0.0,0.0,0.0,0.0,0.0,0.0,22.0,2
38.00_77.00,2015-06-22,38.0,77.0,2.0,4.5,4.2,4.5,2.0,7618675.566872359,0.0,0
38.00_77.00,2015-06-29,38.0,77.0,0.0,0.0,0.0,4.5,2.0,7618675.566872359,1.0,1
38.00_77.00,2015-07-06,38.0,77.0,1.0,4.1,4.1,4.5,3.0,9031213.111495111,2.0,1
38.00_77.00,2015-07-13,38.0,77.0,1.0,4.6,4.6,4.6,4.0,16974495.458737917,0.0,0
38.00_77.00,2015-07-20,38.0,77.0,0.0,0.0,0.0,4.6,4.0,16974495.458737917,1.0,0
38.00_77.00,2015-07-27,38.0,77.0,0.0,0.0,0.0,4.6,4.0,16974495.458737917,2.0,0
38.00_77.00,2015-08-03,38.0,77.0,0.0,0.0,0.0,4.6,4.0,16974495.458737917,3.0,0
38.00_77.00,2015-08-10,38.0,77.0,0.0,0.0,0.0,0.0,4.0,16974495.458737917,4.0,0
38.00_77.00,2015-08-17,38.0,77.0,0.0,0.0,0.0,0.0,4.0,9355819.891865544,5.0,0
38.00_77.00,2015-08-24,38.0,77.0,0.0,0.0,0.0,0.0,4.0,9355819.891865544,6.0,1
38.00_77.00,2015-08-31,38.0,77.0,1.0,4.3,4.3,4.3,5.0,10761665.27850724,7.0,0
38.00_77.00,2015-09-07,38.0,77.0,0.0,0.0,0.0,4.3,5.0,2818382.9312644345,8.0,0
38.00_77.00,2015-09-14,38.0,77.0,0.0,0.0,0.0,4.3,3.0,2818382.9312644345,9.0,0
38.00_77.00,2015-09-21,38.0,77.0,0.0,0.0,0.0,4.3,3.0,2818382.9312644345,10.0,0
38.00_77.00,2015-09-28,38.0,77.0,0.0,0.0,0.0,0.0,2.0,2818382.9312644345,11.0,0
38.00_77.00,2015-10-05,38.0,77.0,0.0,0.0,0.0,0.0,1.0,2818382.9312644345,12.0,0
38.00_77.00,2015-10-12,38.0,77.0,0.0,0.0,0.0,0.0,1.0,2818382.9312644345,13.0,0
38.00_77.00,2015-10-19,38.0,77.0,0.0,0.0,0.0,0.0,1.0,2818382.9312644345,14.0,0
38.00_77.00,2015-10-26,38.0,77.0,0.0,0.0,0.0,0.0,1.0,0.0,15.0,0
38.00_77.00,2015-11-02,38.0,77.0,0.0,0.0,0.0,0.0,1.0,0.0,16.0,0
38.00_77.00,2015-11-09,38.0,77.0,0.0,0.0,0.0,0.0,1.0,0.0,17.0,0
38.00_77.00,2015-11-16,38.0,77.0,0.0,0.0,0.0,0.0,1.0,0.0,18.0,1
38.00_77.00,2015-11-23,38.0,77.0,1.0,4.0,4.0,4.0,1.0,999999.9999999851,19.0,0
38.00_77.00,2015-11-30,38.0,77.0,0.0,0.0,0.0,4.0,1.0,999999.9999999851,20.0,0
38.00_77.00,2015-12-07,38.0,77.0,0.0,0.0,0.0,4.0,1.0,999999.9999999851,21.0,0
38.00_77.00,2015-12-14,38.0,77.0,0.0,0.0,0.0,4.0,1.0,999999.9999999851,22.0,0
38.00_77.00,2015-12-21,38.0,77.0,0.0,0.0,0.0,0.0,1.0,999999.9999999851,23.0,0
38.00_77.00,2015-12-28,38.0,77.0,0.0,0.0,0.0,0.0,1.0,999999.9999999851,24.0,0
38.00_77.00,2016-01-04,38.0,77.0,0.0,0.0,0.0,0.0,1.0,999999.9999999851,25.0,0
38.00_77.00,2016-01-11,38.0,77.0,0.0,0.0,0.0,0.0,1.0,999999.9999999851,26.0,0
38.00_77.00,2016-01-18,38.0,77.0,0.0,0.0,0.0,0.0,1.0,0.0,27.0,1
38.00_77.00,2016-01-25,38.0,77.0,1.0,4.3,4.3,4.3,2.0,2818382.9312644345,28.0,0
38.00_77.00,2016-02-01,38.0,77.0,0.0,0.0,0.0,4.3,2.0,2818382.9312644345,29.0,1
38.00_77.00,2016-02-08,38.0,77.0,1.0,4.7,4.7,4.7,3.0,14038567.474284086,0.0,0
38.00_77.00,2016-02-15,38.0,77.0,0.0,0.0,0.0,4.7,2.0,14038567.474284086,1.0,0
38.00_77.00,2016-02-22,38.0,77.0,0.0,0.0,0.0,4.7,2.0,14038567.474284086,2.0,0
38.00_77.00,2016-02-29,38.0,77.0,0.0,0.0,0.0,4.7,2.0,14038567.474284086,3.0,0
38.00_77.00,2016-03-07,38.0,77.0,0.0,0.0,0.0,0.0,2.0,14038567.474284086,4.0,1
38.00_77.00,2016-03-14,38.0,77.0,1.0,4.1,4.1,4.1,3.0,15451105.01890684,5.0,0
38.00_77.00,2016-03-21,38.0,77.0,0.0,0.0,0.0,4.1,3.0,12632722.08764239,6.0,0
38.00_77.00,2016-03-28,38.0,77.0,0.0,0.0,0.0,4.1,3.0,12632722.08764239,7.0,0
38.00_77.00,2016-04-04,38.0,77.0,0.0,0.0,0.0,4.1,3.0,1412537.5446227377,8.0,0
38.00_77.00,2016-04-11,38.0,77.0,0.0,0.0,0.0,0.0,3.0,1412537.5446227377,9.0,0
38.00_77.00,2016-04-18,38.0,77.0,0.0,0.0,0.0,0.0,2.0,1412537.5446227377,10.0,0
38.00_77.00,2016-04-25,38.0,77.0,0.0,0.0,0.0,0.0,2.0,1412537.5446227377,11.0,0
38.00_77.00,2016-05-02,38.0,77.0,0.0,0.0,0.0,0.0,1.0,1412537.5446227377,12.0,1
38.00_77.00,2016-05-09,38.0,77.0,1.0,4.1,4.1,4.1,2.0,1412537.5446227377,13.0,0
38.00_77.00,2016-05-16,38.0,77.0,0.0,0.0,0.0,4.1,2.0,1412537.5446227377,14.0,0
38.00_77.00,2016-05-23,38.0,77.0,0.0,0.0,0.0,4.1,2.0,1412537.5446227377,15.0,0
38.00_77.00,2016-05-30,38.0,77.0,0.0,0.0,0.0,4.1,2.0,1412537.5446227377,16.0,0
38.00_77.00,2016-06-06,38.0,77.0,0.0,0.0,0.0,0.0,1.0,1412537.5446227377,17.0,0
38.00_77.00,2016-06-13,38.0,77.0,0.0,0.0,0.0,0.0,1.0,1412537.5446227377,18.0,0
38.00_77.00,2016-06-20,38.0,77.0,0.0,0.0,0.0,0.0,1.0,1412537.5446227377,19.0,0
38.00_77.00,2016-06-27,38.0,77.0,0.0,0.0,0.0,0.0,1.0,1412537.5446227377,20.0,0
38.00_77.00,2016-07-04,38.0,77.0,0.0,0.0,0.0,0.0,1.0,0.0,21.0,1
38.00_77.00,2016-07-11,38.0,77.0,1.0,4.7,4.7,4.7,2.0,11220184.543019637,0.0,0
38.00_77.00,2016-07-18,38.0,77.0,0.0,0.0,0.0,4.7,2.0,11220184.543019637,1.0,0
38.00_77.00,2016-07-25,38.0,77.0,0.0,0.0,0.0,4.7,2.0,11220184.543019637,2.0,1
38.00_77.00,2016-08-01,38.0,77.0,1.0,4.7,4.7,4.7,2.0,22440369.08603929,0.0,1
38.00_77.00,2016-08-08,38.0,77.0,1.0,4.4,4.4,4.7,3.0,26421440.791574266,1.0,1
38.00_77.00,2016-08-15,38.0,77.0,1.0,5.2,5.2,5.2,4.0,89517175.2395937,0.0,0
38.00_77.00,2016-08-22,38.0,77.0,0.0,0.0,0.0,5.2,4.0,89517175.2395937,1.0,0
38.00_77.00,2016-08-29,38.0,77.0,0.0,0.0,0.0,5.2,4.0,89517175.2395937,2.0,0
38.00_77.00,2016-09-05,38.0,77.0,0.0,0.0,0.0,5.2,4.0,78296990.69657405,3.0,0
38.00_77.00,2016-09-12,38.0,77.0,0.0,0.0,0.0,0.0,4.0,78296990.69657405,4.0,0
38.00_77.00,2016-09-19,38.0,77.0,0.0,0.0,0.0,0.0,4.0,78296990.69657405,5.0,0
38.00_77.00,2016-09-26,38.0,77.0,0.0,0.0,0.0,0.0,4.0,67076806.153554395,6.0,0
38.00_77.00,2016-10-03,38.0,77.0,0.0,0.0,0.0,0.0,3.0,63095734.448019415,7.0,0
38.00_77.00,2016-10-10,38.0,77.0,0.0,0.0,0.0,0.0,3.0,0.0,8.0,0
38.00_77.00,2016-10-17,38.0,77.0,0.0,0.0,0.0,0.0,3.0,0.0,9.0,0
38.00_77.00,2016-10-24,38.0,77.0,0.0,0.0,0.0,0.0,2.0,0.0,10.0,0
38.00_77.00,2016-10-31,38.0,77.0,0.0,0.0,0.0,0.0,1.0,0.0,11.0,0
38.00_77.00,2016-11-07,38.0,77.0,0.0,0.0,0.0,0.0,0.0,0.0,12.0,0
38.00_77.00,2016-11-14,38.0,77.0,0.0,0.0,0.0,0.0,0.0,0.0,13.0,0
38.00_77.00,2016-11-21,38.0,77.0,0.0,0.0,0.0,0.0,0.0,0.0,14.0,0
38.00_77.00,2016-11-28,38.0,77.0,0.0,0.0,0.0,0.0,0.0,0.0,15.0,0
38.00_77.00,2016-12-05,38.0,77.0,0.0,0.0,0.0,0.0,0.0,0.0,16.0,0
38.00_77.00,2016-12-12,38.0,77.0,0.0,0.0,0.0,0.0,0.0,0.0,17.0,0
38.00_77.00,2016-12-19,38.0,77.0,0.0,0.0,0.0,0.0,0.0,0.0,18.0,0
38.00_77.00,2016-12-26,38.0,77.0,0.0,0.0,0.0,0.0,0.0,0.0,19.0,0
38.00_77.00,2017-01-02,38.0,77.0,0.0,0.0,0.0,0.0,0.0,0.0,20.0,0
38.00_77.00,2017-01-09,38.0,77.0,0.0,0.0,0.0,0.0,0.0,0.0,21.0,0
38.00_77.00,2017-01-16,38.0,77.0,0.0,0.0,0.0,0.0,0.0,0.0,22.0,1
38.00_77.00,2017-01-23,38.0,77.0,1.0,4.6,4.6,4.6,1.0,7943282.34724279,0.0,0
38.00_77.00,2017-01-30,38.0,77.0,0.0,0.0,0.0,4.6,1.0,7943282.34724279,1.0,0
38.00_77.00,2017-02-06,38.0,77.0,0.0,0.0,0.0,4.6,1.0,7943282.34724279,2.0,0
38.00_77.00,2017-02-13,38.0,77.0,0.0,0.0,0.0,4.6,1.0,7943282.34724279,3.0,0
38.00_77.00,2017-02-20,38.0,77.0,0.0,0.0,0.0,0.0,1.0,7943282.34724279,4.0,0
38.00_77.00,2017-02-27,38.0,77.0,0.0,0.0,0.0,0.0,1.0,7943282.34724279,5.0,0
38.00_77.00,2017-03-06,38.0,77.0,0.0,0.0,0.0,0.0,1.0,7943282.34724279,6.0,0
38.00_77.00,2017-03-13,38.0,77.0,0.0,0.0,0.0,0.0,1.0,7943282.34724279,7.0,0
38.00_77.00,2017-03-20,38.0,77.0,0.0,0.0,0.0,0.0,1.0,0.0,8.0,0
38.00_77.00,2017-03-27,38.0,77.0,0.0,0.0,0.0,0.0,1.0,0.0,9.0,0
38.00_77.00,2017-04-03,38.0,77.0,0.0,0.0,0.0,0.0,1.0,0.0,10.0,0
38.00_77.00,2017-04-10,38.0,77.0,0.0,0.0,0.0,0.0,1.0,0.0,11.0,0
38.00_77.00,2017-04-17,38.0,77.0,0.0,0.0,0.0,0.0,0.0,0.0,12.0,0
38.00_77.00,2017-04-24,38.0,77.0,0.0,0.0,0.0,0.0,0.0,0.0,13.0,0
38.00_77.00,2017-05-01,38.0,77.0,0.0,0.0,0.0,0.0,0.0,0.0,14.0,0
38.00_77.00,2017-05-08,38.0,77.0,0.0,0.0,0.0,0.0,0.0,0.0,15.0,0
38.00_77.00,2017-05-15,38.0,77.0,0.0,0.0,0.0,0.0,0.0,0.0,16.0,0
38.00_77.00,2017-05-22,38.0,77.0,0.0,0.0,0.0,0.0,0.0,0.0,17.0,0
38.00_77.00,2017-05-29,38.0,77.0,0.0,0.0,0.0,0.0,0.0,0.0,18.0,0
38.00_77.00,2017-06-05,38.0,77.0,0.0,0.0,0.0,0.0,0.0,0.0,19.0,0
38.00_77.00,2017-06-12,38.0,77.0,0.0,0.0,0.0,0.0,0.0,0.0,20.0,0
38.00_77.00,2017-06-19,38.0,77.0,0.0,0.0,0.0,0.0,0.0,0.0,21.0,0
38.00_77.00,2017-06-26,38.0,77.0,0.0,0.0,0.0,0.0,0.0,0.0,22.0,0
38.00_77.00,2017-07-03,38.0,77.0,0.0,0.0,0.0,0.0,0.0,0.0,23.0,0
38.00_77.00,2017-07-10,38.0,77.0,0.0,0.0,0.0,0.0,0.0,0.0,24.0,0
38.00_77.00,2017-07-17,38.0,77.0,0.0,0.0,0.0,0.0,0.0,0.0,25.0,1
38.00_77.00,2017-07-24,38.0,77.0,1.0,4.5,4.5,4.5,1.0,5623413.251903476,0.0,0
38.00_77.00,2017-07-31,38.0,77.0,0.0,0.0,0.0,4.5,1.0,5623413.251903476,1.0,0
38.00_77.00,2017-08-07,38.0,77.0,0.0,0.0,0.0,4.5,1.0,5623413.251903476,2.0,0
38.00_77.00,2017-08-14,38.0,77.0,0.0,0.0,0.0,4.5,1.0,5623413.251903476,3.0,0
38.00_77.00,2017-08-21,38.0,77.0,0.0,0.0,0.0,0.0,1.0,5623413.251903476,4.0,0
38.00_77.00,2017-08-28,38.0,77.0,0.0,0.0,0.0,0.0,1.0,5623413.251903476,5.0,0
38.00_77.00,2017-09-04,38.0,77.0,0.0,0.0,0.0,0.0,1.0,5623413.251903476,6.0,0
38.00_77.00,2017-09-11,38.0,77.0,0.0,0.0,0.0,0.0,1.0,5623413.251903476,7.0,0
38.00_77.00,2017-09-18,38.0,77.0,0.0,0.0,0.0,0.0,1.0,0.0,8.0,1
38.00_77.00,2017-09-25,38.0,77.0,1.0,4.5,4.5,4.5,2.0,5623413.251903476,0.0,0
38.00_77.00,2017-10-02,38.0,77.0,0.0,0.0,0.0,4.5,2.0,5623413.251903476,1.0,0
38.00_77.00,2017-10-09,38.0,77.0,0.0,0.0,0.0,4.5,2.0,5623413.251903476,2.0,0
38.00_77.00,2017-10-16,38.0,77.0,0.0,0.0,0.0,4.5,1.0,5623413.251903476,3.0,1
38.00_77.00,2017-10-23,38.0,77.0,1.0,4.6,4.6,4.6,2.0,13566695.59914628,0.0,0
38.00_77.00,2017-10-30,38.0,77.0,0.0,0.0,0.0,4.6,2.0,13566695.59914628,1.0,0
38.00_77.00,2017-11-06,38.0,77.0,0.0,0.0,0.0,4.6,2.0,13566695.59914628,2.0,0
38.00_77.00,2017-11-13,38.0,77.0,0.0,0.0,0.0,4.6,2.0,13566695.59914628,3.0,0
38.00_77.00,2017-11-20,38.0,77.0,0.0,0.0,0.0,0.0,2.0,7943282.34724279,4.0,0
38.00_77.00,2017-11-27,38.0,77.0,0.0,0.0,0.0,0.0,2.0,7943282.34724279,5.0,0
38.00_77.00,2017-12-04,38.0,77.0,0.0,0.0,0.0,0.0,2.0,7943282.34724279,6.0,0
38.00_77.00,2017-12-11,38.0,77.0,0.0,0.0,0.0,0.0,2.0,7943282.34724279,7.0,0
38.00_77.00,2017-12-18,38.0,77.0,0.0,0.0,0.0,0.0,1.0,0.0,8.0,0
38.00_77.00,2017-12-25,38.0,77.0,0.0,0.0,0.0,0.0,1.0,0.0,9.0,0
38.00_77.00,2018-01-01,38.0,77.0,0.0,0.0,0.0,0.0,1.0,0.0,10.0,0
38.00_77.00,2018-01-08,38.0,77.0,0.0,0.0,0.0,0.0,1.0,0.0,11.0,0
38.00_77.00,2018-01-15,38.0,77.0,0.0,0.0,0.0,0.0,0.0,0.0,12.0,0
38.00_77.00,2018-01-22,38.0,77.0,0.0,0.0,0.0,0.0,0.0,0.0,13.0,0
38.00_77.00,2018-01-29,38.0,77.0,0.0,0.0,0.0,0.0,0.0,0.0,14.0,0
38.00_77.00,2018-02-05,38.0,77.0,0.0,0.0,0.0,0.0,0.0,0.0,15.0,0
38.00_77.00,2018-02-12,38.0,77.0,0.0,0.0,0.0,0.0,0.0,0.0,16.0,0
38.00_77.00,2018-02-19,38.0,77.0,0.0,0.0,0.0,0.0,0.0,0.0,17.0,0
38.00_77.00,2018-02-26,38.0,77.0,0.0,0.0,0.0,0.0,0.0,0.0,18.0,0
38.00_77.00,2018-03-05,38.0,77.0,0.0,0.0,0.0,0.0,0.0,0.0,19.0,0
38.00_77.00,2018-03-12,38.0,77.0,0.0,0.0,0.0,0.0,0.0,0.0,20.0,0
38.00_77.00,2018-03-19,38.0,77.0,0.0,0.0,0.0,0.0,0.0,0.0,21.0,0
38.00_77.00,2018-03-26,38.0,77.0,0.0,0.0,0.0,0.0,0.0,0.0,22.0,0
38.00_77.00,2018-04-02,38.0,77.0,0.0,0.0,0.0,0.0,0.0,0.0,23.0,1
38.00_77.00,2018-04-09,38.0,77.0,1.0,4.5,4.5,4.5,1.0,5623413.251903476,0.0,1
38.00_77.00,2018-04-16,38.0,77.0,1.0,5.0,5.0,5.0,2.0,37246189.85358727,0.0,0
38.00_77.00,2018-04-23,38.0,77.0,0.0,0.0,0.0,5.0,2.0,37246189.85358727,1.0,0
38.00_77.00,2018-04-30,38.0,77.0,0.0,0.0,0.0,5.0,2.0,37246189.85358727,2.0,0
38.00_77.00,2018-05-07,38.0,77.0,0.0,0.0,0.0,5.0,2.0,37246189.85358727,3.0,0
38.00_77.00,2018-05-14,38.0,77.0,0.0,0.0,0.0,0.0,2.0,37246189.85358727,4.0,0
38.00_77.00,2018-05-21,38.0,77.0,0.0,0.0,0.0,0.0,2.0,37246189.85358727,5.0,0
38.00_77.00,2018-05-28,38.0,77.0,0.0,0.0,0.0,0.0,2.0,37246189.85358727,6.0,0
38.00_77.00,2018-06-04,38.0,77.0,0.0,0.0,0.0,0.0,2.0,31622776.601683777,7.0,0
38.00_77.00,2018-06-11,38.0,77.0,0.0,0.0,0.0,0.0,2.0,0.0,8.0,0
38.00_77.00,2018-06-18,38.0,77.0,0.0,0.0,0.0,0.0,2.0,0.0,9.0,0
38.00_77.00,2018-06-25,38.0,77.0,0.0,0.0,0.0,0.0,2.0,0.0,10.0,0
38.00_77.00,2018-07-02,38.0,77.0,0.0,0.0,0.0,0.0,1.0,0.0,11.0,0
38.00_77.00,2018-07-09,38.0,77.0,0.0,0.0,0.0,0.0,0.0,0.0,12.0,0
38.00_77.00,2018-07-16,38.0,77.0,0.0,0.0,0.0,0.0,0.0,0.0,13.0,0
38.00_77.00,2018-07-23,38.0,77.0,0.0,0.0,0.0,0.0,0.0,0.0,14.0,0
38.00_77.00,2018-07-30,38.0,77.0,0.0,0.0,0.0,0.0,0.0,0.0,15.0,0
38.00_77.00,2018-08-06,38.0,77.0,0.0,0.0,0.0,0.0,0.0,0.0,16.0,0
38.00_77.00,2018-08-13,38.0,77.0,0.0,0.0,0.0,0.0,0.0,0.0,17.0,0
38.00_77.00,2018-08-20,38.0,77.0,0.0,0.0,0.0,0.0,0.0,0.0,18.0,0
38.00_77.00,2018-08-27,38.0,77.0,0.0,0.0,0.0,0.0,0.0,0.0,19.0,0
38.00_77.00,2018-09-03,38.0,77.0,0.0,0.0,0.0,0.0,0.0,0.0,20.0,0
38.00_77.00,2018-09-10,38.0,77.0,0.0,0.0,0.0,0.0,0.0,0.0,21.0,0
38.00_77.00,2018-09-17,38.0,77.0,0.0,0.0,0.0,0.0,0.0,0.0,22.0,0
38.00_77.00,2018-09-24,38.0,77.0,0.0,0.0,0.0,0.0,0.0,0.0,23.0,0
38.00_77.00,2018-10-01,38.0,77.0,0.0,0.0,0.0,0.0,0.0,0.0,24.0,0
38.00_77.00,2018-10-08,38.0,77.0,0.0,0.0,0.0,0.0,0.0,0.0,25.0,0
38.00_77.00,2018-10-15,38.0,77.0,0.0,0.0,0.0,0.0,0.0,0.0,26.0,0
38.00_77.00,2018-10-22,38.0,77.0,0.0,0.0,0.0,0.0,0.0,0.0,27.0,2
38.00_77.00,2018-10-29,38.0,77.0,2.0,4.9,4.0,4.9,2.0,23387211.385683406,0.0,1
38.00_77.00,2018-11-05,38.0,77.0,1.0,4.9,4.9,4.9,3.0,45774422.771366835,0.0,0
38.00_77.00,2018-11-12,38.0,77.0,0.0,0.0,0.0,4.9,3.0,45774422.771366835,1.0,0
38.00_77.00,2018-11-19,38.0,77.0,0.0,0.0,0.0,4.9,3.0,45774422.771366835,2.0,1
38.00_77.00,2018-11-26,38.0,77.0,1.0,4.1,4.1,4.9,4.0,47186960.315989584,3.0,0
38.00_77.00,2018-12-03,38.0,77.0,0.0,0.0,0.0,4.1,4.0,47186960.315989584,4.0,1
38.00_77.00,2018-12-10,38.0,77.0,1.0,4.6,4.6,4.6,5.0,55130242.663232386,0.0,0
38.00_77.00,2018-12-17,38.0,77.0,0.0,0.0,0.0,4.6,5.0,55130242.663232386,1.0,0
38.00_77.00,2018-12-24,38.0,77.0,0.0,0.0,0.0,4.6,5.0,31743031.277548965,2.0,0
38.00_77.00,2018-12-31,38.0,77.0,0.0,0.0,0.0,4.6,5.0,9355819.89186554,3.0,1
38.00_77.00,2019-01-07,38.0,77.0,1.0,5.0,5.0,5.0,6.0,40978596.49354933,0.0,0
38.00_77.00,2019-01-14,38.0,77.0,0.0,0.0,0.0,5.0,6.0,40978596.49354933,1.0,1
38.00_77.00,2019-01-21,38.0,77.0,1.0,4.6,4.6,5.0,5.0,47509341.296169385,0.0,0
38.00_77.00,2019-01-28,38.0,77.0,0.0,0.0,0.0,5.0,4.0,47509341.296169385,1.0,0
38.00_77.00,2019-02-04,38.0,77.0,0.0,0.0,0.0,4.6,4.0,39566058.948926575,2.0,0
38.00_77.00,2019-02-11,38.0,77.0,0.0,0.0,0.0,4.6,4.0,39566058.948926575,3.0,0
38.00_77.00,2019-02-18,38.0,77.0,0.0,0.0,0.0,0.0,3.0,39566058.948926575,4.0,0
38.00_77.00,2019-02-25,38.0,77.0,0.0,0.0,0.0,0.0,3.0,39566058.948926575,5.0,0
38.00_77.00,2019-03-04,38.0,77.0,0.0,0.0,0.0,0.0,2.0,7943282.347242787,6.0,0
38.00_77.00,2019-03-11,38.0,77.0,0.0,0.0,0.0,0.0,2.0,7943282.347242787,7.0,0
38.00_77.00,2019-03-18,38.0,77.0,0.0,0.0,0.0,0.0,2.0,0.0,8.0,0
38.00_77.00,2019-03-25,38.0,77.0,0.0,0.0,0.0,0.0,2.0,0.0,9.0,0
38.00_77.00,2019-04-01,38.0,77.0,0.0,0.0,0.0,0.0,1.0,0.0,10.0,0
38.00_77.00,2019-04-08,38.0,77.0,0.0,0.0,0.0,0.0,1.0,0.0,11.0,0
38.00_77.00,2019-04-15,38.0,77.0,0.0,0.0,0.0,0.0,0.0,0.0,12.0,0
38.00_77.00,2019-04-22,38.0,77.0,0.0,0.0,0.0,0.0,0.0,0.0,13.0,0
38.00_77.00,2019-04-29,38.0,77.0,0.0,0.0,0.0,0.0,0.0,0.0,14.0,0
38.00_77.00,2019-05-06,38.0,77.0,0.0,0.0,0.0,0.0,0.0,0.0,15.0,0
38.00_77.00,2019-05-13,38.0,77.0,0.0,0.0,0.0,0.0,0.0,0.0,16.0,0
38.00_77.00,2019-05-20,38.0,77.0,0.0,0.0,0.0,0.0,0.0,0.0,17.0,0
38.00_77.00,2019-05-27,38.0,77.0,0.0,0.0,0.0,0.0,0.0,0.0,18.0,0
38.00_77.00,2019-06-03,38.0,77.0,0.0,0.0,0.0,0.0,0.0,0.0,19.0,0
38.00_77.00,2019-06-10,38.0,77.0,0.0,0.0,0.0,0.0,0.0,0.0,20.0,0
38.00_77.00,2019-06-17,38.0,77.0,0.0,0.0,0.0,0.0,0.0,0.0,21.0,0
38.00_77.00,2019-06-24,38.0,77.0,0.0,0.0,0.0,0.0,0.0,0.0,22.0,0
38.00_77.00,2019-07-01,38.0,77.0,0.0,0.0,0.0,0.0,0.0,0.0,23.0,0
38.00_77.00,2019-07-08,38.0,77.0,0.0,0.0,0.0,0.0,0.0,0.0,24.0,0
38.00_77.00,2019-07-15,38.0,77.0,0.0,0.0,0.0,0.0,0.0,0.0,25.0,0
38.00_77.00,2019-07-22,38.0,77.0,0.0,0.0,0.0,0.0,0.0,0.0,26.0,0
38.00_77.00,2019-07-29,38.0,77.0,0.0,0.0,0.0,0.0,0.0,0.0,27.0,0
38.00_77.00,2019-08-05,38.0,77.0,0.0,0.0,0.0,0.0,0.0,0.0,28.0,0
38.00_77.00,2019-08-12,38.0,77.0,0.0,0.0,0.0,0.0,0.0,0.0,29.0,0
38.00_77.00,2019-08-19,38.0,77.0,0.0,0.0,0.0,0.0,0.0,0.0,30.0,0
38.00_77.00,2019-08-26,38.0,77.0,0.0,0.0,0.0,0.0,0.0,0.0,31.0,0
38.00_77.00,2019-09-02,38.0,77.0,0.0,0.0,0.0,0.0,0.0,0.0,32.0,0
38.00_77.00,2019-09-09,38.0,77.0,0.0,0.0,0.0,0.0,0.0,0.0,33.0,1
38.00_77.00,2019-09-16,38.0,77.0,1.0,4.4,4.4,4.4,1.0,3981071.7055349587,34.0,0
38.00_77.00,2019-09-23,38.0,77.0,0.0,0.0,0.0,4.4,1.0,3981071.7055349587,35.0,0
38.00_77.00,2019-09-30,38.0,77.0,0.0,0.0,0.0,4.4,1.0,3981071.7055349587,36.0,0
38.00_77.00,2019-10-07,38.0,77.0,0.0,0.0,0.0,4.4,1.0,3981071.7055349587,37.0,0
38.00_77.00,2019-10-14,38.0,77.0,0.0,0.0,0.0,0.0,1.0,3981071.7055349587,38.0,0
38.00_77.00,2019-10-21,38.0,77.0,0.0,0.0,0.0,0.0,1.0,3981071.7055349587,39.0,0
38.00_77.00,2019-10-28,38.0,77.0,0.0,0.0,0.0,0.0,1.0,3981071.7055349587,40.0,0
38.00_77.00,2019-11-04,38.0,77.0,0.0,0.0,0.0,0.0,1.0,3981071.7055349587,41.0,0
38.00_77.00,2019-11-11,38.0,77.0,0.0,0.0,0.0,0.0,1.0,0.0,42.0,0
38.00_77.00,2019-11-18,38.0,77.0,0.0,0.0,0.0,0.0,1.0,0.0,43.0,0
38.00_77.00,2019-11-25,38.0,77.0,0.0,0.0,0.0,0.0,1.0,0.0,44.0,0
38.00_77.00,2019-12-02,38.0,77.0,0.0,0.0,0.0,0.0,1.0,0.0,45.0,2
38.00_77.00,2019-12-09,38.0,77.0,2.0,4.5,4.5,4.5,2.0,11246826.503806964,0.0,2
38.00_77.00,2019-12-16,38.0,77.0,2.0,4.7,4.2,4.7,4.0,24462273.3617955,0.0,0
38.00_77.00,2019-12-23,38.0,77.0,0.0,0.0,0.0,4.7,4.0,24462273.3617955,1.0,0
38.00_77.00,2019-12-30,38.0,77.0,0.0,0.0,0.0,4.7,4.0,24462273.3617955,2.0,0
38.00_77.00,2020-01-06,38.0,77.0,0.0,0.0,0.0,4.7,4.0,24462273.3617955,3.0,0
38.00_77.00,2020-01-13,38.0,77.0,0.0,0.0,0.0,0.0,4.0,24462273.3617955,4.0,8
38.00_77.00,2020-01-20,38.0,77.0,8.0,6.0,4.4,6.0,12.0,1194045437.9148986,0.0,2
38.00_77.00,2020-01-27,38.0,77.0,2.0,4.5,4.5,6.0,14.0,1205292264.4187057,0.0,3
38.00_77.00,2020-02-03,38.0,77.0,3.0,4.6,4.3,6.0,17.0,1207625486.1246703,0.0,1
38.00_77.00,2020-02-10,38.0,77.0,1.0,4.4,4.4,6.0,18.0,1198391110.9722168,1.0,0
38.00_77.00,2020-02-17,38.0,77.0,0.0,0.0,0.0,4.6,18.0,1198391110.9722168,2.0,1
38.00_77.00,2020-02-24,38.0,77.0,1.0,4.8,4.8,4.8,19.0,1214240042.896828,0.0,0
38.00_77.00,2020-03-02,38.0,77.0,0.0,0.0,0.0,4.8,17.0,1214240042.896828,1.0,0
38.00_77.00,2020-03-09,38.0,77.0,0.0,0.0,0.0,4.8,15.0,1214240042.896828,2.0,0
38.00_77.00,2020-03-16,38.0,77.0,0.0,0.0,0.0,4.8,15.0,44656878.34372477,3.0,0
38.00_77.00,2020-03-23,38.0,77.0,0.0,0.0,0.0,0.0,15.0,33410051.83991779,4.0,0
38.00_77.00,2020-03-30,38.0,77.0,0.0,0.0,0.0,0.0,15.0,19830003.630146086,5.0,0
38.00_77.00,2020-04-06,38.0,77.0,0.0,0.0,0.0,0.0,15.0,15848931.924611108,6.0,1
38.00_77.00,2020-04-13,38.0,77.0,1.0,4.4,4.4,4.4,8.0,19830003.630146086,7.0,0
38.00_77.00,2020-04-20,38.0,77.0,0.0,0.0,0.0,4.4,6.0,3981071.7055349774,8.0,1
38.00_77.00,2020-04-27,38.0,77.0,1.0,4.5,4.5,4.5,4.0,9604484.957438469,0.0,1
38.00_77.00,2020-05-04,38.0,77.0,1.0,4.0,4.0,4.5,4.0,10604484.957438469,1.0,3
38.00_77.00,2020-05-11,38.0,77.0,3.0,5.3,4.3,5.3,7.0,110491244.04932013,0.0,0
38.00_77.00,2020-05-18,38.0,77.0,0.0,0.0,0.0,5.3,6.0,110491244.04932013,1.0,0
38.00_77.00,2020-05-25,38.0,77.0,0.0,0.0,0.0,5.3,6.0,110491244.04932013,2.0,0
38.00_77.00,2020-06-01,38.0,77.0,0.0,0.0,0.0,5.3,6.0,110491244.04932013,3.0,0
38.00_77.00,2020-06-08,38.0,77.0,0.0,0.0,0.0,0.0,6.0,106510172.34378515,4.0,1
38.00_77.00,2020-06-15,38.0,77.0,1.0,4.0,4.0,4.0,7.0,107510172.34378515,5.0,0
38.00_77.00,2020-06-22,38.0,77.0,0.0,0.0,0.0,4.0,7.0,101886759.09188166,6.0,1
38.00_77.00,2020-06-29,38.0,77.0,1.0,4.2,4.2,4.2,8.0,102882021.40685055,7.0,0
38.00_77.00,2020-07-06,38.0,77.0,0.0,0.0,0.0,4.2,7.0,2995262.314968883,8.0,0
38.00_77.00,2020-07-13,38.0,77.0,0.0,0.0,0.0,4.2,7.0,2995262.314968883,9.0,0
38.00_77.00,2020-07-20,38.0,77.0,0.0,0.0,0.0,4.2,6.0,2995262.314968883,10.0,1
38.00_77.00,2020-07-27,38.0,77.0,1.0,4.4,4.4,4.4,6.0,6976334.02050386,11.0,1
38.00_77.00,2020-08-03,38.0,77.0,1.0,4.6,4.6,4.6,4.0,14919616.367746666,0.0,0
38.00_77.00,2020-08-10,38.0,77.0,0.0,0.0,0.0,4.6,4.0,13919616.367746666,1.0,0
38.00_77.00,2020-08-17,38.0,77.0,0.0,0.0,0.0,4.6,4.0,13919616.367746666,2.0,0
38.00_77.00,2020-08-24,38.0,77.0,0.0,0.0,0.0,4.6,4.0,11924354.052777782,3.0,0
38.00_77.00,2020-08-31,38.0,77.0,0.0,0.0,0.0,0.0,4.0,11924354.052777782,4.0,0
38.00_77.00,2020-09-07,38.0,77.0,0.0,0.0,0.0,0.0,3.0,11924354.052777782,5.0,0
38.00_77.00,2020-09-14,38.0,77.0,0.0,0.0,0.0,0.0,3.0,11924354.052777782,6.0,0
38.00_77.00,2020-09-21,38.0,77.0,0.0,0.0,0.0,0.0,2.0,7943282.347242805,7.0,1
38.00_77.00,2020-09-28,38.0,77.0,1.0,4.3,4.3,4.3,3.0,2818382.9312644494,8.0,0
38.00_77.00,2020-10-05,38.0,77.0,0.0,0.0,0.0,4.3,3.0,2818382.9312644494,9.0,0
38.00_77.00,2020-10-12,38.0,77.0,0.0,0.0,0.0,4.3,3.0,2818382.9312644494,10.0,0
38.00_77.00,2020-10-19,38.0,77.0,0.0,0.0,0.0,4.3,2.0,2818382.9312644494,11.0,1
38.00_77.00,2020-10-26,38.0,77.0,1.0,4.5,4.5,4.5,2.0,8441796.18316794,0.0,1
38.00_77.00,2020-11-02,38.0,77.0,1.0,4.3,4.3,4.5,3.0,11260179.114432389,1.0,0
38.00_77.00,2020-11-09,38.0,77.0,0.0,0.0,0.0,4.5,3.0,11260179.114432389,2.0,0
38.00_77.00,2020-11-16,38.0,77.0,0.0,0.0,0.0,4.5,3.0,11260179.114432389,3.0,0
38.00_77.00,2020-11-23,38.0,77.0,0.0,0.0,0.0,4.3,3.0,8441796.18316794,4.0,0
38.00_77.00,2020-11-30,38.0,77.0,0.0,0.0,0.0,0.0,3.0,8441796.18316794,5.0,0
38.00_77.00,2020-12-07,38.0,77.0,0.0,0.0,0.0,0.0,3.0,8441796.18316794,6.0,0
38.00_77.00,2020-12-14,38.0,77.0,0.0,0.0,0.0,0.0,3.0,8441796.18316794,7.0,0
38.00_77.00,2020-12-21,38.0,77.0,0.0,0.0,0.0,0.0,2.0,2818382.9312644494,8.0,0
38.00_77.00,2020-12-28,38.0,77.0,0.0,0.0,0.0,0.0,2.0,0.0,9.0,0
38.00_77.00,2021-01-04,38.0,77.0,0.0,0.0,0.0,0.0,2.0,0.0,10.0,0
38.00_77.00,2021-01-11,38.0,77.0,0.0,0.0,0.0,0.0,2.0,0.0,11.0,0
38.00_77.00,2021-01-18,38.0,77.0,0.0,0.0,0.0,0.0,1.0,0.0,12.0,0
38.00_77.00,2021-01-25,38.0,77.0,0.0,0.0,0.0,0.0,0.0,0.0,13.0,0
38.00_77.00,2021-02-01,38.0,77.0,0.0,0.0,0.0,0.0,0.0,0.0,14.0,0
38.00_77.00,2021-02-08,38.0,77.0,0.0,0.0,0.0,0.0,0.0,0.0,15.0,0
38.00_77.00,2021-02-15,38.0,77.0,0.0,0.0,0.0,0.0,0.0,0.0,16.0,0
38.00_77.00,2021-02-22,38.0,77.0,0.0,0.0,0.0,0.0,0.0,0.0,17.0,0
38.00_77.00,2021-03-01,38.0,77.0,0.0,0.0,0.0,0.0,0.0,0.0,18.0,0
38.00_77.00,2021-03-08,38.0,77.0,0.0,0.0,0.0,0.0,0.0,0.0,19.0,0
38.00_77.00,2021-03-15,38.0,77.0,0.0,0.0,0.0,0.0,0.0,0.0,20.0,0
38.00_77.00,2021-03-22,38.0,77.0,0.0,0.0,0.0,0.0,0.0,0.0,21.0,0
38.00_77.00,2021-03-29,38.0,77.0,0.0,0.0,0.0,0.0,0.0,0.0,22.0,1
38.00_77.00,2021-04-05,38.0,77.0,1.0,4.6,4.6,4.6,1.0,7943282.347242805,0.0,0
38.00_77.00,2021-04-12,38.0,77.0,0.0,0.0,0.0,4.6,1.0,7943282.347242805,1.0,0
38.00_77.00,2021-04-19,38.0,77.0,0.0,0.0,0.0,4.6,1.0,7943282.347242805,2.0,0
38.00_77.00,2021-04-26,38.0,77.0,0.0,0.0,0.0,4.6,1.0,7943282.347242805,3.0,0
38.00_77.00,2021-05-03,38.0,77.0,0.0,0.0,0.0,0.0,1.0,7943282.347242805,4.0,0
38.00_77.00,2021-05-10,38.0,77.0,0.0,0.0,0.0,0.0,1.0,7943282.347242805,5.0,0
38.00_77.00,2021-05-17,38.0,77.0,0.0,0.0,0.0,0.0,1.0,7943282.347242805,6.0,0
38.00_77.00,2021-05-24,38.0,77.0,0.0,0.0,0.0,0.0,1.0,7943282.347242805,7.0,0
38.00_77.00,2021-05-31,38.0,77.0,0.0,0.0,0.0,0.0,1.0,0.0,8.0,0
38.00_77.00,2021-06-07,38.0,77.0,0.0,0.0,0.0,0.0,1.0,0.0,9.0,0
38.00_77.00,2021-06-14,38.0,77.0,0.0,0.0,0.0,0.0,1.0,0.0,10.0,0
38.00_77.00,2021-06-21,38.0,77.0,0.0,0.0,0.0,0.0,1.0,0.0,11.0,0
38.00_77.00,2021-06-28,38.0,77.0,0.0,0.0,0.0,0.0,0.0,0.0,12.0,0
38.00_77.00,2021-07-05,38.0,77.0,0.0,0.0,0.0,0.0,0.0,0.0,13.0,0
38.00_77.00,2021-07-12,38.0,77.0,0.0,0.0,0.0,0.0,0.0,0.0,14.0,0
38.00_77.00,2021-07-19,38.0,77.0,0.0,0.0,0.0,0.0,0.0,0.0,15.0,1
38.00_77.00,2021-07-26,38.0,77.0,1.0,4.6,4.6,4.6,1.0,7943282.347242805,0.0,0
38.00_77.00,2021-08-02,38.0,77.0,0.0,0.0,0.0,4.6,1.0,7943282.347242805,1.0,0
38.00_77.00,2021-08-09,38.0,77.0,0.0,0.0,0.0,4.6,1.0,7943282.347242805,2.0,0
38.00_77.00,2021-08-16,38.0,77.0,0.0,0.0,0.0,4.6,1.0,7943282.347242805,3.0,0
38.00_77.00,2021-08-23,38.0,77.0,0.0,0.0,0.0,0.0,1.0,7943282.347242805,4.0,1
38.00_77.00,2021-08-30,38.0,77.0,1.0,4.2,4.2,4.2,2.0,9938544.662211688,5.0,0
38.00_77.00,2021-09-06,38.0,77.0,0.0,0.0,0.0,4.2,2.0,9938544.662211688,6.0,1
38.00_77.00,2021-09-13,38.0,77.0,1.0,4.6,4.6,4.6,3.0,17881827.009454492,0.0,0
38.00_77.00,2021-09-20,38.0,77.0,0.0,0.0,0.0,4.6,3.0,9938544.662211686,1.0,0
38.00_77.00,2021-09-27,38.0,77.0,0.0,0.0,0.0,4.6,3.0,9938544.662211686,2.0,0
38.00_77.00,2021-10-04,38.0,77.0,0.0,0.0,0.0,4.6,3.0,9938544.662211686,3.0,0
38.00_77.00,2021-10-11,38.0,77.0,0.0,0.0,0.0,0.0,3.0,9938544.662211686,4.0,0
38.00_77.00,2021-10-18,38.0,77.0,0.0,0.0,0.0,0.0,2.0,9938544.662211686,5.0,0
38.00_77.00,2021-10-25,38.0,77.0,0.0,0.0,0.0,0.0,2.0,7943282.347242805,6.0,0
38.00_77.00,2021-11-01,38.0,77.0,0.0,0.0,0.0,0.0,2.0,7943282.347242805,7.0,1
38.00_77.00,2021-11-08,38.0,77.0,1.0,4.6,4.6,4.6,3.0,7943282.347242805,0.0,0
38.00_77.00,2021-11-15,38.0,77.0,0.0,0.0,0.0,4.6,3.0,7943282.347242805,1.0,0
38.00_77.00,2021-11-22,38.0,77.0,0.0,0.0,0.0,4.6,2.0,7943282.347242805,2.0,0
38.00_77.00,2021-11-29,38.0,77.0,0.0,0.0,0.0,4.6,2.0,7943282.347242805,3.0,0
38.00_77.00,2021-12-06,38.0,77.0,0.0,0.0,0.0,0.0,1.0,7943282.347242805,4.0,0
38.00_77.00,2021-12-13,38.0,77.0,0.0,0.0,0.0,0.0,1.0,7943282.347242805,5.0,0
38.00_77.00,2021-12-20,38.0,77.0,0.0,0.0,0.0,0.0,1.0,7943282.347242805,6.0,0
38.00_77.00,2021-12-27,38.0,77.0,0.0,0.0,0.0,0.0,1.0,7943282.347242805,7.0,0
38.00_77.00,2022-01-03,38.0,77.0,0.0,0.0,0.0,0.0,1.0,0.0,8.0,0
38.00_77.00,2022-01-10,38.0,77.0,0.0,0.0,0.0,0.0,1.0,0.0,9.0,0
38.00_77.00,2022-01-17,38.0,77.0,0.0,0.0,0.0,0.0,1.0,0.0,10.0,0
38.00_77.00,2022-01-24,38.0,77.0,0.0,0.0,0.0,0.0,1.0,0.0,11.0,0
38.00_77.00,2022-01-31,38.0,77.0,0.0,0.0,0.0,0.0,0.0,0.0,12.0,0
38.00_77.00,2022-02-07,38.0,77.0,0.0,0.0,0.0,0.0,0.0,0.0,13.0,0
38.00_77.00,2022-02-14,38.0,77.0,0.0,0.0,0.0,0.0,0.0,0.0,14.0,0
38.00_77.00,2022-02-21,38.0,77.0,0.0,0.0,0.0,0.0,0.0,0.0,15.0,0
38.00_77.00,2022-02-28,38.0,77.0,0.0,0.0,0.0,0.0,0.0,0.0,16.0,1
38.00_77.00,2022-03-07,38.0,77.0,1.0,4.4,4.4,4.4,1.0,3981071.7055349774,17.0,0
38.00_77.00,2022-03-14,38.0,77.0,0.0,0.0,0.0,4.4,1.0,3981071.7055349774,18.0,0
38.00_77.00,2022-03-21,38.0,77.0,0.0,0.0,0.0,4.4,1.0,3981071.7055349774,19.0,0
38.00_77.00,2022-03-28,38.0,77.0,0.0,0.0,0.0,4.4,1.0,3981071.7055349774,20.0,0
38.00_77.00,2022-04-04,38.0,77.0,0.0,0.0,0.0,0.0,1.0,3981071.7055349774,21.0,0
38.00_77.00,2022-04-11,38.0,77.0,0.0,0.0,0.0,0.0,1.0,3981071.7055349774,22.0,0
38.00_77.00,2022-04-18,38.0,77.0,0.0,0.0,0.0,0.0,1.0,3981071.7055349774,23.0,0
38.00_77.00,2022-04-25,38.0,77.0,0.0,0.0,0.0,0.0,1.0,3981071.7055349774,24.0,0
38.00_77.00,2022-05-02,38.0,77.0,0.0,0.0,0.0,0.0,1.0,0.0,25.0,0
38.00_77.00,2022-05-09,38.0,77.0,0.0,0.0,0.0,0.0,1.0,0.0,26.0,0
38.00_77.00,2022-05-16,38.0,77.0,0.0,0.0,0.0,0.0,1.0,0.0,27.0,0
38.00_77.00,2022-05-23,38.0,77.0,0.0,0.0,0.0,0.0,1.0,0.0,28.0,0
38.00_77.00,2022-05-30,38.0,77.0,0.0,0.0,0.0,0.0,0.0,0.0,29.0,0
38.00_77.00,2022-06-06,38.0,77.0,0.0,0.0,0.0,0.0,0.0,0.0,30.0,0
38.00_77.00,2022-06-13,38.0,77.0,0.0,0.0,0.0,0.0,0.0,0.0,31.0,0
38.00_77.00,2022-06-20,38.0,77.0,0.0,0.0,0.0,0.0,0.0,0.0,32.0,0
38.00_77.00,2022-06-27,38.0,77.0,0.0,0.0,0.0,0.0,0.0,0.0,33.0,1
38.00_77.00,2022-07-04,38.0,77.0,1.0,5.0,5.0,5.0,1.0,31622776.60168379,0.0,0
38.00_77.00,2022-07-11,38.0,77.0,0.0,0.0,0.0,5.0,1.0,31622776.60168379,1.0,0
38.00_77.00,2022-07-18,38.0,77.0,0.0,0.0,0.0,5.0,1.0,31622776.60168379,2.0,0
38.00_77.00,2022-07-25,38.0,77.0,0.0,0.0,0.0,5.0,1.0,31622776.60168379,3.0,0
38.00_77.00,2022-08-01,38.0,77.0,0.0,0.0,0.0,0.0,1.0,31622776.60168379,4.0,0
38.00_77.00,2022-08-08,38.0,77.0,0.0,0.0,0.0,0.0,1.0,31622776.60168379,5.0,2
38.00_77.00,2022-08-15,38.0,77.0,2.0,4.5,4.3,4.5,3.0,40064572.78485173,0.0,0
38.00_77.00,2022-08-22,38.0,77.0,0.0,0.0,0.0,4.5,3.0,40064572.78485173,1.0,0
38.00_77.00,2022-08-29,38.0,77.0,0.0,0.0,0.0,4.5,3.0,8441796.18316794,2.0,0
38.00_77.00,2022-09-05,38.0,77.0,0.0,0.0,0.0,4.5,3.0,8441796.18316794,3.0,0
38.00_77.00,2022-09-12,38.0,77.0,0.0,0.0,0.0,0.0,3.0,8441796.18316794,4.0,0
38.00_77.00,2022-09-19,38.0,77.0,0.0,0.0,0.0,0.0,3.0,8441796.18316794,5.0,0
38.00_77.00,2022-09-26,38.0,77.0,0.0,0.0,0.0,0.0,2.0,8441796.18316794,6.0,0
38.00_77.00,2022-10-03,38.0,77.0,0.0,0.0,0.0,0.0,2.0,8441796.18316794,7.0,0
38.00_77.00,2022-10-10,38.0,77.0,0.0,0.0,0.0,0.0,2.0,0.0,8.0,1
38.00_77.00,2022-10-17,38.0,77.0,1.0,4.9,4.9,4.9,3.0,22387211.385683425,0.0,0
38.00_77.00,2022-10-24,38.0,77.0,0.0,0.0,0.0,4.9,3.0,22387211.385683425,1.0,0
38.00_77.00,2022-10-31,38.0,77.0,0.0,0.0,0.0,4.9,3.0,22387211.385683425,2.0,0
38.00_77.00,2022-11-07,38.0,77.0,0.0,0.0,0.0,4.9,1.0,22387211.385683425,3.0,0
38.00_77.00,2022-11-14,38.0,77.0,0.0,0.0,0.0,0.0,1.0,22387211.385683425,4.0,0
38.00_77.00,2022-11-21,38.0,77.0,0.0,0.0,0.0,0.0,1.0,22387211.385683425,5.0,0
38.00_77.00,2022-11-28,38.0,77.0,0.0,0.0,0.0,0.0,1.0,22387211.385683425,6.0,1
38.00_77.00,2022-12-05,38.0,77.0,1.0,4.8,4.8,4.8,2.0,38236143.31029453,0.0,0
38.00_77.00,2022-12-12,38.0,77.0,0.0,0.0,0.0,4.8,2.0,15848931.924611108,1.0,0
38.00_77.00,2022-12-19,38.0,77.0,0.0,0.0,0.0,4.8,2.0,15848931.924611108,2.0,0
38.00_77.00,2022-12-26,38.0,77.0,0.0,0.0,0.0,4.8,2.0,15848931.924611108,3.0,0
38.00_77.00,2023-01-02,38.0,77.0,0.0,0.0,0.0,0.0,2.0,15848931.924611108,4.0,0
38.00_77.00,2023-01-09,38.0,77.0,0.0,0.0,0.0,0.0,1.0,15848931.924611108,5.0,0
38.00_77.00,2023-01-16,38.0,77.0,0.0,0.0,0.0,0.0,1.0,15848931.924611108,6.0,0
38.00_77.00,2023-01-23,38.0,77.0,0.0,0.0,0.0,0.0,1.0,15848931.924611108,7.0,0
38.00_77.00,2023-01-30,38.0,77.0,0.0,0.0,0.0,0.0,1.0,0.0,8.0,1
38.00_77.00,2023-02-06,38.0,77.0,1.0,4.3,4.3,4.3,2.0,2818382.9312644494,9.0,0
38.00_77.00,2023-02-13,38.0,77.0,0.0,0.0,0.0,4.3,2.0,2818382.9312644494,10.0,0
38.00_77.00,2023-02-20,38.0,77.0,0.0,0.0,0.0,4.3,2.0,2818382.9312644494,11.0,0
38.00_77.00,2023-02-27,38.0,77.0,0.0,0.0,0.0,4.3,1.0,2818382.9312644494,12.0,0
38.00_77.00,2023-03-06,38.0,77.0,0.0,0.0,0.0,0.0,1.0,2818382.9312644494,13.0,0
38.00_77.00,2023-03-13,38.0,77.0,0.0,0.0,0.0,0.0,1.0,2818382.9312644494,14.0,0
38.00_77.00,2023-03-20,38.0,77.0,0.0,0.0,0.0,0.0,1.0,2818382.9312644494,15.0,0
38.00_77.00,2023-03-27,38.0,77.0,0.0,0.0,0.0,0.0,1.0,2818382.9312644494,16.0,1
38.00_77.00,2023-04-03,38.0,77.0,1.0,4.2,4.2,4.2,2.0,1995262.3149688828,17.0,0
38.00_77.00,2023-04-10,38.0,77.0,0.0,0.0,0.0,4.2,2.0,1995262.3149688828,18.0,0
38.00_77.00,2023-04-17,38.0,77.0,0.0,0.0,0.0,4.2,2.0,1995262.3149688828,19.0,0
38.00_77.00,2023-04-24,38.0,77.0,0.0,0.0,0.0,4.2,2.0,1995262.3149688828,20.0,0
38.00_77.00,2023-05-01,38.0,77.0,0.0,0.0,0.0,0.0,1.0,1995262.3149688828,21.0,0
38.00_77.00,2023-05-08,38.0,77.0,0.0,0.0,0.0,0.0,1.0,1995262.3149688828,22.0,0
38.00_77.00,2023-05-15,38.0,77.0,0.0,0.0,0.0,0.0,1.0,1995262.3149688828,23.0,0
38.00_77.00,2023-05-22,38.0,77.0,0.0,0.0,0.0,0.0,1.0,1995262.3149688828,24.0,0
38.00_77.00,2023-05-29,38.0,77.0,0.0,0.0,0.0,0.0,1.0,0.0,25.0,2
38.00_77.00,2023-06-05,38.0,77.0,2.0,4.2,4.2,4.2,3.0,3990524.6299377657,26.0,0
38.00_77.00,2023-06-12,38.0,77.0,0.0,0.0,0.0,4.2,3.0,3990524.6299377657,27.0,0
38.00_77.00,2023-06-19,38.0,77.0,0.0,0.0,0.0,4.2,3.0,3990524.6299377657,28.0,0
38.00_77.00,2023-06-26,38.0,77.0,0.0,0.0,0.0,4.2,2.0,3990524.6299377657,29.0,0
38.00_77.00,2023-07-03,38.0,77.0,0.0,0.0,0.0,0.0,2.0,3990524.6299377657,30.0,0
38.00_77.00,2023-07-10,38.0,77.0,0.0,0.0,0.0,0.0,2.0,3990524.6299377657,31.0,0
38.00_77.00,2023-07-17,38.0,77.0,0.0,0.0,0.0,0.0,2.0,3990524.6299377657,32.0,0
38.00_77.00,2023-07-24,38.0,77.0,0.0,0.0,0.0,0.0,2.0,3990524.6299377657,33.0,0
38.00_77.00,2023-07-31,38.0,77.0,0.0,0.0,0.0,0.0,2.0,0.0,34.0,0
38.00_77.00,2023-08-07,38.0,77.0,0.0,0.0,0.0,0.0,2.0,0.0,35.0,0
38.00_77.00,2023-08-14,38.0,77.0,0.0,0.0,0.0,0.0,2.0,0.0,36.0,1
38.00_77.00,2023-08-21,38.0,77.0,1.0,4.7,4.7,4.7,3.0,11220184.543019652,0.0,0
38.00_77.00,2023-08-28,38.0,77.0,0.0,0.0,0.0,4.7,1.0,11220184.543019652,1.0,1
38.00_77.00,2023-09-04,38.0,77.0,1.0,4.5,4.5,4.7,2.0,16843597.79492314,0.0,0
38.00_77.00,2023-09-11,38.0,77.0,0.0,0.0,0.0,4.7,2.0,16843597.79492314,1.0,0
38.00_77.00,2023-09-18,38.0,77.0,0.0,0.0,0.0,4.5,2.0,16843597.79492314,2.0,1
38.00_77.00,2023-09-25,38.0,77.0,1.0,4.4,4.4,4.5,3.0,20824669.50045812,3.0,0
38.00_77.00,2023-10-02,38.0,77.0,0.0,0.0,0.0,4.4,3.0,20824669.50045812,4.0,0
38.00_77.00,2023-10-09,38.0,77.0,0.0,0.0,0.0,4.4,3.0,20824669.50045812,5.0,0
38.00_77.00,2023-10-16,38.0,77.0,0.0,0.0,0.0,4.4,3.0,9604484.957438469,6.0,0
38.00_77.00,2023-10-23,38.0,77.0,0.0,0.0,0.0,0.0,3.0,9604484.957438469,7.0,0
38.00_77.00,2023-10-30,38.0,77.0,0.0,0.0,0.0,0.0,3.0,3981071.7055349774,8.0,0
38.00_77.00,2023-11-06,38.0,77.0,0.0,0.0,0.0,0.0,3.0,3981071.7055349774,9.0,7
38.00_77.00,2023-11-13,38.0,77.0,7.0,5.3,4.1,5.3,9.0,124446197.03384008,0.0,0
38.00_77.00,2023-11-20,38.0,77.0,0.0,0.0,0.0,5.3,9.0,120465125.3283051,1.0,0
38.00_77.00,2023-11-27,38.0,77.0,0.0,0.0,0.0,5.3,8.0,120465125.3283051,2.0,0
38.00_77.00,2023-12-04,38.0,77.0,0.0,0.0,0.0,5.3,8.0,120465125.3283051,3.0,0
38.00_77.00,2023-12-11,38.0,77.0,0.0,0.0,0.0,0.0,8.0,120465125.3283051,4.0,0
38.00_77.00,2023-12-18,38.0,77.0,0.0,0.0,0.0,0.0,7.0,120465125.3283051,5.0,1
38.00_77.00,2023-12-25,38.0,77.0,1.0,5.2,5.2,5.2,8.0,183560859.7763245,0.0,0
38.00_80.00,2010-03-22,38.0,80.0,0.0,0.0,0.0,0.0,0.0,0.0,500.0,0
38.00_80.00,2010-03-29,38.0,80.0,0.0,0.0,0.0,0.0,0.0,0.0,500.0,0
38.00_80.00,2010-04-05,38.0,80.0,0.0,0.0,0.0,0.0,0.0,0.0,500.0,0
38.00_80.00,2010-04-12,38.0,80.0,0.0,0.0,0.0,0.0,0.0,0.0,500.0,0
38.00_80.00,2010-04-19,38.0,80.0,0.0,0.0,0.0,0.0,0.0,0.0,500.0,0
38.00_80.00,2010-04-26,38.0,80.0,0.0,0.0,0.0,0.0,0.0,0.0,500.0,0
38.00_80.00,2010-05-03,38.0,80.0,0.0,0.0,0.0,0.0,0.0,0.0,500.0,0
38.00_80.00,2010-05-10,38.0,80.0,0.0,0.0,0.0,0.0,0.0,0.0,500.0,0
38.00_80.00,2010-05-17,38.0,80.0,0.0,0.0,0.0,0.0,0.0,0.0,500.0,0
38.00_80.00,2010-05-24,38.0,80.0,0.0,0.0,0.0,0.0,0.0,0.0,500.0,0
38.00_80.00,2010-05-31,38.0,80.0,0.0,0.0,0.0,0.0,0.0,0.0,500.0,0
38.00_80.00,2010-06-07,38.0,80.0,0.0,0.0,0.0,0.0,0.0,0.0,500.0,0
38.00_80.00,2010-06-14,38.0,80.0,0.0,0.0,0.0,0.0,0.0,0.0,500.0,0
38.00_80.00,2010-06-21,38.0,80.0,0.0,0.0,0.0,0.0,0.0,0.0,500.0,0
38.00_80.00,2010-06-28,38.0,80.0,0.0,0.0,0.0,0.0,0.0,0.0,500.0,0
38.00_80.00,2010-07-05,38.0,80.0,0.0,0.0,0.0,0.0,0.0,0.0,500.0,0
38.00_80.00,2010-07-12,38.0,80.0,0.0,0.0,0.0,0.0,0.0,0.0,500.0,0
38.00_80.00,2010-07-19,38.0,80.0,0.0,0.0,0.0,0.0,0.0,0.0,500.0,0
38.00_80.00,2010-07-26,38.0,80.0,0.0,0.0,0.0,0.0,0.0,0.0,500.0,0
38.00_80.00,2010-08-02,38.0,80.0,0.0,0.0,0.0,0.0,0.0,0.0,500.0,0
38.00_80.00,2010-08-09,38.0,80.0,0.0,0.0,0.0,0.0,0.0,0.0,500.0,0
38.00_80.00,2010-08-16,38.0,80.0,0.0,0.0,0.0,0.0,0.0,0.0,500.0,0
38.00_80.00,2010-08-23,38.0,80.0,0.0,0.0,0.0,0.0,0.0,0.0,500.0,0
38.00_80.00,2010-08-30,38.0,80.0,0.0,0.0,0.0,0.0,0.0,0.0,500.0,0
38.00_80.00,2010-09-06,38.0,80.0,0.0,0.0,0.0,0.0,0.0,0.0,500.0,0
38.00_80.00,2010-09-13,38.0,80.0,0.0,0.0,0.0,0.0,0.0,0.0,500.0,0
38.00_80.00,2010-09-20,38.0,80.0,0.0,0.0,0.0,0.0,0.0,0.0,500.0,0
38.00_80.00,2010-09-27,38.0,80.0,0.0,0.0,0.0,0.0,0.0,0.0,500.0,0
38.00_80.00,2010-10-04,38.0,80.0,0.0,0.0,0.0,0.0,0.0,0.0,500.0,0
38.00_80.00,2010-10-11,38.0,80.0,0.0,0.0,0.0,0.0,0.0,0.0,500.0,0
38.00_80.00,2010-10-18,38.0,80.0,0.0,0.0,0.0,0.0,0.0,0.0,500.0,0
38.00_80.00,2010-10-25,38.0,80.0,0.0,0.0,0.0,0.0,0.0,0.0,500.0,0
38.00_80.00,2010-11-01,38.0,80.0,0.0,0.0,0.0,0.0,0.0,0.0,500.0,0
38.00_80.00,2010-11-08,38.0,80.0,0.0,0.0,0.0,0.0,0.0,0.0,500.0,0
38.00_80.00,2010-11-15,38.0,80.0,0.0,0.0,0.0,0.0,0.0,0.0,500.0,0
38.00_80.00,2010-11-22,38.0,80.0,0.0,0.0,0.0,0.0,0.0,0.0,500.0,0
38.00_80.00,2010-11-29,38.0,80.0,0.0,0.0,0.0,0.0,0.0,0.0,500.0,0
38.00_80.00,2010-12-06,38.0,80.0,0.0,0.0,0.0,0.0,0.0,0.0,500.0,0
38.00_80.00,2010-12-13,38.0,80.0,0.0,0.0,0.0,0.0,0.0,0.0,500.0,0
38.00_80.00,2010-12-20,38.0,80.0,0.0,0.0,0.0,0.0,0.0,0.0,500.0,0
38.00_80.00,2010-12-27,38.0,80.0,0.0,0.0,0.0,0.0,0.0,0.0,500.0,0
38.00_80.00,2011-01-03,38.0,80.0,0.0,0.0,0.0,0.0,0.0,0.0,500.0,0
38.00_80.00,2011-01-10,38.0,80.0,0.0,0.0,0.0,0.0,0.0,0.0,500.0,0
38.00_80.00,2011-01-17,38.0,80.0,0.0,0.0,0.0,0.0,0.0,0.0,500.0,0
38.00_80.00,2011-01-24,38.0,80.0,0.0,0.0,0.0,0.0,0.0,0.0,500.0,0
38.00_80.00,2011-01-31,38.0,80.0,0.0,0.0,0.0,0.0,0.0,0.0,500.0,0
38.00_80.00,2011-02-07,38.0,80.0,0.0,0.0,0.0,0.0,0.0,0.0,500.0,0
38.00_80.00,2011-02-14,38.0,80.0,0.0,0.0,0.0,0.0,0.0,0.0,500.0,0
38.00_80.00,2011-02-21,38.0,80.0,0.0,0.0,0.0,0.0,0.0,0.0,500.0,0
38.00_80.00,2011-02-28,38.0,80.0,0.0,0.0,0.0,0.0,0.0,0.0,500.0,0
38.00_80.00,2011-03-07,38.0,80.0,0.0,0.0,0.0,0.0,0.0,0.0,500.0,0
38.00_80.00,2011-03-14,38.0,80.0,0.0,0.0,0.0,0.0,0.0,0.0,500.0,0
38.00_80.00,2011-03-21,38.0,80.0,0.0,0.0,0.0,0.0,0.0,0.0,500.0,0
38.00_80.00,2011-03-28,38.0,80.0,0.0,0.0,0.0,0.0,0.0,0.0,500.0,0
38.00_80.00,2011-04-04,38.0,80.0,0.0,0.0,0.0,0.0,0.0,0.0,500.0,0
38.00_80.00,2011-04-11,38.0,80.0,0.0,0.0,0.0,0.0,0.0,0.0,500.0,0
38.00_80.00,2011-04-18,38.0,80.0,0.0,0.0,0.0,0.0,0.0,0.0,500.0,0
38.00_80.00,2011-04-25,38.0,80.0,0.0,0.0,0.0,0.0,0.0,0.0,500.0,0
38.00_80.00,2011-05-02,38.0,80.0,0.0,0.0,0.0,0.0,0.0,0.0,500.0,0
38.00_80.00,2011-05-09,38.0,80.0,0.0,0.0,0.0,0.0,0.0,0.0,500.0,0
38.00_80.00,2011-05-16,38.0,80.0,0.0,0.0,0.0,0.0,0.0,0.0,500.0,0
38.00_80.00,2011-05-23,38.0,80.0,0.0,0.0,0.0,0.0,0.0,0.0,500.0,0
38.00_80.00,2011-05-30,38.0,80.0,0.0,0.0,0.0,0.0,0.0,0.0,500.0,0
38.00_80.00,2011-06-06,38.0,80.0,0.0,0.0,0.0,0.0,0.0,0.0,500.0,0
38.00_80.00,2011-06-13,38.0,80.0,0.0,0.0,0.0,0.0,0.0,0.0,500.0,0
38.00_80.00,2011-06-20,38.0,80.0,0.0,0.0,0.0,0.0,0.0,0.0,500.0,0
38.00_80.00,2011-06-27,38.0,80.0,0.0,0.0,0.0,0.0,0.0,0.0,500.0,0
38.00_80.00,2011-07-04,38.0,80.0,0.0,0.0,0.0,0.0,0.0,0.0,500.0,0
38.00_80.00,2011-07-11,38.0,80.0,0.0,0.0,0.0,0.0,0.0,0.0,500.0,0
38.00_80.00,2011-07-18,38.0,80.0,0.0,0.0,0.0,0.0,0.0,0.0,500.0,0
38.00_80.00,2011-07-25,38.0,80.0,0.0,0.0,0.0,0.0,0.0,0.0,500.0,0
38.00_80.00,2011-08-01,38.0,80.0,0.0,0.0,0.0,0.0,0.0,0.0,500.0,0
38.00_80.00,2011-08-08,38.0,80.0,0.0,0.0,0.0,0.0,0.0,0.0,500.0,0
38.00_80.00,2011-08-15,38.0,80.0,0.0,0.0,0.0,0.0,0.0,0.0,500.0,0
38.00_80.00,2011-08-22,38.0,80.0,0.0,0.0,0.0,0.0,0.0,0.0,500.0,0
38.00_80.00,2011-08-29,38.0,80.0,0.0,0.0,0.0,0.0,0.0,0.0,500.0,0
38.00_80.00,2011-09-05,38.0,80.0,0.0,0.0,0.0,0.0,0.0,0.0,500.0,0
38.00_80.00,2011-09-12,38.0,80.0,0.0,0.0,0.0,0.0,0.0,0.0,500.0,0
38.00_80.00,2011-09-19,38.0,80.0,0.0,0.0,0.0,0.0,0.0,0.0,500.0,0
38.00_80.00,2011-09-26,38.0,80.0,0.0,0.0,0.0,0.0,0.0,0.0,500.0,0
38.00_80.00,2011-10-03,38.0,80.0,0.0,0.0,0.0,0.0,0.0,0.0,500.0,0
38.00_80.00,2011-10-10,38.0,80.0,0.0,0.0,0.0,0.0,0.0,0.0,500.0,0
38.00_80.00,2011-10-17,38.0,80.0,0.0,0.0,0.0,0.0,0.0,0.0,500.0,0
38.00_80.00,2011-10-24,38.0,80.0,0.0,0.0,0.0,0.0,0.0,0.0,500.0,0
38.00_80.00,2011-10-31,38.0,80.0,0.0,0.0,0.0,0.0,0.0,0.0,500.0,0
38.00_80.00,2011-11-07,38.0,80.0,0.0,0.0,0.0,0.0,0.0,0.0,500.0,0
38.00_80.00,2011-11-14,38.0,80.0,0.0,0.0,0.0,0.0,0.0,0.0,500.0,0
38.00_80.00,2011-11-21,38.0,80.0,0.0,0.0,0.0,0.0,0.0,0.0,500.0,0
38.00_80.00,2011-11-28,38.0,80.0,0.0,0.0,0.0,0.0,0.0,0.0,500.0,0
38.00_80.00,2011-12-05,38.0,80.0,0.0,0.0,0.0,0.0,0.0,0.0,500.0,0
38.00_80.00,2011-12-12,38.0,80.0,0.0,0.0,0.0,0.0,0.0,0.0,500.0,0
38.00_80.00,2011-12-19,38.0,80.0,0.0,0.0,0.0,0.0,0.0,0.0,500.0,0
38.00_80.00,2011-12-26,38.0,80.0,0.0,0.0,0.0,0.0,0.0,0.0,500.0,0
38.00_80.00,2012-01-02,38.0,80.0,0.0,0.0,0.0,0.0,0.0,0.0,500.0,0
38.00_80.00,2012-01-09,38.0,80.0,0.0,0.0,0.0,0.0,0.0,0.0,500.0,0
38.00_80.00,2012-01-16,38.0,80.0,0.0,0.0,0.0,0.0,0.0,0.0,500.0,0
38.00_80.00,2012-01-23,38.0,80.0,0.0,0.0,0.0,0.0,0.0,0.0,500.0,0
38.00_80.00,2012-01-30,38.0,80.0,0.0,0.0,0.0,0.0,0.0,0.0,500.0,0
38.00_80.00,2012-02-06,38.0,80.0,0.0,0.0,0.0,0.0,0.0,0.0,500.0,0
38.00_80.00,2012-02-13,38.0,80.0,0.0,0.0,0.0,0.0,0.0,0.0,500.0,0
38.00_80.00,2012-02-20,38.0,80.0,0.0,0.0,0.0,0.0,0.0,0.0,500.0,0
38.00_80.00,2012-02-27,38.0,80.0,0.0,0.0,0.0,0.0,0.0,0.0,500.0,0
38.00_80.00,2012-03-05,38.0,80.0,0.0,0.0,0.0,0.0,0.0,0.0,500.0,1
38.00_80.00,2012-03-12,38.0,80.0,1.0,5.9,5.9,5.9,1.0,707945784.3841403,0.0,0
38.00_80.00,2012-03-19,38.0,80.0,0.0,0.0,0.0,5.9,1.0,707945784.3841403,1.0,0
38.00_80.00,2012-03-26,38.0,80.0,0.0,0.0,0.0,5.9,1.0,707945784.3841403,2.0,0
38.00_80.00,2012-04-02,38.0,80.0,0.0,0.0,0.0,5.9,1.0,707945784.3841403,3.0,0
38.00_80.00,2012-04-09,38.0,80.0,0.0,0.0,0.0,0.0,1.0,707945784.3841403,4.0,0
38.00_80.00,2012-04-16,38.0,80.0,0.0,0.0,0.0,0.0,1.0,707945784.3841403,5.0,0
38.00_80.00,2012-04-23,38.0,80.0,0.0,0.0,0.0,0.0,1.0,707945784.3841403,6.0,0
38.00_80.00,2012-04-30,38.0,80.0,0.0,0.0,0.0,0.0,1.0,707945784.3841403,7.0,0
38.00_80.00,2012-05-07,38.0,80.0,0.0,0.0,0.0,0.0,1.0,0.0,8.0,0
38.00_80.00,2012-05-14,38.0,80.0,0.0,0.0,0.0,0.0,1.0,0.0,9.0,0
38.00_80.00,2012-05-21,38.0,80.0,0.0,0.0,0.0,0.0,1.0,0.0,10.0,0
38.00_80.00,2012-05-28,38.0,80.0,0.0,0.0,0.0,0.0,1.0,0.0,11.0,0
38.00_80.00,2012-06-04,38.0,80.0,0.0,0.0,0.0,0.0,0.0,0.0,12.0,0
38.00_80.00,2012-06-11,38.0,80.0,0.0,0.0,0.0,0.0,0.0,0.0,13.0,0
38.00_80.00,2012-06-18,38.0,80.0,0.0,0.0,0.0,0.0,0.0,0.0,14.0,0
38.00_80.00,2012-06-25,38.0,80.0,0.0,0.0,0.0,0.0,0.0,0.0,15.0,0
38.00_80.00,2012-07-02,38.0,80.0,0.0,0.0,0.0,0.0,0.0,0.0,16.0,0
38.00_80.00,2012-07-09,38.0,80.0,0.0,0.0,0.0,0.0,0.0,0.0,17.0,0
38.00_80.00,2012-07-16,38.0,80.0,0.0,0.0,0.0,0.0,0.0,0.0,18.0,0
38.00_80.00,2012-07-23,38.0,80.0,0.0,0.0,0.0,0.0,0.0,0.0,19.0,0
38.00_80.00,2012-07-30,38.0,80.0,0.0,0.0,0.0,0.0,0.0,0.0,20.0,0
38.00_80.00,2012-08-06,38.0,80.0,0.0,0.0,0.0,0.0,0.0,0.0,21.0,0
38.00_80.00,2012-08-13,38.0,80.0,0.0,0.0,0.0,0.0,0.0,0.0,22.0,0
38.00_80.00,2012-08-20,38.0,80.0,0.0,0.0,0.0,0.0,0.0,0.0,23.0,0
38.00_80.00,2012-08-27,38.0,80.0,0.0,0.0,0.0,0.0,0.0,0.0,24.0,0
38.00_80.00,2012-09-03,38.0,80.0,0.0,0.0,0.0,0.0,0.0,0.0,25.0,0
38.00_80.00,2012-09-10,38.0,80.0,0.0,0.0,0.0,0.0,0.0,0.0,26.0,0
38.00_80.00,2012-09-17,38.0,80.0,0.0,0.0,0.0,0.0,0.0,0.0,27.0,0
38.00_80.00,2012-09-24,38.0,80.0,0.0,0.0,0.0,0.0,0.0,0.0,28.0,0
38.00_80.00,2012-10-01,38.0,80.0,0.0,0.0,0.0,0.0,0.0,0.0,29.0,0
38.00_80.00,2012-10-08,38.0,80.0,0.0,0.0,0.0,0.0,0.0,0.0,30.0,0
38.00_80.00,2012-10-15,38.0,80.0,0.0,0.0,0.0,0.0,0.0,0.0,31.0,0
38.00_80.00,2012-10-22,38.0,80.0,0.0,0.0,0.0,0.0,0.0,0.0,32.0,0
38.00_80.00,2012-10-29,38.0,80.0,0.0,0.0,0.0,0.0,0.0,0.0,33.0,0
38.00_80.00,2012-11-05,38.0,80.0,0.0,0.0,0.0,0.0,0.0,0.0,34.0,0
38.00_80.00,2012-11-12,38.0,80.0,0.0,0.0,0.0,0.0,0.0,0.0,35.0,0
38.00_80.00,2012-11-19,38.0,80.0,0.0,0.0,0.0,0.0,0.0,0.0,36.0,0
38.00_80.00,2012-11-26,38.0,80.0,0.0,0.0,0.0,0.0,0.0,0.0,37.0,0
38.00_80.00,2012-12-03,38.0,80.0,0.0,0.0,0.0,0.0,0.0,0.0,38.0,0
38.00_80.00,2012-12-10,38.0,80.0,0.0,0.0,0.0,0.0,0.0,0.0,39.0,0
38.00_80.00,2012-12-17,38.0,80.0,0.0,0.0,0.0,0.0,0.0,0.0,40.0,0
38.00_80.00,2012-12-24,38.0,80.0,0.0,0.0,0.0,0.0,0.0,0.0,41.0,0
38.00_80.00,2012-12-31,38.0,80.0,0.0,0.0,0.0,0.0,0.0,0.0,42.0,0
38.00_80.00,2013-01-07,38.0,80.0,0.0,0.0,0.0,0.0,0.0,0.0,43.0,0
38.00_80.00,2013-01-14,38.0,80.0,0.0,0.0,0.0,0.0,0.0,0.0,44.0,0
38.00_80.00,2013-01-21,38.0,80.0,0.0,0.0,0.0,0.0,0.0,0.0,45.0,0
38.00_80.00,2013-01-28,38.0,80.0,0.0,0.0,0.0,0.0,0.0,0.0,46.0,0
38.00_80.00,2013-02-04,38.0,80.0,0.0,0.0,0.0,0.0,0.0,0.0,47.0,0
38.00_80.00,2013-02-11,38.0,80.0,0.0,0.0,0.0,0.0,0.0,0.0,48.0,0
38.00_80.00,2013-02-18,38.0,80.0,0.0,0.0,0.0,0.0,0.0,0.0,49.0,0
38.00_80.00,2013-02-25,38.0,80.0,0.0,0.0,0.0,0.0,0.0,0.0,50.0,0
38.00_80.00,2013-03-04,38.0,80.0,0.0,0.0,0.0,0.0,0.0,0.0,51.0,0
38.00_80.00,2013-03-11,38.0,80.0,0.0,0.0,0.0,0.0,0.0,0.0,52.0,0
38.00_80.00,2013-03-18,38.0,80.0,0.0,0.0,0.0,0.0,0.0,0.0,53.0,0
38.00_80.00,2013-03-25,38.0,80.0,0.0,0.0,0.0,0.0,0.0,0.0,54.0,0
38.00_80.00,2013-04-01,38.0,80.0,0.0,0.0,0.0,0.0,0.0,0.0,55.0,0
38.00_80.00,2013-04-08,38.0,80.0,0.0,0.0,0.0,0.0,0.0,0.0,56.0,0
38.00_80.00,2013-04-15,38.0,80.0,0.0,0.0,0.0,0.0,0.0,0.0,57.0,0
38.00_80.00,2013-04-22,38.0,80.0,0.0,0.0,0.0,0.0,0.0,0.0,58.0,0
38.00_80.00,2013-04-29,38.0,80.0,0.0,0.0,0.0,0.0,0.0,0.0,59.0,0
38.00_80.00,2013-05-06,38.0,80.0,0.0,0.0,0.0,0.0,0.0,0.0,60.0,0
38.00_80.00,2013-05-13,38.0,80.0,0.0,0.0,0.0,0.0,0.0,0.0,61.0,0
38.00_80.00,2013-05-20,38.0,80.0,0.0,0.0,0.0,0.0,0.0,0.0,62.0,0
38.00_80.00,2013-05-27,38.0,80.0,0.0,0.0,0.0,0.0,0.0,0.0,63.0,0
38.00_80.00,2013-06-03,38.0,80.0,0.0,0.0,0.0,0.0,0.0,0.0,64.0,0
38.00_80.00,2013-06-10,38.0,80.0,0.0,0.0,0.0,0.0,0.0,0.0,65.0,0
38.00_80.00,2013-06-17,38.0,80.0,0.0,0.0,0.0,0.0,0.0,0.0,66.0,0
38.00_80.00,2013-06-24,38.0,80.0,0.0,0.0,0.0,0.0,0.0,0.0,67.0,0
38.00_80.00,2013-07-01,38.0,80.0,0.0,0.0,0.0,0.0,0.0,0.0,68.0,0
38.00_80.00,2013-07-08,38.0,80.0,0.0,0.0,0.0,0.0,0.0,0.0,69.0,0
38.00_80.00,2013-07-15,38.0,80.0,0.0,0.0,0.0,0.0,0.0,0.0,70.0,0
38.00_80.00,2013-07-22,38.0,80.0,0.0,0.0,0.0,0.0,0.0,0.0,71.0,0
38.00_80.00,2013-07-29,38.0,80.0,0.0,0.0,0.0,0.0,0.0,0.0,72.0,0
38.00_80.00,2013-08-05,38.0,80.0,0.0,0.0,0.0,0.0,0.0,0.0,73.0,0
38.00_80.00,2013-08-12,38.0,80.0,0.0,0.0,0.0,0.0,0.0,0.0,74.0,0
38.00_80.00,2013-08-19,38.0,80.0,0.0,0.0,0.0,0.0,0.0,0.0,75.0,0
38.00_80.00,2013-08-26,38.0,80.0,0.0,0.0,0.0,0.0,0.0,0.0,76.0,0
38.00_80.00,2013-09-02,38.0,80.0,0.0,0.0,0.0,0.0,0.0,0.0,77.0,0
38.00_80.00,2013-09-09,38.0,80.0,0.0,0.0,0.0,0.0,0.0,0.0,78.0,0
38.00_80.00,2013-09-16,38.0,80.0,0.0,0.0,0.0,0.0,0.0,0.0,79.0,0
38.00_80.00,2013-09-23,38.0,80.0,0.0,0.0,0.0,0.0,0.0,0.0,80.0,0
38.00_80.00,2013-09-30,38.0,80.0,0.0,0.0,0.0,0.0,0.0,0.0,81.0,0
38.00_80.00,2013-10-07,38.0,80.0,0.0,0.0,0.0,0.0,0.0,0.0,82.0,0
38.00_80.00,2013-10-14,38.0,80.0,0.0,0.0,0.0,0.0,0.0,0.0,83.0,0
38.00_80.00,2013-10-21,38.0,80.0,0.0,0.0,0.0,0.0,0.0,0.0,84.0,0
38.00_80.00,2013-10-28,38.0,80.0,0.0,0.0,0.0,0.0,0.0,0.0,85.0,0
38.00_80.00,2013-11-04,38.0,80.0,0.0,0.0,0.0,0.0,0.0,0.0,86.0,0
38.00_80.00,2013-11-11,38.0,80.0,0.0,0.0,0.0,0.0,0.0,0.0,87.0,0
38.00_80.00,2013-11-18,38.0,80.0,0.0,0.0,0.0,0.0,0.0,0.0,88.0,0
38.00_80.00,2013-11-25,38.0,80.0,0.0,0.0,0.0,0.0,0.0,0.0,89.0,0
38.00_80.00,2013-12-02,38.0,80.0,0.0,0.0,0.0,0.0,0.0,0.0,90.0,0
38.00_80.00,2013-12-09,38.0,80.0,0.0,0.0,0.0,0.0,0.0,0.0,91.0,0
38.00_80.00,2013-12-16,38.0,80.0,0.0,0.0,0.0,0.0,0.0,0.0,92.0,0
38.00_80.00,2013-12-23,38.0,80.0,0.0,0.0,0.0,0.0,0.0,0.0,93.0,0
38.00_80.00,2013-12-30,38.0,80.0,0.0,0.0,0.0,0.0,0.0,0.0,94.0,0
38.00_80.00,2014-01-06,38.0,80.0,0.0,0.0,0.0,0.0,0.0,0.0,95.0,0
38.00_80.00,2014-01-13,38.0,80.0,0.0,0.0,0.0,0.0,0.0,0.0,96.0,0
38.00_80.00,2014-01-20,38.0,80.0,0.0,0.0,0.0,0.0,0.0,0.0,97.0,0
38.00_80.00,2014-01-27,38.0,80.0,0.0,0.0,0.0,0.0,0.0,0.0,98.0,0
38.00_80.00,2014-02-03,38.0,80.0,0.0,0.0,0.0,0.0,0.0,0.0,99.0,0
38.00_80.00,2014-02-10,38.0,80.0,0.0,0.0,0.0,0.0,0.0,0.0,100.0,0
38.00_80.00,2014-02-17,38.0,80.0,0.0,0.0,0.0,0.0,0.0,0.0,101.0,0
38.00_80.00,2014-02-24,38.0,80.0,0.0,0.0,0.0,0.0,0.0,0.0,102.0,0
38.00_80.00,2014-03-03,38.0,80.0,0.0,0.0,0.0,0.0,0.0,0.0,103.0,0
38.00_80.00,2014-03-10,38.0,80.0,0.0,0.0,0.0,0.0,0.0,0.0,104.0,0
38.00_80.00,2014-03-17,38.0,80.0,0.0,0.0,0.0,0.0,0.0,0.0,105.0,0
38.00_80.00,2014-03-24,38.0,80.0,0.0,0.0,0.0,0.0,0.0,0.0,106.0,0
38.00_80.00,2014-03-31,38.0,80.0,0.0,0.0,0.0,0.0,0.0,0.0,107.0,0
38.00_80.00,2014-04-07,38.0,80.0,0.0,0.0,0.0,0.0,0.0,0.0,108.0,0
38.00_80.00,2014-04-14,38.0,80.0,0.0,0.0,0.0,0.0,0.0,0.0,109.0,0
38.00_80.00,2014-04-21,38.0,80.0,0.0,0.0,0.0,0.0,0.0,0.0,110.0,0
38.00_80.00,2014-04-28,38.0,80.0,0.0,0.0,0.0,0.0,0.0,0.0,111.0,0
38.00_80.00,2014-05-05,38.0,80.0,0.0,0.0,0.0,0.0,0.0,0.0,112.0,0
38.00_80.00,2014-05-12,38.0,80.0,0.0,0.0,0.0,0.0,0.0,0.0,113.0,0
38.00_80.00,2014-05-19,38.0,80.0,0.0,0.0,0.0,0.0,0.0,0.0,114.0,0
38.00_80.00,2014-05-26,38.0,80.0,0.0,0.0,0.0,0.0,0.0,0.0,115.0,0
38.00_80.00,2014-06-02,38.0,80.0,0.0,0.0,0.0,0.0,0.0,0.0,116.0,0
38.00_80.00,2014-06-09,38.0,80.0,0.0,0.0,0.0,0.0,0.0,0.0,117.0,0
38.00_80.00,2014-06-16,38.0,80.0,0.0,0.0,0.0,0.0,0.0,0.0,118.0,0
38.00_80.00,2014-06-23,38.0,80.0,0.0,0.0,0.0,0.0,0.0,0.0,119.0,0
38.00_80.00,2014-06-30,38.0,80.0,0.0,0.0,0.0,0.0,0.0,0.0,120.0,0
38.00_80.00,2014-07-07,38.0,80.0,0.0,0.0,0.0,0.0,0.0,0.0,121.0,0
38.00_80.00,2014-07-14,38.0,80.0,0.0,0.0,0.0,0.0,0.0,0.0,122.0,0
38.00_80.00,2014-07-21,38.0,80.0,0.0,0.0,0.0,0.0,0.0,0.0,123.0,1
38.00_80.00,2014-07-28,38.0,80.0,1.0,4.6,4.6,4.6,1.0,7943282.347242805,0.0,0
38.00_80.00,2014-08-04,38.0,80.0,0.0,0.0,0.0,4.6,1.0,7943282.347242805,1.0,0
38.00_80.00,2014-08-11,38.0,80.0,0.0,0.0,0.0,4.6,1.0,7943282.347242805,2.0,0
38.00_80.00,2014-08-18,38.0,80.0,0.0,0.0,0.0,4.6,1.0,7943282.347242805,3.0,0
38.00_80.00,2014-08-25,38.0,80.0,0.0,0.0,0.0,0.0,1.0,7943282.347242805,4.0,0
38.00_80.00,2014-09-01,38.0,80.0,0.0,0.0,0.0,0.0,1.0,7943282.347242805,5.0,0
38.00_80.00,2014-09-08,38.0,80.0,0.0,0.0,0.0,0.0,1.0,7943282.347242805,6.0,0
38.00_80.00,2014-09-15,38.0,80.0,0.0,0.0,0.0,0.0,1.0,7943282.347242805,7.0,0
38.00_80.00,2014-09-22,38.0,80.0,0.0,0.0,0.0,0.0,1.0,0.0,8.0,0
38.00_80.00,2014-09-29,38.0,80.0,0.0,0.0,0.0,0.0,1.0,0.0,9.0,0
38.00_80.00,2014-10-06,38.0,80.0,0.0,0.0,0.0,0.0,1.0,0.0,10.0,0
38.00_80.00,2014-10-13,38.0,80.0,0.0,0.0,0.0,0.0,1.0,0.0,11.0,1
38.00_80.00,2014-10-20,38.0,80.0,1.0,4.4,4.4,4.4,1.0,3981071.7055349774,12.0,0
38.00_80.00,2014-10-27,38.0,80.0,0.0,0.0,0.0,4.4,1.0,3981071.7055349774,13.0,0
38.00_80.00,2014-11-03,38.0,80.0,0.0,0.0,0.0,4.4,1.0,3981071.7055349774,14.0,0
38.00_80.00,2014-11-10,38.0,80.0,0.0,0.0,0.0,4.4,1.0,3981071.7055349774,15.0,0
38.00_80.00,2014-11-17,38.0,80.0,0.0,0.0,0.0,0.0,1.0,3981071.7055349774,16.0,0
38.00_80.00,2014-11-24,38.0,80.0,0.0,0.0,0.0,0.0,1.0,3981071.7055349774,17.0,0
38.00_80.00,2014-12-01,38.0,80.0,0.0,0.0,0.0,0.0,1.0,3981071.7055349774,18.0,0
38.00_80.00,2014-12-08,38.0,80.0,0.0,0.0,0.0,0.0,1.0,3981071.7055349774,19.0,0
38.00_80.00,2014-12-15,38.0,80.0,0.0,0.0,0.0,0.0,1.0,0.0,20.0,0
38.00_80.00,2014-12-22,38.0,80.0,0.0,0.0,0.0,0.0,1.0,0.0,21.0,0
38.00_80.00,2014-12-29,38.0,80.0,0.0,0.0,0.0,0.0,1.0,0.0,22.0,0
38.00_80.00,2015-01-05,38.0,80.0,0.0,0.0,0.0,0.0,1.0,0.0,23.0,0
38.00_80.00,2015-01-12,38.0,80.0,0.0,0.0,0.0,0.0,0.0,0.0,24.0,0
38.00_80.00,2015-01-19,38.0,80.0,0.0,0.0,0.0,0.0,0.0,0.0,25.0,0
38.00_80.00,2015-01-26,38.0,80.0,0.0,0.0,0.0,0.0,0.0,0.0,26.0,0
38.00_80.00,2015-02-02,38.0,80.0,0.0,0.0,0.0,0.0,0.0,0.0,27.0,0
38.00_80.00,2015-02-09,38.0,80.0,0.0,0.0,0.0,0.0,0.0,0.0,28.0,0
38.00_80.00,2015-02-16,38.0,80.0,0.0,0.0,0.0,0.0,0.0,0.0,29.0,0
38.00_80.00,2015-02-23,38.0,80.0,0.0,0.0,0.0,0.0,0.0,0.0,30.0,0
38.00_80.00,2015-03-02,38.0,80.0,0.0,0.0,0.0,0.0,0.0,0.0,31.0,0
38.00_80.00,2015-03-09,38.0,80.0,0.0,0.0,0.0,0.0,0.0,0.0,32.0,0
38.00_80.00,2015-03-16,38.0,80.0,0.0,0.0,0.0,0.0,0.0,0.0,33.0,0
38.00_80.00,2015-03-23,38.0,80.0,0.0,0.0,0.0,0.0,0.0,0.0,34.0,0
38.00_80.00,2015-03-30,38.0,80.0,0.0,0.0,0.0,0.0,0.0,0.0,35.0,0
38.00_80.00,2015-04-06,38.0,80.0,0.0,0.0,0.0,0.0,0.0,0.0,36.0,0
38.00_80.00,2015-04-13,38.0,80.0,0.0,0.0,0.0,0.0,0.0,0.0,37.0,0
38.00_80.00,2015-04-20,38.0,80.0,0.0,0.0,0.0,0.0,0.0,0.0,38.0,0
38.00_80.00,2015-04-27,38.0,80.0,0.0,0.0,0.0,0.0,0.0,0.0,39.0,0
38.00_80.00,2015-05-04,38.0,80.0,0.0,0.0,0.0,0.0,0.0,0.0,40.0,0
38.00_80.00,2015-05-11,38.0,80.0,0.0,0.0,0.0,0.0,0.0,0.0,41.0,0
38.00_80.00,2015-05-18,38.0,80.0,0.0,0.0,0.0,0.0,0.0,0.0,42.0,0
38.00_80.00,2015-05-25,38.0,80.0,0.0,0.0,0.0,0.0,0.0,0.0,43.0,0
38.00_80.00,2015-06-01,38.0,80.0,0.0,0.0,0.0,0.0,0.0,0.0,44.0,0
38.00_80.00,2015-06-08,38.0,80.0,0.0,0.0,0.0,0.0,0.0,0.0,45.0,0
38.00_80.00,2015-06-15,38.0,80.0,0.0,0.0,0.0,0.0,0.0,0.0,46.0,0
38.00_80.00,2015-06-22,38.0,80.0,0.0,0.0,0.0,0.0,0.0,0.0,47.0,0
38.00_80.00,2015-06-29,38.0,80.0,0.0,0.0,0.0,0.0,0.0,0.0,48.0,0
38.00_80.00,2015-07-06,38.0,80.0,0.0,0.0,0.0,0.0,0.0,0.0,49.0,0
38.00_80.00,2015-07-13,38.0,80.0,0.0,0.0,0.0,0.0,0.0,0.0,50.0,0
38.00_80.00,2015-07-20,38.0,80.0,0.0,0.0,0.0,0.0,0.0,0.0,51.0,0
38.00_80.00,2015-07-27,38.0,80.0,0.0,0.0,0.0,0.0,0.0,0.0,52.0,0
38.00_80.00,2015-08-03,38.0,80.0,0.0,0.0,0.0,0.0,0.0,0.0,53.0,0
38.00_80.00,2015-08-10,38.0,80.0,0.0,0.0,0.0,0.0,0.0,0.0,54.0,0
38.00_80.00,2015-08-17,38.0,80.0,0.0,0.0,0.0,0.0,0.0,0.0,55.0,0
38.00_80.00,2015-08-24,38.0,80.0,0.0,0.0,0.0,0.0,0.0,0.0,56.0,0
38.00_80.00,2015-08-31,38.0,80.0,0.0,0.0,0.0,0.0,0.0,0.0,57.0,0
38.00_80.00,2015-09-07,38.0,80.0,0.0,0.0,0.0,0.0,0.0,0.0,58.0,0
38.00_80.00,2015-09-14,38.0,80.0,0.0,0.0,0.0,0.0,0.0,0.0,59.0,0
38.00_80.00,2015-09-21,38.0,80.0,0.0,0.0,0.0,0.0,0.0,0.0,60.0,0
38.00_80.00,2015-09-28,38.0,80.0,0.0,0.0,0.0,0.0,0.0,0.0,61.0,0
38.00_80.00,2015-10-05,38.0,80.0,0.0,0.0,0.0,0.0,0.0,0.0,62.0,0
38.00_80.00,2015-10-12,38.0,80.0,0.0,0.0,0.0,0.0,0.0,0.0,63.0,0
38.00_80.00,2015-10-19,38.0,80.0,0.0,0.0,0.0,0.0,0.0,0.0,64.0,0
38.00_80.00,2015-10-26,38.0,80.0,0.0,0.0,0.0,0.0,0.0,0.0,65.0,0
38.00_80.00,2015-11-02,38.0,80.0,0.0,0.0,0.0,0.0,0.0,0.0,66.0,0
38.00_80.00,2015-11-09,38.0,80.0,0.0,0.0,0.0,0.0,0.0,0.0,67.0,0
38.00_80.00,2015-11-16,38.0,80.0,0.0,0.0,0.0,0.0,0.0,0.0,68.0,0
38.00_80.00,2015-11-23,38.0,80.0,0.0,0.0,0.0,0.0,0.0,0.0,69.0,0
38.00_80.00,2015-11-30,38.0,80.0,0.0,0.0,0.0,0.0,0.0,0.0,70.0,0
38.00_80.00,2015-12-07,38.0,80.0,0.0,0.0,0.0,0.0,0.0,0.0,71.0,0
38.00_80.00,2015-12-14,38.0,80.0,0.0,0.0,0.0,0.0,0.0,0.0,72.0,0
38.00_80.00,2015-12-21,38.0,80.0,0.0,0.0,0.0,0.0,0.0,0.0,73.0,0
38.00_80.00,2015-12-28,38.0,80.0,0.0,0.0,0.0,0.0,0.0,0.0,74.0,0
38.00_80.00,2016-01-04,38.0,80.0,0.0,0.0,0.0,0.0,0.0,0.0,75.0,0
38.00_80.00,2016-01-11,38.0,80.0,0.0,0.0,0.0,0.0,0.0,0.0,76.0,0
38.00_80.00,2016-01-18,38.0,80.0,0.0,0.0,0.0,0.0,0.0,0.0,77.0,0
38.00_80.00,2016-01-25,38.0,80.0,0.0,0.0,0.0,0.0,0.0,0.0,78.0,0
38.00_80.00,2016-02-01,38.0,80.0,0.0,0.0,0.0,0.0,0.0,0.0,79.0,0
38.00_80.00,2016-02-08,38.0,80.0,0.0,0.0,0.0,0.0,0.0,0.0,80.0,0
38.00_80.00,2016-02-15,38.0,80.0,0.0,0.0,0.0,0.0,0.0,0.0,81.0,0
38.00_80.00,2016-02-22,38.0,80.0,0.0,0.0,0.0,0.0,0.0,0.0,82.0,0
38.00_80.00,2016-02-29,38.0,80.0,0.0,0.0,0.0,0.0,0.0,0.0,83.0,0
38.00_80.00,2016-03-07,38.0,80.0,0.0,0.0,0.0,0.0,0.0,0.0,84.0,0
38.00_80.00,2016-03-14,38.0,80.0,0.0,0.0,0.0,0.0,0.0,0.0,85.0,0
38.00_80.00,2016-03-21,38.0,80.0,0.0,0.0,0.0,0.0,0.0,0.0,86.0,0
38.00_80.00,2016-03-28,38.0,80.0,0.0,0.0,0.0,0.0,0.0,0.0,87.0,0
38.00_80.00,2016-04-04,38.0,80.0,0.0,0.0,0.0,0.0,0.0,0.0,88.0,0
38.00_80.00,2016-04-11,38.0,80.0,0.0,0.0,0.0,0.0,0.0,0.0,89.0,0
38.00_80.00,2016-04-18,38.0,80.0,0.0,0.0,0.0,0.0,0.0,0.0,90.0,0
38.00_80.00,2016-04-25,38.0,80.0,0.0,0.0,0.0,0.0,0.0,0.0,91.0,0
38.00_80.00,2016-05-02,38.0,80.0,0.0,0.0,0.0,0.0,0.0,0.0,92.0,0
38.00_80.00,2016-05-09,38.0,80.0,0.0,0.0,0.0,0.0,0.0,0.0,93.0,0
38.00_80.00,2016-05-16,38.0,80.0,0.0,0.0,0.0,0.0,0.0,0.0,94.0,0
38.00_80.00,2016-05-23,38.0,80.0,0.0,0.0,0.0,0.0,0.0,0.0,95.0,0
38.00_80.00,2016-05-30,38.0,80.0,0.0,0.0,0.0,0.0,0.0,0.0,96.0,0
38.00_80.00,2016-06-06,38.0,80.0,0.0,0.0,0.0,0.0,0.0,0.0,97.0,0
38.00_80.00,2016-06-13,38.0,80.0,0.0,0.0,0.0,0.0,0.0,0.0,98.0,0
38.00_80.00,2016-06-20,38.0,80.0,0.0,0.0,0.0,0.0,0.0,0.0,99.0,0
38.00_80.00,2016-06-27,38.0,80.0,0.0,0.0,0.0,0.0,0.0,0.0,100.0,0
38.00_80.00,2016-07-04,38.0,80.0,0.0,0.0,0.0,0.0,0.0,0.0,101.0,0
38.00_80.00,2016-07-11,38.0,80.0,0.0,0.0,0.0,0.0,0.0,0.0,102.0,0
38.00_80.00,2016-07-18,38.0,80.0,0.0,0.0,0.0,0.0,0.0,0.0,103.0,0
38.00_80.00,2016-07-25,38.0,80.0,0.0,0.0,0.0,0.0,0.0,0.0,104.0,0
38.00_80.00,2016-08-01,38.0,80.0,0.0,0.0,0.0,0.0,0.0,0.0,105.0,0
38.00_80.00,2016-08-08,38.0,80.0,0.0,0.0,0.0,0.0,0.0,0.0,106.0,0
38.00_80.00,2016-08-15,38.0,80.0,0.0,0.0,0.0,0.0,0.0,0.0,107.0,0
38.00_80.00,2016-08-22,38.0,80.0,0.0,0.0,0.0,0.0,0.0,0.0,108.0,0
38.00_80.00,2016-08-29,38.0,80.0,0.0,0.0,0.0,0.0,0.0,0.0,109.0,0
38.00_80.00,2016-09-05,38.0,80.0,0.0,0.0,0.0,0.0,0.0,0.0,110.0,0
38.00_80.00,2016-09-12,38.0,80.0,0.0,0.0,0.0,0.0,0.0,0.0,111.0,0
38.00_80.00,2016-09-19,38.0,80.0,0.0,0.0,0.0,0.0,0.0,0.0,112.0,0
38.00_80.00,2016-09-26,38.0,80.0,0.0,0.0,0.0,0.0,0.0,0.0,113.0,0
38.00_80.00,2016-10-03,38.0,80.0,0.0,0.0,0.0,0.0,0.0,0.0,114.0,0
38.00_80.00,2016-10-10,38.0,80.0,0.0,0.0,0.0,0.0,0.0,0.0,115.0,0
38.00_80.00,2016-10-17,38.0,80.0,0.0,0.0,0.0,0.0,0.0,0.0,116.0,0
38.00_80.00,2016-10-24,38.0,80.0,0.0,0.0,0.0,0.0,0.0,0.0,117.0,0
38.00_80.00,2016-10-31,38.0,80.0,0.0,0.0,0.0,0.0,0.0,0.0,118.0,0
38.00_80.00,2016-11-07,38.0,80.0,0.0,0.0,0.0,0.0,0.0,0.0,119.0,0
38.00_80.00,2016-11-14,38.0,80.0,0.0,0.0,0.0,0.0,0.0,0.0,120.0,0
38.00_80.00,2016-11-21,38.0,80.0,0.0,0.0,0.0,0.0,0.0,0.0,121.0,0
38.00_80.00,2016-11-28,38.0,80.0,0.0,0.0,0.0,0.0,0.0,0.0,122.0,0
38.00_80.00,2016-12-05,38.0,80.0,0.0,0.0,0.0,0.0,0.0,0.0,123.0,0
38.00_80.00,2016-12-12,38.0,80.0,0.0,0.0,0.0,0.0,0.0,0.0,124.0,0
38.00_80.00,2016-12-19,38.0,80.0,0.0,0.0,0.0,0.0,0.0,0.0,125.0,0
38.00_80.00,2016-12-26,38.0,80.0,0.0,0.0,0.0,0.0,0.0,0.0,126.0,0
38.00_80.00,2017-01-02,38.0,80.0,0.0,0.0,0.0,0.0,0.0,0.0,127.0,0
38.00_80.00,2017-01-09,38.0,80.0,0.0,0.0,0.0,0.0,0.0,0.0,128.0,0
38.00_80.00,2017-01-16,38.0,80.0,0.0,0.0,0.0,0.0,0.0,0.0,129.0,0
38.00_80.00,2017-01-23,38.0,80.0,0.0,0.0,0.0,0.0,0.0,0.0,130.0,0
38.00_80.00,2017-01-30,38.0,80.0,0.0,0.0,0.0,0.0,0.0,0.0,131.0,0
38.00_80.00,2017-02-06,38.0,80.0,0.0,0.0,0.0,0.0,0.0,0.0,132.0,0
38.00_80.00,2017-02-13,38.0,80.0,0.0,0.0,0.0,0.0,0.0,0.0,133.0,0
38.00_80.00,2017-02-20,38.0,80.0,0.0,0.0,0.0,0.0,0.0,0.0,134.0,0
38.00_80.00,2017-02-27,38.0,80.0,0.0,0.0,0.0,0.0,0.0,0.0,135.0,1
38.00_80.00,2017-03-06,38.0,80.0,1.0,4.6,4.6,4.6,1.0,7943282.347242805,0.0,0
38.00_80.00,2017-03-13,38.0,80.0,0.0,0.0,0.0,4.6,1.0,7943282.347242805,1.0,0
38.00_80.00,2017-03-20,38.0,80.0,0.0,0.0,0.0,4.6,1.0,7943282.347242805,2.0,0
38.00_80.00,2017-03-27,38.0,80.0,0.0,0.0,0.0,4.6,1.0,7943282.347242805,3.0,0
38.00_80.00,2017-04-03,38.0,80.0,0.0,0.0,0.0,0.0,1.0,7943282.347242805,4.0,0
38.00_80.00,2017-04-10,38.0,80.0,0.0,0.0,0.0,0.0,1.0,7943282.347242805,5.0,0
38.00_80.00,2017-04-17,38.0,80.0,0.0,0.0,0.0,0.0,1.0,7943282.347242805,6.0,0
38.00_80.00,2017-04-24,38.0,80.0,0.0,0.0,0.0,0.0,1.0,7943282.347242805,7.0,0
38.00_80.00,2017-05-01,38.0,80.0,0.0,0.0,0.0,0.0,1.0,0.0,8.0,0
38.00_80.00,2017-05-08,38.0,80.0,0.0,0.0,0.0,0.0,1.0,0.0,9.0,0
38.00_80.00,2017-05-15,38.0,80.0,0.0,0.0,0.0,0.0,1.0,0.0,10.0,0
38.00_80.00,2017-05-22,38.0,80.0,0.0,0.0,0.0,0.0,1.0,0.0,11.0,0
38.00_80.00,2017-05-29,38.0,80.0,0.0,0.0,0.0,0.0,0.0,0.0,12.0,0
38.00_80.00,2017-06-05,38.0,80.0,0.0,0.0,0.0,0.0,0.0,0.0,13.0,0
38.00_80.00,2017-06-12,38.0,80.0,0.0,0.0,0.0,0.0,0.0,0.0,14.0,0
38.00_80.00,2017-06-19,38.0,80.0,0.0,0.0,0.0,0.0,0.0,0.0,15.0,0
38.00_80.00,2017-06-26,38.0,80.0,0.0,0.0,0.0,0.0,0.0,0.0,16.0,0
38.00_80.00,2017-07-03,38.0,80.0,0.0,0.0,0.0,0.0,0.0,0.0,17.0,0
38.00_80.00,2017-07-10,38.0,80.0,0.0,0.0,0.0,0.0,0.0,0.0,18.0,0
38.00_80.00,2017-07-17,38.0,80.0,0.0,0.0,0.0,0.0,0.0,0.0,19.0,0
38.00_80.00,2017-07-24,38.0,80.0,0.0,0.0,0.0,0.0,0.0,0.0,20.0,0
38.00_80.00,2017-07-31,38.0,80.0,0.0,0.0,0.0,0.0,0.0,0.0,21.0,0
38.00_80.00,2017-08-07,38.0,80.0,0.0,0.0,0.0,0.0,0.0,0.0,22.0,0
38.00_80.00,2017-08-14,38.0,80.0,0.0,0.0,0.0,0.0,0.0,0.0,23.0,0
38.00_80.00,2017-08-21,38.0,80.0,0.0,0.0,0.0,0.0,0.0,0.0,24.0,0
38.00_80.00,2017-08-28,38.0,80.0,0.0,0.0,0.0,0.0,0.0,0.0,25.0,0
38.00_80.00,2017-09-04,38.0,80.0,0.0,0.0,0.0,0.0,0.0,0.0,26.0,0
38.00_80.00,2017-09-11,38.0,80.0,0.0,0.0,0.0,0.0,0.0,0.0,27.0,0
38.00_80.00,2017-09-18,38.0,80.0,0.0,0.0,0.0,0.0,0.0,0.0,28.0,0
38.00_80.00,2017-09-25,38.0,80.0,0.0,0.0,0.0,0.0,0.0,0.0,29.0,0
38.00_80.00,2017-10-02,38.0,80.0,0.0,0.0,0.0,0.0,0.0,0.0,30.0,0
38.00_80.00,2017-10-09,38.0,80.0,0.0,0.0,0.0,0.0,0.0,0.0,31.0,0
38.00_80.00,2017-10-16,38.0,80.0,0.0,0.0,0.0,0.0,0.0,0.0,32.0,0
38.00_80.00,2017-10-23,38.0,80.0,0.0,0.0,0.0,0.0,0.0,0.0,33.0,0
38.00_80.00,2017-10-30,38.0,80.0,0.0,0.0,0.0,0.0,0.0,0.0,34.0,0
38.00_80.00,2017-11-06,38.0,80.0,0.0,0.0,0.0,0.0,0.0,0.0,35.0,0
38.00_80.00,2017-11-13,38.0,80.0,0.0,0.0,0.0,0.0,0.0,0.0,36.0,0
38.00_80.00,2017-11-20,38.0,80.0,0.0,0.0,0.0,0.0,0.0,0.0,37.0,0
38.00_80.00,2017-11-27,38.0,80.0,0.0,0.0,0.0,0.0,0.0,0.0,38.0,0
38.00_80.00,2017-12-04,38.0,80.0,0.0,0.0,0.0,0.0,0.0,0.0,39.0,0
38.00_80.00,2017-12-11,38.0,80.0,0.0,0.0,0.0,0.0,0.0,0.0,40.0,0
38.00_80.00,2017-12-18,38.0,80.0,0.0,0.0,0.0,0.0,0.0,0.0,41.0,0
38.00_80.00,2017-12-25,38.0,80.0,0.0,0.0,0.0,0.0,0.0,0.0,42.0,0
38.00_80.00,2018-01-01,38.0,80.0,0.0,0.0,0.0,0.0,0.0,0.0,43.0,0
38.00_80.00,2018-01-08,38.0,80.0,0.0,0.0,0.0,0.0,0.0,0.0,44.0,0
38.00_80.00,2018-01-15,38.0,80.0,0.0,0.0,0.0,0.0,0.0,0.0,45.0,0
38.00_80.00,2018-01-22,38.0,80.0,0.0,0.0,0.0,0.0,0.0,0.0,46.0,0
38.00_80.00,2018-01-29,38.0,80.0,0.0,0.0,0.0,0.0,0.0,0.0,47.0,0
38.00_80.00,2018-02-05,38.0,80.0,0.0,0.0,0.0,0.0,0.0,0.0,48.0,0
38.00_80.00,2018-02-12,38.0,80.0,0.0,0.0,0.0,0.0,0.0,0.0,49.0,0
38.00_80.00,2018-02-19,38.0,80.0,0.0,0.0,0.0,0.0,0.0,0.0,50.0,0
38.00_80.00,2018-02-26,38.0,80.0,0.0,0.0,0.0,0.0,0.0,0.0,51.0,0
38.00_80.00,2018-03-05,38.0,80.0,0.0,0.0,0.0,0.0,0.0,0.0,52.0,0
38.00_80.00,2018-03-12,38.0,80.0,0.0,0.0,0.0,0.0,0.0,0.0,53.0,0
38.00_80.00,2018-03-19,38.0,80.0,0.0,0.0,0.0,0.0,0.0,0.0,54.0,0
38.00_80.00,2018-03-26,38.0,80.0,0.0,0.0,0.0,0.0,0.0,0.0,55.0,0
38.00_80.00,2018-04-02,38.0,80.0,0.0,0.0,0.0,0.0,0.0,0.0,56.0,0
38.00_80.00,2018-04-09,38.0,80.0,0.0,0.0,0.0,0.0,0.0,0.0,57.0,0
38.00_80.00,2018-04-16,38.0,80.0,0.0,0.0,0.0,0.0,0.0,0.0,58.0,0
38.00_80.00,2018-04-23,38.0,80.0,0.0,0.0,0.0,0.0,0.0,0.0,59.0,0
38.00_80.00,2018-04-30,38.0,80.0,0.0,0.0,0.0,0.0,0.0,0.0,60.0,0
38.00_80.00,2018-05-07,38.0,80.0,0.0,0.0,0.0,0.0,0.0,0.0,61.0,0
38.00_80.00,2018-05-14,38.0,80.0,0.0,0.0,0.0,0.0,0.0,0.0,62.0,0
38.00_80.00,2018-05-21,38.0,80.0,0.0,0.0,0.0,0.0,0.0,0.0,63.0,0
38.00_80.00,2018-05-28,38.0,80.0,0.0,0.0,0.0,0.0,0.0,0.0,64.0,0
38.00_80.00,2018-06-04,38.0,80.0,0.0,0.0,0.0,0.0,0.0,0.0,65.0,0
38.00_80.00,2018-06-11,38.0,80.0,0.0,0.0,0.0,0.0,0.0,0.0,66.0,0
38.00_80.00,2018-06-18,38.0,80.0,0.0,0.0,0.0,0.0,0.0,0.0,67.0,0
38.00_80.00,2018-06-25,38.0,80.0,0.0,0.0,0.0,0.0,0.0,0.0,68.0,0
38.00_80.00,2018-07-02,38.0,80.0,0.0,0.0,0.0,0.0,0.0,0.0,69.0,0
38.00_80.00,2018-07-09,38.0,80.0,0.0,0.0,0.0,0.0,0.0,0.0,70.0,0
38.00_80.00,2018-07-16,38.0,80.0,0.0,0.0,0.0,0.0,0.0,0.0,71.0,0
38.00_80.00,2018-07-23,38.0,80.0,0.0,0.0,0.0,0.0,0.0,0.0,72.0,0
38.00_80.00,2018-07-30,38.0,80.0,0.0,0.0,0.0,0.0,0.0,0.0,73.0,0
38.00_80.00,2018-08-06,38.0,80.0,0.0,0.0,0.0,0.0,0.0,0.0,74.0,0
38.00_80.00,2018-08-13,38.0,80.0,0.0,0.0,0.0,0.0,0.0,0.0,75.0,0
38.00_80.00,2018-08-20,38.0,80.0,0.0,0.0,0.0,0.0,0.0,0.0,76.0,0
38.00_80.00,2018-08-27,38.0,80.0,0.0,0.0,0.0,0.0,0.0,0.0,77.0,0
38.00_80.00,2018-09-03,38.0,80.0,0.0,0.0,0.0,0.0,0.0,0.0,78.0,0
38.00_80.00,2018-09-10,38.0,80.0,0.0,0.0,0.0,0.0,0.0,0.0,79.0,0
38.00_80.00,2018-09-17,38.0,80.0,0.0,0.0,0.0,0.0,0.0,0.0,80.0,0
38.00_80.00,2018-09-24,38.0,80.0,0.0,0.0,0.0,0.0,0.0,0.0,81.0,1
38.00_80.00,2018-10-01,38.0,80.0,1.0,4.8,4.8,4.8,1.0,15848931.924611108,0.0,0
38.00_80.00,2018-10-08,38.0,80.0,0.0,0.0,0.0,4.8,1.0,15848931.924611108,1.0,0
38.00_80.00,2018-10-15,38.0,80.0,0.0,0.0,0.0,4.8,1.0,15848931.924611108,2.0,0
38.00_80.00,2018-10-22,38.0,80.0,0.0,0.0,0.0,4.8,1.0,15848931.924611108,3.0,0
38.00_80.00,2018-10-29,38.0,80.0,0.0,0.0,0.0,0.0,1.0,15848931.924611108,4.0,0
38.00_80.00,2018-11-05,38.0,80.0,0.0,0.0,0.0,0.0,1.0,15848931.924611108,5.0,0
38.00_80.00,2018-11-12,38.0,80.0,0.0,0.0,0.0,0.0,1.0,15848931.924611108,6.0,0
38.00_80.00,2018-11-19,38.0,80.0,0.0,0.0,0.0,0.0,1.0,15848931.924611108,7.0,0
38.00_80.00,2018-11-26,38.0,80.0,0.0,0.0,0.0,0.0,1.0,0.0,8.0,0
38.00_80.00,2018-12-03,38.0,80.0,0.0,0.0,0.0,0.0,1.0,0.0,9.0,0
38.00_80.00,2018-12-10,38.0,80.0,0.0,0.0,0.0,0.0,1.0,0.0,10.0,0
38.00_80.00,2018-12-17,38.0,80.0,0.0,0.0,0.0,0.0,1.0,0.0,11.0,0
38.00_80.00,2018-12-24,38.0,80.0,0.0,0.0,0.0,0.0,0.0,0.0,12.0,0
38.00_80.00,2018-12-31,38.0,80.0,0.0,0.0,0.0,0.0,0.0,0.0,13.0,0
38.00_80.00,2019-01-07,38.0,80.0,0.0,0.0,0.0,0.0,0.0,0.0,14.0,0
38.00_80.00,2019-01-14,38.0,80.0,0.0,0.0,0.0,0.0,0.0,0.0,15.0,0
38.00_80.00,2019-01-21,38.0,80.0,0.0,0.0,0.0,0.0,0.0,0.0,16.0,0
38.00_80.00,2019-01-28,38.0,80.0,0.0,0.0,0.0,0.0,0.0,0.0,17.0,0
38.00_80.00,2019-02-04,38.0,80.0,0.0,0.0,0.0,0.0,0.0,0.0,18.0,0
38.00_80.00,2019-02-11,38.0,80.0,0.0,0.0,0.0,0.0,0.0,0.0,19.0,0
38.00_80.00,2019-02-18,38.0,80.0,0.0,0.0,0.0,0.0,0.0,0.0,20.0,0
38.00_80.00,2019-02-25,38.0,80.0,0.0,0.0,0.0,0.0,0.0,0.0,21.0,0
38.00_80.00,2019-03-04,38.0,80.0,0.0,0.0,0.0,0.0,0.0,0.0,22.0,0
38.00_80.00,2019-03-11,38.0,80.0,0.0,0.0,0.0,0.0,0.0,0.0,23.0,0
38.00_80.00,2019-03-18,38.0,80.0,0.0,0.0,0.0,0.0,0.0,0.0,24.0,0
38.00_80.00,2019-03-25,38.0,80.0,0.0,0.0,0.0,0.0,0.0,0.0,25.0,0
38.00_80.00,2019-04-01,38.0,80.0,0.0,0.0,0.0,0.0,0.0,0.0,26.0,0
38.00_80.00,2019-04-08,38.0,80.0,0.0,0.0,0.0,0.0,0.0,0.0,27.0,0
38.00_80.00,2019-04-15,38.0,80.0,0.0,0.0,0.0,0.0,0.0,0.0,28.0,0
38.00_80.00,2019-04-22,38.0,80.0,0.0,0.0,0.0,0.0,0.0,0.0,29.0,0
38.00_80.00,2019-04-29,38.0,80.0,0.0,0.0,0.0,0.0,0.0,0.0,30.0,0
38.00_80.00,2019-05-06,38.0,80.0,0.0,0.0,0.0,0.0,0.0,0.0,31.0,0
38.00_80.00,2019-05-13,38.0,80.0,0.0,0.0,0.0,0.0,0.0,0.0,32.0,0
38.00_80.00,2019-05-20,38.0,80.0,0.0,0.0,0.0,0.0,0.0,0.0,33.0,0
38.00_80.00,2019-05-27,38.0,80.0,0.0,0.0,0.0,0.0,0.0,0.0,34.0,0
38.00_80.00,2019-06-03,38.0,80.0,0.0,0.0,0.0,0.0,0.0,0.0,35.0,0
38.00_80.00,2019-06-10,38.0,80.0,0.0,0.0,0.0,0.0,0.0,0.0,36.0,0
38.00_80.00,2019-06-17,38.0,80.0,0.0,0.0,0.0,0.0,0.0,0.0,37.0,0
38.00_80.00,2019-06-24,38.0,80.0,0.0,0.0,0.0,0.0,0.0,0.0,38.0,0
38.00_80.00,2019-07-01,38.0,80.0,0.0,0.0,0.0,0.0,0.0,0.0,39.0,0
38.00_80.00,2019-07-08,38.0,80.0,0.0,0.0,0.0,0.0,0.0,0.0,40.0,0
38.00_80.00,2019-07-15,38.0,80.0,0.0,0.0,0.0,0.0,0.0,0.0,41.0,0
38.00_80.00,2019-07-22,38.0,80.0,0.0,0.0,0.0,0.0,0.0,0.0,42.0,0
38.00_80.00,2019-07-29,38.0,80.0,0.0,0.0,0.0,0.0,0.0,0.0,43.0,0
38.00_80.00,2019-08-05,38.0,80.0,0.0,0.0,0.0,0.0,0.0,0.0,44.0,0
38.00_80.00,2019-08-12,38.0,80.0,0.0,0.0,0.0,0.0,0.0,0.0,45.0,0
38.00_80.00,2019-08-19,38.0,80.0,0.0,0.0,0.0,0.0,0.0,0.0,46.0,0
38.00_80.00,2019-08-26,38.0,80.0,0.0,0.0,0.0,0.0,0.0,0.0,47.0,0
38.00_80.00,2019-09-02,38.0,80.0,0.0,0.0,0.0,0.0,0.0,0.0,48.0,0
38.00_80.00,2019-09-09,38.0,80.0,0.0,0.0,0.0,0.0,0.0,0.0,49.0,0
38.00_80.00,2019-09-16,38.0,80.0,0.0,0.0,0.0,0.0,0.0,0.0,50.0,0
38.00_80.00,2019-09-23,38.0,80.0,0.0,0.0,0.0,0.0,0.0,0.0,51.0,0
38.00_80.00,2019-09-30,38.0,80.0,0.0,0.0,0.0,0.0,0.0,0.0,52.0,0
38.00_80.00,2019-10-07,38.0,80.0,0.0,0.0,0.0,0.0,0.0,0.0,53.0,0
38.00_80.00,2019-10-14,38.0,80.0,0.0,0.0,0.0,0.0,0.0,0.0,54.0,0
38.00_80.00,2019-10-21,38.0,80.0,0.0,0.0,0.0,0.0,0.0,0.0,55.0,0
38.00_80.00,2019-10-28,38.0,80.0,0.0,0.0,0.0,0.0,0.0,0.0,56.0,0
38.00_80.00,2019-11-04,38.0,80.0,0.0,0.0,0.0,0.0,0.0,0.0,57.0,0
38.00_80.00,2019-11-11,38.0,80.0,0.0,0.0,0.0,0.0,0.0,0.0,58.0,0
38.00_80.00,2019-11-18,38.0,80.0,0.0,0.0,0.0,0.0,0.0,0.0,59.0,0
38.00_80.00,2019-11-25,38.0,80.0,0.0,0.0,0.0,0.0,0.0,0.0,60.0,1
38.00_80.00,2019-12-02,38.0,80.0,1.0,4.3,4.3,4.3,1.0,2818382.9312644494,61.0,0
38.00_80.00,2019-12-09,38.0,80.0,0.0,0.0,0.0,4.3,1.0,2818382.9312644494,62.0,0
38.00_80.00,2019-12-16,38.0,80.0,0.0,0.0,0.0,4.3,1.0,2818382.9312644494,63.0,0
38.00_80.00,2019-12-23,38.0,80.0,0.0,0.0,0.0,4.3,1.0,2818382.9312644494,64.0,0
38.00_80.00,2019-12-30,38.0,80.0,0.0,0.0,0.0,0.0,1.0,2818382.9312644494,65.0,0
38.00_80.00,2020-01-06,38.0,80.0,0.0,0.0,0.0,0.0,1.0,2818382.9312644494,66.0,0
38.00_80.00,2020-01-13,38.0,80.0,0.0,0.0,0.0,0.0,1.0,2818382.9312644494,67.0,0
38.00_80.00,2020-01-20,38.0,80.0,0.0,0.0,0.0,0.0,1.0,2818382.9312644494,68.0,0
38.00_80.00,2020-01-27,38.0,80.0,0.0,0.0,0.0,0.0,1.0,0.0,69.0,0
38.00_80.00,2020-02-03,38.0,80.0,0.0,0.0,0.0,0.0,1.0,0.0,70.0,0
38.00_80.00,2020-02-10,38.0,80.0,0.0,0.0,0.0,0.0,1.0,0.0,71.0,0
38.00_80.00,2020-02-17,38.0,80.0,0.0,0.0,0.0,0.0,1.0,0.0,72.0,0
38.00_80.00,2020-02-24,38.0,80.0,0.0,0.0,0.0,0.0,0.0,0.0,73.0,0
38.00_80.00,2020-03-02,38.0,80.0,0.0,0.0,0.0,0.0,0.0,0.0,74.0,0
38.00_80.00,2020-03-09,38.0,80.0,0.0,0.0,0.0,0.0,0.0,0.0,75.0,0
38.00_80.00,2020-03-16,38.0,80.0,0.0,0.0,0.0,0.0,0.0,0.0,76.0,0
38.00_80.00,2020-03-23,38.0,80.0,0.0,0.0,0.0,0.0,0.0,0.0,77.0,0
38.00_80.00,2020-03-30,38.0,80.0,0.0,0.0,0.0,0.0,0.0,0.0,78.0,0
38.00_80.00,2020-04-06,38.0,80.0,0.0,0.0,0.0,0.0,0.0,0.0,79.0,0
38.00_80.00,2020-04-13,38.0,80.0,0.0,0.0,0.0,0.0,0.0,0.0,80.0,0
38.00_80.00,2020-04-20,38.0,80.0,0.0,0.0,0.0,0.0,0.0,0.0,81.0,0
38.00_80.00,2020-04-27,38.0,80.0,0.0,0.0,0.0,0.0,0.0,0.0,82.0,0
38.00_80.00,2020-05-04,38.0,80.0,0.0,0.0,0.0,0.0,0.0,0.0,83.0,0
38.00_80.00,2020-05-11,38.0,80.0,0.0,0.0,0.0,0.0,0.0,0.0,84.0,0
38.00_80.00,2020-05-18,38.0,80.0,0.0,0.0,0.0,0.0,0.0,0.0,85.0,0
38.00_80.00,2020-05-25,38.0,80.0,0.0,0.0,0.0,0.0,0.0,0.0,86.0,0
38.00_80.00,2020-06-01,38.0,80.0,0.0,0.0,0.0,0.0,0.0,0.0,87.0,0
38.00_80.00,2020-06-08,38.0,80.0,0.0,0.0,0.0,0.0,0.0,0.0,88.0,0
38.00_80.00,2020-06-15,38.0,80.0,0.0,0.0,0.0,0.0,0.0,0.0,89.0,0
38.00_80.00,2020-06-22,38.0,80.0,0.0,0.0,0.0,0.0,0.0,0.0,90.0,0
38.00_80.00,2020-06-29,38.0,80.0,0.0,0.0,0.0,0.0,0.0,0.0,91.0,0
38.00_80.00,2020-07-06,38.0,80.0,0.0,0.0,0.0,0.0,0.0,0.0,92.0,0
38.00_80.00,2020-07-13,38.0,80.0,0.0,0.0,0.0,0.0,0.0,0.0,93.0,0
38.00_80.00,2020-07-20,38.0,80.0,0.0,0.0,0.0,0.0,0.0,0.0,94.0,0
38.00_80.00,2020-07-27,38.0,80.0,0.0,0.0,0.0,0.0,0.0,0.0,95.0,0
38.00_80.00,2020-08-03,38.0,80.0,0.0,0.0,0.0,0.0,0.0,0.0,96.0,0
38.00_80.00,2020-08-10,38.0,80.0,0.0,0.0,0.0,0.0,0.0,0.0,97.0,0
38.00_80.00,2020-08-17,38.0,80.0,0.0,0.0,0.0,0.0,0.0,0.0,98.0,0
38.00_80.00,2020-08-24,38.0,80.0,0.0,0.0,0.0,0.0,0.0,0.0,99.0,0
38.00_80.00,2020-08-31,38.0,80.0,0.0,0.0,0.0,0.0,0.0,0.0,100.0,0
38.00_80.00,2020-09-07,38.0,80.0,0.0,0.0,0.0,0.0,0.0,0.0,101.0,0
38.00_80.00,2020-09-14,38.0,80.0,0.0,0.0,0.0,0.0,0.0,0.0,102.0,0
38.00_80.00,2020-09-21,38.0,80.0,0.0,0.0,0.0,0.0,0.0,0.0,103.0,0
38.00_80.00,2020-09-28,38.0,80.0,0.0,0.0,0.0,0.0,0.0,0.0,104.0,0
38.00_80.00,2020-10-05,38.0,80.0,0.0,0.0,0.0,0.0,0.0,0.0,105.0,0
38.00_80.00,2020-10-12,38.0,80.0,0.0,0.0,0.0,0.0,0.0,0.0,106.0,0
38.00_80.00,2020-10-19,38.0,80.0,0.0,0.0,0.0,0.0,0.0,0.0,107.0,0
38.00_80.00,2020-10-26,38.0,80.0,0.0,0.0,0.0,0.0,0.0,0.0,108.0,0
38.00_80.00,2020-11-02,38.0,80.0,0.0,0.0,0.0,0.0,0.0,0.0,109.0,0
38.00_80.00,2020-11-09,38.0,80.0,0.0,0.0,0.0,0.0,0.0,0.0,110.0,0
38.00_80.00,2020-11-16,38.0,80.0,0.0,0.0,0.0,0.0,0.0,0.0,111.0,0
38.00_80.00,2020-11-23,38.0,80.0,0.0,0.0,0.0,0.0,0.0,0.0,112.0,0
38.00_80.00,2020-11-30,38.0,80.0,0.0,0.0,0.0,0.0,0.0,0.0,113.0,0
38.00_80.00,2020-12-07,38.0,80.0,0.0,0.0,0.0,0.0,0.0,0.0,114.0,0
38.00_80.00,2020-12-14,38.0,80.0,0.0,0.0,0.0,0.0,0.0,0.0,115.0,0
38.00_80.00,2020-12-21,38.0,80.0,0.0,0.0,0.0,0.0,0.0,0.0,116.0,0
38.00_80.00,2020-12-28,38.0,80.0,0.0,0.0,0.0,0.0,0.0,0.0,117.0,0
38.00_80.00,2021-01-04,38.0,80.0,0.0,0.0,0.0,0.0,0.0,0.0,118.0,0
38.00_80.00,2021-01-11,38.0,80.0,0.0,0.0,0.0,0.0,0.0,0.0,119.0,0
38.00_80.00,2021-01-18,38.0,80.0,0.0,0.0,0.0,0.0,0.0,0.0,120.0,0
38.00_80.00,2021-01-25,38.0,80.0,0.0,0.0,0.0,0.0,0.0,0.0,121.0,0
38.00_80.00,2021-02-01,38.0,80.0,0.0,0.0,0.0,0.0,0.0,0.0,122.0,0
38.00_80.00,2021-02-08,38.0,80.0,0.0,0.0,0.0,0.0,0.0,0.0,123.0,0
38.00_80.00,2021-02-15,38.0,80.0,0.0,0.0,0.0,0.0,0.0,0.0,124.0,0
38.00_80.00,2021-02-22,38.0,80.0,0.0,0.0,0.0,0.0,0.0,0.0,125.0,0
38.00_80.00,2021-03-01,38.0,80.0,0.0,0.0,0.0,0.0,0.0,0.0,126.0,0
38.00_80.00,2021-03-08,38.0,80.0,0.0,0.0,0.0,0.0,0.0,0.0,127.0,0
38.00_80.00,2021-03-15,38.0,80.0,0.0,0.0,0.0,0.0,0.0,0.0,128.0,0
38.00_80.00,2021-03-22,38.0,80.0,0.0,0.0,0.0,0.0,0.0,0.0,129.0,0
38.00_80.00,2021-03-29,38.0,80.0,0.0,0.0,0.0,0.0,0.0,0.0,130.0,0
38.00_80.00,2021-04-05,38.0,80.0,0.0,0.0,0.0,0.0,0.0,0.0,131.0,0
38.00_80.00,2021-04-12,38.0,80.0,0.0,0.0,0.0,0.0,0.0,0.0,132.0,0
38.00_80.00,2021-04-19,38.0,80.0,0.0,0.0,0.0,0.0,0.0,0.0,133.0,0
38.00_80.00,2021-04-26,38.0,80.0,0.0,0.0,0.0,0.0,0.0,0.0,134.0,0
38.00_80.00,2021-05-03,38.0,80.0,0.0,0.0,0.0,0.0,0.0,0.0,135.0,0
38.00_80.00,2021-05-10,38.0,80.0,0.0,0.0,0.0,0.0,0.0,0.0,136.0,0
38.00_80.00,2021-05-17,38.0,80.0,0.0,0.0,0.0,0.0,0.0,0.0,137.0,0
38.00_80.00,2021-05-24,38.0,80.0,0.0,0.0,0.0,0.0,0.0,0.0,138.0,0
38.00_80.00,2021-05-31,38.0,80.0,0.0,0.0,0.0,0.0,0.0,0.0,139.0,0
38.00_80.00,2021-06-07,38.0,80.0,0.0,0.0,0.0,0.0,0.0,0.0,140.0,0
38.00_80.00,2021-06-14,38.0,80.0,0.0,0.0,0.0,0.0,0.0,0.0,141.0,0
38.00_80.00,2021-06-21,38.0,80.0,0.0,0.0,0.0,0.0,0.0,0.0,142.0,0
38.00_80.00,2021-06-28,38.0,80.0,0.0,0.0,0.0,0.0,0.0,0.0,143.0,0
38.00_80.00,2021-07-05,38.0,80.0,0.0,0.0,0.0,0.0,0.0,0.0,144.0,0
38.00_80.00,2021-07-12,38.0,80.0,0.0,0.0,0.0,0.0,0.0,0.0,145.0,0
38.00_80.00,2021-07-19,38.0,80.0,0.0,0.0,0.0,0.0,0.0,0.0,146.0,1
38.00_80.00,2021-07-26,38.0,80.0,1.0,4.5,4.5,4.5,1.0,5623413.251903491,0.0,0
38.00_80.00,2021-08-02,38.0,80.0,0.0,0.0,0.0,4.5,1.0,5623413.251903491,1.0,0
38.00_80.00,2021-08-09,38.0,80.0,0.0,0.0,0.0,4.5,1.0,5623413.251903491,2.0,0
38.00_80.00,2021-08-16,38.0,80.0,0.0,0.0,0.0,4.5,1.0,5623413.251903491,3.0,0
38.00_80.00,2021-08-23,38.0,80.0,0.0,0.0,0.0,0.0,1.0,5623413.251903491,4.0,0
38.00_80.00,2021-08-30,38.0,80.0,0.0,0.0,0.0,0.0,1.0,5623413.251903491,5.0,1
38.00_80.00,2021-09-06,38.0,80.0,1.0,4.3,4.3,4.3,2.0,8441796.18316794,6.0,0
38.00_80.00,2021-09-13,38.0,80.0,0.0,0.0,0.0,4.3,2.0,8441796.18316794,7.0,0
38.00_80.00,2021-09-20,38.0,80.0,0.0,0.0,0.0,4.3,2.0,2818382.9312644494,8.0,0
38.00_80.00,2021-09-27,38.0,80.0,0.0,0.0,0.0,4.3,2.0,2818382.9312644494,9.0,0
38.00_80.00,2021-10-04,38.0,80.0,0.0,0.0,0.0,0.0,2.0,2818382.9312644494,10.0,0
38.00_80.00,2021-10-11,38.0,80.0,0.0,0.0,0.0,0.0,2.0,2818382.9312644494,11.0,0
38.00_80.00,2021-10-18,38.0,80.0,0.0,0.0,0.0,0.0,1.0,2818382.9312644494,12.0,0
38.00_80.00,2021-10-25,38.0,80.0,0.0,0.0,0.0,0.0,1.0,2818382.9312644494,13.0,0
38.00_80.00,2021-11-01,38.0,80.0,0.0,0.0,0.0,0.0,1.0,0.0,14.0,0
38.00_80.00,2021-11-08,38.0,80.0,0.0,0.0,0.0,0.0,1.0,0.0,15.0,0
38.00_80.00,2021-11-15,38.0,80.0,0.0,0.0,0.0,0.0,1.0,0.0,16.0,0
38.00_80.00,2021-11-22,38.0,80.0,0.0,0.0,0.0,0.0,1.0,0.0,17.0,0
38.00_80.00,2021-11-29,38.0,80.0,0.0,0.0,0.0,0.0,0.0,0.0,18.0,0
38.00_80.00,2021-12-06,38.0,80.0,0.0,0.0,0.0,0.0,0.0,0.0,19.0,0
38.00_80.00,2021-12-13,38.0,80.0,0.0,0.0,0.0,0.0,0.0,0.0,20.0,0
38.00_80.00,2021-12-20,38.0,80.0,0.0,0.0,0.0,0.0,0.0,0.0,21.0,0
38.00_80.00,2021-12-27,38.0,80.0,0.0,0.0,0.0,0.0,0.0,0.0,22.0,0
38.00_80.00,2022-01-03,38.0,80.0,0.0,0.0,0.0,0.0,0.0,0.0,23.0,0
38.00_80.00,2022-01-10,38.0,80.0,0.0,0.0,0.0,0.0,0.0,0.0,24.0,0
38.00_80.00,2022-01-17,38.0,80.0,0.0,0.0,0.0,0.0,0.0,0.0,25.0,0
38.00_80.00,2022-01-24,38.0,80.0,0.0,0.0,0.0,0.0,0.0,0.0,26.0,0
38.00_80.00,2022-01-31,38.0,80.0,0.0,0.0,0.0,0.0,0.0,0.0,27.0,0
38.00_80.00,2022-02-07,38.0,80.0,0.0,0.0,0.0,0.0,0.0,0.0,28.0,0
38.00_80.00,2022-02-14,38.0,80.0,0.0,0.0,0.0,0.0,0.0,0.0,29.0,0
38.00_80.00,2022-02-21,38.0,80.0,0.0,0.0,0.0,0.0,0.0,0.0,30.0,0
38.00_80.00,2022-02-28,38.0,80.0,0.0,0.0,0.0,0.0,0.0,0.0,31.0,0
38.00_80.00,2022-03-07,38.0,80.0,0.0,0.0,0.0,0.0,0.0,0.0,32.0,0
38.00_80.00,2022-03-14,38.0,80.0,0.0,0.0,0.0,0.0,0.0,0.0,33.0,0
38.00_80.00,2022-03-21,38.0,80.0,0.0,0.0,0.0,0.0,0.0,0.0,34.0,0
38.00_80.00,2022-03-28,38.0,80.0,0.0,0.0,0.0,0.0,0.0,0.0,35.0,0
38.00_80.00,2022-04-04,38.0,80.0,0.0,0.0,0.0,0.0,0.0,0.0,36.0,0
38.00_80.00,2022-04-11,38.0,80.0,0.0,0.0,0.0,0.0,0.0,0.0,37.0,0
38.00_80.00,2022-04-18,38.0,80.0,0.0,0.0,0.0,0.0,0.0,0.0,38.0,0
38.00_80.00,2022-04-25,38.0,80.0,0.0,0.0,0.0,0.0,0.0,0.0,39.0,0
38.00_80.00,2022-05-02,38.0,80.0,0.0,0.0,0.0,0.0,0.0,0.0,40.0,0
38.00_80.00,2022-05-09,38.0,80.0,0.0,0.0,0.0,0.0,0.0,0.0,41.0,0
38.00_80.00,2022-05-16,38.0,80.0,0.0,0.0,0.0,0.0,0.0,0.0,42.0,0
38.00_80.00,2022-05-23,38.0,80.0,0.0,0.0,0.0,0.0,0.0,0.0,43.0,0
38.00_80.00,2022-05-30,38.0,80.0,0.0,0.0,0.0,0.0,0.0,0.0,44.0,0
38.00_80.00,2022-06-06,38.0,80.0,0.0,0.0,0.0,0.0,0.0,0.0,45.0,0
38.00_80.00,2022-06-13,38.0,80.0,0.0,0.0,0.0,0.0,0.0,0.0,46.0,0
38.00_80.00,2022-06-20,38.0,80.0,0.0,0.0,0.0,0.0,0.0,0.0,47.0,0
38.00_80.00,2022-06-27,38.0,80.0,0.0,0.0,0.0,0.0,0.0,0.0,48.0,0
38.00_80.00,2022-07-04,38.0,80.0,0.0,0.0,0.0,0.0,0.0,0.0,49.0,0
38.00_80.00,2022-07-11,38.0,80.0,0.0,0.0,0.0,0.0,0.0,0.0,50.0,0
38.00_80.00,2022-07-18,38.0,80.0,0.0,0.0,0.0,0.0,0.0,0.0,51.0,0
38.00_80.00,2022-07-25,38.0,80.0,0.0,0.0,0.0,0.0,0.0,0.0,52.0,0
38.00_80.00,2022-08-01,38.0,80.0,0.0,0.0,0.0,0.0,0.0,0.0,53.0,0
38.00_80.00,2022-08-08,38.0,80.0,0.0,0.0,0.0,0.0,0.0,0.0,54.0,0
38.00_80.00,2022-08-15,38.0,80.0,0.0,0.0,0.0,0.0,0.0,0.0,55.0,0
38.00_80.00,2022-08-22,38.0,80.0,0.0,0.0,0.0,0.0,0.0,0.0,56.0,0
38.00_80.00,2022-08-29,38.0,80.0,0.0,0.0,0.0,0.0,0.0,0.0,57.0,0
38.00_80.00,2022-09-05,38.0,80.0,0.0,0.0,0.0,0.0,0.0,0.0,58.0,0
38.00_80.00,2022-09-12,38.0,80.0,0.0,0.0,0.0,0.0,0.0,0.0,59.0,0
38.00_80.00,2022-09-19,38.0,80.0,0.0,0.0,0.0,0.0,0.0,0.0,60.0,0
38.00_80.00,2022-09-26,38.0,80.0,0.0,0.0,0.0,0.0,0.0,0.0,61.0,0
38.00_80.00,2022-10-03,38.0,80.0,0.0,0.0,0.0,0.0,0.0,0.0,62.0,0
38.00_80.00,2022-10-10,38.0,80.0,0.0,0.0,0.0,0.0,0.0,0.0,63.0,0
38.00_80.00,2022-10-17,38.0,80.0,0.0,0.0,0.0,0.0,0.0,0.0,64.0,0
38.00_80.00,2022-10-24,38.0,80.0,0.0,0.0,0.0,0.0,0.0,0.0,65.0,0
38.00_80.00,2022-10-31,38.0,80.0,0.0,0.0,0.0,0.0,0.0,0.0,66.0,0
38.00_80.00,2022-11-07,38.0,80.0,0.0,0.0,0.0,0.0,0.0,0.0,67.0,0
38.00_80.00,2022-11-14,38.0,80.0,0.0,0.0,0.0,0.0,0.0,0.0,68.0,0
38.00_80.00,2022-11-21,38.0,80.0,0.0,0.0,0.0,0.0,0.0,0.0,69.0,0
38.00_80.00,2022-11-28,38.0,80.0,0.0,0.0,0.0,0.0,0.0,0.0,70.0,0
38.00_80.00,2022-12-05,38.0,80.0,0.0,0.0,0.0,0.0,0.0,0.0,71.0,0
38.00_80.00,2022-12-12,38.0,80.0,0.0,0.0,0.0,0.0,0.0,0.0,72.0,0
38.00_80.00,2022-12-19,38.0,80.0,0.0,0.0,0.0,0.0,0.0,0.0,73.0,0
38.00_80.00,2022-12-26,38.0,80.0,0.0,0.0,0.0,0.0,0.0,0.0,74.0,0
38.00_80.00,2023-01-02,38.0,80.0,0.0,0.0,0.0,0.0,0.0,0.0,75.0,0
38.00_80.00,2023-01-09,38.0,80.0,0.0,0.0,0.0,0.0,0.0,0.0,76.0,0
38.00_80.00,2023-01-16,38.0,80.0,0.0,0.0,0.0,0.0,0.0,0.0,77.0,0
38.00_80.00,2023-01-23,38.0,80.0,0.0,0.0,0.0,0.0,0.0,0.0,78.0,1
38.00_80.00,2023-01-30,38.0,80.0,1.0,5.7,5.7,5.7,1.0,354813389.23357606,0.0,0
38.00_80.00,2023-02-06,38.0,80.0,0.0,0.0,0.0,5.7,1.0,354813389.23357606,1.0,0
38.00_80.00,2023-02-13,38.0,80.0,0.0,0.0,0.0,5.7,1.0,354813389.23357606,2.0,0
38.00_80.00,2023-02-20,38.0,80.0,0.0,0.0,0.0,5.7,1.0,354813389.23357606,3.0,0
38.00_80.00,2023-02-27,38.0,80.0,0.0,0.0,0.0,0.0,1.0,354813389.23357606,4.0,0
38.00_80.00,2023-03-06,38.0,80.0,0.0,0.0,0.0,0.0,1.0,354813389.23357606,5.0,0
38.00_80.00,2023-03-13,38.0,80.0,0.0,0.0,0.0,0.0,1.0,354813389.23357606,6.0,0
38.00_80.00,2023-03-20,38.0,80.0,0.0,0.0,0.0,0.0,1.0,354813389.23357606,7.0,0
38.00_80.00,2023-03-27,38.0,80.0,0.0,0.0,0.0,0.0,1.0,0.0,8.0,0
38.00_80.00,2023-04-03,38.0,80.0,0.0,0.0,0.0,0.0,1.0,0.0,9.0,0
38.00_80.00,2023-04-10,38.0,80.0,0.0,0.0,0.0,0.0,1.0,0.0,10.0,0
38.00_80.00,2023-04-17,38.0,80.0,0.0,0.0,0.0,0.0,1.0,0.0,11.0,0
38.00_80.00,2023-04-24,38.0,80.0,0.0,0.0,0.0,0.0,0.0,0.0,12.0,0
38.00_80.00,2023-05-01,38.0,80.0,0.0,0.0,0.0,0.0,0.0,0.0,13.0,0
38.00_80.00,2023-05-08,38.0,80.0,0.0,0.0,0.0,0.0,0.0,0.0,14.0,0
38.00_80.00,2023-05-15,38.0,80.0,0.0,0.0,0.0,0.0,0.0,0.0,15.0,0
38.00_80.00,2023-05-22,38.0,80.0,0.0,0.0,0.0,0.0,0.0,0.0,16.0,0
38.00_80.00,2023-05-29,38.0,80.0,0.0,0.0,0.0,0.0,0.0,0.0,17.0,0
38.00_80.00,2023-06-05,38.0,80.0,0.0,0.0,0.0,0.0,0.0,0.0,18.0,0
38.00_80.00,2023-06-12,38.0,80.0,0.0,0.0,0.0,0.0,0.0,0.0,19.0,0
38.00_80.00,2023-06-19,38.0,80.0,0.0,0.0,0.0,0.0,0.0,0.0,20.0,0
38.00_80.00,2023-06-26,38.0,80.0,0.0,0.0,0.0,0.0,0.0,0.0,21.0,0
38.00_80.00,2023-07-03,38.0,80.0,0.0,0.0,0.0,0.0,0.0,0.0,22.0,0
38.00_80.00,2023-07-10,38.0,80.0,0.0,0.0,0.0,0.0,0.0,0.0,23.0,0
38.00_80.00,2023-07-17,38.0,80.0,0.0,0.0,0.0,0.0,0.0,0.0,24.0,0
38.00_80.00,2023-07-24,38.0,80.0,0.0,0.0,0.0,0.0,0.0,0.0,25.0,0
38.00_80.00,2023-07-31,38.0,80.0,0.0,0.0,0.0,0.0,0.0,0.0,26.0,0
38.00_80.00,2023-08-07,38.0,80.0,0.0,0.0,0.0,0.0,0.0,0.0,27.0,0
38.00_80.00,2023-08-14,38.0,80.0,0.0,0.0,0.0,0.0,0.0,0.0,28.0,0
38.00_80.00,2023-08-21,38.0,80.0,0.0,0.0,0.0,0.0,0.0,0.0,29.0,0
38.00_80.00,2023-08-28,38.0,80.0,0.0,0.0,0.0,0.0,0.0,0.0,30.0,0
38.00_80.00,2023-09-04,38.0,80.0,0.0,0.0,0.0,0.0,0.0,0.0,31.0,1
38.00_80.00,2023-09-11,38.0,80.0,1.0,4.2,4.2,4.2,1.0,1995262.3149688828,32.0,0
38.00_80.00,2023-09-18,38.0,80.0,0.0,0.0,0.0,4.2,1.0,1995262.3149688828,33.0,0
38.00_80.00,2023-09-25,38.0,80.0,0.0,0.0,0.0,4.2,1.0,1995262.3149688828,34.0,0
38.00_80.00,2023-10-02,38.0,80.0,0.0,0.0,0.0,4.2,1.0,1995262.3149688828,35.0,0
38.00_80.00,2023-10-09,38.0,80.0,0.0,0.0,0.0,0.0,1.0,1995262.3149688828,36.0,0
38.00_80.00,2023-10-16,38.0,80.0,0.0,0.0,0.0,0.0,1.0,1995262.3149688828,37.0,0
38.00_80.00,2023-10-23,38.0,80.0,0.0,0.0,0.0,0.0,1.0,1995262.3149688828,38.0,0
38.00_80.00,2023-10-30,38.0,80.0,0.0,0.0,0.0,0.0,1.0,1995262.3149688828,39.0,0
38.00_80.00,2023-11-06,38.0,80.0,0.0,0.0,0.0,0.0,1.0,0.0,40.0,0
38.00_80.00,2023-11-13,38.0,80.0,0.0,0.0,0.0,0.0,1.0,0.0,41.0,0
38.00_80.00,2023-11-20,38.0,80.0,0.0,0.0,0.0,0.0,1.0,0.0,42.0,0
38.00_80.00,2023-11-27,38.0,80.0,0.0,0.0,0.0,0.0,1.0,0.0,43.0,0
38.00_80.00,2023-12-04,38.0,80.0,0.0,0.0,0.0,0.0,0.0,0.0,44.0,0
38.00_80.00,2023-12-11,38.0,80.0,0.0,0.0,0.0,0.0,0.0,0.0,45.0,0
38.00_80.00,2023-12-18,38.0,80.0,0.0,0.0,0.0,0.0,0.0,0.0,46.0,0
38.00_80.00,2023-12-25,38.0,80.0,0.0,0.0,0.0,0.0,0.0,0.0,47.0,0
38.00_83.00,2010-03-22,38.0,83.0,0.0,0.0,0.0,0.0,0.0,0.0,500.0,0
38.00_83.00,2010-03-29,38.0,83.0,0.0,0.0,0.0,0.0,0.0,0.0,500.0,0
38.00_83.00,2010-04-05,38.0,83.0,0.0,0.0,0.0,0.0,0.0,0.0,500.0,0
38.00_83.00,2010-04-12,38.0,83.0,0.0,0.0,0.0,0.0,0.0,0.0,500.0,0
38.00_83.00,2010-04-19,38.0,83.0,0.0,0.0,0.0,0.0,0.0,0.0,500.0,0
38.00_83.00,2010-04-26,38.0,83.0,0.0,0.0,0.0,0.0,0.0,0.0,500.0,0
38.00_83.00,2010-05-03,38.0,83.0,0.0,0.0,0.0,0.0,0.0,0.0,500.0,0
38.00_83.00,2010-05-10,38.0,83.0,0.0,0.0,0.0,0.0,0.0,0.0,500.0,0
38.00_83.00,2010-05-17,38.0,83.0,0.0,0.0,0.0,0.0,0.0,0.0,500.0,0
38.00_83.00,2010-05-24,38.0,83.0,0.0,0.0,0.0,0.0,0.0,0.0,500.0,0
38.00_83.00,2010-05-31,38.0,83.0,0.0,0.0,0.0,0.0,0.0,0.0,500.0,0
38.00_83.00,2010-06-07,38.0,83.0,0.0,0.0,0.0,0.0,0.0,0.0,500.0,0
38.00_83.00,2010-06-14,38.0,83.0,0.0,0.0,0.0,0.0,0.0,0.0,500.0,0
38.00_83.00,2010-06-21,38.0,83.0,0.0,0.0,0.0,0.0,0.0,0.0,500.0,0
38.00_83.00,2010-06-28,38.0,83.0,0.0,0.0,0.0,0.0,0.0,0.0,500.0,0
38.00_83.00,2010-07-05,38.0,83.0,0.0,0.0,0.0,0.0,0.0,0.0,500.0,0
38.00_83.00,2010-07-12,38.0,83.0,0.0,0.0,0.0,0.0,0.0,0.0,500.0,0
38.00_83.00,2010-07-19,38.0,83.0,0.0,0.0,0.0,0.0,0.0,0.0,500.0,0
38.00_83.00,2010-07-26,38.0,83.0,0.0,0.0,0.0,0.0,0.0,0.0,500.0,0
38.00_83.00,2010-08-02,38.0,83.0,0.0,0.0,0.0,0.0,0.0,0.0,500.0,0
38.00_83.00,2010-08-09,38.0,83.0,0.0,0.0,0.0,0.0,0.0,0.0,500.0,0
38.00_83.00,2010-08-16,38.0,83.0,0.0,0.0,0.0,0.0,0.0,0.0,500.0,0
38.00_83.00,2010-08-23,38.0,83.0,0.0,0.0,0.0,0.0,0.0,0.0,500.0,0
38.00_83.00,2010-08-30,38.0,83.0,0.0,0.0,0.0,0.0,0.0,0.0,500.0,0
38.00_83.00,2010-09-06,38.0,83.0,0.0,0.0,0.0,0.0,0.0,0.0,500.0,0
38.00_83.00,2010-09-13,38.0,83.0,0.0,0.0,0.0,0.0,0.0,0.0,500.0,0
38.00_83.00,2010-09-20,38.0,83.0,0.0,0.0,0.0,0.0,0.0,0.0,500.0,0
38.00_83.00,2010-09-27,38.0,83.0,0.0,0.0,0.0,0.0,0.0,0.0,500.0,0
38.00_83.00,2010-10-04,38.0,83.0,0.0,0.0,0.0,0.0,0.0,0.0,500.0,0
38.00_83.00,2010-10-11,38.0,83.0,0.0,0.0,0.0,0.0,0.0,0.0,500.0,0
38.00_83.00,2010-10-18,38.0,83.0,0.0,0.0,0.0,0.0,0.0,0.0,500.0,0
38.00_83.00,2010-10-25,38.0,83.0,0.0,0.0,0.0,0.0,0.0,0.0,500.0,0
38.00_83.00,2010-11-01,38.0,83.0,0.0,0.0,0.0,0.0,0.0,0.0,500.0,0
38.00_83.00,2010-11-08,38.0,83.0,0.0,0.0,0.0,0.0,0.0,0.0,500.0,0
38.00_83.00,2010-11-15,38.0,83.0,0.0,0.0,0.0,0.0,0.0,0.0,500.0,0
38.00_83.00,2010-11-22,38.0,83.0,0.0,0.0,0.0,0.0,0.0,0.0,500.0,0
38.00_83.00,2010-11-29,38.0,83.0,0.0,0.0,0.0,0.0,0.0,0.0,500.0,0
38.00_83.00,2010-12-06,38.0,83.0,0.0,0.0,0.0,0.0,0.0,0.0,500.0,0
38.00_83.00,2010-12-13,38.0,83.0,0.0,0.0,0.0,0.0,0.0,0.0,500.0,0
38.00_83.00,2010-12-20,38.0,83.0,0.0,0.0,0.0,0.0,0.0,0.0,500.0,0
38.00_83.00,2010-12-27,38.0,83.0,0.0,0.0,0.0,0.0,0.0,0.0,500.0,0
38.00_83.00,2011-01-03,38.0,83.0,0.0,0.0,0.0,0.0,0.0,0.0,500.0,0
38.00_83.00,2011-01-10,38.0,83.0,0.0,0.0,0.0,0.0,0.0,0.0,500.0,0
38.00_83.00,2011-01-17,38.0,83.0,0.0,0.0,0.0,0.0,0.0,0.0,500.0,0
38.00_83.00,2011-01-24,38.0,83.0,0.0,0.0,0.0,0.0,0.0,0.0,500.0,0
38.00_83.00,2011-01-31,38.0,83.0,0.0,0.0,0.0,0.0,0.0,0.0,500.0,0
38.00_83.00,2011-02-07,38.0,83.0,0.0,0.0,0.0,0.0,0.0,0.0,500.0,0
38.00_83.00,2011-02-14,38.0,83.0,0.0,0.0,0.0,0.0,0.0,0.0,500.0,0
38.00_83.00,2011-02-21,38.0,83.0,0.0,0.0,0.0,0.0,0.0,0.0,500.0,0
38.00_83.00,2011-02-28,38.0,83.0,0.0,0.0,0.0,0.0,0.0,0.0,500.0,0
38.00_83.00,2011-03-07,38.0,83.0,0.0,0.0,0.0,0.0,0.0,0.0,500.0,0
38.00_83.00,2011-03-14,38.0,83.0,0.0,0.0,0.0,0.0,0.0,0.0,500.0,0
38.00_83.00,2011-03-21,38.0,83.0,0.0,0.0,0.0,0.0,0.0,0.0,500.0,0
38.00_83.00,2011-03-28,38.0,83.0,0.0,0.0,0.0,0.0,0.0,0.0,500.0,0
38.00_83.00,2011-04-04,38.0,83.0,0.0,0.0,0.0,0.0,0.0,0.0,500.0,0
38.00_83.00,2011-04-11,38.0,83.0,0.0,0.0,0.0,0.0,0.0,0.0,500.0,0
38.00_83.00,2011-04-18,38.0,83.0,0.0,0.0,0.0,0.0,0.0,0.0,500.0,0
38.00_83.00,2011-04-25,38.0,83.0,0.0,0.0,0.0,0.0,0.0,0.0,500.0,0
38.00_83.00,2011-05-02,38.0,83.0,0.0,0.0,0.0,0.0,0.0,0.0,500.0,0
38.00_83.00,2011-05-09,38.0,83.0,0.0,0.0,0.0,0.0,0.0,0.0,500.0,0
38.00_83.00,2011-05-16,38.0,83.0,0.0,0.0,0.0,0.0,0.0,0.0,500.0,0
38.00_83.00,2011-05-23,38.0,83.0,0.0,0.0,0.0,0.0,0.0,0.0,500.0,0
38.00_83.00,2011-05-30,38.0,83.0,0.0,0.0,0.0,0.0,0.0,0.0,500.0,0
38.00_83.00,2011-06-06,38.0,83.0,0.0,0.0,0.0,0.0,0.0,0.0,500.0,0
38.00_83.00,2011-06-13,38.0,83.0,0.0,0.0,0.0,0.0,0.0,0.0,500.0,0
38.00_83.00,2011-06-20,38.0,83.0,0.0,0.0,0.0,0.0,0.0,0.0,500.0,0
38.00_83.00,2011-06-27,38.0,83.0,0.0,0.0,0.0,0.0,0.0,0.0,500.0,0
38.00_83.00,2011-07-04,38.0,83.0,0.0,0.0,0.0,0.0,0.0,0.0,500.0,0
38.00_83.00,2011-07-11,38.0,83.0,0.0,0.0,0.0,0.0,0.0,0.0,500.0,0
38.00_83.00,2011-07-18,38.0,83.0,0.0,0.0,0.0,0.0,0.0,0.0,500.0,0
38.00_83.00,2011-07-25,38.0,83.0,0.0,0.0,0.0,0.0,0.0,0.0,500.0,0
38.00_83.00,2011-08-01,38.0,83.0,0.0,0.0,0.0,0.0,0.0,0.0,500.0,0
38.00_83.00,2011-08-08,38.0,83.0,0.0,0.0,0.0,0.0,0.0,0.0,500.0,0
38.00_83.00,2011-08-15,38.0,83.0,0.0,0.0,0.0,0.0,0.0,0.0,500.0,0
38.00_83.00,2011-08-22,38.0,83.0,0.0,0.0,0.0,0.0,0.0,0.0,500.0,0
38.00_83.00,2011-08-29,38.0,83.0,0.0,0.0,0.0,0.0,0.0,0.0,500.0,0
38.00_83.00,2011-09-05,38.0,83.0,0.0,0.0,0.0,0.0,0.0,0.0,500.0,0
38.00_83.00,2011-09-12,38.0,83.0,0.0,0.0,0.0,0.0,0.0,0.0,500.0,0
38.00_83.00,2011-09-19,38.0,83.0,0.0,0.0,0.0,0.0,0.0,0.0,500.0,0
38.00_83.00,2011-09-26,38.0,83.0,0.0,0.0,0.0,0.0,0.0,0.0,500.0,0
38.00_83.00,2011-10-03,38.0,83.0,0.0,0.0,0.0,0.0,0.0,0.0,500.0,0
38.00_83.00,2011-10-10,38.0,83.0,0.0,0.0,0.0,0.0,0.0,0.0,500.0,0
38.00_83.00,2011-10-17,38.0,83.0,0.0,0.0,0.0,0.0,0.0,0.0,500.0,0
38.00_83.00,2011-10-24,38.0,83.0,0.0,0.0,0.0,0.0,0.0,0.0,500.0,0
38.00_83.00,2011-10-31,38.0,83.0,0.0,0.0,0.0,0.0,0.0,0.0,500.0,0
38.00_83.00,2011-11-07,38.0,83.0,0.0,0.0,0.0,0.0,0.0,0.0,500.0,0
38.00_83.00,2011-11-14,38.0,83.0,0.0,0.0,0.0,0.0,0.0,0.0,500.0,0
38.00_83.00,2011-11-21,38.0,83.0,0.0,0.0,0.0,0.0,0.0,0.0,500.0,0
38.00_83.00,2011-11-28,38.0,83.0,0.0,0.0,0.0,0.0,0.0,0.0,500.0,0
38.00_83.00,2011-12-05,38.0,83.0,0.0,0.0,0.0,0.0,0.0,0.0,500.0,0
38.00_83.00,2011-12-12,38.0,83.0,0.0,0.0,0.0,0.0,0.0,0.0,500.0,0
38.00_83.00,2011-12-19,38.0,83.0,0.0,0.0,0.0,0.0,0.0,0.0,500.0,0
38.00_83.00,2011-12-26,38.0,83.0,0.0,0.0,0.0,0.0,0.0,0.0,500.0,0
38.00_83.00,2012-01-02,38.0,83.0,0.0,0.0,0.0,0.0,0.0,0.0,500.0,0
38.00_83.00,2012-01-09,38.0,83.0,0.0,0.0,0.0,0.0,0.0,0.0,500.0,0
38.00_83.00,2012-01-16,38.0,83.0,0.0,0.0,0.0,0.0,0.0,0.0,500.0,0
38.00_83.00,2012-01-23,38.0,83.0,0.0,0.0,0.0,0.0,0.0,0.0,500.0,0
38.00_83.00,2012-01-30,38.0,83.0,0.0,0.0,0.0,0.0,0.0,0.0,500.0,0
38.00_83.00,2012-02-06,38.0,83.0,0.0,0.0,0.0,0.0,0.0,0.0,500.0,0
38.00_83.00,2012-02-13,38.0,83.0,0.0,0.0,0.0,0.0,0.0,0.0,500.0,0
38.00_83.00,2012-02-20,38.0,83.0,0.0,0.0,0.0,0.0,0.0,0.0,500.0,0
38.00_83.00,2012-02-27,38.0,83.0,0.0,0.0,0.0,0.0,0.0,0.0,500.0,0
38.00_83.00,2012-03-05,38.0,83.0,0.0,0.0,0.0,0.0,0.0,0.0,500.0,0
38.00_83.00,2012-03-12,38.0,83.0,0.0,0.0,0.0,0.0,0.0,0.0,500.0,0
38.00_83.00,2012-03-19,38.0,83.0,0.0,0.0,0.0,0.0,0.0,0.0,500.0,0
38.00_83.00,2012-03-26,38.0,83.0,0.0,0.0,0.0,0.0,0.0,0.0,500.0,0
38.00_83.00,2012-04-02,38.0,83.0,0.0,0.0,0.0,0.0,0.0,0.0,500.0,0
38.00_83.00,2012-04-09,38.0,83.0,0.0,0.0,0.0,0.0,0.0,0.0,500.0,0
38.00_83.00,2012-04-16,38.0,83.0,0.0,0.0,0.0,0.0,0.0,0.0,500.0,0
38.00_83.00,2012-04-23,38.0,83.0,0.0,0.0,0.0,0.0,0.0,0.0,500.0,0
38.00_83.00,2012-04-30,38.0,83.0,0.0,0.0,0.0,0.0,0.0,0.0,500.0,0
38.00_83.00,2012-05-07,38.0,83.0,0.0,0.0,0.0,0.0,0.0,0.0,500.0,0
38.00_83.00,2012-05-14,38.0,83.0,0.0,0.0,0.0,0.0,0.0,0.0,500.0,0
38.00_83.00,2012-05-21,38.0,83.0,0.0,0.0,0.0,0.0,0.0,0.0,500.0,0
38.00_83.00,2012-05-28,38.0,83.0,0.0,0.0,0.0,0.0,0.0,0.0,500.0,0
38.00_83.00,2012-06-04,38.0,83.0,0.0,0.0,0.0,0.0,0.0,0.0,500.0,0
38.00_83.00,2012-06-11,38.0,83.0,0.0,0.0,0.0,0.0,0.0,0.0,500.0,0
38.00_83.00,2012-06-18,38.0,83.0,0.0,0.0,0.0,0.0,0.0,0.0,500.0,0
38.00_83.00,2012-06-25,38.0,83.0,0.0,0.0,0.0,0.0,0.0,0.0,500.0,0
38.00_83.00,2012-07-02,38.0,83.0,0.0,0.0,0.0,0.0,0.0,0.0,500.0,0
38.00_83.00,2012-07-09,38.0,83.0,0.0,0.0,0.0,0.0,0.0,0.0,500.0,0
38.00_83.00,2012-07-16,38.0,83.0,0.0,0.0,0.0,0.0,0.0,0.0,500.0,0
38.00_83.00,2012-07-23,38.0,83.0,0.0,0.0,0.0,0.0,0.0,0.0,500.0,0
38.00_83.00,2012-07-30,38.0,83.0,0.0,0.0,0.0,0.0,0.0,0.0,500.0,0
38.00_83.00,2012-08-06,38.0,83.0,0.0,0.0,0.0,0.0,0.0,0.0,500.0,0
38.00_83.00,2012-08-13,38.0,83.0,0.0,0.0,0.0,0.0,0.0,0.0,500.0,0
38.00_83.00,2012-08-20,38.0,83.0,0.0,0.0,0.0,0.0,0.0,0.0,500.0,0
38.00_83.00,2012-08-27,38.0,83.0,0.0,0.0,0.0,0.0,0.0,0.0,500.0,0
38.00_83.00,2012-09-03,38.0,83.0,0.0,0.0,0.0,0.0,0.0,0.0,500.0,0
38.00_83.00,2012-09-10,38.0,83.0,0.0,0.0,0.0,0.0,0.0,0.0,500.0,0
38.00_83.00,2012-09-17,38.0,83.0,0.0,0.0,0.0,0.0,0.0,0.0,500.0,0
38.00_83.00,2012-09-24,38.0,83.0,0.0,0.0,0.0,0.0,0.0,0.0,500.0,0
38.00_83.00,2012-10-01,38.0,83.0,0.0,0.0,0.0,0.0,0.0,0.0,500.0,0
38.00_83.00,2012-10-08,38.0,83.0,0.0,0.0,0.0,0.0,0.0,0.0,500.0,0
38.00_83.00,2012-10-15,38.0,83.0,0.0,0.0,0.0,0.0,0.0,0.0,500.0,0
38.00_83.00,2012-10-22,38.0,83.0,0.0,0.0,0.0,0.0,0.0,0.0,500.0,0
38.00_83.00,2012-10-29,38.0,83.0,0.0,0.0,0.0,0.0,0.0,0.0,500.0,0
38.00_83.00,2012-11-05,38.0,83.0,0.0,0.0,0.0,0.0,0.0,0.0,500.0,0
38.00_83.00,2012-11-12,38.0,83.0,0.0,0.0,0.0,0.0,0.0,0.0,500.0,0
38.00_83.00,2012-11-19,38.0,83.0,0.0,0.0,0.0,0.0,0.0,0.0,500.0,0
38.00_83.00,2012-11-26,38.0,83.0,0.0,0.0,0.0,0.0,0.0,0.0,500.0,0
38.00_83.00,2012-12-03,38.0,83.0,0.0,0.0,0.0,0.0,0.0,0.0,500.0,0
38.00_83.00,2012-12-10,38.0,83.0,0.0,0.0,0.0,0.0,0.0,0.0,500.0,0
38.00_83.00,2012-12-17,38.0,83.0,0.0,0.0,0.0,0.0,0.0,0.0,500.0,0
38.00_83.00,2012-12-24,38.0,83.0,0.0,0.0,0.0,0.0,0.0,0.0,500.0,0
38.00_83.00,2012-12-31,38.0,83.0,0.0,0.0,0.0,0.0,0.0,0.0,500.0,0
38.00_83.00,2013-01-07,38.0,83.0,0.0,0.0,0.0,0.0,0.0,0.0,500.0,0
38.00_83.00,2013-01-14,38.0,83.0,0.0,0.0,0.0,0.0,0.0,0.0,500.0,0
38.00_83.00,2013-01-21,38.0,83.0,0.0,0.0,0.0,0.0,0.0,0.0,500.0,0
38.00_83.00,2013-01-28,38.0,83.0,0.0,0.0,0.0,0.0,0.0,0.0,500.0,0
38.00_83.00,2013-02-04,38.0,83.0,0.0,0.0,0.0,0.0,0.0,0.0,500.0,0
38.00_83.00,2013-02-11,38.0,83.0,0.0,0.0,0.0,0.0,0.0,0.0,500.0,0
38.00_83.00,2013-02-18,38.0,83.0,0.0,0.0,0.0,0.0,0.0,0.0,500.0,0
38.00_83.00,2013-02-25,38.0,83.0,0.0,0.0,0.0,0.0,0.0,0.0,500.0,0
38.00_83.00,2013-03-04,38.0,83.0,0.0,0.0,0.0,0.0,0.0,0.0,500.0,0
38.00_83.00,2013-03-11,38.0,83.0,0.0,0.0,0.0,0.0,0.0,0.0,500.0,0
38.00_83.00,2013-03-18,38.0,83.0,0.0,0.0,0.0,0.0,0.0,0.0,500.0,0
38.00_83.00,2013-03-25,38.0,83.0,0.0,0.0,0.0,0.0,0.0,0.0,500.0,0
38.00_83.00,2013-04-01,38.0,83.0,0.0,0.0,0.0,0.0,0.0,0.0,500.0,0
38.00_83.00,2013-04-08,38.0,83.0,0.0,0.0,0.0,0.0,0.0,0.0,500.0,0
38.00_83.00,2013-04-15,38.0,83.0,0.0,0.0,0.0,0.0,0.0,0.0,500.0,0
38.00_83.00,2013-04-22,38.0,83.0,0.0,0.0,0.0,0.0,0.0,0.0,500.0,0
38.00_83.00,2013-04-29,38.0,83.0,0.0,0.0,0.0,0.0,0.0,0.0,500.0,0
38.00_83.00,2013-05-06,38.0,83.0,0.0,0.0,0.0,0.0,0.0,0.0,500.0,0
38.00_83.00,2013-05-13,38.0,83.0,0.0,0.0,0.0,0.0,0.0,0.0,500.0,0
38.00_83.00,2013-05-20,38.0,83.0,0.0,0.0,0.0,0.0,0.0,0.0,500.0,0
38.00_83.00,2013-05-27,38.0,83.0,0.0,0.0,0.0,0.0,0.0,0.0,500.0,0
38.00_83.00,2013-06-03,38.0,83.0,0.0,0.0,0.0,0.0,0.0,0.0,500.0,0
38.00_83.00,2013-06-10,38.0,83.0,0.0,0.0,0.0,0.0,0.0,0.0,500.0,0
38.00_83.00,2013-06-17,38.0,83.0,0.0,0.0,0.0,0.0,0.0,0.0,500.0,0
38.00_83.00,2013-06-24,38.0,83.0,0.0,0.0,0.0,0.0,0.0,0.0,500.0,0
38.00_83.00,2013-07-01,38.0,83.0,0.0,0.0,0.0,0.0,0.0,0.0,500.0,0
38.00_83.00,2013-07-08,38.0,83.0,0.0,0.0,0.0,0.0,0.0,0.0,500.0,0
38.00_83.00,2013-07-15,38.0,83.0,0.0,0.0,0.0,0.0,0.0,0.0,500.0,0
38.00_83.00,2013-07-22,38.0,83.0,0.0,0.0,0.0,0.0,0.0,0.0,500.0,0
38.00_83.00,2013-07-29,38.0,83.0,0.0,0.0,0.0,0.0,0.0,0.0,500.0,0
38.00_83.00,2013-08-05,38.0,83.0,0.0,0.0,0.0,0.0,0.0,0.0,500.0,0
38.00_83.00,2013-08-12,38.0,83.0,0.0,0.0,0.0,0.0,0.0,0.0,500.0,0
38.00_83.00,2013-08-19,38.0,83.0,0.0,0.0,0.0,0.0,0.0,0.0,500.0,0
38.00_83.00,2013-08-26,38.0,83.0,0.0,0.0,0.0,0.0,0.0,0.0,500.0,0
38.00_83.00,2013-09-02,38.0,83.0,0.0,0.0,0.0,0.0,0.0,0.0,500.0,0
38.00_83.00,2013-09-09,38.0,83.0,0.0,0.0,0.0,0.0,0.0,0.0,500.0,0
38.00_83.00,2013-09-16,38.0,83.0,0.0,0.0,0.0,0.0,0.0,0.0,500.0,0
38.00_83.00,2013-09-23,38.0,83.0,0.0,0.0,0.0,0.0,0.0,0.0,500.0,0
38.00_83.00,2013-09-30,38.0,83.0,0.0,0.0,0.0,0.0,0.0,0.0,500.0,0
38.00_83.00,2013-10-07,38.0,83.0,0.0,0.0,0.0,0.0,0.0,0.0,500.0,0
38.00_83.00,2013-10-14,38.0,83.0,0.0,0.0,0.0,0.0,0.0,0.0,500.0,0
38.00_83.00,2013-10-21,38.0,83.0,0.0,0.0,0.0,0.0,0.0,0.0,500.0,0
38.00_83.00,2013-10-28,38.0,83.0,0.0,0.0,0.0,0.0,0.0,0.0,500.0,0
38.00_83.00,2013-11-04,38.0,83.0,0.0,0.0,0.0,0.0,0.0,0.0,500.0,0
38.00_83.00,2013-11-11,38.0,83.0,0.0,0.0,0.0,0.0,0.0,0.0,500.0,0
38.00_83.00,2013-11-18,38.0,83.0,0.0,0.0,0.0,0.0,0.0,0.0,500.0,0
38.00_83.00,2013-11-25,38.0,83.0,0.0,0.0,0.0,0.0,0.0,0.0,500.0,1
38.00_83.00,2013-12-02,38.0,83.0,1.0,4.2,4.2,4.2,1.0,1995262.3149688828,500.0,0
38.00_83.00,2013-12-09,38.0,83.0,0.0,0.0,0.0,4.2,1.0,1995262.3149688828,500.0,0
38.00_83.00,2013-12-16,38.0,83.0,0.0,0.0,0.0,4.2,1.0,1995262.3149688828,500.0,0
38.00_83.00,2013-12-23,38.0,83.0,0.0,0.0,0.0,4.2,1.0,1995262.3149688828,500.0,0
38.00_83.00,2013-12-30,38.0,83.0,0.0,0.0,0.0,0.0,1.0,1995262.3149688828,500.0,0
38.00_83.00,2014-01-06,38.0,83.0,0.0,0.0,0.0,0.0,1.0,1995262.3149688828,500.0,0
38.00_83.00,2014-01-13,38.0,83.0,0.0,0.0,0.0,0.0,1.0,1995262.3149688828,500.0,0
38.00_83.00,2014-01-20,38.0,83.0,0.0,0.0,0.0,0.0,1.0,1995262.3149688828,500.0,0
38.00_83.00,2014-01-27,38.0,83.0,0.0,0.0,0.0,0.0,1.0,0.0,500.0,0
38.00_83.00,2014-02-03,38.0,83.0,0.0,0.0,0.0,0.0,1.0,0.0,500.0,0
38.00_83.00,2014-02-10,38.0,83.0,0.0,0.0,0.0,0.0,1.0,0.0,500.0,0
38.00_83.00,2014-02-17,38.0,83.0,0.0,0.0,0.0,0.0,1.0,0.0,500.0,0
38.00_83.00,2014-02-24,38.0,83.0,0.0,0.0,0.0,0.0,0.0,0.0,500.0,0
38.00_83.00,2014-03-03,38.0,83.0,0.0,0.0,0.0,0.0,0.0,0.0,500.0,0
38.00_83.00,2014-03-10,38.0,83.0,0.0,0.0,0.0,0.0,0.0,0.0,500.0,0
38.00_83.00,2014-03-17,38.0,83.0,0.0,0.0,0.0,0.0,0.0,0.0,500.0,0
38.00_83.00,2014-03-24,38.0,83.0,0.0,0.0,0.0,0.0,0.0,0.0,500.0,0
38.00_83.00,2014-03-31,38.0,83.0,0.0,0.0,0.0,0.0,0.0,0.0,500.0,0
38.00_83.00,2014-04-07,38.0,83.0,0.0,0.0,0.0,0.0,0.0,0.0,500.0,0
38.00_83.00,2014-04-14,38.0,83.0,0.0,0.0,0.0,0.0,0.0,0.0,500.0,0
38.00_83.00,2014-04-21,38.0,83.0,0.0,0.0,0.0,0.0,0.0,0.0,500.0,0
38.00_83.00,2014-04-28,38.0,83.0,0.0,0.0,0.0,0.0,0.0,0.0,500.0,0
38.00_83.00,2014-05-05,38.0,83.0,0.0,0.0,0.0,0.0,0.0,0.0,500.0,0
38.00_83.00,2014-05-12,38.0,83.0,0.0,0.0,0.0,0.0,0.0,0.0,500.0,0
38.00_83.00,2014-05-19,38.0,83.0,0.0,0.0,0.0,0.0,0.0,0.0,500.0,0
38.00_83.00,2014-05-26,38.0,83.0,0.0,0.0,0.0,0.0,0.0,0.0,500.0,0
38.00_83.00,2014-06-02,38.0,83.0,0.0,0.0,0.0,0.0,0.0,0.0,500.0,0
38.00_83.00,2014-06-09,38.0,83.0,0.0,0.0,0.0,0.0,0.0,0.0,500.0,0
38.00_83.00,2014-06-16,38.0,83.0,0.0,0.0,0.0,0.0,0.0,0.0,500.0,0
38.00_83.00,2014-06-23,38.0,83.0,0.0,0.0,0.0,0.0,0.0,0.0,500.0,0
38.00_83.00,2014-06-30,38.0,83.0,0.0,0.0,0.0,0.0,0.0,0.0,500.0,0
38.00_83.00,2014-07-07,38.0,83.0,0.0,0.0,0.0,0.0,0.0,0.0,500.0,0
38.00_83.00,2014-07-14,38.0,83.0,0.0,0.0,0.0,0.0,0.0,0.0,500.0,0
38.00_83.00,2014-07-21,38.0,83.0,0.0,0.0,0.0,0.0,0.0,0.0,500.0,0
38.00_83.00,2014-07-28,38.0,83.0,0.0,0.0,0.0,0.0,0.0,0.0,500.0,0
38.00_83.00,2014-08-04,38.0,83.0,0.0,0.0,0.0,0.0,0.0,0.0,500.0,0
38.00_83.00,2014-08-11,38.0,83.0,0.0,0.0,0.0,0.0,0.0,0.0,500.0,0
38.00_83.00,2014-08-18,38.0,83.0,0.0,0.0,0.0,0.0,0.0,0.0,500.0,0
38.00_83.00,2014-08-25,38.0,83.0,0.0,0.0,0.0,0.0,0.0,0.0,500.0,0
38.00_83.00,2014-09-01,38.0,83.0,0.0,0.0,0.0,0.0,0.0,0.0,500.0,0
38.00_83.00,2014-09-08,38.0,83.0,0.0,0.0,0.0,0.0,0.0,0.0,500.0,0
38.00_83.00,2014-09-15,38.0,83.0,0.0,0.0,0.0,0.0,0.0,0.0,500.0,0
38.00_83.00,2014-09-22,38.0,83.0,0.0,0.0,0.0,0.0,0.0,0.0,500.0,0
38.00_83.00,2014-09-29,38.0,83.0,0.0,0.0,0.0,0.0,0.0,0.0,500.0,0
38.00_83.00,2014-10-06,38.0,83.0,0.0,0.0,0.0,0.0,0.0,0.0,500.0,0
38.00_83.00,2014-10-13,38.0,83.0,0.0,0.0,0.0,0.0,0.0,0.0,500.0,0
38.00_83.00,2014-10-20,38.0,83.0,0.0,0.0,0.0,0.0,0.0,0.0,500.0,0
38.00_83.00,2014-10-27,38.0,83.0,0.0,0.0,0.0,0.0,0.0,0.0,500.0,0
38.00_83.00,2014-11-03,38.0,83.0,0.0,0.0,0.0,0.0,0.0,0.0,500.0,0
38.00_83.00,2014-11-10,38.0,83.0,0.0,0.0,0.0,0.0,0.0,0.0,500.0,0
38.00_83.00,2014-11-17,38.0,83.0,0.0,0.0,0.0,0.0,0.0,0.0,500.0,0
38.00_83.00,2014-11-24,38.0,83.0,0.0,0.0,0.0,0.0,0.0,0.0,500.0,0
38.00_83.00,2014-12-01,38.0,83.0,0.0,0.0,0.0,0.0,0.0,0.0,500.0,0
38.00_83.00,2014-12-08,38.0,83.0,0.0,0.0,0.0,0.0,0.0,0.0,500.0,0
38.00_83.00,2014-12-15,38.0,83.0,0.0,0.0,0.0,0.0,0.0,0.0,500.0,0
38.00_83.00,2014-12-22,38.0,83.0,0.0,0.0,0.0,0.0,0.0,0.0,500.0,0
38.00_83.00,2014-12-29,38.0,83.0,0.0,0.0,0.0,0.0,0.0,0.0,500.0,0
38.00_83.00,2015-01-05,38.0,83.0,0.0,0.0,0.0,0.0,0.0,0.0,500.0,0
38.00_83.00,2015-01-12,38.0,83.0,0.0,0.0,0.0,0.0,0.0,0.0,500.0,0
38.00_83.00,2015-01-19,38.0,83.0,0.0,0.0,0.0,0.0,0.0,0.0,500.0,0
38.00_83.00,2015-01-26,38.0,83.0,0.0,0.0,0.0,0.0,0.0,0.0,500.0,0
38.00_83.00,2015-02-02,38.0,83.0,0.0,0.0,0.0,0.0,0.0,0.0,500.0,0
38.00_83.00,2015-02-09,38.0,83.0,0.0,0.0,0.0,0.0,0.0,0.0,500.0,0
38.00_83.00,2015-02-16,38.0,83.0,0.0,0.0,0.0,0.0,0.0,0.0,500.0,0
38.00_83.00,2015-02-23,38.0,83.0,0.0,0.0,0.0,0.0,0.0,0.0,500.0,0
38.00_83.00,2015-03-02,38.0,83.0,0.0,0.0,0.0,0.0,0.0,0.0,500.0,0
38.00_83.00,2015-03-09,38.0,83.0,0.0,0.0,0.0,0.0,0.0,0.0,500.0,0
38.00_83.00,2015-03-16,38.0,83.0,0.0,0.0,0.0,0.0,0.0,0.0,500.0,0
38.00_83.00,2015-03-23,38.0,83.0,0.0,0.0,0.0,0.0,0.0,0.0,500.0,0
38.00_83.00,2015-03-30,38.0,83.0,0.0,0.0,0.0,0.0,0.0,0.0,500.0,0
38.00_83.00,2015-04-06,38.0,83.0,0.0,0.0,0.0,0.0,0.0,0.0,500.0,0
38.00_83.00,2015-04-13,38.0,83.0,0.0,0.0,0.0,0.0,0.0,0.0,500.0,0
38.00_83.00,2015-04-20,38.0,83.0,0.0,0.0,0.0,0.0,0.0,0.0,500.0,0
38.00_83.00,2015-04-27,38.0,83.0,0.0,0.0,0.0,0.0,0.0,0.0,500.0,0
38.00_83.00,2015-05-04,38.0,83.0,0.0,0.0,0.0,0.0,0.0,0.0,500.0,0
38.00_83.00,2015-05-11,38.0,83.0,0.0,0.0,0.0,0.0,0.0,0.0,500.0,0
38.00_83.00,2015-05-18,38.0,83.0,0.0,0.0,0.0,0.0,0.0,0.0,500.0,0
38.00_83.00,2015-05-25,38.0,83.0,0.0,0.0,0.0,0.0,0.0,0.0,500.0,0
38.00_83.00,2015-06-01,38.0,83.0,0.0,0.0,0.0,0.0,0.0,0.0,500.0,0
38.00_83.00,2015-06-08,38.0,83.0,0.0,0.0,0.0,0.0,0.0,0.0,500.0,0
38.00_83.00,2015-06-15,38.0,83.0,0.0,0.0,0.0,0.0,0.0,0.0,500.0,0
38.00_83.00,2015-06-22,38.0,83.0,0.0,0.0,0.0,0.0,0.0,0.0,500.0,0
38.00_83.00,2015-06-29,38.0,83.0,0.0,0.0,0.0,0.0,0.0,0.0,500.0,0
38.00_83.00,2015-07-06,38.0,83.0,0.0,0.0,0.0,0.0,0.0,0.0,500.0,0
38.00_83.00,2015-07-13,38.0,83.0,0.0,0.0,0.0,0.0,0.0,0.0,500.0,0
38.00_83.00,2015-07-20,38.0,83.0,0.0,0.0,0.0,0.0,0.0,0.0,500.0,0
38.00_83.00,2015-07-27,38.0,83.0,0.0,0.0,0.0,0.0,0.0,0.0,500.0,0
38.00_83.00,2015-08-03,38.0,83.0,0.0,0.0,0.0,0.0,0.0,0.0,500.0,0
38.00_83.00,2015-08-10,38.0,83.0,0.0,0.0,0.0,0.0,0.0,0.0,500.0,0
38.00_83.00,2015-08-17,38.0,83.0,0.0,0.0,0.0,0.0,0.0,0.0,500.0,0
38.00_83.00,2015-08-24,38.0,83.0,0.0,0.0,0.0,0.0,0.0,0.0,500.0,0
38.00_83.00,2015-08-31,38.0,83.0,0.0,0.0,0.0,0.0,0.0,0.0,500.0,0
38.00_83.00,2015-09-07,38.0,83.0,0.0,0.0,0.0,0.0,0.0,0.0,500.0,0
38.00_83.00,2015-09-14,38.0,83.0,0.0,0.0,0.0,0.0,0.0,0.0,500.0,0
38.00_83.00,2015-09-21,38.0,83.0,0.0,0.0,0.0,0.0,0.0,0.0,500.0,0
38.00_83.00,2015-09-28,38.0,83.0,0.0,0.0,0.0,0.0,0.0,0.0,500.0,0
38.00_83.00,2015-10-05,38.0,83.0,0.0,0.0,0.0,0.0,0.0,0.0,500.0,0
38.00_83.00,2015-10-12,38.0,83.0,0.0,0.0,0.0,0.0,0.0,0.0,500.0,0
38.00_83.00,2015-10-19,38.0,83.0,0.0,0.0,0.0,0.0,0.0,0.0,500.0,0
38.00_83.00,2015-10-26,38.0,83.0,0.0,0.0,0.0,0.0,0.0,0.0,500.0,0
38.00_83.00,2015-11-02,38.0,83.0,0.0,0.0,0.0,0.0,0.0,0.0,500.0,0
38.00_83.00,2015-11-09,38.0,83.0,0.0,0.0,0.0,0.0,0.0,0.0,500.0,0
38.00_83.00,2015-11-16,38.0,83.0,0.0,0.0,0.0,0.0,0.0,0.0,500.0,0
38.00_83.00,2015-11-23,38.0,83.0,0.0,0.0,0.0,0.0,0.0,0.0,500.0,0
38.00_83.00,2015-11-30,38.0,83.0,0.0,0.0,0.0,0.0,0.0,0.0,500.0,0
38.00_83.00,2015-12-07,38.0,83.0,0.0,0.0,0.0,0.0,0.0,0.0,500.0,0
38.00_83.00,2015-12-14,38.0,83.0,0.0,0.0,0.0,0.0,0.0,0.0,500.0,0
38.00_83.00,2015-12-21,38.0,83.0,0.0,0.0,0.0,0.0,0.0,0.0,500.0,0
38.00_83.00,2015-12-28,38.0,83.0,0.0,0.0,0.0,0.0,0.0,0.0,500.0,0
38.00_83.00,2016-01-04,38.0,83.0,0.0,0.0,0.0,0.0,0.0,0.0,500.0,0
38.00_83.00,2016-01-11,38.0,83.0,0.0,0.0,0.0,0.0,0.0,0.0,500.0,0
38.00_83.00,2016-01-18,38.0,83.0,0.0,0.0,0.0,0.0,0.0,0.0,500.0,0
38.00_83.00,2016-01-25,38.0,83.0,0.0,0.0,0.0,0.0,0.0,0.0,500.0,0
38.00_83.00,2016-02-01,38.0,83.0,0.0,0.0,0.0,0.0,0.0,0.0,500.0,0
38.00_83.00,2016-02-08,38.0,83.0,0.0,0.0,0.0,0.0,0.0,0.0,500.0,0
38.00_83.00,2016-02-15,38.0,83.0,0.0,0.0,0.0,0.0,0.0,0.0,500.0,0
38.00_83.00,2016-02-22,38.0,83.0,0.0,0.0,0.0,0.0,0.0,0.0,500.0,0
38.00_83.00,2016-02-29,38.0,83.0,0.0,0.0,0.0,0.0,0.0,0.0,500.0,0
38.00_83.00,2016-03-07,38.0,83.0,0.0,0.0,0.0,0.0,0.0,0.0,500.0,0
38.00_83.00,2016-03-14,38.0,83.0,0.0,0.0,0.0,0.0,0.0,0.0,500.0,0
38.00_83.00,2016-03-21,38.0,83.0,0.0,0.0,0.0,0.0,0.0,0.0,500.0,0
38.00_83.00,2016-03-28,38.0,83.0,0.0,0.0,0.0,0.0,0.0,0.0,500.0,0
38.00_83.00,2016-04-04,38.0,83.0,0.0,0.0,0.0,0.0,0.0,0.0,500.0,0
38.00_83.00,2016-04-11,38.0,83.0,0.0,0.0,0.0,0.0,0.0,0.0,500.0,0
38.00_83.00,2016-04-18,38.0,83.0,0.0,0.0,0.0,0.0,0.0,0.0,500.0,0
38.00_83.00,2016-04-25,38.0,83.0,0.0,0.0,0.0,0.0,0.0,0.0,500.0,0
38.00_83.00,2016-05-02,38.0,83.0,0.0,0.0,0.0,0.0,0.0,0.0,500.0,0
38.00_83.00,2016-05-09,38.0,83.0,0.0,0.0,0.0,0.0,0.0,0.0,500.0,0
38.00_83.00,2016-05-16,38.0,83.0,0.0,0.0,0.0,0.0,0.0,0.0,500.0,0
38.00_83.00,2016-05-23,38.0,83.0,0.0,0.0,0.0,0.0,0.0,0.0,500.0,0
38.00_83.00,2016-05-30,38.0,83.0,0.0,0.0,0.0,0.0,0.0,0.0,500.0,0
38.00_83.00,2016-06-06,38.0,83.0,0.0,0.0,0.0,0.0,0.0,0.0,500.0,0
38.00_83.00,2016-06-13,38.0,83.0,0.0,0.0,0.0,0.0,0.0,0.0,500.0,0
38.00_83.00,2016-06-20,38.0,83.0,0.0,0.0,0.0,0.0,0.0,0.0,500.0,0
38.00_83.00,2016-06-27,38.0,83.0,0.0,0.0,0.0,0.0,0.0,0.0,500.0,0
38.00_83.00,2016-07-04,38.0,83.0,0.0,0.0,0.0,0.0,0.0,0.0,500.0,0
38.00_83.00,2016-07-11,38.0,83.0,0.0,0.0,0.0,0.0,0.0,0.0,500.0,0
38.00_83.00,2016-07-18,38.0,83.0,0.0,0.0,0.0,0.0,0.0,0.0,500.0,0
38.00_83.00,2016-07-25,38.0,83.0,0.0,0.0,0.0,0.0,0.0,0.0,500.0,0
38.00_83.00,2016-08-01,38.0,83.0,0.0,0.0,0.0,0.0,0.0,0.0,500.0,0
38.00_83.00,2016-08-08,38.0,83.0,0.0,0.0,0.0,0.0,0.0,0.0,500.0,0
38.00_83.00,2016-08-15,38.0,83.0,0.0,0.0,0.0,0.0,0.0,0.0,500.0,0
38.00_83.00,2016-08-22,38.0,83.0,0.0,0.0,0.0,0.0,0.0,0.0,500.0,0
38.00_83.00,2016-08-29,38.0,83.0,0.0,0.0,0.0,0.0,0.0,0.0,500.0,0
38.00_83.00,2016-09-05,38.0,83.0,0.0,0.0,0.0,0.0,0.0,0.0,500.0,0
38.00_83.00,2016-09-12,38.0,83.0,0.0,0.0,0.0,0.0,0.0,0.0,500.0,0
38.00_83.00,2016-09-19,38.0,83.0,0.0,0.0,0.0,0.0,0.0,0.0,500.0,0
38.00_83.00,2016-09-26,38.0,83.0,0.0,0.0,0.0,0.0,0.0,0.0,500.0,0
38.00_83.00,2016-10-03,38.0,83.0,0.0,0.0,0.0,0.0,0.0,0.0,500.0,0
38.00_83.00,2016-10-10,38.0,83.0,0.0,0.0,0.0,0.0,0.0,0.0,500.0,0
38.00_83.00,2016-10-17,38.0,83.0,0.0,0.0,0.0,0.0,0.0,0.0,500.0,0
38.00_83.00,2016-10-24,38.0,83.0,0.0,0.0,0.0,0.0,0.0,0.0,500.0,0
38.00_83.00,2016-10-31,38.0,83.0,0.0,0.0,0.0,0.0,0.0,0.0,500.0,0
38.00_83.00,2016-11-07,38.0,83.0,0.0,0.0,0.0,0.0,0.0,0.0,500.0,0
38.00_83.00,2016-11-14,38.0,83.0,0.0,0.0,0.0,0.0,0.0,0.0,500.0,0
38.00_83.00,2016-11-21,38.0,83.0,0.0,0.0,0.0,0.0,0.0,0.0,500.0,0
38.00_83.00,2016-11-28,38.0,83.0,0.0,0.0,0.0,0.0,0.0,0.0,500.0,0
38.00_83.00,2016-12-05,38.0,83.0,0.0,0.0,0.0,0.0,0.0,0.0,500.0,0
38.00_83.00,2016-12-12,38.0,83.0,0.0,0.0,0.0,0.0,0.0,0.0,500.0,0
38.00_83.00,2016-12-19,38.0,83.0,0.0,0.0,0.0,0.0,0.0,0.0,500.0,0
38.00_83.00,2016-12-26,38.0,83.0,0.0,0.0,0.0,0.0,0.0,0.0,500.0,0
38.00_83.00,2017-01-02,38.0,83.0,0.0,0.0,0.0,0.0,0.0,0.0,500.0,0
38.00_83.00,2017-01-09,38.0,83.0,0.0,0.0,0.0,0.0,0.0,0.0,500.0,0
38.00_83.00,2017-01-16,38.0,83.0,0.0,0.0,0.0,0.0,0.0,0.0,500.0,0
38.00_83.00,2017-01-23,38.0,83.0,0.0,0.0,0.0,0.0,0.0,0.0,500.0,0
38.00_83.00,2017-01-30,38.0,83.0,0.0,0.0,0.0,0.0,0.0,0.0,500.0,0
38.00_83.00,2017-02-06,38.0,83.0,0.0,0.0,0.0,0.0,0.0,0.0,500.0,0
38.00_83.00,2017-02-13,38.0,83.0,0.0,0.0,0.0,0.0,0.0,0.0,500.0,0
38.00_83.00,2017-02-20,38.0,83.0,0.0,0.0,0.0,0.0,0.0,0.0,500.0,0
38.00_83.00,2017-02-27,38.0,83.0,0.0,0.0,0.0,0.0,0.0,0.0,500.0,0
38.00_83.00,2017-03-06,38.0,83.0,0.0,0.0,0.0,0.0,0.0,0.0,500.0,0
38.00_83.00,2017-03-13,38.0,83.0,0.0,0.0,0.0,0.0,0.0,0.0,500.0,0
38.00_83.00,2017-03-20,38.0,83.0,0.0,0.0,0.0,0.0,0.0,0.0,500.0,0
38.00_83.00,2017-03-27,38.0,83.0,0.0,0.0,0.0,0.0,0.0,0.0,500.0,0
38.00_83.00,2017-04-03,38.0,83.0,0.0,0.0,0.0,0.0,0.0,0.0,500.0,0
38.00_83.00,2017-04-10,38.0,83.0,0.0,0.0,0.0,0.0,0.0,0.0,500.0,0
38.00_83.00,2017-04-17,38.0,83.0,0.0,0.0,0.0,0.0,0.0,0.0,500.0,0
38.00_83.00,2017-04-24,38.0,83.0,0.0,0.0,0.0,0.0,0.0,0.0,500.0,0
38.00_83.00,2017-05-01,38.0,83.0,0.0,0.0,0.0,0.0,0.0,0.0,500.0,0
38.00_83.00,2017-05-08,38.0,83.0,0.0,0.0,0.0,0.0,0.0,0.0,500.0,0
38.00_83.00,2017-05-15,38.0,83.0,0.0,0.0,0.0,0.0,0.0,0.0,500.0,0
38.00_83.00,2017-05-22,38.0,83.0,0.0,0.0,0.0,0.0,0.0,0.0,500.0,0
38.00_83.00,2017-05-29,38.0,83.0,0.0,0.0,0.0,0.0,0.0,0.0,500.0,0
38.00_83.00,2017-06-05,38.0,83.0,0.0,0.0,0.0,0.0,0.0,0.0,500.0,0
38.00_83.00,2017-06-12,38.0,83.0,0.0,0.0,0.0,0.0,0.0,0.0,500.0,0
38.00_83.00,2017-06-19,38.0,83.0,0.0,0.0,0.0,0.0,0.0,0.0,500.0,0
38.00_83.00,2017-06-26,38.0,83.0,0.0,0.0,0.0,0.0,0.0,0.0,500.0,0
38.00_83.00,2017-07-03,38.0,83.0,0.0,0.0,0.0,0.0,0.0,0.0,500.0,0
38.00_83.00,2017-07-10,38.0,83.0,0.0,0.0,0.0,0.0,0.0,0.0,500.0,0
38.00_83.00,2017-07-17,38.0,83.0,0.0,0.0,0.0,0.0,0.0,0.0,500.0,0
38.00_83.00,2017-07-24,38.0,83.0,0.0,0.0,0.0,0.0,0.0,0.0,500.0,0
38.00_83.00,2017-07-31,38.0,83.0,0.0,0.0,0.0,0.0,0.0,0.0,500.0,0
38.00_83.00,2017-08-07,38.0,83.0,0.0,0.0,0.0,0.0,0.0,0.0,500.0,0
38.00_83.00,2017-08-14,38.0,83.0,0.0,0.0,0.0,0.0,0.0,0.0,500.0,0
38.00_83.00,2017-08-21,38.0,83.0,0.0,0.0,0.0,0.0,0.0,0.0,500.0,0
38.00_83.00,2017-08-28,38.0,83.0,0.0,0.0,0.0,0.0,0.0,0.0,500.0,0
38.00_83.00,2017-09-04,38.0,83.0,0.0,0.0,0.0,0.0,0.0,0.0,500.0,0
38.00_83.00,2017-09-11,38.0,83.0,0.0,0.0,0.0,0.0,0.0,0.0,500.0,0
38.00_83.00,2017-09-18,38.0,83.0,0.0,0.0,0.0,0.0,0.0,0.0,500.0,0
38.00_83.00,2017-09-25,38.0,83.0,0.0,0.0,0.0,0.0,0.0,0.0,500.0,0
38.00_83.00,2017-10-02,38.0,83.0,0.0,0.0,0.0,0.0,0.0,0.0,500.0,0
38.00_83.00,2017-10-09,38.0,83.0,0.0,0.0,0.0,0.0,0.0,0.0,500.0,0
38.00_83.00,2017-10-16,38.0,83.0,0.0,0.0,0.0,0.0,0.0,0.0,500.0,0
38.00_83.00,2017-10-23,38.0,83.0,0.0,0.0,0.0,0.0,0.0,0.0,500.0,0
38.00_83.00,2017-10-30,38.0,83.0,0.0,0.0,0.0,0.0,0.0,0.0,500.0,0
38.00_83.00,2017-11-06,38.0,83.0,0.0,0.0,0.0,0.0,0.0,0.0,500.0,0
38.00_83.00,2017-11-13,38.0,83.0,0.0,0.0,0.0,0.0,0.0,0.0,500.0,0
38.00_83.00,2017-11-20,38.0,83.0,0.0,0.0,0.0,0.0,0.0,0.0,500.0,0
38.00_83.00,2017-11-27,38.0,83.0,0.0,0.0,0.0,0.0,0.0,0.0,500.0,0
38.00_83.00,2017-12-04,38.0,83.0,0.0,0.0,0.0,0.0,0.0,0.0,500.0,0
38.00_83.00,2017-12-11,38.0,83.0,0.0,0.0,0.0,0.0,0.0,0.0,500.0,0
38.00_83.00,2017-12-18,38.0,83.0,0.0,0.0,0.0,0.0,0.0,0.0,500.0,0
38.00_83.00,2017-12-25,38.0,83.0,0.0,0.0,0.0,0.0,0.0,0.0,500.0,0
38.00_83.00,2018-01-01,38.0,83.0,0.0,0.0,0.0,0.0,0.0,0.0,500.0,0
38.00_83.00,2018-01-08,38.0,83.0,0.0,0.0,0.0,0.0,0.0,0.0,500.0,0
38.00_83.00,2018-01-15,38.0,83.0,0.0,0.0,0.0,0.0,0.0,0.0,500.0,0
38.00_83.00,2018-01-22,38.0,83.0,0.0,0.0,0.0,0.0,0.0,0.0,500.0,0
38.00_83.00,2018-01-29,38.0,83.0,0.0,0.0,0.0,0.0,0.0,0.0,500.0,0
38.00_83.00,2018-02-05,38.0,83.0,0.0,0.0,0.0,0.0,0.0,0.0,500.0,0
38.00_83.00,2018-02-12,38.0,83.0,0.0,0.0,0.0,0.0,0.0,0.0,500.0,0
38.00_83.00,2018-02-19,38.0,83.0,0.0,0.0,0.0,0.0,0.0,0.0,500.0,0
38.00_83.00,2018-02-26,38.0,83.0,0.0,0.0,0.0,0.0,0.0,0.0,500.0,0
38.00_83.00,2018-03-05,38.0,83.0,0.0,0.0,0.0,0.0,0.0,0.0,500.0,0
38.00_83.00,2018-03-12,38.0,83.0,0.0,0.0,0.0,0.0,0.0,0.0,500.0,0
38.00_83.00,2018-03-19,38.0,83.0,0.0,0.0,0.0,0.0,0.0,0.0,500.0,0
38.00_83.00,2018-03-26,38.0,83.0,0.0,0.0,0.0,0.0,0.0,0.0,500.0,0
38.00_83.00,2018-04-02,38.0,83.0,0.0,0.0,0.0,0.0,0.0,0.0,500.0,0
38.00_83.00,2018-04-09,38.0,83.0,0.0,0.0,0.0,0.0,0.0,0.0,500.0,0
38.00_83.00,2018-04-16,38.0,83.0,0.0,0.0,0.0,0.0,0.0,0.0,500.0,0
38.00_83.00,2018-04-23,38.0,83.0,0.0,0.0,0.0,0.0,0.0,0.0,500.0,0
38.00_83.00,2018-04-30,38.0,83.0,0.0,0.0,0.0,0.0,0.0,0.0,500.0,0
38.00_83.00,2018-05-07,38.0,83.0,0.0,0.0,0.0,0.0,0.0,0.0,500.0,0
38.00_83.00,2018-05-14,38.0,83.0,0.0,0.0,0.0,0.0,0.0,0.0,500.0,0
38.00_83.00,2018-05-21,38.0,83.0,0.0,0.0,0.0,0.0,0.0,0.0,500.0,0
38.00_83.00,2018-05-28,38.0,83.0,0.0,0.0,0.0,0.0,0.0,0.0,500.0,0
38.00_83.00,2018-06-04,38.0,83.0,0.0,0.0,0.0,0.0,0.0,0.0,500.0,0
38.00_83.00,2018-06-11,38.0,83.0,0.0,0.0,0.0,0.0,0.0,0.0,500.0,0
38.00_83.00,2018-06-18,38.0,83.0,0.0,0.0,0.0,0.0,0.0,0.0,500.0,0
38.00_83.00,2018-06-25,38.0,83.0,0.0,0.0,0.0,0.0,0.0,0.0,500.0,0
38.00_83.00,2018-07-02,38.0,83.0,0.0,0.0,0.0,0.0,0.0,0.0,500.0,0
38.00_83.00,2018-07-09,38.0,83.0,0.0,0.0,0.0,0.0,0.0,0.0,500.0,0
38.00_83.00,2018-07-16,38.0,83.0,0.0,0.0,0.0,0.0,0.0,0.0,500.0,0
38.00_83.00,2018-07-23,38.0,83.0,0.0,0.0,0.0,0.0,0.0,0.0,500.0,0
38.00_83.00,2018-07-30,38.0,83.0,0.0,0.0,0.0,0.0,0.0,0.0,500.0,0
38.00_83.00,2018-08-06,38.0,83.0,0.0,0.0,0.0,0.0,0.0,0.0,500.0,0
38.00_83.00,2018-08-13,38.0,83.0,0.0,0.0,0.0,0.0,0.0,0.0,500.0,0
38.00_83.00,2018-08-20,38.0,83.0,0.0,0.0,0.0,0.0,0.0,0.0,500.0,0
38.00_83.00,2018-08-27,38.0,83.0,0.0,0.0,0.0,0.0,0.0,0.0,500.0,0
38.00_83.00,2018-09-03,38.0,83.0,0.0,0.0,0.0,0.0,0.0,0.0,500.0,1
38.00_83.00,2018-09-10,38.0,83.0,1.0,4.1,4.1,4.1,1.0,1412537.5446227526,500.0,0
38.00_83.00,2018-09-17,38.0,83.0,0.0,0.0,0.0,4.1,1.0,1412537.5446227526,500.0,0
38.00_83.00,2018-09-24,38.0,83.0,0.0,0.0,0.0,4.1,1.0,1412537.5446227526,500.0,0
38.00_83.00,2018-10-01,38.0,83.0,0.0,0.0,0.0,4.1,1.0,1412537.5446227526,500.0,0
38.00_83.00,2018-10-08,38.0,83.0,0.0,0.0,0.0,0.0,1.0,1412537.5446227526,500.0,1
38.00_83.00,2018-10-15,38.0,83.0,1.0,4.3,4.3,4.3,2.0,4230920.475887202,500.0,0
38.00_83.00,2018-10-22,38.0,83.0,0.0,0.0,0.0,4.3,2.0,4230920.475887202,500.0,0
38.00_83.00,2018-10-29,38.0,83.0,0.0,0.0,0.0,4.3,2.0,4230920.475887202,500.0,0
38.00_83.00,2018-11-05,38.0,83.0,0.0,0.0,0.0,4.3,2.0,2818382.9312644494,500.0,0
38.00_83.00,2018-11-12,38.0,83.0,0.0,0.0,0.0,0.0,2.0,2818382.93126445,500.0,0
38.00_83.00,2018-11-19,38.0,83.0,0.0,0.0,0.0,0.0,2.0,2818382.93126445,500.0,0
38.00_83.00,2018-11-26,38.0,83.0,0.0,0.0,0.0,0.0,2.0,2818382.93126445,500.0,0
38.00_83.00,2018-12-03,38.0,83.0,0.0,0.0,0.0,0.0,1.0,2818382.93126445,500.0,0
38.00_83.00,2018-12-10,38.0,83.0,0.0,0.0,0.0,0.0,1.0,0.0,500.0,0
38.00_83.00,2018-12-17,38.0,83.0,0.0,0.0,0.0,0.0,1.0,0.0,500.0,0
38.00_83.00,2018-12-24,38.0,83.0,0.0,0.0,0.0,0.0,1.0,0.0,500.0,0
38.00_83.00,2018-12-31,38.0,83.0,0.0,0.0,0.0,0.0,1.0,0.0,500.0,0
38.00_83.00,2019-01-07,38.0,83.0,0.0,0.0,0.0,0.0,0.0,0.0,500.0,0
38.00_83.00,2019-01-14,38.0,83.0,0.0,0.0,0.0,0.0,0.0,0.0,500.0,0
38.00_83.00,2019-01-21,38.0,83.0,0.0,0.0,0.0,0.0,0.0,0.0,500.0,0
38.00_83.00,2019-01-28,38.0,83.0,0.0,0.0,0.0,0.0,0.0,0.0,500.0,0
38.00_83.00,2019-02-04,38.0,83.0,0.0,0.0,0.0,0.0,0.0,0.0,500.0,0
38.00_83.00,2019-02-11,38.0,83.0,0.0,0.0,0.0,0.0,0.0,0.0,500.0,0
38.00_83.00,2019-02-18,38.0,83.0,0.0,0.0,0.0,0.0,0.0,0.0,500.0,0
38.00_83.00,2019-02-25,38.0,83.0,0.0,0.0,0.0,0.0,0.0,0.0,500.0,0
38.00_83.00,2019-03-04,38.0,83.0,0.0,0.0,0.0,0.0,0.0,0.0,500.0,0
38.00_83.00,2019-03-11,38.0,83.0,0.0,0.0,0.0,0.0,0.0,0.0,500.0,0
38.00_83.00,2019-03-18,38.0,83.0,0.0,0.0,0.0,0.0,0.0,0.0,500.0,0
38.00_83.00,2019-03-25,38.0,83.0,0.0,0.0,0.0,0.0,0.0,0.0,500.0,0
38.00_83.00,2019-04-01,38.0,83.0,0.0,0.0,0.0,0.0,0.0,0.0,500.0,0
38.00_83.00,2019-04-08,38.0,83.0,0.0,0.0,0.0,0.0,0.0,0.0,500.0,0
38.00_83.00,2019-04-15,38.0,83.0,0.0,0.0,0.0,0.0,0.0,0.0,500.0,0
38.00_83.00,2019-04-22,38.0,83.0,0.0,0.0,0.0,0.0,0.0,0.0,500.0,0
38.00_83.00,2019-04-29,38.0,83.0,0.0,0.0,0.0,0.0,0.0,0.0,500.0,0
38.00_83.00,2019-05-06,38.0,83.0,0.0,0.0,0.0,0.0,0.0,0.0,500.0,0
38.00_83.00,2019-05-13,38.0,83.0,0.0,0.0,0.0,0.0,0.0,0.0,500.0,0
38.00_83.00,2019-05-20,38.0,83.0,0.0,0.0,0.0,0.0,0.0,0.0,500.0,0
38.00_83.00,2019-05-27,38.0,83.0,0.0,0.0,0.0,0.0,0.0,0.0,500.0,0
38.00_83.00,2019-06-03,38.0,83.0,0.0,0.0,0.0,0.0,0.0,0.0,500.0,0
38.00_83.00,2019-06-10,38.0,83.0,0.0,0.0,0.0,0.0,0.0,0.0,500.0,0
38.00_83.00,2019-06-17,38.0,83.0,0.0,0.0,0.0,0.0,0.0,0.0,500.0,0
38.00_83.00,2019-06-24,38.0,83.0,0.0,0.0,0.0,0.0,0.0,0.0,500.0,0
38.00_83.00,2019-07-01,38.0,83.0,0.0,0.0,0.0,0.0,0.0,0.0,500.0,0
38.00_83.00,2019-07-08,38.0,83.0,0.0,0.0,0.0,0.0,0.0,0.0,500.0,0
38.00_83.00,2019-07-15,38.0,83.0,0.0,0.0,0.0,0.0,0.0,0.0,500.0,0
38.00_83.00,2019-07-22,38.0,83.0,0.0,0.0,0.0,0.0,0.0,0.0,500.0,0
38.00_83.00,2019-07-29,38.0,83.0,0.0,0.0,0.0,0.0,0.0,0.0,500.0,0
38.00_83.00,2019-08-05,38.0,83.0,0.0,0.0,0.0,0.0,0.0,0.0,500.0,0
38.00_83.00,2019-08-12,38.0,83.0,0.0,0.0,0.0,0.0,0.0,0.0,500.0,0
38.00_83.00,2019-08-19,38.0,83.0,0.0,0.0,0.0,0.0,0.0,0.0,500.0,0
38.00_83.00,2019-08-26,38.0,83.0,0.0,0.0,0.0,0.0,0.0,0.0,500.0,0
38.00_83.00,2019-09-02,38.0,83.0,0.0,0.0,0.0,0.0,0.0,0.0,500.0,0
38.00_83.00,2019-09-09,38.0,83.0,0.0,0.0,0.0,0.0,0.0,0.0,500.0,0
38.00_83.00,2019-09-16,38.0,83.0,0.0,0.0,0.0,0.0,0.0,0.0,500.0,0
38.00_83.00,2019-09-23,38.0,83.0,0.0,0.0,0.0,0.0,0.0,0.0,500.0,0
38.00_83.00,2019-09-30,38.0,83.0,0.0,0.0,0.0,0.0,0.0,0.0,500.0,1
38.00_83.00,2019-10-07,38.0,83.0,1.0,4.1,4.1,4.1,1.0,1412537.5446227526,500.0,0
38.00_83.00,2019-10-14,38.0,83.0,0.0,0.0,0.0,4.1,1.0,1412537.5446227526,500.0,0
38.00_83.00,2019-10-21,38.0,83.0,0.0,0.0,0.0,4.1,1.0,1412537.5446227526,500.0,0
38.00_83.00,2019-10-28,38.0,83.0,0.0,0.0,0.0,4.1,1.0,1412537.5446227526,500.0,0
38.00_83.00,2019-11-04,38.0,83.0,0.0,0.0,0.0,0.0,1.0,1412537.5446227526,500.0,0
38.00_83.00,2019-11-11,38.0,83.0,0.0,0.0,0.0,0.0,1.0,1412537.5446227526,500.0,0
38.00_83.00,2019-11-18,38.0,83.0,0.0,0.0,0.0,0.0,1.0,1412537.5446227526,500.0,0
38.00_83.00,2019-11-25,38.0,83.0,0.0,0.0,0.0,0.0,1.0,1412537.5446227526,500.0,0
38.00_83.00,2019-12-02,38.0,83.0,0.0,0.0,0.0,0.0,1.0,0.0,500.0,0
38.00_83.00,2019-12-09,38.0,83.0,0.0,0.0,0.0,0.0,1.0,0.0,500.0,0
38.00_83.00,2019-12-16,38.0,83.0,0.0,0.0,0.0,0.0,1.0,0.0,500.0,0
38.00_83.00,2019-12-23,38.0,83.0,0.0,0.0,0.0,0.0,1.0,0.0,500.0,0
38.00_83.00,2019-12-30,38.0,83.0,0.0,0.0,0.0,0.0,0.0,0.0,500.0,0
38.00_83.00,2020-01-06,38.0,83.0,0.0,0.0,0.0,0.0,0.0,0.0,500.0,0
38.00_83.00,2020-01-13,38.0,83.0,0.0,0.0,0.0,0.0,0.0,0.0,500.0,0
38.00_83.00,2020-01-20,38.0,83.0,0.0,0.0,0.0,0.0,0.0,0.0,500.0,0
38.00_83.00,2020-01-27,38.0,83.0,0.0,0.0,0.0,0.0,0.0,0.0,500.0,0
38.00_83.00,2020-02-03,38.0,83.0,0.0,0.0,0.0,0.0,0.0,0.0,500.0,0
38.00_83.00,2020-02-10,38.0,83.0,0.0,0.0,0.0,0.0,0.0,0.0,500.0,0
38.00_83.00,2020-02-17,38.0,83.0,0.0,0.0,0.0,0.0,0.0,0.0,500.0,0
38.00_83.00,2020-02-24,38.0,83.0,0.0,0.0,0.0,0.0,0.0,0.0,500.0,0
38.00_83.00,2020-03-02,38.0,83.0,0.0,0.0,0.0,0.0,0.0,0.0,500.0,0
38.00_83.00,2020-03-09,38.0,83.0,0.0,0.0,0.0,0.0,0.0,0.0,500.0,0
38.00_83.00,2020-03-16,38.0,83.0,0.0,0.0,0.0,0.0,0.0,0.0,500.0,0
38.00_83.00,2020-03-23,38.0,83.0,0.0,0.0,0.0,0.0,0.0,0.0,500.0,0
38.00_83.00,2020-03-30,38.0,83.0,0.0,0.0,0.0,0.0,0.0,0.0,500.0,0
38.00_83.00,2020-04-06,38.0,83.0,0.0,0.0,0.0,0.0,0.0,0.0,500.0,0
38.00_83.00,2020-04-13,38.0,83.0,0.0,0.0,0.0,0.0,0.0,0.0,500.0,2
38.00_83.00,2020-04-20,38.0,83.0,2.0,4.5,4.5,4.5,2.0,11246826.503806982,0.0,0
38.00_83.00,2020-04-27,38.0,83.0,0.0,0.0,0.0,4.5,2.0,11246826.503806982,1.0,0
38.00_83.00,2020-05-04,38.0,83.0,0.0,0.0,0.0,4.5,2.0,11246826.503806982,2.0,0
38.00_83.00,2020-05-11,38.0,83.0,0.0,0.0,0.0,4.5,2.0,11246826.503806982,3.0,0
38.00_83.00,2020-05-18,38.0,83.0,0.0,0.0,0.0,0.0,2.0,11246826.503806982,4.0,0
38.00_83.00,2020-05-25,38.0,83.0,0.0,0.0,0.0,0.0,2.0,11246826.503806982,5.0,0
38.00_83.00,2020-06-01,38.0,83.0,0.0,0.0,0.0,0.0,2.0,11246826.503806982,6.0,0
38.00_83.00,2020-06-08,38.0,83.0,0.0,0.0,0.0,0.0,2.0,11246826.503806982,7.0,0
38.00_83.00,2020-06-15,38.0,83.0,0.0,0.0,0.0,0.0,2.0,0.0,8.0,0
38.00_83.00,2020-06-22,38.0,83.0,0.0,0.0,0.0,0.0,2.0,0.0,9.0,0
38.00_83.00,2020-06-29,38.0,83.0,0.0,0.0,0.0,0.0,2.0,0.0,10.0,0
38.00_83.00,2020-07-06,38.0,83.0,0.0,0.0,0.0,0.0,2.0,0.0,11.0,0
38.00_83.00,2020-07-13,38.0,83.0,0.0,0.0,0.0,0.0,0.0,0.0,12.0,0
38.00_83.00,2020-07-20,38.0,83.0,0.0,0.0,0.0,0.0,0.0,0.0,13.0,0
38.00_83.00,2020-07-27,38.0,83.0,0.0,0.0,0.0,0.0,0.0,0.0,14.0,0
38.00_83.00,2020-08-03,38.0,83.0,0.0,0.0,0.0,0.0,0.0,0.0,15.0,0
38.00_83.00,2020-08-10,38.0,83.0,0.0,0.0,0.0,0.0,0.0,0.0,16.0,0
38.00_83.00,2020-08-17,38.0,83.0,0.0,0.0,0.0,0.0,0.0,0.0,17.0,0
38.00_83.00,2020-08-24,38.0,83.0,0.0,0.0,0.0,0.0,0.0,0.0,18.0,0
38.00_83.00,2020-08-31,38.0,83.0,0.0,0.0,0.0,0.0,0.0,0.0,19.0,0
38.00_83.00,2020-09-07,38.0,83.0,0.0,0.0,0.0,0.0,0.0,0.0,20.0,0
38.00_83.00,2020-09-14,38.0,83.0,0.0,0.0,0.0,0.0,0.0,0.0,21.0,0
38.00_83.00,2020-09-21,38.0,83.0,0.0,0.0,0.0,0.0,0.0,0.0,22.0,0
38.00_83.00,2020-09-28,38.0,83.0,0.0,0.0,0.0,0.0,0.0,0.0,23.0,0
38.00_83.00,2020-10-05,38.0,83.0,0.0,0.0,0.0,0.0,0.0,0.0,24.0,0
38.00_83.00,2020-10-12,38.0,83.0,0.0,0.0,0.0,0.0,0.0,0.0,25.0,0
38.00_83.00,2020-10-19,38.0,83.0,0.0,0.0,0.0,0.0,0.0,0.0,26.0,0
38.00_83.00,2020-10-26,38.0,83.0,0.0,0.0,0.0,0.0,0.0,0.0,27.0,0
38.00_83.00,2020-11-02,38.0,83.0,0.0,0.0,0.0,0.0,0.0,0.0,28.0,0
38.00_83.00,2020-11-09,38.0,83.0,0.0,0.0,0.0,0.0,0.0,0.0,29.0,0
38.00_83.00,2020-11-16,38.0,83.0,0.0,0.0,0.0,0.0,0.0,0.0,30.0,0
38.00_83.00,2020-11-23,38.0,83.0,0.0,0.0,0.0,0.0,0.0,0.0,31.0,0
38.00_83.00,2020-11-30,38.0,83.0,0.0,0.0,0.0,0.0,0.0,0.0,32.0,0
38.00_83.00,2020-12-07,38.0,83.0,0.0,0.0,0.0,0.0,0.0,0.0,33.0,0
38.00_83.00,2020-12-14,38.0,83.0,0.0,0.0,0.0,0.0,0.0,0.0,34.0,0
38.00_83.00,2020-12-21,38.0,83.0,0.0,0.0,0.0,0.0,0.0,0.0,35.0,0
38.00_83.00,2020-12-28,38.0,83.0,0.0,0.0,0.0,0.0,0.0,0.0,36.0,0
38.00_83.00,2021-01-04,38.0,83.0,0.0,0.0,0.0,0.0,0.0,0.0,37.0,0
38.00_83.00,2021-01-11,38.0,83.0,0.0,0.0,0.0,0.0,0.0,0.0,38.0,0
38.00_83.00,2021-01-18,38.0,83.0,0.0,0.0,0.0,0.0,0.0,0.0,39.0,0
38.00_83.00,2021-01-25,38.0,83.0,0.0,0.0,0.0,0.0,0.0,0.0,40.0,0
38.00_83.00,2021-02-01,38.0,83.0,0.0,0.0,0.0,0.0,0.0,0.0,41.0,0
38.00_83.00,2021-02-08,38.0,83.0,0.0,0.0,0.0,0.0,0.0,0.0,42.0,0
38.00_83.00,2021-02-15,38.0,83.0,0.0,0.0,0.0,0.0,0.0,0.0,43.0,0
38.00_83.00,2021-02-22,38.0,83.0,0.0,0.0,0.0,0.0,0.0,0.0,44.0,0
38.00_83.00,2021-03-01,38.0,83.0,0.0,0.0,0.0,0.0,0.0,0.0,45.0,0
38.00_83.00,2021-03-08,38.0,83.0,0.0,0.0,0.0,0.0,0.0,0.0,46.0,0
38.00_83.00,2021-03-15,38.0,83.0,0.0,0.0,0.0,0.0,0.0,0.0,47.0,0
38.00_83.00,2021-03-22,38.0,83.0,0.0,0.0,0.0,0.0,0.0,0.0,48.0,1
38.00_83.00,2021-03-29,38.0,83.0,1.0,4.6,4.6,4.6,1.0,7943282.347242805,0.0,0
38.00_83.00,2021-04-05,38.0,83.0,0.0,0.0,0.0,4.6,1.0,7943282.347242805,1.0,0
38.00_83.00,2021-04-12,38.0,83.0,0.0,0.0,0.0,4.6,1.0,7943282.347242805,2.0,0
38.00_83.00,2021-04-19,38.0,83.0,0.0,0.0,0.0,4.6,1.0,7943282.347242805,3.0,0
38.00_83.00,2021-04-26,38.0,83.0,0.0,0.0,0.0,0.0,1.0,7943282.347242805,4.0,0
38.00_83.00,2021-05-03,38.0,83.0,0.0,0.0,0.0,0.0,1.0,7943282.347242805,5.0,0
38.00_83.00,2021-05-10,38.0,83.0,0.0,0.0,0.0,0.0,1.0,7943282.347242805,6.0,0
38.00_83.00,2021-05-17,38.0,83.0,0.0,0.0,0.0,0.0,1.0,7943282.347242805,7.0,0
38.00_83.00,2021-05-24,38.0,83.0,0.0,0.0,0.0,0.0,1.0,0.0,8.0,0
38.00_83.00,2021-05-31,38.0,83.0,0.0,0.0,0.0,0.0,1.0,0.0,9.0,0
38.00_83.00,2021-06-07,38.0,83.0,0.0,0.0,0.0,0.0,1.0,0.0,10.0,0
38.00_83.00,2021-06-14,38.0,83.0,0.0,0.0,0.0,0.0,1.0,0.0,11.0,0
38.00_83.00,2021-06-21,38.0,83.0,0.0,0.0,0.0,0.0,0.0,0.0,12.0,0
38.00_83.00,2021-06-28,38.0,83.0,0.0,0.0,0.0,0.0,0.0,0.0,13.0,0
38.00_83.00,2021-07-05,38.0,83.0,0.0,0.0,0.0,0.0,0.0,0.0,14.0,0
38.00_83.00,2021-07-12,38.0,83.0,0.0,0.0,0.0,0.0,0.0,0.0,15.0,1
38.00_83.00,2021-07-19,38.0,83.0,1.0,4.0,4.0,4.0,1.0,1000000.0,16.0,0
38.00_83.00,2021-07-26,38.0,83.0,0.0,0.0,0.0,4.0,1.0,1000000.0,17.0,0
38.00_83.00,2021-08-02,38.0,83.0,0.0,0.0,0.0,4.0,1.0,1000000.0,18.0,1
38.00_83.00,2021-08-09,38.0,83.0,1.0,4.5,4.5,4.5,2.0,6623413.251903491,0.0,0
38.00_83.00,2021-08-16,38.0,83.0,0.0,0.0,0.0,4.5,2.0,6623413.251903491,1.0,0
38.00_83.00,2021-08-23,38.0,83.0,0.0,0.0,0.0,4.5,2.0,6623413.251903491,2.0,0
38.00_83.00,2021-08-30,38.0,83.0,0.0,0.0,0.0,4.5,2.0,6623413.251903491,3.0,0
38.00_83.00,2021-09-06,38.0,83.0,0.0,0.0,0.0,0.0,2.0,6623413.251903491,4.0,0
38.00_83.00,2021-09-13,38.0,83.0,0.0,0.0,0.0,0.0,2.0,5623413.251903491,5.0,0
38.00_83.00,2021-09-20,38.0,83.0,0.0,0.0,0.0,0.0,2.0,5623413.251903491,6.0,0
38.00_83.00,2021-09-27,38.0,83.0,0.0,0.0,0.0,0.0,2.0,5623413.251903491,7.0,0
38.00_83.00,2021-10-04,38.0,83.0,0.0,0.0,0.0,0.0,2.0,0.0,8.0,0
38.00_83.00,2021-10-11,38.0,83.0,0.0,0.0,0.0,0.0,1.0,0.0,9.0,0
38.00_83.00,2021-10-18,38.0,83.0,0.0,0.0,0.0,0.0,1.0,0.0,10.0,0
38.00_83.00,2021-10-25,38.0,83.0,0.0,0.0,0.0,0.0,1.0,0.0,11.0,0
38.00_83.00,2021-11-01,38.0,83.0,0.0,0.0,0.0,0.0,0.0,0.0,12.0,0
38.00_83.00,2021-11-08,38.0,83.0,0.0,0.0,0.0,0.0,0.0,0.0,13.0,0
38.00_83.00,2021-11-15,38.0,83.0,0.0,0.0,0.0,0.0,0.0,0.0,14.0,0
38.00_83.00,2021-11-22,38.0,83.0,0.0,0.0,0.0,0.0,0.0,0.0,15.0,0
38.00_83.00,2021-11-29,38.0,83.0,0.0,0.0,0.0,0.0,0.0,0.0,16.0,0
38.00_83.00,2021-12-06,38.0,83.0,0.0,0.0,0.0,0.0,0.0,0.0,17.0,0
38.00_83.00,2021-12-13,38.0,83.0,0.0,0.0,0.0,0.0,0.0,0.0,18.0,0
38.00_83.00,2021-12-20,38.0,83.0,0.0,0.0,0.0,0.0,0.0,0.0,19.0,1
38.00_83.00,2021-12-27,38.0,83.0,1.0,4.1,4.1,4.1,1.0,1412537.5446227526,20.0,0
38.00_83.00,2022-01-03,38.0,83.0,0.0,0.0,0.0,4.1,1.0,1412537.5446227526,21.0,0
38.00_83.00,2022-01-10,38.0,83.0,0.0,0.0,0.0,4.1,1.0,1412537.5446227526,22.0,0
38.00_83.00,2022-01-17,38.0,83.0,0.0,0.0,0.0,4.1,1.0,1412537.5446227526,23.0,0
38.00_83.00,2022-01-24,38.0,83.0,0.0,0.0,0.0,0.0,1.0,1412537.5446227526,24.0,0
38.00_83.00,2022-01-31,38.0,83.0,0.0,0.0,0.0,0.0,1.0,1412537.5446227526,25.0,0
38.00_83.00,2022-02-07,38.0,83.0,0.0,0.0,0.0,0.0,1.0,1412537.5446227526,26.0,0
38.00_83.00,2022-02-14,38.0,83.0,0.0,0.0,0.0,0.0,1.0,1412537.5446227526,27.0,0
38.00_83.00,2022-02-21,38.0,83.0,0.0,0.0,0.0,0.0,1.0,0.0,28.0,0
38.00_83.00,2022-02-28,38.0,83.0,0.0,0.0,0.0,0.0,1.0,0.0,29.0,0
38.00_83.00,2022-03-07,38.0,83.0,0.0,0.0,0.0,0.0,1.0,0.0,30.0,0
38.00_83.00,2022-03-14,38.0,83.0,0.0,0.0,0.0,0.0,1.0,0.0,31.0,0
38.00_83.00,2022-03-21,38.0,83.0,0.0,0.0,0.0,0.0,0.0,0.0,32.0,0
38.00_83.00,2022-03-28,38.0,83.0,0.0,0.0,0.0,0.0,0.0,0.0,33.0,0
38.00_83.00,2022-04-04,38.0,83.0,0.0,0.0,0.0,0.0,0.0,0.0,34.0,0
38.00_83.00,2022-04-11,38.0,83.0,0.0,0.0,0.0,0.0,0.0,0.0,35.0,0
38.00_83.00,2022-04-18,38.0,83.0,0.0,0.0,0.0,0.0,0.0,0.0,36.0,0
38.00_83.00,2022-04-25,38.0,83.0,0.0,0.0,0.0,0.0,0.0,0.0,37.0,1
38.00_83.00,2022-05-02,38.0,83.0,1.0,4.1,4.1,4.1,1.0,1412537.5446227526,38.0,0
38.00_83.00,2022-05-09,38.0,83.0,0.0,0.0,0.0,4.1,1.0,1412537.5446227526,39.0,0
38.00_83.00,2022-05-16,38.0,83.0,0.0,0.0,0.0,4.1,1.0,1412537.5446227526,40.0,0
38.00_83.00,2022-05-23,38.0,83.0,0.0,0.0,0.0,4.1,1.0,1412537.5446227526,41.0,0
38.00_83.00,2022-05-30,38.0,83.0,0.0,0.0,0.0,0.0,1.0,1412537.5446227526,42.0,0
38.00_83.00,2022-06-06,38.0,83.0,0.0,0.0,0.0,0.0,1.0,1412537.5446227526,43.0,0
38.00_83.00,2022-06-13,38.0,83.0,0.0,0.0,0.0,0.0,1.0,1412537.5446227526,44.0,0
38.00_83.00,2022-06-20,38.0,83.0,0.0,0.0,0.0,0.0,1.0,1412537.5446227526,45.0,0
38.00_83.00,2022-06-27,38.0,83.0,0.0,0.0,0.0,0.0,1.0,0.0,46.0,0
38.00_83.00,2022-07-04,38.0,83.0,0.0,0.0,0.0,0.0,1.0,0.0,47.0,0
38.00_83.00,2022-07-11,38.0,83.0,0.0,0.0,0.0,0.0,1.0,0.0,48.0,1
38.00_83.00,2022-07-18,38.0,83.0,1.0,4.9,4.9,4.9,2.0,22387211.385683425,0.0,0
38.00_83.00,2022-07-25,38.0,83.0,0.0,0.0,0.0,4.9,1.0,22387211.385683425,1.0,0
38.00_83.00,2022-08-01,38.0,83.0,0.0,0.0,0.0,4.9,1.0,22387211.385683425,2.0,0
38.00_83.00,2022-08-08,38.0,83.0,0.0,0.0,0.0,4.9,1.0,22387211.385683425,3.0,0
38.00_83.00,2022-08-15,38.0,83.0,0.0,0.0,0.0,0.0,1.0,22387211.385683425,4.0,0
38.00_83.00,2022-08-22,38.0,83.0,0.0,0.0,0.0,0.0,1.0,22387211.385683425,5.0,0
38.00_83.00,2022-08-29,38.0,83.0,0.0,0.0,0.0,0.0,1.0,22387211.385683425,6.0,0
38.00_83.00,2022-09-05,38.0,83.0,0.0,0.0,0.0,0.0,1.0,22387211.385683425,7.0,0
38.00_83.00,2022-09-12,38.0,83.0,0.0,0.0,0.0,0.0,1.0,0.0,8.0,0
38.00_83.00,2022-09-19,38.0,83.0,0.0,0.0,0.0,0.0,1.0,0.0,9.0,1
38.00_83.00,2022-09-26,38.0,83.0,1.0,4.2,4.2,4.2,2.0,1995262.3149688828,10.0,0
38.00_83.00,2022-10-03,38.0,83.0,0.0,0.0,0.0,4.2,2.0,1995262.3149688828,11.0,0
38.00_83.00,2022-10-10,38.0,83.0,0.0,0.0,0.0,4.2,1.0,1995262.3149688828,12.0,1
38.00_83.00,2022-10-17,38.0,83.0,1.0,4.9,4.9,4.9,2.0,24382473.70065231,0.0,0
38.00_83.00,2022-10-24,38.0,83.0,0.0,0.0,0.0,4.9,2.0,24382473.70065231,1.0,0
38.00_83.00,2022-10-31,38.0,83.0,0.0,0.0,0.0,4.9,2.0,24382473.70065231,2.0,0
38.00_83.00,2022-11-07,38.0,83.0,0.0,0.0,0.0,4.9,2.0,24382473.70065231,3.0,0
38.00_83.00,2022-11-14,38.0,83.0,0.0,0.0,0.0,0.0,2.0,24382473.70065231,4.0,0
38.00_83.00,2022-11-21,38.0,83.0,0.0,0.0,0.0,0.0,2.0,22387211.385683425,5.0,0
38.00_83.00,2022-11-28,38.0,83.0,0.0,0.0,0.0,0.0,2.0,22387211.385683425,6.0,0
38.00_83.00,2022-12-05,38.0,83.0,0.0,0.0,0.0,0.0,2.0,22387211.385683425,7.0,0
38.00_83.00,2022-12-12,38.0,83.0,0.0,0.0,0.0,0.0,2.0,0.0,8.0,1
38.00_83.00,2022-12-19,38.0,83.0,1.0,4.4,4.4,4.4,2.0,3981071.7055349774,9.0,0
38.00_83.00,2022-12-26,38.0,83.0,0.0,0.0,0.0,4.4,2.0,3981071.7055349774,10.0,1
38.00_83.00,2023-01-02,38.0,83.0,1.0,4.5,4.5,4.5,3.0,9604484.957438469,0.0,0
38.00_83.00,2023-01-09,38.0,83.0,0.0,0.0,0.0,4.5,2.0,9604484.957438469,1.0,0
38.00_83.00,2023-01-16,38.0,83.0,0.0,0.0,0.0,4.5,2.0,9604484.957438469,2.0,0
38.00_83.00,2023-01-23,38.0,83.0,0.0,0.0,0.0,4.5,2.0,9604484.957438469,3.0,0
38.00_83.00,2023-01-30,38.0,83.0,0.0,0.0,0.0,0.0,2.0,9604484.957438469,4.0,0
38.00_83.00,2023-02-06,38.0,83.0,0.0,0.0,0.0,0.0,2.0,9604484.957438469,5.0,0
38.00_83.00,2023-02-13,38.0,83.0,0.0,0.0,0.0,0.0,2.0,5623413.251903491,6.0,0
38.00_83.00,2023-02-20,38.0,83.0,0.0,0.0,0.0,0.0,2.0,5623413.251903491,7.0,0
38.00_83.00,2023-02-27,38.0,83.0,0.0,0.0,0.0,0.0,2.0,0.0,8.0,0
38.00_83.00,2023-03-06,38.0,83.0,0.0,0.0,0.0,0.0,2.0,0.0,9.0,0
38.00_83.00,2023-03-13,38.0,83.0,0.0,0.0,0.0,0.0,1.0,0.0,10.0,0
38.00_83.00,2023-03-20,38.0,83.0,0.0,0.0,0.0,0.0,1.0,0.0,11.0,0
38.00_83.00,2023-03-27,38.0,83.0,0.0,0.0,0.0,0.0,0.0,0.0,12.0,0
38.00_83.00,2023-04-03,38.0,83.0,0.0,0.0,0.0,0.0,0.0,0.0,13.0,0
38.00_83.00,2023-04-10,38.0,83.0,0.0,0.0,0.0,0.0,0.0,0.0,14.0,0
38.00_83.00,2023-04-17,38.0,83.0,0.0,0.0,0.0,0.0,0.0,0.0,15.0,0
38.00_83.00,2023-04-24,38.0,83.0,0.0,0.0,0.0,0.0,0.0,0.0,16.0,0
38.00_83.00,2023-05-01,38.0,83.0,0.0,0.0,0.0,0.0,0.0,0.0,17.0,0
38.00_83.00,2023-05-08,38.0,83.0,0.0,0.0,0.0,0.0,0.0,0.0,18.0,0
38.00_83.00,2023-05-15,38.0,83.0,0.0,0.0,0.0,0.0,0.0,0.0,19.0,0
38.00_83.00,2023-05-22,38.0,83.0,0.0,0.0,0.0,0.0,0.0,0.0,20.0,0
38.00_83.00,2023-05-29,38.0,83.0,0.0,0.0,0.0,0.0,0.0,0.0,21.0,0
38.00_83.00,2023-06-05,38.0,83.0,0.0,0.0,0.0,0.0,0.0,0.0,22.0,0
38.00_83.00,2023-06-12,38.0,83.0,0.0,0.0,0.0,0.0,0.0,0.0,23.0,0
38.00_83.00,2023-06-19,38.0,83.0,0.0,0.0,0.0,0.0,0.0,0.0,24.0,0
38.00_83.00,2023-06-26,38.0,83.0,0.0,0.0,0.0,0.0,0.0,0.0,25.0,0
38.00_83.00,2023-07-03,38.0,83.0,0.0,0.0,0.0,0.0,0.0,0.0,26.0,0
38.00_83.00,2023-07-10,38.0,83.0,0.0,0.0,0.0,0.0,0.0,0.0,27.0,1
38.00_83.00,2023-07-17,38.0,83.0,1.0,4.6,4.6,4.6,1.0,7943282.347242805,0.0,0
38.00_83.00,2023-07-24,38.0,83.0,0.0,0.0,0.0,4.6,1.0,7943282.347242805,1.0,0
38.00_83.00,2023-07-31,38.0,83.0,0.0,0.0,0.0,4.6,1.0,7943282.347242805,2.0,0
38.00_83.00,2023-08-07,38.0,83.0,0.0,0.0,0.0,4.6,1.0,7943282.347242805,3.0,0
38.00_83.00,2023-08-14,38.0,83.0,0.0,0.0,0.0,0.0,1.0,7943282.347242805,4.0,0
38.00_83.00,2023-08-21,38.0,83.0,0.0,0.0,0.0,0.0,1.0,7943282.347242805,5.0,0
38.00_83.00,2023-08-28,38.0,83.0,0.0,0.0,0.0,0.0,1.0,7943282.347242805,6.0,0
38.00_83.00,2023-09-04,38.0,83.0,0.0,0.0,0.0,0.0,1.0,7943282.347242805,7.0,1
38.00_83.00,2023-09-11,38.0,83.0,1.0,4.5,4.5,4.5,2.0,5623413.251903491,0.0,0
38.00_83.00,2023-09-18,38.0,83.0,0.0,0.0,0.0,4.5,2.0,5623413.251903491,1.0,0
38.00_83.00,2023-09-25,38.0,83.0,0.0,0.0,0.0,4.5,2.0,5623413.251903491,2.0,0
38.00_83.00,2023-10-02,38.0,83.0,0.0,0.0,0.0,4.5,2.0,5623413.251903491,3.0,0
38.00_83.00,2023-10-09,38.0,83.0,0.0,0.0,0.0,0.0,1.0,5623413.251903491,4.0,0
38.00_83.00,2023-10-16,38.0,83.0,0.0,0.0,0.0,0.0,1.0,5623413.251903491,5.0,0
38.00_83.00,2023-10-23,38.0,83.0,0.0,0.0,0.0,0.0,1.0,5623413.251903491,6.0,0
38.00_83.00,2023-10-30,38.0,83.0,0.0,0.0,0.0,0.0,1.0,5623413.251903491,7.0,2
38.00_83.00,2023-11-06,38.0,83.0,2.0,4.2,4.0,4.2,3.0,2995262.314968883,8.0,0
38.00_83.00,2023-11-13,38.0,83.0,0.0,0.0,0.0,4.2,3.0,2995262.314968883,9.0,0
38.00_83.00,2023-11-20,38.0,83.0,0.0,0.0,0.0,4.2,3.0,2995262.314968883,10.0,0
38.00_83.00,2023-11-27,38.0,83.0,0.0,0.0,0.0,4.2,3.0,2995262.314968883,11.0,0
38.00_83.00,2023-12-04,38.0,83.0,0.0,0.0,0.0,0.0,2.0,2995262.314968883,12.0,0
38.00_83.00,2023-12-11,38.0,83.0,0.0,0.0,0.0,0.0,2.0,2995262.314968883,13.0,0
38.00_83.00,2023-12-18,38.0,83.0,0.0,0.0,0.0,0.0,2.0,2995262.314968883,14.0,0
38.00_83.00,2023-12-25,38.0,83.0,0.0,0.0,0.0,0.0,2.0,2995262.314968883,15.0,0
41.00_65.00,2010-03-22,41.0,65.0,0.0,0.0,0.0,0.0,0.0,0.0,500.0,0
41.00_65.00,2010-03-29,41.0,65.0,0.0,0.0,0.0,0.0,0.0,0.0,500.0,0
41.00_65.00,2010-04-05,41.0,65.0,0.0,0.0,0.0,0.0,0.0,0.0,500.0,0
41.00_65.00,2010-04-12,41.0,65.0,0.0,0.0,0.0,0.0,0.0,0.0,500.0,0
41.00_65.00,2010-04-19,41.0,65.0,0.0,0.0,0.0,0.0,0.0,0.0,500.0,0
41.00_65.00,2010-04-26,41.0,65.0,0.0,0.0,0.0,0.0,0.0,0.0,500.0,0
41.00_65.00,2010-05-03,41.0,65.0,0.0,0.0,0.0,0.0,0.0,0.0,500.0,0
41.00_65.00,2010-05-10,41.0,65.0,0.0,0.0,0.0,0.0,0.0,0.0,500.0,0
41.00_65.00,2010-05-17,41.0,65.0,0.0,0.0,0.0,0.0,0.0,0.0,500.0,0
41.00_65.00,2010-05-24,41.0,65.0,0.0,0.0,0.0,0.0,0.0,0.0,500.0,0
41.00_65.00,2010-05-31,41.0,65.0,0.0,0.0,0.0,0.0,0.0,0.0,500.0,0
41.00_65.00,2010-06-07,41.0,65.0,0.0,0.0,0.0,0.0,0.0,0.0,500.0,0
41.00_65.00,2010-06-14,41.0,65.0,0.0,0.0,0.0,0.0,0.0,0.0,500.0,0
41.00_65.00,2010-06-21,41.0,65.0,0.0,0.0,0.0,0.0,0.0,0.0,500.0,0
41.00_65.00,2010-06-28,41.0,65.0,0.0,0.0,0.0,0.0,0.0,0.0,500.0,0
41.00_65.00,2010-07-05,41.0,65.0,0.0,0.0,0.0,0.0,0.0,0.0,500.0,0
41.00_65.00,2010-07-12,41.0,65.0,0.0,0.0,0.0,0.0,0.0,0.0,500.0,0
41.00_65.00,2010-07-19,41.0,65.0,0.0,0.0,0.0,0.0,0.0,0.0,500.0,0
41.00_65.00,2010-07-26,41.0,65.0,0.0,0.0,0.0,0.0,0.0,0.0,500.0,0
41.00_65.00,2010-08-02,41.0,65.0,0.0,0.0,0.0,0.0,0.0,0.0,500.0,0
41.00_65.00,2010-08-09,41.0,65.0,0.0,0.0,0.0,0.0,0.0,0.0,500.0,0
41.00_65.00,2010-08-16,41.0,65.0,0.0,0.0,0.0,0.0,0.0,0.0,500.0,0
41.00_65.00,2010-08-23,41.0,65.0,0.0,0.0,0.0,0.0,0.0,0.0,500.0,0
41.00_65.00,2010-08-30,41.0,65.0,0.0,0.0,0.0,0.0,0.0,0.0,500.0,0
41.00_65.00,2010-09-06,41.0,65.0,0.0,0.0,0.0,0.0,0.0,0.0,500.0,0
41.00_65.00,2010-09-13,41.0,65.0,0.0,0.0,0.0,0.0,0.0,0.0,500.0,0
41.00_65.00,2010-09-20,41.0,65.0,0.0,0.0,0.0,0.0,0.0,0.0,500.0,0
41.00_65.00,2010-09-27,41.0,65.0,0.0,0.0,0.0,0.0,0.0,0.0,500.0,0
41.00_65.00,2010-10-04,41.0,65.0,0.0,0.0,0.0,0.0,0.0,0.0,500.0,0
41.00_65.00,2010-10-11,41.0,65.0,0.0,0.0,0.0,0.0,0.0,0.0,500.0,0
41.00_65.00,2010-10-18,41.0,65.0,0.0,0.0,0.0,0.0,0.0,0.0,500.0,0
41.00_65.00,2010-10-25,41.0,65.0,0.0,0.0,0.0,0.0,0.0,0.0,500.0,0
41.00_65.00,2010-11-01,41.0,65.0,0.0,0.0,0.0,0.0,0.0,0.0,500.0,0
41.00_65.00,2010-11-08,41.0,65.0,0.0,0.0,0.0,0.0,0.0,0.0,500.0,0
41.00_65.00,2010-11-15,41.0,65.0,0.0,0.0,0.0,0.0,0.0,0.0,500.0,0
41.00_65.00,2010-11-22,41.0,65.0,0.0,0.0,0.0,0.0,0.0,0.0,500.0,0
41.00_65.00,2010-11-29,41.0,65.0,0.0,0.0,0.0,0.0,0.0,0.0,500.0,0
41.00_65.00,2010-12-06,41.0,65.0,0.0,0.0,0.0,0.0,0.0,0.0,500.0,0
41.00_65.00,2010-12-13,41.0,65.0,0.0,0.0,0.0,0.0,0.0,0.0,500.0,0
41.00_65.00,2010-12-20,41.0,65.0,0.0,0.0,0.0,0.0,0.0,0.0,500.0,0
41.00_65.00,2010-12-27,41.0,65.0,0.0,0.0,0.0,0.0,0.0,0.0,500.0,0
41.00_65.00,2011-01-03,41.0,65.0,0.0,0.0,0.0,0.0,0.0,0.0,500.0,0
41.00_65.00,2011-01-10,41.0,65.0,0.0,0.0,0.0,0.0,0.0,0.0,500.0,0
41.00_65.00,2011-01-17,41.0,65.0,0.0,0.0,0.0,0.0,0.0,0.0,500.0,0
41.00_65.00,2011-01-24,41.0,65.0,0.0,0.0,0.0,0.0,0.0,0.0,500.0,0
41.00_65.00,2011-01-31,41.0,65.0,0.0,0.0,0.0,0.0,0.0,0.0,500.0,0
41.00_65.00,2011-02-07,41.0,65.0,0.0,0.0,0.0,0.0,0.0,0.0,500.0,0
41.00_65.00,2011-02-14,41.0,65.0,0.0,0.0,0.0,0.0,0.0,0.0,500.0,0
41.00_65.00,2011-02-21,41.0,65.0,0.0,0.0,0.0,0.0,0.0,0.0,500.0,0
41.00_65.00,2011-02-28,41.0,65.0,0.0,0.0,0.0,0.0,0.0,0.0,500.0,0
41.00_65.00,2011-03-07,41.0,65.0,0.0,0.0,0.0,0.0,0.0,0.0,500.0,0
41.00_65.00,2011-03-14,41.0,65.0,0.0,0.0,0.0,0.0,0.0,0.0,500.0,0
41.00_65.00,2011-03-21,41.0,65.0,0.0,0.0,0.0,0.0,0.0,0.0,500.0,0
41.00_65.00,2011-03-28,41.0,65.0,0.0,0.0,0.0,0.0,0.0,0.0,500.0,0
41.00_65.00,2011-04-04,41.0,65.0,0.0,0.0,0.0,0.0,0.0,0.0,500.0,0
41.00_65.00,2011-04-11,41.0,65.0,0.0,0.0,0.0,0.0,0.0,0.0,500.0,0
41.00_65.00,2011-04-18,41.0,65.0,0.0,0.0,0.0,0.0,0.0,0.0,500.0,0
41.00_65.00,2011-04-25,41.0,65.0,0.0,0.0,0.0,0.0,0.0,0.0,500.0,0
41.00_65.00,2011-05-02,41.0,65.0,0.0,0.0,0.0,0.0,0.0,0.0,500.0,1
41.00_65.00,2011-05-09,41.0,65.0,1.0,4.1,4.1,4.1,1.0,1412537.5446227526,500.0,0
41.00_65.00,2011-05-16,41.0,65.0,0.0,0.0,0.0,4.1,1.0,1412537.5446227526,500.0,0
41.00_65.00,2011-05-23,41.0,65.0,0.0,0.0,0.0,4.1,1.0,1412537.5446227526,500.0,0
41.00_65.00,2011-05-30,41.0,65.0,0.0,0.0,0.0,4.1,1.0,1412537.5446227526,500.0,0
41.00_65.00,2011-06-06,41.0,65.0,0.0,0.0,0.0,0.0,1.0,1412537.5446227526,500.0,0
41.00_65.00,2011-06-13,41.0,65.0,0.0,0.0,0.0,0.0,1.0,1412537.5446227526,500.0,1
41.00_65.00,2011-06-20,41.0,65.0,1.0,4.7,4.7,4.7,2.0,12632722.087642405,0.0,0
41.00_65.00,2011-06-27,41.0,65.0,0.0,0.0,0.0,4.7,2.0,12632722.087642405,1.0,0
41.00_65.00,2011-07-04,41.0,65.0,0.0,0.0,0.0,4.7,2.0,11220184.543019652,2.0,0
41.00_65.00,2011-07-11,41.0,65.0,0.0,0.0,0.0,4.7,2.0,11220184.543019652,3.0,0
41.00_65.00,2011-07-18,41.0,65.0,0.0,0.0,0.0,0.0,2.0,11220184.543019652,4.0,0
41.00_65.00,2011-07-25,41.0,65.0,0.0,0.0,0.0,0.0,2.0,11220184.543019652,5.0,0
41.00_65.00,2011-08-01,41.0,65.0,0.0,0.0,0.0,0.0,1.0,11220184.543019652,6.0,0
41.00_65.00,2011-08-08,41.0,65.0,0.0,0.0,0.0,0.0,1.0,11220184.543019652,7.0,0
41.00_65.00,2011-08-15,41.0,65.0,0.0,0.0,0.0,0.0,1.0,0.0,8.0,0
41.00_65.00,2011-08-22,41.0,65.0,0.0,0.0,0.0,0.0,1.0,0.0,9.0,0
41.00_65.00,2011-08-29,41.0,65.0,0.0,0.0,0.0,0.0,1.0,0.0,10.0,0
41.00_65.00,2011-09-05,41.0,65.0,0.0,0.0,0.0,0.0,1.0,0.0,11.0,0
41.00_65.00,2011-09-12,41.0,65.0,0.0,0.0,0.0,0.0,0.0,0.0,12.0,0
41.00_65.00,2011-09-19,41.0,65.0,0.0,0.0,0.0,0.0,0.0,0.0,13.0,0
41.00_65.00,2011-09-26,41.0,65.0,0.0,0.0,0.0,0.0,0.0,0.0,14.0,0
41.00_65.00,2011-10-03,41.0,65.0,0.0,0.0,0.0,0.0,0.0,0.0,15.0,0
41.00_65.00,2011-10-10,41.0,65.0,0.0,0.0,0.0,0.0,0.0,0.0,16.0,0
41.00_65.00,2011-10-17,41.0,65.0,0.0,0.0,0.0,0.0,0.0,0.0,17.0,0
41.00_65.00,2011-10-24,41.0,65.0,0.0,0.0,0.0,0.0,0.0,0.0,18.0,0
41.00_65.00,2011-10-31,41.0,65.0,0.0,0.0,0.0,0.0,0.0,0.0,19.0,0
41.00_65.00,2011-11-07,41.0,65.0,0.0,0.0,0.0,0.0,0.0,0.0,20.0,0
41.00_65.00,2011-11-14,41.0,65.0,0.0,0.0,0.0,0.0,0.0,0.0,21.0,0
41.00_65.00,2011-11-21,41.0,65.0,0.0,0.0,0.0,0.0,0.0,0.0,22.0,0
41.00_65.00,2011-11-28,41.0,65.0,0.0,0.0,0.0,0.0,0.0,0.0,23.0,0
41.00_65.00,2011-12-05,41.0,65.0,0.0,0.0,0.0,0.0,0.0,0.0,24.0,0
41.00_65.00,2011-12-12,41.0,65.0,0.0,0.0,0.0,0.0,0.0,0.0,25.0,0
41.00_65.00,2011-12-19,41.0,65.0,0.0,0.0,0.0,0.0,0.0,0.0,26.0,0
41.00_65.00,2011-12-26,41.0,65.0,0.0,0.0,0.0,0.0,0.0,0.0,27.0,0
41.00_65.00,2012-01-02,41.0,65.0,0.0,0.0,0.0,0.0,0.0,0.0,28.0,0
41.00_65.00,2012-01-09,41.0,65.0,0.0,0.0,0.0,0.0,0.0,0.0,29.0,0
41.00_65.00,2012-01-16,41.0,65.0,0.0,0.0,0.0,0.0,0.0,0.0,30.0,0
41.00_65.00,2012-01-23,41.0,65.0,0.0,0.0,0.0,0.0,0.0,0.0,31.0,0
41.00_65.00,2012-01-30,41.0,65.0,0.0,0.0,0.0,0.0,0.0,0.0,32.0,0
41.00_65.00,2012-02-06,41.0,65.0,0.0,0.0,0.0,0.0,0.0,0.0,33.0,0
41.00_65.00,2012-02-13,41.0,65.0,0.0,0.0,0.0,0.0,0.0,0.0,34.0,0
41.00_65.00,2012-02-20,41.0,65.0,0.0,0.0,0.0,0.0,0.0,0.0,35.0,0
41.00_65.00,2012-02-27,41.0,65.0,0.0,0.0,0.0,0.0,0.0,0.0,36.0,0
41.00_65.00,2012-03-05,41.0,65.0,0.0,0.0,0.0,0.0,0.0,0.0,37.0,0
41.00_65.00,2012-03-12,41.0,65.0,0.0,0.0,0.0,0.0,0.0,0.0,38.0,0
41.00_65.00,2012-03-19,41.0,65.0,0.0,0.0,0.0,0.0,0.0,0.0,39.0,0
41.00_65.00,2012-03-26,41.0,65.0,0.0,0.0,0.0,0.0,0.0,0.0,40.0,0
41.00_65.00,2012-04-02,41.0,65.0,0.0,0.0,0.0,0.0,0.0,0.0,41.0,0
41.00_65.00,2012-04-09,41.0,65.0,0.0,0.0,0.0,0.0,0.0,0.0,42.0,0
41.00_65.00,2012-04-16,41.0,65.0,0.0,0.0,0.0,0.0,0.0,0.0,43.0,0
41.00_65.00,2012-04-23,41.0,65.0,0.0,0.0,0.0,0.0,0.0,0.0,44.0,0
41.00_65.00,2012-04-30,41.0,65.0,0.0,0.0,0.0,0.0,0.0,0.0,45.0,0
41.00_65.00,2012-05-07,41.0,65.0,0.0,0.0,0.0,0.0,0.0,0.0,46.0,0
41.00_65.00,2012-05-14,41.0,65.0,0.0,0.0,0.0,0.0,0.0,0.0,47.0,0
41.00_65.00,2012-05-21,41.0,65.0,0.0,0.0,0.0,0.0,0.0,0.0,48.0,0
41.00_65.00,2012-05-28,41.0,65.0,0.0,0.0,0.0,0.0,0.0,0.0,49.0,0
41.00_65.00,2012-06-04,41.0,65.0,0.0,0.0,0.0,0.0,0.0,0.0,50.0,0
41.00_65.00,2012-06-11,41.0,65.0,0.0,0.0,0.0,0.0,0.0,0.0,51.0,0
41.00_65.00,2012-06-18,41.0,65.0,0.0,0.0,0.0,0.0,0.0,0.0,52.0,0
41.00_65.00,2012-06-25,41.0,65.0,0.0,0.0,0.0,0.0,0.0,0.0,53.0,0
41.00_65.00,2012-07-02,41.0,65.0,0.0,0.0,0.0,0.0,0.0,0.0,54.0,0
41.00_65.00,2012-07-09,41.0,65.0,0.0,0.0,0.0,0.0,0.0,0.0,55.0,0
41.00_65.00,2012-07-16,41.0,65.0,0.0,0.0,0.0,0.0,0.0,0.0,56.0,0
41.00_65.00,2012-07-23,41.0,65.0,0.0,0.0,0.0,0.0,0.0,0.0,57.0,0
41.00_65.00,2012-07-30,41.0,65.0,0.0,0.0,0.0,0.0,0.0,0.0,58.0,0
41.00_65.00,2012-08-06,41.0,65.0,0.0,0.0,0.0,0.0,0.0,0.0,59.0,0
41.00_65.00,2012-08-13,41.0,65.0,0.0,0.0,0.0,0.0,0.0,0.0,60.0,0
41.00_65.00,2012-08-20,41.0,65.0,0.0,0.0,0.0,0.0,0.0,0.0,61.0,0
41.00_65.00,2012-08-27,41.0,65.0,0.0,0.0,0.0,0.0,0.0,0.0,62.0,0
41.00_65.00,2012-09-03,41.0,65.0,0.0,0.0,0.0,0.0,0.0,0.0,63.0,0
41.00_65.00,2012-09-10,41.0,65.0,0.0,0.0,0.0,0.0,0.0,0.0,64.0,0
41.00_65.00,2012-09-17,41.0,65.0,0.0,0.0,0.0,0.0,0.0,0.0,65.0,0
41.00_65.00,2012-09-24,41.0,65.0,0.0,0.0,0.0,0.0,0.0,0.0,66.0,0
41.00_65.00,2012-10-01,41.0,65.0,0.0,0.0,0.0,0.0,0.0,0.0,67.0,0
41.00_65.00,2012-10-08,41.0,65.0,0.0,0.0,0.0,0.0,0.0,0.0,68.0,0
41.00_65.00,2012-10-15,41.0,65.0,0.0,0.0,0.0,0.0,0.0,0.0,69.0,0
41.00_65.00,2012-10-22,41.0,65.0,0.0,0.0,0.0,0.0,0.0,0.0,70.0,0
41.00_65.00,2012-10-29,41.0,65.0,0.0,0.0,0.0,0.0,0.0,0.0,71.0,0
41.00_65.00,2012-11-05,41.0,65.0,0.0,0.0,0.0,0.0,0.0,0.0,72.0,0
41.00_65.00,2012-11-12,41.0,65.0,0.0,0.0,0.0,0.0,0.0,0.0,73.0,0
41.00_65.00,2012-11-19,41.0,65.0,0.0,0.0,0.0,0.0,0.0,0.0,74.0,0
41.00_65.00,2012-11-26,41.0,65.0,0.0,0.0,0.0,0.0,0.0,0.0,75.0,0
41.00_65.00,2012-12-03,41.0,65.0,0.0,0.0,0.0,0.0,0.0,0.0,76.0,0
41.00_65.00,2012-12-10,41.0,65.0,0.0,0.0,0.0,0.0,0.0,0.0,77.0,0
41.00_65.00,2012-12-17,41.0,65.0,0.0,0.0,0.0,0.0,0.0,0.0,78.0,0
41.00_65.00,2012-12-24,41.0,65.0,0.0,0.0,0.0,0.0,0.0,0.0,79.0,0
41.00_65.00,2012-12-31,41.0,65.0,0.0,0.0,0.0,0.0,0.0,0.0,80.0,0
41.00_65.00,2013-01-07,41.0,65.0,0.0,0.0,0.0,0.0,0.0,0.0,81.0,0
41.00_65.00,2013-01-14,41.0,65.0,0.0,0.0,0.0,0.0,0.0,0.0,82.0,0
41.00_65.00,2013-01-21,41.0,65.0,0.0,0.0,0.0,0.0,0.0,0.0,83.0,0
41.00_65.00,2013-01-28,41.0,65.0,0.0,0.0,0.0,0.0,0.0,0.0,84.0,0
41.00_65.00,2013-02-04,41.0,65.0,0.0,0.0,0.0,0.0,0.0,0.0,85.0,0
41.00_65.00,2013-02-11,41.0,65.0,0.0,0.0,0.0,0.0,0.0,0.0,86.0,0
41.00_65.00,2013-02-18,41.0,65.0,0.0,0.0,0.0,0.0,0.0,0.0,87.0,0
41.00_65.00,2013-02-25,41.0,65.0,0.0,0.0,0.0,0.0,0.0,0.0,88.0,0
41.00_65.00,2013-03-04,41.0,65.0,0.0,0.0,0.0,0.0,0.0,0.0,89.0,0
41.00_65.00,2013-03-11,41.0,65.0,0.0,0.0,0.0,0.0,0.0,0.0,90.0,0
41.00_65.00,2013-03-18,41.0,65.0,0.0,0.0,0.0,0.0,0.0,0.0,91.0,0
41.00_65.00,2013-03-25,41.0,65.0,0.0,0.0,0.0,0.0,0.0,0.0,92.0,0
41.00_65.00,2013-04-01,41.0,65.0,0.0,0.0,0.0,0.0,0.0,0.0,93.0,0
41.00_65.00,2013-04-08,41.0,65.0,0.0,0.0,0.0,0.0,0.0,0.0,94.0,0
41.00_65.00,2013-04-15,41.0,65.0,0.0,0.0,0.0,0.0,0.0,0.0,95.0,0
41.00_65.00,2013-04-22,41.0,65.0,0.0,0.0,0.0,0.0,0.0,0.0,96.0,0
41.00_65.00,2013-04-29,41.0,65.0,0.0,0.0,0.0,0.0,0.0,0.0,97.0,0
41.00_65.00,2013-05-06,41.0,65.0,0.0,0.0,0.0,0.0,0.0,0.0,98.0,0
41.00_65.00,2013-05-13,41.0,65.0,0.0,0.0,0.0,0.0,0.0,0.0,99.0,0
41.00_65.00,2013-05-20,41.0,65.0,0.0,0.0,0.0,0.0,0.0,0.0,100.0,0
41.00_65.00,2013-05-27,41.0,65.0,0.0,0.0,0.0,0.0,0.0,0.0,101.0,0
41.00_65.00,2013-06-03,41.0,65.0,0.0,0.0,0.0,0.0,0.0,0.0,102.0,0
41.00_65.00,2013-06-10,41.0,65.0,0.0,0.0,0.0,0.0,0.0,0.0,103.0,0
41.00_65.00,2013-06-17,41.0,65.0,0.0,0.0,0.0,0.0,0.0,0.0,104.0,0
41.00_65.00,2013-06-24,41.0,65.0,0.0,0.0,0.0,0.0,0.0,0.0,105.0,0
41.00_65.00,2013-07-01,41.0,65.0,0.0,0.0,0.0,0.0,0.0,0.0,106.0,0
41.00_65.00,2013-07-08,41.0,65.0,0.0,0.0,0.0,0.0,0.0,0.0,107.0,0
41.00_65.00,2013-07-15,41.0,65.0,0.0,0.0,0.0,0.0,0.0,0.0,108.0,0
41.00_65.00,2013-07-22,41.0,65.0,0.0,0.0,0.0,0.0,0.0,0.0,109.0,0
41.00_65.00,2013-07-29,41.0,65.0,0.0,0.0,0.0,0.0,0.0,0.0,110.0,0
41.00_65.00,2013-08-05,41.0,65.0,0.0,0.0,0.0,0.0,0.0,0.0,111.0,0
41.00_65.00,2013-08-12,41.0,65.0,0.0,0.0,0.0,0.0,0.0,0.0,112.0,0
41.00_65.00,2013-08-19,41.0,65.0,0.0,0.0,0.0,0.0,0.0,0.0,113.0,0
41.00_65.00,2013-08-26,41.0,65.0,0.0,0.0,0.0,0.0,0.0,0.0,114.0,0
41.00_65.00,2013-09-02,41.0,65.0,0.0,0.0,0.0,0.0,0.0,0.0,115.0,0
41.00_65.00,2013-09-09,41.0,65.0,0.0,0.0,0.0,0.0,0.0,0.0,116.0,0
41.00_65.00,2013-09-16,41.0,65.0,0.0,0.0,0.0,0.0,0.0,0.0,117.0,0
41.00_65.00,2013-09-23,41.0,65.0,0.0,0.0,0.0,0.0,0.0,0.0,118.0,0
41.00_65.00,2013-09-30,41.0,65.0,0.0,0.0,0.0,0.0,0.0,0.0,119.0,0
41.00_65.00,2013-10-07,41.0,65.0,0.0,0.0,0.0,0.0,0.0,0.0,120.0,0
41.00_65.00,2013-10-14,41.0,65.0,0.0,0.0,0.0,0.0,0.0,0.0,121.0,0
41.00_65.00,2013-10-21,41.0,65.0,0.0,0.0,0.0,0.0,0.0,0.0,122.0,0
41.00_65.00,2013-10-28,41.0,65.0,0.0,0.0,0.0,0.0,0.0,0.0,123.0,0
41.00_65.00,2013-11-04,41.0,65.0,0.0,0.0,0.0,0.0,0.0,0.0,124.0,0
41.00_65.00,2013-11-11,41.0,65.0,0.0,0.0,0.0,0.0,0.0,0.0,125.0,0
41.00_65.00,2013-11-18,41.0,65.0,0.0,0.0,0.0,0.0,0.0,0.0,126.0,0
41.00_65.00,2013-11-25,41.0,65.0,0.0,0.0,0.0,0.0,0.0,0.0,127.0,0
41.00_65.00,2013-12-02,41.0,65.0,0.0,0.0,0.0,0.0,0.0,0.0,128.0,0
41.00_65.00,2013-12-09,41.0,65.0,0.0,0.0,0.0,0.0,0.0,0.0,129.0,0
41.00_65.00,2013-12-16,41.0,65.0,0.0,0.0,0.0,0.0,0.0,0.0,130.0,0
41.00_65.00,2013-12-23,41.0,65.0,0.0,0.0,0.0,0.0,0.0,0.0,131.0,0
41.00_65.00,2013-12-30,41.0,65.0,0.0,0.0,0.0,0.0,0.0,0.0,132.0,0
41.00_65.00,2014-01-06,41.0,65.0,0.0,0.0,0.0,0.0,0.0,0.0,133.0,0
41.00_65.00,2014-01-13,41.0,65.0,0.0,0.0,0.0,0.0,0.0,0.0,134.0,0
41.00_65.00,2014-01-20,41.0,65.0,0.0,0.0,0.0,0.0,0.0,0.0,135.0,0
41.00_65.00,2014-01-27,41.0,65.0,0.0,0.0,0.0,0.0,0.0,0.0,136.0,0
41.00_65.00,2014-02-03,41.0,65.0,0.0,0.0,0.0,0.0,0.0,0.0,137.0,0
41.00_65.00,2014-02-10,41.0,65.0,0.0,0.0,0.0,0.0,0.0,0.0,138.0,0
41.00_65.00,2014-02-17,41.0,65.0,0.0,0.0,0.0,0.0,0.0,0.0,139.0,0
41.00_65.00,2014-02-24,41.0,65.0,0.0,0.0,0.0,0.0,0.0,0.0,140.0,0
41.00_65.00,2014-03-03,41.0,65.0,0.0,0.0,0.0,0.0,0.0,0.0,141.0,0
41.00_65.00,2014-03-10,41.0,65.0,0.0,0.0,0.0,0.0,0.0,0.0,142.0,0
41.00_65.00,2014-03-17,41.0,65.0,0.0,0.0,0.0,0.0,0.0,0.0,143.0,0
41.00_65.00,2014-03-24,41.0,65.0,0.0,0.0,0.0,0.0,0.0,0.0,144.0,0
41.00_65.00,2014-03-31,41.0,65.0,0.0,0.0,0.0,0.0,0.0,0.0,145.0,0
41.00_65.00,2014-04-07,41.0,65.0,0.0,0.0,0.0,0.0,0.0,0.0,146.0,0
41.00_65.00,2014-04-14,41.0,65.0,0.0,0.0,0.0,0.0,0.0,0.0,147.0,0
41.00_65.00,2014-04-21,41.0,65.0,0.0,0.0,0.0,0.0,0.0,0.0,148.0,0
41.00_65.00,2014-04-28,41.0,65.0,0.0,0.0,0.0,0.0,0.0,0.0,149.0,0
41.00_65.00,2014-05-05,41.0,65.0,0.0,0.0,0.0,0.0,0.0,0.0,150.0,0
41.00_65.00,2014-05-12,41.0,65.0,0.0,0.0,0.0,0.0,0.0,0.0,151.0,0
41.00_65.00,2014-05-19,41.0,65.0,0.0,0.0,0.0,0.0,0.0,0.0,152.0,0
41.00_65.00,2014-05-26,41.0,65.0,0.0,0.0,0.0,0.0,0.0,0.0,153.0,0
41.00_65.00,2014-06-02,41.0,65.0,0.0,0.0,0.0,0.0,0.0,0.0,154.0,0
41.00_65.00,2014-06-09,41.0,65.0,0.0,0.0,0.0,0.0,0.0,0.0,155.0,0
41.00_65.00,2014-06-16,41.0,65.0,0.0,0.0,0.0,0.0,0.0,0.0,156.0,0
41.00_65.00,2014-06-23,41.0,65.0,0.0,0.0,0.0,0.0,0.0,0.0,157.0,0
41.00_65.00,2014-06-30,41.0,65.0,0.0,0.0,0.0,0.0,0.0,0.0,158.0,0
41.00_65.00,2014-07-07,41.0,65.0,0.0,0.0,0.0,0.0,0.0,0.0,159.0,0
41.00_65.00,2014-07-14,41.0,65.0,0.0,0.0,0.0,0.0,0.0,0.0,160.0,0
41.00_65.00,2014-07-21,41.0,65.0,0.0,0.0,0.0,0.0,0.0,0.0,161.0,0
41.00_65.00,2014-07-28,41.0,65.0,0.0,0.0,0.0,0.0,0.0,0.0,162.0,0
41.00_65.00,2014-08-04,41.0,65.0,0.0,0.0,0.0,0.0,0.0,0.0,163.0,0
41.00_65.00,2014-08-11,41.0,65.0,0.0,0.0,0.0,0.0,0.0,0.0,164.0,0
41.00_65.00,2014-08-18,41.0,65.0,0.0,0.0,0.0,0.0,0.0,0.0,165.0,1
41.00_65.00,2014-08-25,41.0,65.0,1.0,4.4,4.4,4.4,1.0,3981071.7055349774,166.0,0
41.00_65.00,2014-09-01,41.0,65.0,0.0,0.0,0.0,4.4,1.0,3981071.7055349774,167.0,0
41.00_65.00,2014-09-08,41.0,65.0,0.0,0.0,0.0,4.4,1.0,3981071.7055349774,168.0,0
41.00_65.00,2014-09-15,41.0,65.0,0.0,0.0,0.0,4.4,1.0,3981071.7055349774,169.0,0
41.00_65.00,2014-09-22,41.0,65.0,0.0,0.0,0.0,0.0,1.0,3981071.7055349774,170.0,0
41.00_65.00,2014-09-29,41.0,65.0,0.0,0.0,0.0,0.0,1.0,3981071.7055349774,171.0,0
41.00_65.00,2014-10-06,41.0,65.0,0.0,0.0,0.0,0.0,1.0,3981071.7055349774,172.0,0
41.00_65.00,2014-10-13,41.0,65.0,0.0,0.0,0.0,0.0,1.0,3981071.7055349774,173.0,0
41.00_65.00,2014-10-20,41.0,65.0,0.0,0.0,0.0,0.0,1.0,0.0,174.0,0
41.00_65.00,2014-10-27,41.0,65.0,0.0,0.0,0.0,0.0,1.0,0.0,175.0,0
41.00_65.00,2014-11-03,41.0,65.0,0.0,0.0,0.0,0.0,1.0,0.0,176.0,0
41.00_65.00,2014-11-10,41.0,65.0,0.0,0.0,0.0,0.0,1.0,0.0,177.0,0
41.00_65.00,2014-11-17,41.0,65.0,0.0,0.0,0.0,0.0,0.0,0.0,178.0,0
41.00_65.00,2014-11-24,41.0,65.0,0.0,0.0,0.0,0.0,0.0,0.0,179.0,0
41.00_65.00,2014-12-01,41.0,65.0,0.0,0.0,0.0,0.0,0.0,0.0,180.0,0
41.00_65.00,2014-12-08,41.0,65.0,0.0,0.0,0.0,0.0,0.0,0.0,181.0,0
41.00_65.00,2014-12-15,41.0,65.0,0.0,0.0,0.0,0.0,0.0,0.0,182.0,0
41.00_65.00,2014-12-22,41.0,65.0,0.0,0.0,0.0,0.0,0.0,0.0,183.0,0
41.00_65.00,2014-12-29,41.0,65.0,0.0,0.0,0.0,0.0,0.0,0.0,184.0,0
41.00_65.00,2015-01-05,41.0,65.0,0.0,0.0,0.0,0.0,0.0,0.0,185.0,0
41.00_65.00,2015-01-12,41.0,65.0,0.0,0.0,0.0,0.0,0.0,0.0,186.0,0
41.00_65.00,2015-01-19,41.0,65.0,0.0,0.0,0.0,0.0,0.0,0.0,187.0,0
41.00_65.00,2015-01-26,41.0,65.0,0.0,0.0,0.0,0.0,0.0,0.0,188.0,0
41.00_65.00,2015-02-02,41.0,65.0,0.0,0.0,0.0,0.0,0.0,0.0,189.0,0
41.00_65.00,2015-02-09,41.0,65.0,0.0,0.0,0.0,0.0,0.0,0.0,190.0,0
41.00_65.00,2015-02-16,41.0,65.0,0.0,0.0,0.0,0.0,0.0,0.0,191.0,0
41.00_65.00,2015-02-23,41.0,65.0,0.0,0.0,0.0,0.0,0.0,0.0,192.0,0
41.00_65.00,2015-03-02,41.0,65.0,0.0,0.0,0.0,0.0,0.0,0.0,193.0,0
41.00_65.00,2015-03-09,41.0,65.0,0.0,0.0,0.0,0.0,0.0,0.0,194.0,0
41.00_65.00,2015-03-16,41.0,65.0,0.0,0.0,0.0,0.0,0.0,0.0,195.0,0
41.00_65.00,2015-03-23,41.0,65.0,0.0,0.0,0.0,0.0,0.0,0.0,196.0,0
41.00_65.00,2015-03-30,41.0,65.0,0.0,0.0,0.0,0.0,0.0,0.0,197.0,0
41.00_65.00,2015-04-06,41.0,65.0,0.0,0.0,0.0,0.0,0.0,0.0,198.0,0
41.00_65.00,2015-04-13,41.0,65.0,0.0,0.0,0.0,0.0,0.0,0.0,199.0,0
41.00_65.00,2015-04-20,41.0,65.0,0.0,0.0,0.0,0.0,0.0,0.0,200.0,0
41.00_65.00,2015-04-27,41.0,65.0,0.0,0.0,0.0,0.0,0.0,0.0,201.0,0
41.00_65.00,2015-05-04,41.0,65.0,0.0,0.0,0.0,0.0,0.0,0.0,202.0,0
41.00_65.00,2015-05-11,41.0,65.0,0.0,0.0,0.0,0.0,0.0,0.0,203.0,0
41.00_65.00,2015-05-18,41.0,65.0,0.0,0.0,0.0,0.0,0.0,0.0,204.0,0
41.00_65.00,2015-05-25,41.0,65.0,0.0,0.0,0.0,0.0,0.0,0.0,205.0,0
41.00_65.00,2015-06-01,41.0,65.0,0.0,0.0,0.0,0.0,0.0,0.0,206.0,0
41.00_65.00,2015-06-08,41.0,65.0,0.0,0.0,0.0,0.0,0.0,0.0,207.0,0
41.00_65.00,2015-06-15,41.0,65.0,0.0,0.0,0.0,0.0,0.0,0.0,208.0,0
41.00_65.00,2015-06-22,41.0,65.0,0.0,0.0,0.0,0.0,0.0,0.0,209.0,0
41.00_65.00,2015-06-29,41.0,65.0,0.0,0.0,0.0,0.0,0.0,0.0,210.0,0
41.00_65.00,2015-07-06,41.0,65.0,0.0,0.0,0.0,0.0,0.0,0.0,211.0,0
41.00_65.00,2015-07-13,41.0,65.0,0.0,0.0,0.0,0.0,0.0,0.0,212.0,0
41.00_65.00,2015-07-20,41.0,65.0,0.0,0.0,0.0,0.0,0.0,0.0,213.0,0
41.00_65.00,2015-07-27,41.0,65.0,0.0,0.0,0.0,0.0,0.0,0.0,214.0,0
41.00_65.00,2015-08-03,41.0,65.0,0.0,0.0,0.0,0.0,0.0,0.0,215.0,0
41.00_65.00,2015-08-10,41.0,65.0,0.0,0.0,0.0,0.0,0.0,0.0,216.0,0
41.00_65.00,2015-08-17,41.0,65.0,0.0,0.0,0.0,0.0,0.0,0.0,217.0,0
41.00_65.00,2015-08-24,41.0,65.0,0.0,0.0,0.0,0.0,0.0,0.0,218.0,0
41.00_65.00,2015-08-31,41.0,65.0,0.0,0.0,0.0,0.0,0.0,0.0,219.0,0
41.00_65.00,2015-09-07,41.0,65.0,0.0,0.0,0.0,0.0,0.0,0.0,220.0,0
41.00_65.00,2015-09-14,41.0,65.0,0.0,0.0,0.0,0.0,0.0,0.0,221.0,0
41.00_65.00,2015-09-21,41.0,65.0,0.0,0.0,0.0,0.0,0.0,0.0,222.0,0
41.00_65.00,2015-09-28,41.0,65.0,0.0,0.0,0.0,0.0,0.0,0.0,223.0,0
41.00_65.00,2015-10-05,41.0,65.0,0.0,0.0,0.0,0.0,0.0,0.0,224.0,0
41.00_65.00,2015-10-12,41.0,65.0,0.0,0.0,0.0,0.0,0.0,0.0,225.0,0
41.00_65.00,2015-10-19,41.0,65.0,0.0,0.0,0.0,0.0,0.0,0.0,226.0,0
41.00_65.00,2015-10-26,41.0,65.0,0.0,0.0,0.0,0.0,0.0,0.0,227.0,0
41.00_65.00,2015-11-02,41.0,65.0,0.0,0.0,0.0,0.0,0.0,0.0,228.0,0
41.00_65.00,2015-11-09,41.0,65.0,0.0,0.0,0.0,0.0,0.0,0.0,229.0,0
41.00_65.00,2015-11-16,41.0,65.0,0.0,0.0,0.0,0.0,0.0,0.0,230.0,0
41.00_65.00,2015-11-23,41.0,65.0,0.0,0.0,0.0,0.0,0.0,0.0,231.0,0
41.00_65.00,2015-11-30,41.0,65.0,0.0,0.0,0.0,0.0,0.0,0.0,232.0,0
41.00_65.00,2015-12-07,41.0,65.0,0.0,0.0,0.0,0.0,0.0,0.0,233.0,0
41.00_65.00,2015-12-14,41.0,65.0,0.0,0.0,0.0,0.0,0.0,0.0,234.0,0
41.00_65.00,2015-12-21,41.0,65.0,0.0,0.0,0.0,0.0,0.0,0.0,235.0,0
41.00_65.00,2015-12-28,41.0,65.0,0.0,0.0,0.0,0.0,0.0,0.0,236.0,0
41.00_65.00,2016-01-04,41.0,65.0,0.0,0.0,0.0,0.0,0.0,0.0,237.0,0
41.00_65.00,2016-01-11,41.0,65.0,0.0,0.0,0.0,0.0,0.0,0.0,238.0,0
41.00_65.00,2016-01-18,41.0,65.0,0.0,0.0,0.0,0.0,0.0,0.0,239.0,0
41.00_65.00,2016-01-25,41.0,65.0,0.0,0.0,0.0,0.0,0.0,0.0,240.0,0
41.00_65.00,2016-02-01,41.0,65.0,0.0,0.0,0.0,0.0,0.0,0.0,241.0,0
41.00_65.00,2016-02-08,41.0,65.0,0.0,0.0,0.0,0.0,0.0,0.0,242.0,0
41.00_65.00,2016-02-15,41.0,65.0,0.0,0.0,0.0,0.0,0.0,0.0,243.0,0
41.00_65.00,2016-02-22,41.0,65.0,0.0,0.0,0.0,0.0,0.0,0.0,244.0,0
41.00_65.00,2016-02-29,41.0,65.0,0.0,0.0,0.0,0.0,0.0,0.0,245.0,0
41.00_65.00,2016-03-07,41.0,65.0,0.0,0.0,0.0,0.0,0.0,0.0,246.0,0
41.00_65.00,2016-03-14,41.0,65.0,0.0,0.0,0.0,0.0,0.0,0.0,247.0,0
41.00_65.00,2016-03-21,41.0,65.0,0.0,0.0,0.0,0.0,0.0,0.0,248.0,0
41.00_65.00,2016-03-28,41.0,65.0,0.0,0.0,0.0,0.0,0.0,0.0,249.0,0
41.00_65.00,2016-04-04,41.0,65.0,0.0,0.0,0.0,0.0,0.0,0.0,250.0,0
41.00_65.00,2016-04-11,41.0,65.0,0.0,0.0,0.0,0.0,0.0,0.0,251.0,0
41.00_65.00,2016-04-18,41.0,65.0,0.0,0.0,0.0,0.0,0.0,0.0,252.0,0
41.00_65.00,2016-04-25,41.0,65.0,0.0,0.0,0.0,0.0,0.0,0.0,253.0,0
41.00_65.00,2016-05-02,41.0,65.0,0.0,0.0,0.0,0.0,0.0,0.0,254.0,0
41.00_65.00,2016-05-09,41.0,65.0,0.0,0.0,0.0,0.0,0.0,0.0,255.0,0
41.00_65.00,2016-05-16,41.0,65.0,0.0,0.0,0.0,0.0,0.0,0.0,256.0,0
41.00_65.00,2016-05-23,41.0,65.0,0.0,0.0,0.0,0.0,0.0,0.0,257.0,0
41.00_65.00,2016-05-30,41.0,65.0,0.0,0.0,0.0,0.0,0.0,0.0,258.0,0
41.00_65.00,2016-06-06,41.0,65.0,0.0,0.0,0.0,0.0,0.0,0.0,259.0,0
41.00_65.00,2016-06-13,41.0,65.0,0.0,0.0,0.0,0.0,0.0,0.0,260.0,0
41.00_65.00,2016-06-20,41.0,65.0,0.0,0.0,0.0,0.0,0.0,0.0,261.0,0
41.00_65.00,2016-06-27,41.0,65.0,0.0,0.0,0.0,0.0,0.0,0.0,262.0,0
41.00_65.00,2016-07-04,41.0,65.0,0.0,0.0,0.0,0.0,0.0,0.0,263.0,0
41.00_65.00,2016-07-11,41.0,65.0,0.0,0.0,0.0,0.0,0.0,0.0,264.0,0
41.00_65.00,2016-07-18,41.0,65.0,0.0,0.0,0.0,0.0,0.0,0.0,265.0,0
41.00_65.00,2016-07-25,41.0,65.0,0.0,0.0,0.0,0.0,0.0,0.0,266.0,0
41.00_65.00,2016-08-01,41.0,65.0,0.0,0.0,0.0,0.0,0.0,0.0,267.0,0
41.00_65.00,2016-08-08,41.0,65.0,0.0,0.0,0.0,0.0,0.0,0.0,268.0,0
41.00_65.00,2016-08-15,41.0,65.0,0.0,0.0,0.0,0.0,0.0,0.0,269.0,0
41.00_65.00,2016-08-22,41.0,65.0,0.0,0.0,0.0,0.0,0.0,0.0,270.0,0
41.00_65.00,2016-08-29,41.0,65.0,0.0,0.0,0.0,0.0,0.0,0.0,271.0,0
41.00_65.00,2016-09-05,41.0,65.0,0.0,0.0,0.0,0.0,0.0,0.0,272.0,0
41.00_65.00,2016-09-12,41.0,65.0,0.0,0.0,0.0,0.0,0.0,0.0,273.0,0
41.00_65.00,2016-09-19,41.0,65.0,0.0,0.0,0.0,0.0,0.0,0.0,274.0,0
41.00_65.00,2016-09-26,41.0,65.0,0.0,0.0,0.0,0.0,0.0,0.0,275.0,0
41.00_65.00,2016-10-03,41.0,65.0,0.0,0.0,0.0,0.0,0.0,0.0,276.0,0
41.00_65.00,2016-10-10,41.0,65.0,0.0,0.0,0.0,0.0,0.0,0.0,277.0,0
41.00_65.00,2016-10-17,41.0,65.0,0.0,0.0,0.0,0.0,0.0,0.0,278.0,0
41.00_65.00,2016-10-24,41.0,65.0,0.0,0.0,0.0,0.0,0.0,0.0,279.0,0
41.00_65.00,2016-10-31,41.0,65.0,0.0,0.0,0.0,0.0,0.0,0.0,280.0,0
41.00_65.00,2016-11-07,41.0,65.0,0.0,0.0,0.0,0.0,0.0,0.0,281.0,0
41.00_65.00,2016-11-14,41.0,65.0,0.0,0.0,0.0,0.0,0.0,0.0,282.0,0
41.00_65.00,2016-11-21,41.0,65.0,0.0,0.0,0.0,0.0,0.0,0.0,283.0,0
41.00_65.00,2016-11-28,41.0,65.0,0.0,0.0,0.0,0.0,0.0,0.0,284.0,0
41.00_65.00,2016-12-05,41.0,65.0,0.0,0.0,0.0,0.0,0.0,0.0,285.0,0
41.00_65.00,2016-12-12,41.0,65.0,0.0,0.0,0.0,0.0,0.0,0.0,286.0,0
41.00_65.00,2016-12-19,41.0,65.0,0.0,0.0,0.0,0.0,0.0,0.0,287.0,0
41.00_65.00,2016-12-26,41.0,65.0,0.0,0.0,0.0,0.0,0.0,0.0,288.0,0
41.00_65.00,2017-01-02,41.0,65.0,0.0,0.0,0.0,0.0,0.0,0.0,289.0,0
41.00_65.00,2017-01-09,41.0,65.0,0.0,0.0,0.0,0.0,0.0,0.0,290.0,0
41.00_65.00,2017-01-16,41.0,65.0,0.0,0.0,0.0,0.0,0.0,0.0,291.0,0
41.00_65.00,2017-01-23,41.0,65.0,0.0,0.0,0.0,0.0,0.0,0.0,292.0,0
41.00_65.00,2017-01-30,41.0,65.0,0.0,0.0,0.0,0.0,0.0,0.0,293.0,0
41.00_65.00,2017-02-06,41.0,65.0,0.0,0.0,0.0,0.0,0.0,0.0,294.0,0
41.00_65.00,2017-02-13,41.0,65.0,0.0,0.0,0.0,0.0,0.0,0.0,295.0,0
41.00_65.00,2017-02-20,41.0,65.0,0.0,0.0,0.0,0.0,0.0,0.0,296.0,0
41.00_65.00,2017-02-27,41.0,65.0,0.0,0.0,0.0,0.0,0.0,0.0,297.0,0
41.00_65.00,2017-03-06,41.0,65.0,0.0,0.0,0.0,0.0,0.0,0.0,298.0,0
41.00_65.00,2017-03-13,41.0,65.0,0.0,0.0,0.0,0.0,0.0,0.0,299.0,0
41.00_65.00,2017-03-20,41.0,65.0,0.0,0.0,0.0,0.0,0.0,0.0,300.0,0
41.00_65.00,2017-03-27,41.0,65.0,0.0,0.0,0.0,0.0,0.0,0.0,301.0,0
41.00_65.00,2017-04-03,41.0,65.0,0.0,0.0,0.0,0.0,0.0,0.0,302.0,0
41.00_65.00,2017-04-10,41.0,65.0,0.0,0.0,0.0,0.0,0.0,0.0,303.0,0
41.00_65.00,2017-04-17,41.0,65.0,0.0,0.0,0.0,0.0,0.0,0.0,304.0,0
41.00_65.00,2017-04-24,41.0,65.0,0.0,0.0,0.0,0.0,0.0,0.0,305.0,0
41.00_65.00,2017-05-01,41.0,65.0,0.0,0.0,0.0,0.0,0.0,0.0,306.0,0
41.00_65.00,2017-05-08,41.0,65.0,0.0,0.0,0.0,0.0,0.0,0.0,307.0,0
41.00_65.00,2017-05-15,41.0,65.0,0.0,0.0,0.0,0.0,0.0,0.0,308.0,0
41.00_65.00,2017-05-22,41.0,65.0,0.0,0.0,0.0,0.0,0.0,0.0,309.0,0
41.00_65.00,2017-05-29,41.0,65.0,0.0,0.0,0.0,0.0,0.0,0.0,310.0,0
41.00_65.00,2017-06-05,41.0,65.0,0.0,0.0,0.0,0.0,0.0,0.0,311.0,0
41.00_65.00,2017-06-12,41.0,65.0,0.0,0.0,0.0,0.0,0.0,0.0,312.0,0
41.00_65.00,2017-06-19,41.0,65.0,0.0,0.0,0.0,0.0,0.0,0.0,313.0,0
41.00_65.00,2017-06-26,41.0,65.0,0.0,0.0,0.0,0.0,0.0,0.0,314.0,0
41.00_65.00,2017-07-03,41.0,65.0,0.0,0.0,0.0,0.0,0.0,0.0,315.0,0
41.00_65.00,2017-07-10,41.0,65.0,0.0,0.0,0.0,0.0,0.0,0.0,316.0,0
41.00_65.00,2017-07-17,41.0,65.0,0.0,0.0,0.0,0.0,0.0,0.0,317.0,0
41.00_65.00,2017-07-24,41.0,65.0,0.0,0.0,0.0,0.0,0.0,0.0,318.0,0
41.00_65.00,2017-07-31,41.0,65.0,0.0,0.0,0.0,0.0,0.0,0.0,319.0,0
41.00_65.00,2017-08-07,41.0,65.0,0.0,0.0,0.0,0.0,0.0,0.0,320.0,0
41.00_65.00,2017-08-14,41.0,65.0,0.0,0.0,0.0,0.0,0.0,0.0,321.0,0
41.00_65.00,2017-08-21,41.0,65.0,0.0,0.0,0.0,0.0,0.0,0.0,322.0,0
41.00_65.00,2017-08-28,41.0,65.0,0.0,0.0,0.0,0.0,0.0,0.0,323.0,0
41.00_65.00,2017-09-04,41.0,65.0,0.0,0.0,0.0,0.0,0.0,0.0,324.0,0
41.00_65.00,2017-09-11,41.0,65.0,0.0,0.0,0.0,0.0,0.0,0.0,325.0,0
41.00_65.00,2017-09-18,41.0,65.0,0.0,0.0,0.0,0.0,0.0,0.0,326.0,0
41.00_65.00,2017-09-25,41.0,65.0,0.0,0.0,0.0,0.0,0.0,0.0,327.0,0
41.00_65.00,2017-10-02,41.0,65.0,0.0,0.0,0.0,0.0,0.0,0.0,328.0,0
41.00_65.00,2017-10-09,41.0,65.0,0.0,0.0,0.0,0.0,0.0,0.0,329.0,0
41.00_65.00,2017-10-16,41.0,65.0,0.0,0.0,0.0,0.0,0.0,0.0,330.0,0
41.00_65.00,2017-10-23,41.0,65.0,0.0,0.0,0.0,0.0,0.0,0.0,331.0,0
41.00_65.00,2017-10-30,41.0,65.0,0.0,0.0,0.0,0.0,0.0,0.0,332.0,0
41.00_65.00,2017-11-06,41.0,65.0,0.0,0.0,0.0,0.0,0.0,0.0,333.0,0
41.00_65.00,2017-11-13,41.0,65.0,0.0,0.0,0.0,0.0,0.0,0.0,334.0,0
41.00_65.00,2017-11-20,41.0,65.0,0.0,0.0,0.0,0.0,0.0,0.0,335.0,0
41.00_65.00,2017-11-27,41.0,65.0,0.0,0.0,0.0,0.0,0.0,0.0,336.0,0
41.00_65.00,2017-12-04,41.0,65.0,0.0,0.0,0.0,0.0,0.0,0.0,337.0,0
41.00_65.00,2017-12-11,41.0,65.0,0.0,0.0,0.0,0.0,0.0,0.0,338.0,0
41.00_65.00,2017-12-18,41.0,65.0,0.0,0.0,0.0,0.0,0.0,0.0,339.0,0
41.00_65.00,2017-12-25,41.0,65.0,0.0,0.0,0.0,0.0,0.0,0.0,340.0,0
41.00_65.00,2018-01-01,41.0,65.0,0.0,0.0,0.0,0.0,0.0,0.0,341.0,0
41.00_65.00,2018-01-08,41.0,65.0,0.0,0.0,0.0,0.0,0.0,0.0,342.0,0
41.00_65.00,2018-01-15,41.0,65.0,0.0,0.0,0.0,0.0,0.0,0.0,343.0,0
41.00_65.00,2018-01-22,41.0,65.0,0.0,0.0,0.0,0.0,0.0,0.0,344.0,0
41.00_65.00,2018-01-29,41.0,65.0,0.0,0.0,0.0,0.0,0.0,0.0,345.0,0
41.00_65.00,2018-02-05,41.0,65.0,0.0,0.0,0.0,0.0,0.0,0.0,346.0,0
41.00_65.00,2018-02-12,41.0,65.0,0.0,0.0,0.0,0.0,0.0,0.0,347.0,0
41.00_65.00,2018-02-19,41.0,65.0,0.0,0.0,0.0,0.0,0.0,0.0,348.0,0
41.00_65.00,2018-02-26,41.0,65.0,0.0,0.0,0.0,0.0,0.0,0.0,349.0,0
41.00_65.00,2018-03-05,41.0,65.0,0.0,0.0,0.0,0.0,0.0,0.0,350.0,0
41.00_65.00,2018-03-12,41.0,65.0,0.0,0.0,0.0,0.0,0.0,0.0,351.0,0
41.00_65.00,2018-03-19,41.0,65.0,0.0,0.0,0.0,0.0,0.0,0.0,352.0,0
41.00_65.00,2018-03-26,41.0,65.0,0.0,0.0,0.0,0.0,0.0,0.0,353.0,0
41.00_65.00,2018-04-02,41.0,65.0,0.0,0.0,0.0,0.0,0.0,0.0,354.0,0
41.00_65.00,2018-04-09,41.0,65.0,0.0,0.0,0.0,0.0,0.0,0.0,355.0,0
41.00_65.00,2018-04-16,41.0,65.0,0.0,0.0,0.0,0.0,0.0,0.0,356.0,0
41.00_65.00,2018-04-23,41.0,65.0,0.0,0.0,0.0,0.0,0.0,0.0,357.0,0
41.00_65.00,2018-04-30,41.0,65.0,0.0,0.0,0.0,0.0,0.0,0.0,358.0,0
41.00_65.00,2018-05-07,41.0,65.0,0.0,0.0,0.0,0.0,0.0,0.0,359.0,0
41.00_65.00,2018-05-14,41.0,65.0,0.0,0.0,0.0,0.0,0.0,0.0,360.0,0
41.00_65.00,2018-05-21,41.0,65.0,0.0,0.0,0.0,0.0,0.0,0.0,361.0,0
41.00_65.00,2018-05-28,41.0,65.0,0.0,0.0,0.0,0.0,0.0,0.0,362.0,0
41.00_65.00,2018-06-04,41.0,65.0,0.0,0.0,0.0,0.0,0.0,0.0,363.0,0
41.00_65.00,2018-06-11,41.0,65.0,0.0,0.0,0.0,0.0,0.0,0.0,364.0,0
41.00_65.00,2018-06-18,41.0,65.0,0.0,0.0,0.0,0.0,0.0,0.0,365.0,0
41.00_65.00,2018-06-25,41.0,65.0,0.0,0.0,0.0,0.0,0.0,0.0,366.0,0
41.00_65.00,2018-07-02,41.0,65.0,0.0,0.0,0.0,0.0,0.0,0.0,367.0,0
41.00_65.00,2018-07-09,41.0,65.0,0.0,0.0,0.0,0.0,0.0,0.0,368.0,0
41.00_65.00,2018-07-16,41.0,65.0,0.0,0.0,0.0,0.0,0.0,0.0,369.0,0
41.00_65.00,2018-07-23,41.0,65.0,0.0,0.0,0.0,0.0,0.0,0.0,370.0,0
41.00_65.00,2018-07-30,41.0,65.0,0.0,0.0,0.0,0.0,0.0,0.0,371.0,0
41.00_65.00,2018-08-06,41.0,65.0,0.0,0.0,0.0,0.0,0.0,0.0,372.0,0
41.00_65.00,2018-08-13,41.0,65.0,0.0,0.0,0.0,0.0,0.0,0.0,373.0,0
41.00_65.00,2018-08-20,41.0,65.0,0.0,0.0,0.0,0.0,0.0,0.0,374.0,0
41.00_65.00,2018-08-27,41.0,65.0,0.0,0.0,0.0,0.0,0.0,0.0,375.0,0
41.00_65.00,2018-09-03,41.0,65.0,0.0,0.0,0.0,0.0,0.0,0.0,376.0,0
41.00_65.00,2018-09-10,41.0,65.0,0.0,0.0,0.0,0.0,0.0,0.0,377.0,0
41.00_65.00,2018-09-17,41.0,65.0,0.0,0.0,0.0,0.0,0.0,0.0,378.0,0
41.00_65.00,2018-09-24,41.0,65.0,0.0,0.0,0.0,0.0,0.0,0.0,379.0,0
41.00_65.00,2018-10-01,41.0,65.0,0.0,0.0,0.0,0.0,0.0,0.0,380.0,0
41.00_65.00,2018-10-08,41.0,65.0,0.0,0.0,0.0,0.0,0.0,0.0,381.0,0
41.00_65.00,2018-10-15,41.0,65.0,0.0,0.0,0.0,0.0,0.0,0.0,382.0,0
41.00_65.00,2018-10-22,41.0,65.0,0.0,0.0,0.0,0.0,0.0,0.0,383.0,0
41.00_65.00,2018-10-29,41.0,65.0,0.0,0.0,0.0,0.0,0.0,0.0,384.0,0
41.00_65.00,2018-11-05,41.0,65.0,0.0,0.0,0.0,0.0,0.0,0.0,385.0,0
41.00_65.00,2018-11-12,41.0,65.0,0.0,0.0,0.0,0.0,0.0,0.0,386.0,0
41.00_65.00,2018-11-19,41.0,65.0,0.0,0.0,0.0,0.0,0.0,0.0,387.0,0
41.00_65.00,2018-11-26,41.0,65.0,0.0,0.0,0.0,0.0,0.0,0.0,388.0,0
41.00_65.00,2018-12-03,41.0,65.0,0.0,0.0,0.0,0.0,0.0,0.0,389.0,0
41.00_65.00,2018-12-10,41.0,65.0,0.0,0.0,0.0,0.0,0.0,0.0,390.0,0
41.00_65.00,2018-12-17,41.0,65.0,0.0,0.0,0.0,0.0,0.0,0.0,391.0,0
41.00_65.00,2018-12-24,41.0,65.0,0.0,0.0,0.0,0.0,0.0,0.0,392.0,0
41.00_65.00,2018-12-31,41.0,65.0,0.0,0.0,0.0,0.0,0.0,0.0,393.0,0
41.00_65.00,2019-01-07,41.0,65.0,0.0,0.0,0.0,0.0,0.0,0.0,394.0,0
41.00_65.00,2019-01-14,41.0,65.0,0.0,0.0,0.0,0.0,0.0,0.0,395.0,0
41.00_65.00,2019-01-21,41.0,65.0,0.0,0.0,0.0,0.0,0.0,0.0,396.0,0
41.00_65.00,2019-01-28,41.0,65.0,0.0,0.0,0.0,0.0,0.0,0.0,397.0,0
41.00_65.00,2019-02-04,41.0,65.0,0.0,0.0,0.0,0.0,0.0,0.0,398.0,0
41.00_65.00,2019-02-11,41.0,65.0,0.0,0.0,0.0,0.0,0.0,0.0,399.0,0
41.00_65.00,2019-02-18,41.0,65.0,0.0,0.0,0.0,0.0,0.0,0.0,400.0,0
41.00_65.00,2019-02-25,41.0,65.0,0.0,0.0,0.0,0.0,0.0,0.0,401.0,0
41.00_65.00,2019-03-04,41.0,65.0,0.0,0.0,0.0,0.0,0.0,0.0,402.0,0
41.00_65.00,2019-03-11,41.0,65.0,0.0,0.0,0.0,0.0,0.0,0.0,403.0,0
41.00_65.00,2019-03-18,41.0,65.0,0.0,0.0,0.0,0.0,0.0,0.0,404.0,0
41.00_65.00,2019-03-25,41.0,65.0,0.0,0.0,0.0,0.0,0.0,0.0,405.0,0
41.00_65.00,2019-04-01,41.0,65.0,0.0,0.0,0.0,0.0,0.0,0.0,406.0,0
41.00_65.00,2019-04-08,41.0,65.0,0.0,0.0,0.0,0.0,0.0,0.0,407.0,0
41.00_65.00,2019-04-15,41.0,65.0,0.0,0.0,0.0,0.0,0.0,0.0,408.0,0
41.00_65.00,2019-04-22,41.0,65.0,0.0,0.0,0.0,0.0,0.0,0.0,409.0,0
41.00_65.00,2019-04-29,41.0,65.0,0.0,0.0,0.0,0.0,0.0,0.0,410.0,0
41.00_65.00,2019-05-06,41.0,65.0,0.0,0.0,0.0,0.0,0.0,0.0,411.0,0
41.00_65.00,2019-05-13,41.0,65.0,0.0,0.0,0.0,0.0,0.0,0.0,412.0,0
41.00_65.00,2019-05-20,41.0,65.0,0.0,0.0,0.0,0.0,0.0,0.0,413.0,0
41.00_65.00,2019-05-27,41.0,65.0,0.0,0.0,0.0,0.0,0.0,0.0,414.0,0
41.00_65.00,2019-06-03,41.0,65.0,0.0,0.0,0.0,0.0,0.0,0.0,415.0,0
41.00_65.00,2019-06-10,41.0,65.0,0.0,0.0,0.0,0.0,0.0,0.0,416.0,0
41.00_65.00,2019-06-17,41.0,65.0,0.0,0.0,0.0,0.0,0.0,0.0,417.0,0
41.00_65.00,2019-06-24,41.0,65.0,0.0,0.0,0.0,0.0,0.0,0.0,418.0,0
41.00_65.00,2019-07-01,41.0,65.0,0.0,0.0,0.0,0.0,0.0,0.0,419.0,0
41.00_65.00,2019-07-08,41.0,65.0,0.0,0.0,0.0,0.0,0.0,0.0,420.0,0
41.00_65.00,2019-07-15,41.0,65.0,0.0,0.0,0.0,0.0,0.0,0.0,421.0,0
41.00_65.00,2019-07-22,41.0,65.0,0.0,0.0,0.0,0.0,0.0,0.0,422.0,1
41.00_65.00,2019-07-29,41.0,65.0,1.0,4.6,4.6,4.6,1.0,7943282.347242805,0.0,0
41.00_65.00,2019-08-05,41.0,65.0,0.0,0.0,0.0,4.6,1.0,7943282.347242805,1.0,0
41.00_65.00,2019-08-12,41.0,65.0,0.0,0.0,0.0,4.6,1.0,7943282.347242805,2.0,0
41.00_65.00,2019-08-19,41.0,65.0,0.0,0.0,0.0,4.6,1.0,7943282.347242805,3.0,0
41.00_65.00,2019-08-26,41.0,65.0,0.0,0.0,0.0,0.0,1.0,7943282.347242805,4.0,0
41.00_65.00,2019-09-02,41.0,65.0,0.0,0.0,0.0,0.0,1.0,7943282.347242805,5.0,0
41.00_65.00,2019-09-09,41.0,65.0,0.0,0.0,0.0,0.0,1.0,7943282.347242805,6.0,0
41.00_65.00,2019-09-16,41.0,65.0,0.0,0.0,0.0,0.0,1.0,7943282.347242805,7.0,0
41.00_65.00,2019-09-23,41.0,65.0,0.0,0.0,0.0,0.0,1.0,0.0,8.0,0
41.00_65.00,2019-09-30,41.0,65.0,0.0,0.0,0.0,0.0,1.0,0.0,9.0,0
41.00_65.00,2019-10-07,41.0,65.0,0.0,0.0,0.0,0.0,1.0,0.0,10.0,0
41.00_65.00,2019-10-14,41.0,65.0,0.0,0.0,0.0,0.0,1.0,0.0,11.0,0
41.00_65.00,2019-10-21,41.0,65.0,0.0,0.0,0.0,0.0,0.0,0.0,12.0,0
41.00_65.00,2019-10-28,41.0,65.0,0.0,0.0,0.0,0.0,0.0,0.0,13.0,0
41.00_65.00,2019-11-04,41.0,65.0,0.0,0.0,0.0,0.0,0.0,0.0,14.0,0
41.00_65.00,2019-11-11,41.0,65.0,0.0,0.0,0.0,0.0,0.0,0.0,15.0,0
41.00_65.00,2019-11-18,41.0,65.0,0.0,0.0,0.0,0.0,0.0,0.0,16.0,0
41.00_65.00,2019-11-25,41.0,65.0,0.0,0.0,0.0,0.0,0.0,0.0,17.0,0
41.00_65.00,2019-12-02,41.0,65.0,0.0,0.0,0.0,0.0,0.0,0.0,18.0,0
41.00_65.00,2019-12-09,41.0,65.0,0.0,0.0,0.0,0.0,0.0,0.0,19.0,0
41.00_65.00,2019-12-16,41.0,65.0,0.0,0.0,0.0,0.0,0.0,0.0,20.0,0
41.00_65.00,2019-12-23,41.0,65.0,0.0,0.0,0.0,0.0,0.0,0.0,21.0,0
41.00_65.00,2019-12-30,41.0,65.0,0.0,0.0,0.0,0.0,0.0,0.0,22.0,0
41.00_65.00,2020-01-06,41.0,65.0,0.0,0.0,0.0,0.0,0.0,0.0,23.0,0
41.00_65.00,2020-01-13,41.0,65.0,0.0,0.0,0.0,0.0,0.0,0.0,24.0,0
41.00_65.00,2020-01-20,41.0,65.0,0.0,0.0,0.0,0.0,0.0,0.0,25.0,0
41.00_65.00,2020-01-27,41.0,65.0,0.0,0.0,0.0,0.0,0.0,0.0,26.0,0
41.00_65.00,2020-02-03,41.0,65.0,0.0,0.0,0.0,0.0,0.0,0.0,27.0,0
41.00_65.00,2020-02-10,41.0,65.0,0.0,0.0,0.0,0.0,0.0,0.0,28.0,0
41.00_65.00,2020-02-17,41.0,65.0,0.0,0.0,0.0,0.0,0.0,0.0,29.0,0
41.00_65.00,2020-02-24,41.0,65.0,0.0,0.0,0.0,0.0,0.0,0.0,30.0,0
41.00_65.00,2020-03-02,41.0,65.0,0.0,0.0,0.0,0.0,0.0,0.0,31.0,0
41.00_65.00,2020-03-09,41.0,65.0,0.0,0.0,0.0,0.0,0.0,0.0,32.0,0
41.00_65.00,2020-03-16,41.0,65.0,0.0,0.0,0.0,0.0,0.0,0.0,33.0,0
41.00_65.00,2020-03-23,41.0,65.0,0.0,0.0,0.0,0.0,0.0,0.0,34.0,0
41.00_65.00,2020-03-30,41.0,65.0,0.0,0.0,0.0,0.0,0.0,0.0,35.0,0
41.00_65.00,2020-04-06,41.0,65.0,0.0,0.0,0.0,0.0,0.0,0.0,36.0,0
41.00_65.00,2020-04-13,41.0,65.0,0.0,0.0,0.0,0.0,0.0,0.0,37.0,0
41.00_65.00,2020-04-20,41.0,65.0,0.0,0.0,0.0,0.0,0.0,0.0,38.0,0
41.00_65.00,2020-04-27,41.0,65.0,0.0,0.0,0.0,0.0,0.0,0.0,39.0,0
41.00_65.00,2020-05-04,41.0,65.0,0.0,0.0,0.0,0.0,0.0,0.0,40.0,0
41.00_65.00,2020-05-11,41.0,65.0,0.0,0.0,0.0,0.0,0.0,0.0,41.0,0
41.00_65.00,2020-05-18,41.0,65.0,0.0,0.0,0.0,0.0,0.0,0.0,42.0,0
41.00_65.00,2020-05-25,41.0,65.0,0.0,0.0,0.0,0.0,0.0,0.0,43.0,0
41.00_65.00,2020-06-01,41.0,65.0,0.0,0.0,0.0,0.0,0.0,0.0,44.0,0
41.00_65.00,2020-06-08,41.0,65.0,0.0,0.0,0.0,0.0,0.0,0.0,45.0,0
41.00_65.00,2020-06-15,41.0,65.0,0.0,0.0,0.0,0.0,0.0,0.0,46.0,0
41.00_65.00,2020-06-22,41.0,65.0,0.0,0.0,0.0,0.0,0.0,0.0,47.0,0
41.00_65.00,2020-06-29,41.0,65.0,0.0,0.0,0.0,0.0,0.0,0.0,48.0,0
41.00_65.00,2020-07-06,41.0,65.0,0.0,0.0,0.0,0.0,0.0,0.0,49.0,0
41.00_65.00,2020-07-13,41.0,65.0,0.0,0.0,0.0,0.0,0.0,0.0,50.0,0
41.00_65.00,2020-07-20,41.0,65.0,0.0,0.0,0.0,0.0,0.0,0.0,51.0,0
41.00_65.00,2020-07-27,41.0,65.0,0.0,0.0,0.0,0.0,0.0,0.0,52.0,0
41.00_65.00,2020-08-03,41.0,65.0,0.0,0.0,0.0,0.0,0.0,0.0,53.0,0
41.00_65.00,2020-08-10,41.0,65.0,0.0,0.0,0.0,0.0,0.0,0.0,54.0,0
41.00_65.00,2020-08-17,41.0,65.0,0.0,0.0,0.0,0.0,0.0,0.0,55.0,0
41.00_65.00,2020-08-24,41.0,65.0,0.0,0.0,0.0,0.0,0.0,0.0,56.0,0
41.00_65.00,2020-08-31,41.0,65.0,0.0,0.0,0.0,0.0,0.0,0.0,57.0,0
41.00_65.00,2020-09-07,41.0,65.0,0.0,0.0,0.0,0.0,0.0,0.0,58.0,1
41.00_65.00,2020-09-14,41.0,65.0,1.0,4.9,4.9,4.9,1.0,22387211.385683425,0.0,0
41.00_65.00,2020-09-21,41.0,65.0,0.0,0.0,0.0,4.9,1.0,22387211.385683425,1.0,0
41.00_65.00,2020-09-28,41.0,65.0,0.0,0.0,0.0,4.9,1.0,22387211.385683425,2.0,0
41.00_65.00,2020-10-05,41.0,65.0,0.0,0.0,0.0,4.9,1.0,22387211.385683425,3.0,0
41.00_65.00,2020-10-12,41.0,65.0,0.0,0.0,0.0,0.0,1.0,22387211.385683425,4.0,0
41.00_65.00,2020-10-19,41.0,65.0,0.0,0.0,0.0,0.0,1.0,22387211.385683425,5.0,0
41.00_65.00,2020-10-26,41.0,65.0,0.0,0.0,0.0,0.0,1.0,22387211.385683425,6.0,0
41.00_65.00,2020-11-02,41.0,65.0,0.0,0.0,0.0,0.0,1.0,22387211.385683425,7.0,0
41.00_65.00,2020-11-09,41.0,65.0,0.0,0.0,0.0,0.0,1.0,0.0,8.0,0
41.00_65.00,2020-11-16,41.0,65.0,0.0,0.0,0.0,0.0,1.0,0.0,9.0,0
41.00_65.00,2020-11-23,41.0,65.0,0.0,0.0,0.0,0.0,1.0,0.0,10.0,0
41.00_65.00,2020-11-30,41.0,65.0,0.0,0.0,0.0,0.0,1.0,0.0,11.0,0
41.00_65.00,2020-12-07,41.0,65.0,0.0,0.0,0.0,0.0,0.0,0.0,12.0,0
41.00_65.00,2020-12-14,41.0,65.0,0.0,0.0,0.0,0.0,0.0,0.0,13.0,0
41.00_65.00,2020-12-21,41.0,65.0,0.0,0.0,0.0,0.0,0.0,0.0,14.0,0
41.00_65.00,2020-12-28,41.0,65.0,0.0,0.0,0.0,0.0,0.0,0.0,15.0,0
41.00_65.00,2021-01-04,41.0,65.0,0.0,0.0,0.0,0.0,0.0,0.0,16.0,0
41.00_65.00,2021-01-11,41.0,65.0,0.0,0.0,0.0,0.0,0.0,0.0,17.0,0
41.00_65.00,2021-01-18,41.0,65.0,0.0,0.0,0.0,0.0,0.0,0.0,18.0,0
41.00_65.00,2021-01-25,41.0,65.0,0.0,0.0,0.0,0.0,0.0,0.0,19.0,0
41.00_65.00,2021-02-01,41.0,65.0,0.0,0.0,0.0,0.0,0.0,0.0,20.0,0
41.00_65.00,2021-02-08,41.0,65.0,0.0,0.0,0.0,0.0,0.0,0.0,21.0,0
41.00_65.00,2021-02-15,41.0,65.0,0.0,0.0,0.0,0.0,0.0,0.0,22.0,0
41.00_65.00,2021-02-22,41.0,65.0,0.0,0.0,0.0,0.0,0.0,0.0,23.0,0
41.00_65.00,2021-03-01,41.0,65.0,0.0,0.0,0.0,0.0,0.0,0.0,24.0,0
41.00_65.00,2021-03-08,41.0,65.0,0.0,0.0,0.0,0.0,0.0,0.0,25.0,0
41.00_65.00,2021-03-15,41.0,65.0,0.0,0.0,0.0,0.0,0.0,0.0,26.0,0
41.00_65.00,2021-03-22,41.0,65.0,0.0,0.0,0.0,0.0,0.0,0.0,27.0,0
41.00_65.00,2021-03-29,41.0,65.0,0.0,0.0,0.0,0.0,0.0,0.0,28.0,0
41.00_65.00,2021-04-05,41.0,65.0,0.0,0.0,0.0,0.0,0.0,0.0,29.0,0
41.00_65.00,2021-04-12,41.0,65.0,0.0,0.0,0.0,0.0,0.0,0.0,30.0,1
41.00_65.00,2021-04-19,41.0,65.0,1.0,4.3,4.3,4.3,1.0,2818382.9312644494,31.0,0
41.00_65.00,2021-04-26,41.0,65.0,0.0,0.0,0.0,4.3,1.0,2818382.9312644494,32.0,0
41.00_65.00,2021-05-03,41.0,65.0,0.0,0.0,0.0,4.3,1.0,2818382.9312644494,33.0,0
41.00_65.00,2021-05-10,41.0,65.0,0.0,0.0,0.0,4.3,1.0,2818382.9312644494,34.0,0
41.00_65.00,2021-05-17,41.0,65.0,0.0,0.0,0.0,0.0,1.0,2818382.9312644494,35.0,0
41.00_65.00,2021-05-24,41.0,65.0,0.0,0.0,0.0,0.0,1.0,2818382.9312644494,36.0,0
41.00_65.00,2021-05-31,41.0,65.0,0.0,0.0,0.0,0.0,1.0,2818382.9312644494,37.0,0
41.00_65.00,2021-06-07,41.0,65.0,0.0,0.0,0.0,0.0,1.0,2818382.9312644494,38.0,0
41.00_65.00,2021-06-14,41.0,65.0,0.0,0.0,0.0,0.0,1.0,0.0,39.0,0
41.00_65.00,2021-06-21,41.0,65.0,0.0,0.0,0.0,0.0,1.0,0.0,40.0,0
41.00_65.00,2021-06-28,41.0,65.0,0.0,0.0,0.0,0.0,1.0,0.0,41.0,0
41.00_65.00,2021-07-05,41.0,65.0,0.0,0.0,0.0,0.0,1.0,0.0,42.0,0
41.00_65.00,2021-07-12,41.0,65.0,0.0,0.0,0.0,0.0,0.0,0.0,43.0,0
41.00_65.00,2021-07-19,41.0,65.0,0.0,0.0,0.0,0.0,0.0,0.0,44.0,0
41.00_65.00,2021-07-26,41.0,65.0,0.0,0.0,0.0,0.0,0.0,0.0,45.0,0
41.00_65.00,2021-08-02,41.0,65.0,0.0,0.0,0.0,0.0,0.0,0.0,46.0,0
41.00_65.00,2021-08-09,41.0,65.0,0.0,0.0,0.0,0.0,0.0,0.0,47.0,0
41.00_65.00,2021-08-16,41.0,65.0,0.0,0.0,0.0,0.0,0.0,0.0,48.0,0
41.00_65.00,2021-08-23,41.0,65.0,0.0,0.0,0.0,0.0,0.0,0.0,49.0,0
41.00_65.00,2021-08-30,41.0,65.0,0.0,0.0,0.0,0.0,0.0,0.0,50.0,0
41.00_65.00,2021-09-06,41.0,65.0,0.0,0.0,0.0,0.0,0.0,0.0,51.0,0
41.00_65.00,2021-09-13,41.0,65.0,0.0,0.0,0.0,0.0,0.0,0.0,52.0,0
41.00_65.00,2021-09-20,41.0,65.0,0.0,0.0,0.0,0.0,0.0,0.0,53.0,0
41.00_65.00,2021-09-27,41.0,65.0,0.0,0.0,0.0,0.0,0.0,0.0,54.0,0
41.00_65.00,2021-10-04,41.0,65.0,0.0,0.0,0.0,0.0,0.0,0.0,55.0,0
41.00_65.00,2021-10-11,41.0,65.0,0.0,0.0,0.0,0.0,0.0,0.0,56.0,0
41.00_65.00,2021-10-18,41.0,65.0,0.0,0.0,0.0,0.0,0.0,0.0,57.0,0
41.00_65.00,2021-10-25,41.0,65.0,0.0,0.0,0.0,0.0,0.0,0.0,58.0,0
41.00_65.00,2021-11-01,41.0,65.0,0.0,0.0,0.0,0.0,0.0,0.0,59.0,0
41.00_65.00,2021-11-08,41.0,65.0,0.0,0.0,0.0,0.0,0.0,0.0,60.0,0
41.00_65.00,2021-11-15,41.0,65.0,0.0,0.0,0.0,0.0,0.0,0.0,61.0,0
41.00_65.00,2021-11-22,41.0,65.0,0.0,0.0,0.0,0.0,0.0,0.0,62.0,0
41.00_65.00,2021-11-29,41.0,65.0,0.0,0.0,0.0,0.0,0.0,0.0,63.0,0
41.00_65.00,2021-12-06,41.0,65.0,0.0,0.0,0.0,0.0,0.0,0.0,64.0,0
41.00_65.00,2021-12-13,41.0,65.0,0.0,0.0,0.0,0.0,0.0,0.0,65.0,0
41.00_65.00,2021-12-20,41.0,65.0,0.0,0.0,0.0,0.0,0.0,0.0,66.0,0
41.00_65.00,2021-12-27,41.0,65.0,0.0,0.0,0.0,0.0,0.0,0.0,67.0,0
41.00_65.00,2022-01-03,41.0,65.0,0.0,0.0,0.0,0.0,0.0,0.0,68.0,0
41.00_65.00,2022-01-10,41.0,65.0,0.0,0.0,0.0,0.0,0.0,0.0,69.0,0
41.00_65.00,2022-01-17,41.0,65.0,0.0,0.0,0.0,0.0,0.0,0.0,70.0,0
41.00_65.00,2022-01-24,41.0,65.0,0.0,0.0,0.0,0.0,0.0,0.0,71.0,0
41.00_65.00,2022-01-31,41.0,65.0,0.0,0.0,0.0,0.0,0.0,0.0,72.0,0
41.00_65.00,2022-02-07,41.0,65.0,0.0,0.0,0.0,0.0,0.0,0.0,73.0,0
41.00_65.00,2022-02-14,41.0,65.0,0.0,0.0,0.0,0.0,0.0,0.0,74.0,0
41.00_65.00,2022-02-21,41.0,65.0,0.0,0.0,0.0,0.0,0.0,0.0,75.0,0
41.00_65.00,2022-02-28,41.0,65.0,0.0,0.0,0.0,0.0,0.0,0.0,76.0,0
41.00_65.00,2022-03-07,41.0,65.0,0.0,0.0,0.0,0.0,0.0,0.0,77.0,0
41.00_65.00,2022-03-14,41.0,65.0,0.0,0.0,0.0,0.0,0.0,0.0,78.0,0
41.00_65.00,2022-03-21,41.0,65.0,0.0,0.0,0.0,0.0,0.0,0.0,79.0,0
41.00_65.00,2022-03-28,41.0,65.0,0.0,0.0,0.0,0.0,0.0,0.0,80.0,0
41.00_65.00,2022-04-04,41.0,65.0,0.0,0.0,0.0,0.0,0.0,0.0,81.0,0
41.00_65.00,2022-04-11,41.0,65.0,0.0,0.0,0.0,0.0,0.0,0.0,82.0,0
41.00_65.00,2022-04-18,41.0,65.0,0.0,0.0,0.0,0.0,0.0,0.0,83.0,0
41.00_65.00,2022-04-25,41.0,65.0,0.0,0.0,0.0,0.0,0.0,0.0,84.0,0
41.00_65.00,2022-05-02,41.0,65.0,0.0,0.0,0.0,0.0,0.0,0.0,85.0,0
41.00_65.00,2022-05-09,41.0,65.0,0.0,0.0,0.0,0.0,0.0,0.0,86.0,0
41.00_65.00,2022-05-16,41.0,65.0,0.0,0.0,0.0,0.0,0.0,0.0,87.0,0
41.00_65.00,2022-05-23,41.0,65.0,0.0,0.0,0.0,0.0,0.0,0.0,88.0,0
41.00_65.00,2022-05-30,41.0,65.0,0.0,0.0,0.0,0.0,0.0,0.0,89.0,0
41.00_65.00,2022-06-06,41.0,65.0,0.0,0.0,0.0,0.0,0.0,0.0,90.0,0
41.00_65.00,2022-06-13,41.0,65.0,0.0,0.0,0.0,0.0,0.0,0.0,91.0,0
41.00_65.00,2022-06-20,41.0,65.0,0.0,0.0,0.0,0.0,0.0,0.0,92.0,0
41.00_65.00,2022-06-27,41.0,65.0,0.0,0.0,0.0,0.0,0.0,0.0,93.0,0
41.00_65.00,2022-07-04,41.0,65.0,0.0,0.0,0.0,0.0,0.0,0.0,94.0,0
41.00_65.00,2022-07-11,41.0,65.0,0.0,0.0,0.0,0.0,0.0,0.0,95.0,0
41.00_65.00,2022-07-18,41.0,65.0,0.0,0.0,0.0,0.0,0.0,0.0,96.0,0
41.00_65.00,2022-07-25,41.0,65.0,0.0,0.0,0.0,0.0,0.0,0.0,97.0,0
41.00_65.00,2022-08-01,41.0,65.0,0.0,0.0,0.0,0.0,0.0,0.0,98.0,0
41.00_65.00,2022-08-08,41.0,65.0,0.0,0.0,0.0,0.0,0.0,0.0,99.0,0
41.00_65.00,2022-08-15,41.0,65.0,0.0,0.0,0.0,0.0,0.0,0.0,100.0,0
41.00_65.00,2022-08-22,41.0,65.0,0.0,0.0,0.0,0.0,0.0,0.0,101.0,0
41.00_65.00,2022-08-29,41.0,65.0,0.0,0.0,0.0,0.0,0.0,0.0,102.0,0
41.00_65.00,2022-09-05,41.0,65.0,0.0,0.0,0.0,0.0,0.0,0.0,103.0,0
41.00_65.00,2022-09-12,41.0,65.0,0.0,0.0,0.0,0.0,0.0,0.0,104.0,0
41.00_65.00,2022-09-19,41.0,65.0,0.0,0.0,0.0,0.0,0.0,0.0,105.0,0
41.00_65.00,2022-09-26,41.0,65.0,0.0,0.0,0.0,0.0,0.0,0.0,106.0,0
41.00_65.00,2022-10-03,41.0,65.0,0.0,0.0,0.0,0.0,0.0,0.0,107.0,0
41.00_65.00,2022-10-10,41.0,65.0,0.0,0.0,0.0,0.0,0.0,0.0,108.0,0
41.00_65.00,2022-10-17,41.0,65.0,0.0,0.0,0.0,0.0,0.0,0.0,109.0,0
41.00_65.00,2022-10-24,41.0,65.0,0.0,0.0,0.0,0.0,0.0,0.0,110.0,0
41.00_65.00,2022-10-31,41.0,65.0,0.0,0.0,0.0,0.0,0.0,0.0,111.0,0
41.00_65.00,2022-11-07,41.0,65.0,0.0,0.0,0.0,0.0,0.0,0.0,112.0,0
41.00_65.00,2022-11-14,41.0,65.0,0.0,0.0,0.0,0.0,0.0,0.0,113.0,0
41.00_65.00,2022-11-21,41.0,65.0,0.0,0.0,0.0,0.0,0.0,0.0,114.0,0
41.00_65.00,2022-11-28,41.0,65.0,0.0,0.0,0.0,0.0,0.0,0.0,115.0,0
41.00_65.00,2022-12-05,41.0,65.0,0.0,0.0,0.0,0.0,0.0,0.0,116.0,0
41.00_65.00,2022-12-12,41.0,65.0,0.0,0.0,0.0,0.0,0.0,0.0,117.0,0
41.00_65.00,2022-12-19,41.0,65.0,0.0,0.0,0.0,0.0,0.0,0.0,118.0,0
41.00_65.00,2022-12-26,41.0,65.0,0.0,0.0,0.0,0.0,0.0,0.0,119.0,0
41.00_65.00,2023-01-02,41.0,65.0,0.0,0.0,0.0,0.0,0.0,0.0,120.0,0
41.00_65.00,2023-01-09,41.0,65.0,0.0,0.0,0.0,0.0,0.0,0.0,121.0,0
41.00_65.00,2023-01-16,41.0,65.0,0.0,0.0,0.0,0.0,0.0,0.0,122.0,0
41.00_65.00,2023-01-23,41.0,65.0,0.0,0.0,0.0,0.0,0.0,0.0,123.0,0
41.00_65.00,2023-01-30,41.0,65.0,0.0,0.0,0.0,0.0,0.0,0.0,124.0,0
41.00_65.00,2023-02-06,41.0,65.0,0.0,0.0,0.0,0.0,0.0,0.0,125.0,0
41.00_65.00,2023-02-13,41.0,65.0,0.0,0.0,0.0,0.0,0.0,0.0,126.0,0
41.00_65.00,2023-02-20,41.0,65.0,0.0,0.0,0.0,0.0,0.0,0.0,127.0,0
41.00_65.00,2023-02-27,41.0,65.0,0.0,0.0,0.0,0.0,0.0,0.0,128.0,0
41.00_65.00,2023-03-06,41.0,65.0,0.0,0.0,0.0,0.0,0.0,0.0,129.0,0
41.00_65.00,2023-03-13,41.0,65.0,0.0,0.0,0.0,0.0,0.0,0.0,130.0,0
41.00_65.00,2023-03-20,41.0,65.0,0.0,0.0,0.0,0.0,0.0,0.0,131.0,0
41.00_65.00,2023-03-27,41.0,65.0,0.0,0.0,0.0,0.0,0.0,0.0,132.0,0
41.00_65.00,2023-04-03,41.0,65.0,0.0,0.0,0.0,0.0,0.0,0.0,133.0,0
41.00_65.00,2023-04-10,41.0,65.0,0.0,0.0,0.0,0.0,0.0,0.0,134.0,0
41.00_65.00,2023-04-17,41.0,65.0,0.0,0.0,0.0,0.0,0.0,0.0,135.0,0
41.00_65.00,2023-04-24,41.0,65.0,0.0,0.0,0.0,0.0,0.0,0.0,136.0,0
41.00_65.00,2023-05-01,41.0,65.0,0.0,0.0,0.0,0.0,0.0,0.0,137.0,0
41.00_65.00,2023-05-08,41.0,65.0,0.0,0.0,0.0,0.0,0.0,0.0,138.0,0
41.00_65.00,2023-05-15,41.0,65.0,0.0,0.0,0.0,0.0,0.0,0.0,139.0,0
41.00_65.00,2023-05-22,41.0,65.0,0.0,0.0,0.0,0.0,0.0,0.0,140.0,0
41.00_65.00,2023-05-29,41.0,65.0,0.0,0.0,0.0,0.0,0.0,0.0,141.0,0
41.00_65.00,2023-06-05,41.0,65.0,0.0,0.0,0.0,0.0,0.0,0.0,142.0,0
41.00_65.00,2023-06-12,41.0,65.0,0.0,0.0,0.0,0.0,0.0,0.0,143.0,0
41.00_65.00,2023-06-19,41.0,65.0,0.0,0.0,0.0,0.0,0.0,0.0,144.0,0
41.00_65.00,2023-06-26,41.0,65.0,0.0,0.0,0.0,0.0,0.0,0.0,145.0,0
41.00_65.00,2023-07-03,41.0,65.0,0.0,0.0,0.0,0.0,0.0,0.0,146.0,0
41.00_65.00,2023-07-10,41.0,65.0,0.0,0.0,0.0,0.0,0.0,0.0,147.0,0
41.00_65.00,2023-07-17,41.0,65.0,0.0,0.0,0.0,0.0,0.0,0.0,148.0,0
41.00_65.00,2023-07-24,41.0,65.0,0.0,0.0,0.0,0.0,0.0,0.0,149.0,0
41.00_65.00,2023-07-31,41.0,65.0,0.0,0.0,0.0,0.0,0.0,0.0,150.0,0
41.00_65.00,2023-08-07,41.0,65.0,0.0,0.0,0.0,0.0,0.0,0.0,151.0,0
41.00_65.00,2023-08-14,41.0,65.0,0.0,0.0,0.0,0.0,0.0,0.0,152.0,0
41.00_65.00,2023-08-21,41.0,65.0,0.0,0.0,0.0,0.0,0.0,0.0,153.0,0
41.00_65.00,2023-08-28,41.0,65.0,0.0,0.0,0.0,0.0,0.0,0.0,154.0,0
41.00_65.00,2023-09-04,41.0,65.0,0.0,0.0,0.0,0.0,0.0,0.0,155.0,0
41.00_65.00,2023-09-11,41.0,65.0,0.0,0.0,0.0,0.0,0.0,0.0,156.0,0
41.00_65.00,2023-09-18,41.0,65.0,0.0,0.0,0.0,0.0,0.0,0.0,157.0,0
41.00_65.00,2023-09-25,41.0,65.0,0.0,0.0,0.0,0.0,0.0,0.0,158.0,0
41.00_65.00,2023-10-02,41.0,65.0,0.0,0.0,0.0,0.0,0.0,0.0,159.0,0
41.00_65.00,2023-10-09,41.0,65.0,0.0,0.0,0.0,0.0,0.0,0.0,160.0,0
41.00_65.00,2023-10-16,41.0,65.0,0.0,0.0,0.0,0.0,0.0,0.0,161.0,0
41.00_65.00,2023-10-23,41.0,65.0,0.0,0.0,0.0,0.0,0.0,0.0,162.0,0
41.00_65.00,2023-10-30,41.0,65.0,0.0,0.0,0.0,0.0,0.0,0.0,163.0,0
41.00_65.00,2023-11-06,41.0,65.0,0.0,0.0,0.0,0.0,0.0,0.0,164.0,0
41.00_65.00,2023-11-13,41.0,65.0,0.0,0.0,0.0,0.0,0.0,0.0,165.0,0
41.00_65.00,2023-11-20,41.0,65.0,0.0,0.0,0.0,0.0,0.0,0.0,166.0,0
41.00_65.00,2023-11-27,41.0,65.0,0.0,0.0,0.0,0.0,0.0,0.0,167.0,0
41.00_65.00,2023-12-04,41.0,65.0,0.0,0.0,0.0,0.0,0.0,0.0,168.0,0
41.00_65.00,2023-12-11,41.0,65.0,0.0,0.0,0.0,0.0,0.0,0.0,169.0,0
41.00_65.00,2023-12-18,41.0,65.0,0.0,0.0,0.0,0.0,0.0,0.0,170.0,0
41.00_65.00,2023-12-25,41.0,65.0,0.0,0.0,0.0,0.0,0.0,0.0,171.0,0
41.00_68.00,2010-03-22,41.0,68.0,0.0,0.0,0.0,0.0,0.0,0.0,500.0,0
41.00_68.00,2010-03-29,41.0,68.0,0.0,0.0,0.0,0.0,0.0,0.0,500.0,0
41.00_68.00,2010-04-05,41.0,68.0,0.0,0.0,0.0,0.0,0.0,0.0,500.0,1
41.00_68.00,2010-04-12,41.0,68.0,1.0,4.3,4.3,4.3,1.0,2818382.9312644494,500.0,0
41.00_68.00,2010-04-19,41.0,68.0,0.0,0.0,0.0,4.3,1.0,2818382.9312644494,500.0,0
41.00_68.00,2010-04-26,41.0,68.0,0.0,0.0,0.0,4.3,1.0,2818382.9312644494,500.0,0
41.00_68.00,2010-05-03,41.0,68.0,0.0,0.0,0.0,4.3,1.0,2818382.9312644494,500.0,0
41.00_68.00,2010-05-10,41.0,68.0,0.0,0.0,0.0,0.0,1.0,2818382.9312644494,500.0,0
41.00_68.00,2010-05-17,41.0,68.0,0.0,0.0,0.0,0.0,1.0,2818382.9312644494,500.0,0
41.00_68.00,2010-05-24,41.0,68.0,0.0,0.0,0.0,0.0,1.0,2818382.9312644494,500.0,0
41.00_68.00,2010-05-31,41.0,68.0,0.0,0.0,0.0,0.0,1.0,2818382.9312644494,500.0,0
41.00_68.00,2010-06-07,41.0,68.0,0.0,0.0,0.0,0.0,1.0,0.0,500.0,0
41.00_68.00,2010-06-14,41.0,68.0,0.0,0.0,0.0,0.0,1.0,0.0,500.0,0
41.00_68.00,2010-06-21,41.0,68.0,0.0,0.0,0.0,0.0,1.0,0.0,500.0,0
41.00_68.00,2010-06-28,41.0,68.0,0.0,0.0,0.0,0.0,1.0,0.0,500.0,0
41.00_68.00,2010-07-05,41.0,68.0,0.0,0.0,0.0,0.0,0.0,0.0,500.0,0
41.00_68.00,2010-07-12,41.0,68.0,0.0,0.0,0.0,0.0,0.0,0.0,500.0,0
41.00_68.00,2010-07-19,41.0,68.0,0.0,0.0,0.0,0.0,0.0,0.0,500.0,0
41.00_68.00,2010-07-26,41.0,68.0,0.0,0.0,0.0,0.0,0.0,0.0,500.0,0
41.00_68.00,2010-08-02,41.0,68.0,0.0,0.0,0.0,0.0,0.0,0.0,500.0,0
41.00_68.00,2010-08-09,41.0,68.0,0.0,0.0,0.0,0.0,0.0,0.0,500.0,0
41.00_68.00,2010-08-16,41.0,68.0,0.0,0.0,0.0,0.0,0.0,0.0,500.0,0
41.00_68.00,2010-08-23,41.0,68.0,0.0,0.0,0.0,0.0,0.0,0.0,500.0,0
41.00_68.00,2010-08-30,41.0,68.0,0.0,0.0,0.0,0.0,0.0,0.0,500.0,0
41.00_68.00,2010-09-06,41.0,68.0,0.0,0.0,0.0,0.0,0.0,0.0,500.0,0
41.00_68.00,2010-09-13,41.0,68.0,0.0,0.0,0.0,0.0,0.0,0.0,500.0,0
41.00_68.00,2010-09-20,41.0,68.0,0.0,0.0,0.0,0.0,0.0,0.0,500.0,0
41.00_68.00,2010-09-27,41.0,68.0,0.0,0.0,0.0,0.0,0.0,0.0,500.0,0
41.00_68.00,2010-10-04,41.0,68.0,0.0,0.0,0.0,0.0,0.0,0.0,500.0,0
41.00_68.00,2010-10-11,41.0,68.0,0.0,0.0,0.0,0.0,0.0,0.0,500.0,0
41.00_68.00,2010-10-18,41.0,68.0,0.0,0.0,0.0,0.0,0.0,0.0,500.0,0
41.00_68.00,2010-10-25,41.0,68.0,0.0,0.0,0.0,0.0,0.0,0.0,500.0,0
41.00_68.00,2010-11-01,41.0,68.0,0.0,0.0,0.0,0.0,0.0,0.0,500.0,0
41.00_68.00,2010-11-08,41.0,68.0,0.0,0.0,0.0,0.0,0.0,0.0,500.0,0
41.00_68.00,2010-11-15,41.0,68.0,0.0,0.0,0.0,0.0,0.0,0.0,500.0,0
41.00_68.00,2010-11-22,41.0,68.0,0.0,0.0,0.0,0.0,0.0,0.0,500.0,0
41.00_68.00,2010-11-29,41.0,68.0,0.0,0.0,0.0,0.0,0.0,0.0,500.0,0
41.00_68.00,2010-12-06,41.0,68.0,0.0,0.0,0.0,0.0,0.0,0.0,500.0,0
41.00_68.00,2010-12-13,41.0,68.0,0.0,0.0,0.0,0.0,0.0,0.0,500.0,0
41.00_68.00,2010-12-20,41.0,68.0,0.0,0.0,0.0,0.0,0.0,0.0,500.0,0
41.00_68.00,2010-12-27,41.0,68.0,0.0,0.0,0.0,0.0,0.0,0.0,500.0,0
41.00_68.00,2011-01-03,41.0,68.0,0.0,0.0,0.0,0.0,0.0,0.0,500.0,0
41.00_68.00,2011-01-10,41.0,68.0,0.0,0.0,0.0,0.0,0.0,0.0,500.0,1
41.00_68.00,2011-01-17,41.0,68.0,1.0,4.2,4.2,4.2,1.0,1995262.3149688828,500.0,0
41.00_68.00,2011-01-24,41.0,68.0,0.0,0.0,0.0,4.2,1.0,1995262.3149688828,500.0,0
41.00_68.00,2011-01-31,41.0,68.0,0.0,0.0,0.0,4.2,1.0,1995262.3149688828,500.0,0
41.00_68.00,2011-02-07,41.0,68.0,0.0,0.0,0.0,4.2,1.0,1995262.3149688828,500.0,0
41.00_68.00,2011-02-14,41.0,68.0,0.0,0.0,0.0,0.0,1.0,1995262.3149688828,500.0,0
41.00_68.00,2011-02-21,41.0,68.0,0.0,0.0,0.0,0.0,1.0,1995262.3149688828,500.0,0
41.00_68.00,2011-02-28,41.0,68.0,0.0,0.0,0.0,0.0,1.0,1995262.3149688828,500.0,0
41.00_68.00,2011-03-07,41.0,68.0,0.0,0.0,0.0,0.0,1.0,1995262.3149688828,500.0,0
41.00_68.00,2011-03-14,41.0,68.0,0.0,0.0,0.0,0.0,1.0,0.0,500.0,0
41.00_68.00,2011-03-21,41.0,68.0,0.0,0.0,0.0,0.0,1.0,0.0,500.0,0
41.00_68.00,2011-03-28,41.0,68.0,0.0,0.0,0.0,0.0,1.0,0.0,500.0,0
41.00_68.00,2011-04-04,41.0,68.0,0.0,0.0,0.0,0.0,1.0,0.0,500.0,0
41.00_68.00,2011-04-11,41.0,68.0,0.0,0.0,0.0,0.0,0.0,0.0,500.0,0
41.00_68.00,2011-04-18,41.0,68.0,0.0,0.0,0.0,0.0,0.0,0.0,500.0,0
41.00_68.00,2011-04-25,41.0,68.0,0.0,0.0,0.0,0.0,0.0,0.0,500.0,0
41.00_68.00,2011-05-02,41.0,68.0,0.0,0.0,0.0,0.0,0.0,0.0,500.0,0
41.00_68.00,2011-05-09,41.0,68.0,0.0,0.0,0.0,0.0,0.0,0.0,500.0,0
41.00_68.00,2011-05-16,41.0,68.0,0.0,0.0,0.0,0.0,0.0,0.0,500.0,0
41.00_68.00,2011-05-23,41.0,68.0,0.0,0.0,0.0,0.0,0.0,0.0,500.0,0
41.00_68.00,2011-05-30,41.0,68.0,0.0,0.0,0.0,0.0,0.0,0.0,500.0,0
41.00_68.00,2011-06-06,41.0,68.0,0.0,0.0,0.0,0.0,0.0,0.0,500.0,0
41.00_68.00,2011-06-13,41.0,68.0,0.0,0.0,0.0,0.0,0.0,0.0,500.0,0
41.00_68.00,2011-06-20,41.0,68.0,0.0,0.0,0.0,0.0,0.0,0.0,500.0,0
41.00_68.00,2011-06-27,41.0,68.0,0.0,0.0,0.0,0.0,0.0,0.0,500.0,0
41.00_68.00,2011-07-04,41.0,68.0,0.0,0.0,0.0,0.0,0.0,0.0,500.0,0
41.00_68.00,2011-07-11,41.0,68.0,0.0,0.0,0.0,0.0,0.0,0.0,500.0,0
41.00_68.00,2011-07-18,41.0,68.0,0.0,0.0,0.0,0.0,0.0,0.0,500.0,0
41.00_68.00,2011-07-25,41.0,68.0,0.0,0.0,0.0,0.0,0.0,0.0,500.0,0
41.00_68.00,2011-08-01,41.0,68.0,0.0,0.0,0.0,0.0,0.0,0.0,500.0,0
41.00_68.00,2011-08-08,41.0,68.0,0.0,0.0,0.0,0.0,0.0,0.0,500.0,0
41.00_68.00,2011-08-15,41.0,68.0,0.0,0.0,0.0,0.0,0.0,0.0,500.0,0
41.00_68.00,2011-08-22,41.0,68.0,0.0,0.0,0.0,0.0,0.0,0.0,500.0,0
41.00_68.00,2011-08-29,41.0,68.0,0.0,0.0,0.0,0.0,0.0,0.0,500.0,0
41.00_68.00,2011-09-05,41.0,68.0,0.0,0.0,0.0,0.0,0.0,0.0,500.0,0
41.00_68.00,2011-09-12,41.0,68.0,0.0,0.0,0.0,0.0,0.0,0.0,500.0,0
41.00_68.00,2011-09-19,41.0,68.0,0.0,0.0,0.0,0.0,0.0,0.0,500.0,0
41.00_68.00,2011-09-26,41.0,68.0,0.0,0.0,0.0,0.0,0.0,0.0,500.0,0
41.00_68.00,2011-10-03,41.0,68.0,0.0,0.0,0.0,0.0,0.0,0.0,500.0,0
41.00_68.00,2011-10-10,41.0,68.0,0.0,0.0,0.0,0.0,0.0,0.0,500.0,0
41.00_68.00,2011-10-17,41.0,68.0,0.0,0.0,0.0,0.0,0.0,0.0,500.0,0
41.00_68.00,2011-10-24,41.0,68.0,0.0,0.0,0.0,0.0,0.0,0.0,500.0,0
41.00_68.00,2011-10-31,41.0,68.0,0.0,0.0,0.0,0.0,0.0,0.0,500.0,0
41.00_68.00,2011-11-07,41.0,68.0,0.0,0.0,0.0,0.0,0.0,0.0,500.0,0
41.00_68.00,2011-11-14,41.0,68.0,0.0,0.0,0.0,0.0,0.0,0.0,500.0,0
41.00_68.00,2011-11-21,41.0,68.0,0.0,0.0,0.0,0.0,0.0,0.0,500.0,0
41.00_68.00,2011-11-28,41.0,68.0,0.0,0.0,0.0,0.0,0.0,0.0,500.0,0
41.00_68.00,2011-12-05,41.0,68.0,0.0,0.0,0.0,0.0,0.0,0.0,500.0,0
41.00_68.00,2011-12-12,41.0,68.0,0.0,0.0,0.0,0.0,0.0,0.0,500.0,0
41.00_68.00,2011-12-19,41.0,68.0,0.0,0.0,0.0,0.0,0.0,0.0,500.0,0
41.00_68.00,2011-12-26,41.0,68.0,0.0,0.0,0.0,0.0,0.0,0.0,500.0,0
41.00_68.00,2012-01-02,41.0,68.0,0.0,0.0,0.0,0.0,0.0,0.0,500.0,0
41.00_68.00,2012-01-09,41.0,68.0,0.0,0.0,0.0,0.0,0.0,0.0,500.0,0
41.00_68.00,2012-01-16,41.0,68.0,0.0,0.0,0.0,0.0,0.0,0.0,500.0,0
41.00_68.00,2012-01-23,41.0,68.0,0.0,0.0,0.0,0.0,0.0,0.0,500.0,0
41.00_68.00,2012-01-30,41.0,68.0,0.0,0.0,0.0,0.0,0.0,0.0,500.0,0
41.00_68.00,2012-02-06,41.0,68.0,0.0,0.0,0.0,0.0,0.0,0.0,500.0,0
41.00_68.00,2012-02-13,41.0,68.0,0.0,0.0,0.0,0.0,0.0,0.0,500.0,0
41.00_68.00,2012-02-20,41.0,68.0,0.0,0.0,0.0,0.0,0.0,0.0,500.0,0
41.00_68.00,2012-02-27,41.0,68.0,0.0,0.0,0.0,0.0,0.0,0.0,500.0,0
41.00_68.00,2012-03-05,41.0,68.0,0.0,0.0,0.0,0.0,0.0,0.0,500.0,0
41.00_68.00,2012-03-12,41.0,68.0,0.0,0.0,0.0,0.0,0.0,0.0,500.0,0
41.00_68.00,2012-03-19,41.0,68.0,0.0,0.0,0.0,0.0,0.0,0.0,500.0,0
41.00_68.00,2012-03-26,41.0,68.0,0.0,0.0,0.0,0.0,0.0,0.0,500.0,0
41.00_68.00,2012-04-02,41.0,68.0,0.0,0.0,0.0,0.0,0.0,0.0,500.0,0
41.00_68.00,2012-04-09,41.0,68.0,0.0,0.0,0.0,0.0,0.0,0.0,500.0,0
41.00_68.00,2012-04-16,41.0,68.0,0.0,0.0,0.0,0.0,0.0,0.0,500.0,0
41.00_68.00,2012-04-23,41.0,68.0,0.0,0.0,0.0,0.0,0.0,0.0,500.0,0
41.00_68.00,2012-04-30,41.0,68.0,0.0,0.0,0.0,0.0,0.0,0.0,500.0,0
41.00_68.00,2012-05-07,41.0,68.0,0.0,0.0,0.0,0.0,0.0,0.0,500.0,0
41.00_68.00,2012-05-14,41.0,68.0,0.0,0.0,0.0,0.0,0.0,0.0,500.0,0
41.00_68.00,2012-05-21,41.0,68.0,0.0,0.0,0.0,0.0,0.0,0.0,500.0,0
41.00_68.00,2012-05-28,41.0,68.0,0.0,0.0,0.0,0.0,0.0,0.0,500.0,0
41.00_68.00,2012-06-04,41.0,68.0,0.0,0.0,0.0,0.0,0.0,0.0,500.0,1
41.00_68.00,2012-06-11,41.0,68.0,1.0,4.5,4.5,4.5,1.0,5623413.251903491,0.0,0
41.00_68.00,2012-06-18,41.0,68.0,0.0,0.0,0.0,4.5,1.0,5623413.251903491,1.0,0
41.00_68.00,2012-06-25,41.0,68.0,0.0,0.0,0.0,4.5,1.0,5623413.251903491,2.0,0
41.00_68.00,2012-07-02,41.0,68.0,0.0,0.0,0.0,4.5,1.0,5623413.251903491,3.0,0
41.00_68.00,2012-07-09,41.0,68.0,0.0,0.0,0.0,0.0,1.0,5623413.251903491,4.0,0
41.00_68.00,2012-07-16,41.0,68.0,0.0,0.0,0.0,0.0,1.0,5623413.251903491,5.0,0
41.00_68.00,2012-07-23,41.0,68.0,0.0,0.0,0.0,0.0,1.0,5623413.251903491,6.0,0
41.00_68.00,2012-07-30,41.0,68.0,0.0,0.0,0.0,0.0,1.0,5623413.251903491,7.0,0
41.00_68.00,2012-08-06,41.0,68.0,0.0,0.0,0.0,0.0,1.0,0.0,8.0,0
41.00_68.00,2012-08-13,41.0,68.0,0.0,0.0,0.0,0.0,1.0,0.0,9.0,0
41.00_68.00,2012-08-20,41.0,68.0,0.0,0.0,0.0,0.0,1.0,0.0,10.0,1
41.00_68.00,2012-08-27,41.0,68.0,1.0,4.2,4.2,4.2,2.0,1995262.3149688828,11.0,0
41.00_68.00,2012-09-03,41.0,68.0,0.0,0.0,0.0,4.2,1.0,1995262.3149688828,12.0,0
41.00_68.00,2012-09-10,41.0,68.0,0.0,0.0,0.0,4.2,1.0,1995262.3149688828,13.0,0
41.00_68.00,2012-09-17,41.0,68.0,0.0,0.0,0.0,4.2,1.0,1995262.3149688828,14.0,0
41.00_68.00,2012-09-24,41.0,68.0,0.0,0.0,0.0,0.0,1.0,1995262.3149688828,15.0,0
41.00_68.00,2012-10-01,41.0,68.0,0.0,0.0,0.0,0.0,1.0,1995262.3149688828,16.0,1
41.00_68.00,2012-10-08,41.0,68.0,1.0,4.1,4.1,4.1,2.0,3407799.8595916354,17.0,0
41.00_68.00,2012-10-15,41.0,68.0,0.0,0.0,0.0,4.1,2.0,3407799.8595916354,18.0,0
41.00_68.00,2012-10-22,41.0,68.0,0.0,0.0,0.0,4.1,2.0,1412537.5446227526,19.0,0
41.00_68.00,2012-10-29,41.0,68.0,0.0,0.0,0.0,4.1,2.0,1412537.5446227526,20.0,0
41.00_68.00,2012-11-05,41.0,68.0,0.0,0.0,0.0,0.0,2.0,1412537.5446227526,21.0,0
41.00_68.00,2012-11-12,41.0,68.0,0.0,0.0,0.0,0.0,2.0,1412537.5446227526,22.0,0
41.00_68.00,2012-11-19,41.0,68.0,0.0,0.0,0.0,0.0,1.0,1412537.5446227526,23.0,0
41.00_68.00,2012-11-26,41.0,68.0,0.0,0.0,0.0,0.0,1.0,1412537.5446227526,24.0,0
41.00_68.00,2012-12-03,41.0,68.0,0.0,0.0,0.0,0.0,1.0,0.0,25.0,0
41.00_68.00,2012-12-10,41.0,68.0,0.0,0.0,0.0,0.0,1.0,0.0,26.0,0
41.00_68.00,2012-12-17,41.0,68.0,0.0,0.0,0.0,0.0,1.0,0.0,27.0,0
41.00_68.00,2012-12-24,41.0,68.0,0.0,0.0,0.0,0.0,1.0,0.0,28.0,0
41.00_68.00,2012-12-31,41.0,68.0,0.0,0.0,0.0,0.0,0.0,0.0,29.0,0
41.00_68.00,2013-01-07,41.0,68.0,0.0,0.0,0.0,0.0,0.0,0.0,30.0,0
41.00_68.00,2013-01-14,41.0,68.0,0.0,0.0,0.0,0.0,0.0,0.0,31.0,0
41.00_68.00,2013-01-21,41.0,68.0,0.0,0.0,0.0,0.0,0.0,0.0,32.0,0
41.00_68.00,2013-01-28,41.0,68.0,0.0,0.0,0.0,0.0,0.0,0.0,33.0,0
41.00_68.00,2013-02-04,41.0,68.0,0.0,0.0,0.0,0.0,0.0,0.0,34.0,0
41.00_68.00,2013-02-11,41.0,68.0,0.0,0.0,0.0,0.0,0.0,0.0,35.0,1
41.00_68.00,2013-02-18,41.0,68.0,1.0,4.4,4.4,4.4,1.0,3981071.7055349774,36.0,1
41.00_68.00,2013-02-25,41.0,68.0,1.0,4.1,4.1,4.4,2.0,5393609.25015773,37.0,0
41.00_68.00,2013-03-04,41.0,68.0,0.0,0.0,0.0,4.4,2.0,5393609.25015773,38.0,0
41.00_68.00,2013-03-11,41.0,68.0,0.0,0.0,0.0,4.4,2.0,5393609.25015773,39.0,0
41.00_68.00,2013-03-18,41.0,68.0,0.0,0.0,0.0,4.1,2.0,5393609.25015773,40.0,0
41.00_68.00,2013-03-25,41.0,68.0,0.0,0.0,0.0,0.0,2.0,5393609.25015773,41.0,0
41.00_68.00,2013-04-01,41.0,68.0,0.0,0.0,0.0,0.0,2.0,5393609.25015773,42.0,0
41.00_68.00,2013-04-08,41.0,68.0,0.0,0.0,0.0,0.0,2.0,5393609.25015773,43.0,0
41.00_68.00,2013-04-15,41.0,68.0,0.0,0.0,0.0,0.0,2.0,1412537.5446227526,44.0,0
41.00_68.00,2013-04-22,41.0,68.0,0.0,0.0,0.0,0.0,2.0,0.0,45.0,0
41.00_68.00,2013-04-29,41.0,68.0,0.0,0.0,0.0,0.0,2.0,0.0,46.0,0
41.00_68.00,2013-05-06,41.0,68.0,0.0,0.0,0.0,0.0,2.0,0.0,47.0,0
41.00_68.00,2013-05-13,41.0,68.0,0.0,0.0,0.0,0.0,1.0,0.0,48.0,0
41.00_68.00,2013-05-20,41.0,68.0,0.0,0.0,0.0,0.0,0.0,0.0,49.0,0
41.00_68.00,2013-05-27,41.0,68.0,0.0,0.0,0.0,0.0,0.0,0.0,50.0,0
41.00_68.00,2013-06-03,41.0,68.0,0.0,0.0,0.0,0.0,0.0,0.0,51.0,0
41.00_68.00,2013-06-10,41.0,68.0,0.0,0.0,0.0,0.0,0.0,0.0,52.0,0
41.00_68.00,2013-06-17,41.0,68.0,0.0,0.0,0.0,0.0,0.0,0.0,53.0,0
41.00_68.00,2013-06-24,41.0,68.0,0.0,0.0,0.0,0.0,0.0,0.0,54.0,0
41.00_68.00,2013-07-01,41.0,68.0,0.0,0.0,0.0,0.0,0.0,0.0,55.0,0
41.00_68.00,2013-07-08,41.0,68.0,0.0,0.0,0.0,0.0,0.0,0.0,56.0,0
41.00_68.00,2013-07-15,41.0,68.0,0.0,0.0,0.0,0.0,0.0,0.0,57.0,0
41.00_68.00,2013-07-22,41.0,68.0,0.0,0.0,0.0,0.0,0.0,0.0,58.0,0
41.00_68.00,2013-07-29,41.0,68.0,0.0,0.0,0.0,0.0,0.0,0.0,59.0,0
41.00_68.00,2013-08-05,41.0,68.0,0.0,0.0,0.0,0.0,0.0,0.0,60.0,0
41.00_68.00,2013-08-12,41.0,68.0,0.0,0.0,0.0,0.0,0.0,0.0,61.0,0
41.00_68.00,2013-08-19,41.0,68.0,0.0,0.0,0.0,0.0,0.0,0.0,62.0,0
41.00_68.00,2013-08-26,41.0,68.0,0.0,0.0,0.0,0.0,0.0,0.0,63.0,0
41.00_68.00,2013-09-02,41.0,68.0,0.0,0.0,0.0,0.0,0.0,0.0,64.0,0
41.00_68.00,2013-09-09,41.0,68.0,0.0,0.0,0.0,0.0,0.0,0.0,65.0,0
41.00_68.00,2013-09-16,41.0,68.0,0.0,0.0,0.0,0.0,0.0,0.0,66.0,0
41.00_68.00,2013-09-23,41.0,68.0,0.0,0.0,0.0,0.0,0.0,0.0,67.0,2
41.00_68.00,2013-09-30,41.0,68.0,2.0,4.6,4.3,4.6,2.0,10761665.278507255,0.0,0
41.00_68.00,2013-10-07,41.0,68.0,0.0,0.0,0.0,4.6,2.0,10761665.278507255,1.0,0
41.00_68.00,2013-10-14,41.0,68.0,0.0,0.0,0.0,4.6,2.0,10761665.278507255,2.0,0
41.00_68.00,2013-10-21,41.0,68.0,0.0,0.0,0.0,4.6,2.0,10761665.278507255,3.0,0
41.00_68.00,2013-10-28,41.0,68.0,0.0,0.0,0.0,0.0,2.0,10761665.278507255,4.0,0
41.00_68.00,2013-11-04,41.0,68.0,0.0,0.0,0.0,0.0,2.0,10761665.278507255,5.0,0
41.00_68.00,2013-11-11,41.0,68.0,0.0,0.0,0.0,0.0,2.0,10761665.278507255,6.0,0
41.00_68.00,2013-11-18,41.0,68.0,0.0,0.0,0.0,0.0,2.0,10761665.278507255,7.0,0
41.00_68.00,2013-11-25,41.0,68.0,0.0,0.0,0.0,0.0,2.0,0.0,8.0,0
41.00_68.00,2013-12-02,41.0,68.0,0.0,0.0,0.0,0.0,2.0,0.0,9.0,0
41.00_68.00,2013-12-09,41.0,68.0,0.0,0.0,0.0,0.0,2.0,0.0,10.0,0
41.00_68.00,2013-12-16,41.0,68.0,0.0,0.0,0.0,0.0,2.0,0.0,11.0,0
41.00_68.00,2013-12-23,41.0,68.0,0.0,0.0,0.0,0.0,0.0,0.0,12.0,0
41.00_68.00,2013-12-30,41.0,68.0,0.0,0.0,0.0,0.0,0.0,0.0,13.0,0
41.00_68.00,2014-01-06,41.0,68.0,0.0,0.0,0.0,0.0,0.0,0.0,14.0,0
41.00_68.00,2014-01-13,41.0,68.0,0.0,0.0,0.0,0.0,0.0,0.0,15.0,0
41.00_68.00,2014-01-20,41.0,68.0,0.0,0.0,0.0,0.0,0.0,0.0,16.0,0
41.00_68.00,2014-01-27,41.0,68.0,0.0,0.0,0.0,0.0,0.0,0.0,17.0,0
41.00_68.00,2014-02-03,41.0,68.0,0.0,0.0,0.0,0.0,0.0,0.0,18.0,0
41.00_68.00,2014-02-10,41.0,68.0,0.0,0.0,0.0,0.0,0.0,0.0,19.0,0
41.00_68.00,2014-02-17,41.0,68.0,0.0,0.0,0.0,0.0,0.0,0.0,20.0,0
41.00_68.00,2014-02-24,41.0,68.0,0.0,0.0,0.0,0.0,0.0,0.0,21.0,0
41.00_68.00,2014-03-03,41.0,68.0,0.0,0.0,0.0,0.0,0.0,0.0,22.0,0
41.00_68.00,2014-03-10,41.0,68.0,0.0,0.0,0.0,0.0,0.0,0.0,23.0,0
41.00_68.00,2014-03-17,41.0,68.0,0.0,0.0,0.0,0.0,0.0,0.0,24.0,0
41.00_68.00,2014-03-24,41.0,68.0,0.0,0.0,0.0,0.0,0.0,0.0,25.0,0
41.00_68.00,2014-03-31,41.0,68.0,0.0,0.0,0.0,0.0,0.0,0.0,26.0,0
41.00_68.00,2014-04-07,41.0,68.0,0.0,0.0,0.0,0.0,0.0,0.0,27.0,0
41.00_68.00,2014-04-14,41.0,68.0,0.0,0.0,0.0,0.0,0.0,0.0,28.0,0
41.00_68.00,2014-04-21,41.0,68.0,0.0,0.0,0.0,0.0,0.0,0.0,29.0,0
41.00_68.00,2014-04-28,41.0,68.0,0.0,0.0,0.0,0.0,0.0,0.0,30.0,0
41.00_68.00,2014-05-05,41.0,68.0,0.0,0.0,0.0,0.0,0.0,0.0,31.0,0
41.00_68.00,2014-05-12,41.0,68.0,0.0,0.0,0.0,0.0,0.0,0.0,32.0,0
41.00_68.00,2014-05-19,41.0,68.0,0.0,0.0,0.0,0.0,0.0,0.0,33.0,0
41.00_68.00,2014-05-26,41.0,68.0,0.0,0.0,0.0,0.0,0.0,0.0,34.0,0
41.00_68.00,2014-06-02,41.0,68.0,0.0,0.0,0.0,0.0,0.0,0.0,35.0,0
41.00_68.00,2014-06-09,41.0,68.0,0.0,0.0,0.0,0.0,0.0,0.0,36.0,0
41.00_68.00,2014-06-16,41.0,68.0,0.0,0.0,0.0,0.0,0.0,0.0,37.0,0
41.00_68.00,2014-06-23,41.0,68.0,0.0,0.0,0.0,0.0,0.0,0.0,38.0,0
41.00_68.00,2014-06-30,41.0,68.0,0.0,0.0,0.0,0.0,0.0,0.0,39.0,0
41.00_68.00,2014-07-07,41.0,68.0,0.0,0.0,0.0,0.0,0.0,0.0,40.0,0
41.00_68.00,2014-07-14,41.0,68.0,0.0,0.0,0.0,0.0,0.0,0.0,41.0,0
41.00_68.00,2014-07-21,41.0,68.0,0.0,0.0,0.0,0.0,0.0,0.0,42.0,0
41.00_68.00,2014-07-28,41.0,68.0,0.0,0.0,0.0,0.0,0.0,0.0,43.0,0
41.00_68.00,2014-08-04,41.0,68.0,0.0,0.0,0.0,0.0,0.0,0.0,44.0,0
41.00_68.00,2014-08-11,41.0,68.0,0.0,0.0,0.0,0.0,0.0,0.0,45.0,0
41.00_68.00,2014-08-18,41.0,68.0,0.0,0.0,0.0,0.0,0.0,0.0,46.0,0
41.00_68.00,2014-08-25,41.0,68.0,0.0,0.0,0.0,0.0,0.0,0.0,47.0,0
41.00_68.00,2014-09-01,41.0,68.0,0.0,0.0,0.0,0.0,0.0,0.0,48.0,0
41.00_68.00,2014-09-08,41.0,68.0,0.0,0.0,0.0,0.0,0.0,0.0,49.0,0
41.00_68.00,2014-09-15,41.0,68.0,0.0,0.0,0.0,0.0,0.0,0.0,50.0,0
41.00_68.00,2014-09-22,41.0,68.0,0.0,0.0,0.0,0.0,0.0,0.0,51.0,0
41.00_68.00,2014-09-29,41.0,68.0,0.0,0.0,0.0,0.0,0.0,0.0,52.0,0
41.00_68.00,2014-10-06,41.0,68.0,0.0,0.0,0.0,0.0,0.0,0.0,53.0,0
41.00_68.00,2014-10-13,41.0,68.0,0.0,0.0,0.0,0.0,0.0,0.0,54.0,0
41.00_68.00,2014-10-20,41.0,68.0,0.0,0.0,0.0,0.0,0.0,0.0,55.0,0
41.00_68.00,2014-10-27,41.0,68.0,0.0,0.0,0.0,0.0,0.0,0.0,56.0,0
41.00_68.00,2014-11-03,41.0,68.0,0.0,0.0,0.0,0.0,0.0,0.0,57.0,0
41.00_68.00,2014-11-10,41.0,68.0,0.0,0.0,0.0,0.0,0.0,0.0,58.0,0
41.00_68.00,2014-11-17,41.0,68.0,0.0,0.0,0.0,0.0,0.0,0.0,59.0,0
41.00_68.00,2014-11-24,41.0,68.0,0.0,0.0,0.0,0.0,0.0,0.0,60.0,0
41.00_68.00,2014-12-01,41.0,68.0,0.0,0.0,0.0,0.0,0.0,0.0,61.0,0
41.00_68.00,2014-12-08,41.0,68.0,0.0,0.0,0.0,0.0,0.0,0.0,62.0,0
41.00_68.00,2014-12-15,41.0,68.0,0.0,0.0,0.0,0.0,0.0,0.0,63.0,0
41.00_68.00,2014-12-22,41.0,68.0,0.0,0.0,0.0,0.0,0.0,0.0,64.0,0
41.00_68.00,2014-12-29,41.0,68.0,0.0,0.0,0.0,0.0,0.0,0.0,65.0,0
41.00_68.00,2015-01-05,41.0,68.0,0.0,0.0,0.0,0.0,0.0,0.0,66.0,0
41.00_68.00,2015-01-12,41.0,68.0,0.0,0.0,0.0,0.0,0.0,0.0,67.0,0
41.00_68.00,2015-01-19,41.0,68.0,0.0,0.0,0.0,0.0,0.0,0.0,68.0,0
41.00_68.00,2015-01-26,41.0,68.0,0.0,0.0,0.0,0.0,0.0,0.0,69.0,0
41.00_68.00,2015-02-02,41.0,68.0,0.0,0.0,0.0,0.0,0.0,0.0,70.0,0
41.00_68.00,2015-02-09,41.0,68.0,0.0,0.0,0.0,0.0,0.0,0.0,71.0,0
41.00_68.00,2015-02-16,41.0,68.0,0.0,0.0,0.0,0.0,0.0,0.0,72.0,0
41.00_68.00,2015-02-23,41.0,68.0,0.0,0.0,0.0,0.0,0.0,0.0,73.0,0
41.00_68.00,2015-03-02,41.0,68.0,0.0,0.0,0.0,0.0,0.0,0.0,74.0,0
41.00_68.00,2015-03-09,41.0,68.0,0.0,0.0,0.0,0.0,0.0,0.0,75.0,0
41.00_68.00,2015-03-16,41.0,68.0,0.0,0.0,0.0,0.0,0.0,0.0,76.0,0
41.00_68.00,2015-03-23,41.0,68.0,0.0,0.0,0.0,0.0,0.0,0.0,77.0,0
41.00_68.00,2015-03-30,41.0,68.0,0.0,0.0,0.0,0.0,0.0,0.0,78.0,0
41.00_68.00,2015-04-06,41.0,68.0,0.0,0.0,0.0,0.0,0.0,0.0,79.0,0
41.00_68.00,2015-04-13,41.0,68.0,0.0,0.0,0.0,0.0,0.0,0.0,80.0,0
41.00_68.00,2015-04-20,41.0,68.0,0.0,0.0,0.0,0.0,0.0,0.0,81.0,0
41.00_68.00,2015-04-27,41.0,68.0,0.0,0.0,0.0,0.0,0.0,0.0,82.0,0
41.00_68.00,2015-05-04,41.0,68.0,0.0,0.0,0.0,0.0,0.0,0.0,83.0,0
41.00_68.00,2015-05-11,41.0,68.0,0.0,0.0,0.0,0.0,0.0,0.0,84.0,0
41.00_68.00,2015-05-18,41.0,68.0,0.0,0.0,0.0,0.0,0.0,0.0,85.0,0
41.00_68.00,2015-05-25,41.0,68.0,0.0,0.0,0.0,0.0,0.0,0.0,86.0,0
41.00_68.00,2015-06-01,41.0,68.0,0.0,0.0,0.0,0.0,0.0,0.0,87.0,0
41.00_68.00,2015-06-08,41.0,68.0,0.0,0.0,0.0,0.0,0.0,0.0,88.0,0
41.00_68.00,2015-06-15,41.0,68.0,0.0,0.0,0.0,0.0,0.0,0.0,89.0,0
41.00_68.00,2015-06-22,41.0,68.0,0.0,0.0,0.0,0.0,0.0,0.0,90.0,0
41.00_68.00,2015-06-29,41.0,68.0,0.0,0.0,0.0,0.0,0.0,0.0,91.0,0
41.00_68.00,2015-07-06,41.0,68.0,0.0,0.0,0.0,0.0,0.0,0.0,92.0,0
41.00_68.00,2015-07-13,41.0,68.0,0.0,0.0,0.0,0.0,0.0,0.0,93.0,0
41.00_68.00,2015-07-20,41.0,68.0,0.0,0.0,0.0,0.0,0.0,0.0,94.0,0
41.00_68.00,2015-07-27,41.0,68.0,0.0,0.0,0.0,0.0,0.0,0.0,95.0,0
41.00_68.00,2015-08-03,41.0,68.0,0.0,0.0,0.0,0.0,0.0,0.0,96.0,0
41.00_68.00,2015-08-10,41.0,68.0,0.0,0.0,0.0,0.0,0.0,0.0,97.0,0
41.00_68.00,2015-08-17,41.0,68.0,0.0,0.0,0.0,0.0,0.0,0.0,98.0,0
41.00_68.00,2015-08-24,41.0,68.0,0.0,0.0,0.0,0.0,0.0,0.0,99.0,0
41.00_68.00,2015-08-31,41.0,68.0,0.0,0.0,0.0,0.0,0.0,0.0,100.0,0
41.00_68.00,2015-09-07,41.0,68.0,0.0,0.0,0.0,0.0,0.0,0.0,101.0,0
41.00_68.00,2015-09-14,41.0,68.0,0.0,0.0,0.0,0.0,0.0,0.0,102.0,0
41.00_68.00,2015-09-21,41.0,68.0,0.0,0.0,0.0,0.0,0.0,0.0,103.0,0
41.00_68.00,2015-09-28,41.0,68.0,0.0,0.0,0.0,0.0,0.0,0.0,104.0,0
41.00_68.00,2015-10-05,41.0,68.0,0.0,0.0,0.0,0.0,0.0,0.0,105.0,0
41.00_68.00,2015-10-12,41.0,68.0,0.0,0.0,0.0,0.0,0.0,0.0,106.0,0
41.00_68.00,2015-10-19,41.0,68.0,0.0,0.0,0.0,0.0,0.0,0.0,107.0,0
41.00_68.00,2015-10-26,41.0,68.0,0.0,0.0,0.0,0.0,0.0,0.0,108.0,0
41.00_68.00,2015-11-02,41.0,68.0,0.0,0.0,0.0,0.0,0.0,0.0,109.0,0
41.00_68.00,2015-11-09,41.0,68.0,0.0,0.0,0.0,0.0,0.0,0.0,110.0,0
41.00_68.00,2015-11-16,41.0,68.0,0.0,0.0,0.0,0.0,0.0,0.0,111.0,0
41.00_68.00,2015-11-23,41.0,68.0,0.0,0.0,0.0,0.0,0.0,0.0,112.0,0
41.00_68.00,2015-11-30,41.0,68.0,0.0,0.0,0.0,0.0,0.0,0.0,113.0,0
41.00_68.00,2015-12-07,41.0,68.0,0.0,0.0,0.0,0.0,0.0,0.0,114.0,0
41.00_68.00,2015-12-14,41.0,68.0,0.0,0.0,0.0,0.0,0.0,0.0,115.0,0
41.00_68.00,2015-12-21,41.0,68.0,0.0,0.0,0.0,0.0,0.0,0.0,116.0,0
41.00_68.00,2015-12-28,41.0,68.0,0.0,0.0,0.0,0.0,0.0,0.0,117.0,0
41.00_68.00,2016-01-04,41.0,68.0,0.0,0.0,0.0,0.0,0.0,0.0,118.0,0
41.00_68.00,2016-01-11,41.0,68.0,0.0,0.0,0.0,0.0,0.0,0.0,119.0,1
41.00_68.00,2016-01-18,41.0,68.0,1.0,4.0,4.0,4.0,1.0,1000000.0,120.0,0
41.00_68.00,2016-01-25,41.0,68.0,0.0,0.0,0.0,4.0,1.0,1000000.0,121.0,0
41.00_68.00,2016-02-01,41.0,68.0,0.0,0.0,0.0,4.0,1.0,1000000.0,122.0,0
41.00_68.00,2016-02-08,41.0,68.0,0.0,0.0,0.0,4.0,1.0,1000000.0,123.0,0
41.00_68.00,2016-02-15,41.0,68.0,0.0,0.0,0.0,0.0,1.0,1000000.0,124.0,0
41.00_68.00,2016-02-22,41.0,68.0,0.0,0.0,0.0,0.0,1.0,1000000.0,125.0,0
41.00_68.00,2016-02-29,41.0,68.0,0.0,0.0,0.0,0.0,1.0,1000000.0,126.0,0
41.00_68.00,2016-03-07,41.0,68.0,0.0,0.0,0.0,0.0,1.0,1000000.0,127.0,0
41.00_68.00,2016-03-14,41.0,68.0,0.0,0.0,0.0,0.0,1.0,0.0,128.0,0
41.00_68.00,2016-03-21,41.0,68.0,0.0,0.0,0.0,0.0,1.0,0.0,129.0,0
41.00_68.00,2016-03-28,41.0,68.0,0.0,0.0,0.0,0.0,1.0,0.0,130.0,0
41.00_68.00,2016-04-04,41.0,68.0,0.0,0.0,0.0,0.0,1.0,0.0,131.0,0
41.00_68.00,2016-04-11,41.0,68.0,0.0,0.0,0.0,0.0,0.0,0.0,132.0,0
41.00_68.00,2016-04-18,41.0,68.0,0.0,0.0,0.0,0.0,0.0,0.0,133.0,0
41.00_68.00,2016-04-25,41.0,68.0,0.0,0.0,0.0,0.0,0.0,0.0,134.0,0
41.00_68.00,2016-05-02,41.0,68.0,0.0,0.0,0.0,0.0,0.0,0.0,135.0,0
41.00_68.00,2016-05-09,41.0,68.0,0.0,0.0,0.0,0.0,0.0,0.0,136.0,0
41.00_68.00,2016-05-16,41.0,68.0,0.0,0.0,0.0,0.0,0.0,0.0,137.0,0
41.00_68.00,2016-05-23,41.0,68.0,0.0,0.0,0.0,0.0,0.0,0.0,138.0,1
41.00_68.00,2016-05-30,41.0,68.0,1.0,4.6,4.6,4.6,1.0,7943282.347242805,0.0,0
41.00_68.00,2016-06-06,41.0,68.0,0.0,0.0,0.0,4.6,1.0,7943282.347242805,1.0,0
41.00_68.00,2016-06-13,41.0,68.0,0.0,0.0,0.0,4.6,1.0,7943282.347242805,2.0,0
41.00_68.00,2016-06-20,41.0,68.0,0.0,0.0,0.0,4.6,1.0,7943282.347242805,3.0,0
41.00_68.00,2016-06-27,41.0,68.0,0.0,0.0,0.0,0.0,1.0,7943282.347242805,4.0,0
41.00_68.00,2016-07-04,41.0,68.0,0.0,0.0,0.0,0.0,1.0,7943282.347242805,5.0,0
41.00_68.00,2016-07-11,41.0,68.0,0.0,0.0,0.0,0.0,1.0,7943282.347242805,6.0,0
41.00_68.00,2016-07-18,41.0,68.0,0.0,0.0,0.0,0.0,1.0,7943282.347242805,7.0,0
41.00_68.00,2016-07-25,41.0,68.0,0.0,0.0,0.0,0.0,1.0,0.0,8.0,0
41.00_68.00,2016-08-01,41.0,68.0,0.0,0.0,0.0,0.0,1.0,0.0,9.0,0
41.00_68.00,2016-08-08,41.0,68.0,0.0,0.0,0.0,0.0,1.0,0.0,10.0,0
41.00_68.00,2016-08-15,41.0,68.0,0.0,0.0,0.0,0.0,1.0,0.0,11.0,0
41.00_68.00,2016-08-22,41.0,68.0,0.0,0.0,0.0,0.0,0.0,0.0,12.0,0
41.00_68.00,2016-08-29,41.0,68.0,0.0,0.0,0.0,0.0,0.0,0.0,13.0,0
41.00_68.00,2016-09-05,41.0,68.0,0.0,0.0,0.0,0.0,0.0,0.0,14.0,0
41.00_68.00,2016-09-12,41.0,68.0,0.0,0.0,0.0,0.0,0.0,0.0,15.0,0
41.00_68.00,2016-09-19,41.0,68.0,0.0,0.0,0.0,0.0,0.0,0.0,16.0,0
41.00_68.00,2016-09-26,41.0,68.0,0.0,0.0,0.0,0.0,0.0,0.0,17.0,0
41.00_68.00,2016-10-03,41.0,68.0,0.0,0.0,0.0,0.0,0.0,0.0,18.0,0
41.00_68.00,2016-10-10,41.0,68.0,0.0,0.0,0.0,0.0,0.0,0.0,19.0,0
41.00_68.00,2016-10-17,41.0,68.0,0.0,0.0,0.0,0.0,0.0,0.0,20.0,0
41.00_68.00,2016-10-24,41.0,68.0,0.0,0.0,0.0,0.0,0.0,0.0,21.0,0
41.00_68.00,2016-10-31,41.0,68.0,0.0,0.0,0.0,0.0,0.0,0.0,22.0,0
41.00_68.00,2016-11-07,41.0,68.0,0.0,0.0,0.0,0.0,0.0,0.0,23.0,0
41.00_68.00,2016-11-14,41.0,68.0,0.0,0.0,0.0,0.0,0.0,0.0,24.0,0
41.00_68.00,2016-11-21,41.0,68.0,0.0,0.0,0.0,0.0,0.0,0.0,25.0,0
41.00_68.00,2016-11-28,41.0,68.0,0.0,0.0,0.0,0.0,0.0,0.0,26.0,0
41.00_68.00,2016-12-05,41.0,68.0,0.0,0.0,0.0,0.0,0.0,0.0,27.0,0
41.00_68.00,2016-12-12,41.0,68.0,0.0,0.0,0.0,0.0,0.0,0.0,28.0,0
41.00_68.00,2016-12-19,41.0,68.0,0.0,0.0,0.0,0.0,0.0,0.0,29.0,0
41.00_68.00,2016-12-26,41.0,68.0,0.0,0.0,0.0,0.0,0.0,0.0,30.0,0
41.00_68.00,2017-01-02,41.0,68.0,0.0,0.0,0.0,0.0,0.0,0.0,31.0,0
41.00_68.00,2017-01-09,41.0,68.0,0.0,0.0,0.0,0.0,0.0,0.0,32.0,0
41.00_68.00,2017-01-16,41.0,68.0,0.0,0.0,0.0,0.0,0.0,0.0,33.0,0
41.00_68.00,2017-01-23,41.0,68.0,0.0,0.0,0.0,0.0,0.0,0.0,34.0,0
41.00_68.00,2017-01-30,41.0,68.0,0.0,0.0,0.0,0.0,0.0,0.0,35.0,0
41.00_68.00,2017-02-06,41.0,68.0,0.0,0.0,0.0,0.0,0.0,0.0,36.0,0
41.00_68.00,2017-02-13,41.0,68.0,0.0,0.0,0.0,0.0,0.0,0.0,37.0,0
41.00_68.00,2017-02-20,41.0,68.0,0.0,0.0,0.0,0.0,0.0,0.0,38.0,0
41.00_68.00,2017-02-27,41.0,68.0,0.0,0.0,0.0,0.0,0.0,0.0,39.0,0
41.00_68.00,2017-03-06,41.0,68.0,0.0,0.0,0.0,0.0,0.0,0.0,40.0,0
41.00_68.00,2017-03-13,41.0,68.0,0.0,0.0,0.0,0.0,0.0,0.0,41.0,0
41.00_68.00,2017-03-20,41.0,68.0,0.0,0.0,0.0,0.0,0.0,0.0,42.0,0
41.00_68.00,2017-03-27,41.0,68.0,0.0,0.0,0.0,0.0,0.0,0.0,43.0,0
41.00_68.00,2017-04-03,41.0,68.0,0.0,0.0,0.0,0.0,0.0,0.0,44.0,0
41.00_68.00,2017-04-10,41.0,68.0,0.0,0.0,0.0,0.0,0.0,0.0,45.0,0
41.00_68.00,2017-04-17,41.0,68.0,0.0,0.0,0.0,0.0,0.0,0.0,46.0,0
41.00_68.00,2017-04-24,41.0,68.0,0.0,0.0,0.0,0.0,0.0,0.0,47.0,0
41.00_68.00,2017-05-01,41.0,68.0,0.0,0.0,0.0,0.0,0.0,0.0,48.0,0
41.00_68.00,2017-05-08,41.0,68.0,0.0,0.0,0.0,0.0,0.0,0.0,49.0,0
41.00_68.00,2017-05-15,41.0,68.0,0.0,0.0,0.0,0.0,0.0,0.0,50.0,0
41.00_68.00,2017-05-22,41.0,68.0,0.0,0.0,0.0,0.0,0.0,0.0,51.0,0
41.00_68.00,2017-05-29,41.0,68.0,0.0,0.0,0.0,0.0,0.0,0.0,52.0,0
41.00_68.00,2017-06-05,41.0,68.0,0.0,0.0,0.0,0.0,0.0,0.0,53.0,0
41.00_68.00,2017-06-12,41.0,68.0,0.0,0.0,0.0,0.0,0.0,0.0,54.0,0
41.00_68.00,2017-06-19,41.0,68.0,0.0,0.0,0.0,0.0,0.0,0.0,55.0,0
41.00_68.00,2017-06-26,41.0,68.0,0.0,0.0,0.0,0.0,0.0,0.0,56.0,0
41.00_68.00,2017-07-03,41.0,68.0,0.0,0.0,0.0,0.0,0.0,0.0,57.0,0
41.00_68.00,2017-07-10,41.0,68.0,0.0,0.0,0.0,0.0,0.0,0.0,58.0,0
41.00_68.00,2017-07-17,41.0,68.0,0.0,0.0,0.0,0.0,0.0,0.0,59.0,0
41.00_68.00,2017-07-24,41.0,68.0,0.0,0.0,0.0,0.0,0.0,0.0,60.0,0
41.00_68.00,2017-07-31,41.0,68.0,0.0,0.0,0.0,0.0,0.0,0.0,61.0,0
41.00_68.00,2017-08-07,41.0,68.0,0.0,0.0,0.0,0.0,0.0,0.0,62.0,0
41.00_68.00,2017-08-14,41.0,68.0,0.0,0.0,0.0,0.0,0.0,0.0,63.0,0
41.00_68.00,2017-08-21,41.0,68.0,0.0,0.0,0.0,0.0,0.0,0.0,64.0,0
41.00_68.00,2017-08-28,41.0,68.0,0.0,0.0,0.0,0.0,0.0,0.0,65.0,0
41.00_68.00,2017-09-04,41.0,68.0,0.0,0.0,0.0,0.0,0.0,0.0,66.0,0
41.00_68.00,2017-09-11,41.0,68.0,0.0,0.0,0.0,0.0,0.0,0.0,67.0,0
41.00_68.00,2017-09-18,41.0,68.0,0.0,0.0,0.0,0.0,0.0,0.0,68.0,0
41.00_68.00,2017-09-25,41.0,68.0,0.0,0.0,0.0,0.0,0.0,0.0,69.0,0
41.00_68.00,2017-10-02,41.0,68.0,0.0,0.0,0.0,0.0,0.0,0.0,70.0,0
41.00_68.00,2017-10-09,41.0,68.0,0.0,0.0,0.0,0.0,0.0,0.0,71.0,0
41.00_68.00,2017-10-16,41.0,68.0,0.0,0.0,0.0,0.0,0.0,0.0,72.0,0
41.00_68.00,2017-10-23,41.0,68.0,0.0,0.0,0.0,0.0,0.0,0.0,73.0,0
41.00_68.00,2017-10-30,41.0,68.0,0.0,0.0,0.0,0.0,0.0,0.0,74.0,0
41.00_68.00,2017-11-06,41.0,68.0,0.0,0.0,0.0,0.0,0.0,0.0,75.0,0
41.00_68.00,2017-11-13,41.0,68.0,0.0,0.0,0.0,0.0,0.0,0.0,76.0,0
41.00_68.00,2017-11-20,41.0,68.0,0.0,0.0,0.0,0.0,0.0,0.0,77.0,0
41.00_68.00,2017-11-27,41.0,68.0,0.0,0.0,0.0,0.0,0.0,0.0,78.0,0
41.00_68.00,2017-12-04,41.0,68.0,0.0,0.0,0.0,0.0,0.0,0.0,79.0,0
41.00_68.00,2017-12-11,41.0,68.0,0.0,0.0,0.0,0.0,0.0,0.0,80.0,0
41.00_68.00,2017-12-18,41.0,68.0,0.0,0.0,0.0,0.0,0.0,0.0,81.0,0
41.00_68.00,2017-12-25,41.0,68.0,0.0,0.0,0.0,0.0,0.0,0.0,82.0,0
41.00_68.00,2018-01-01,41.0,68.0,0.0,0.0,0.0,0.0,0.0,0.0,83.0,0
41.00_68.00,2018-01-08,41.0,68.0,0.0,0.0,0.0,0.0,0.0,0.0,84.0,0
41.00_68.00,2018-01-15,41.0,68.0,0.0,0.0,0.0,0.0,0.0,0.0,85.0,0
41.00_68.00,2018-01-22,41.0,68.0,0.0,0.0,0.0,0.0,0.0,0.0,86.0,1
41.00_68.00,2018-01-29,41.0,68.0,1.0,4.5,4.5,4.5,1.0,5623413.251903491,0.0,0
41.00_68.00,2018-02-05,41.0,68.0,0.0,0.0,0.0,4.5,1.0,5623413.251903491,1.0,0
41.00_68.00,2018-02-12,41.0,68.0,0.0,0.0,0.0,4.5,1.0,5623413.251903491,2.0,0
41.00_68.00,2018-02-19,41.0,68.0,0.0,0.0,0.0,4.5,1.0,5623413.251903491,3.0,0
41.00_68.00,2018-02-26,41.0,68.0,0.0,0.0,0.0,0.0,1.0,5623413.251903491,4.0,0
41.00_68.00,2018-03-05,41.0,68.0,0.0,0.0,0.0,0.0,1.0,5623413.251903491,5.0,0
41.00_68.00,2018-03-12,41.0,68.0,0.0,0.0,0.0,0.0,1.0,5623413.251903491,6.0,0
41.00_68.00,2018-03-19,41.0,68.0,0.0,0.0,0.0,0.0,1.0,5623413.251903491,7.0,0
41.00_68.00,2018-03-26,41.0,68.0,0.0,0.0,0.0,0.0,1.0,0.0,8.0,0
41.00_68.00,2018-04-02,41.0,68.0,0.0,0.0,0.0,0.0,1.0,0.0,9.0,0
41.00_68.00,2018-04-09,41.0,68.0,0.0,0.0,0.0,0.0,1.0,0.0,10.0,0
41.00_68.00,2018-04-16,41.0,68.0,0.0,0.0,0.0,0.0,1.0,0.0,11.0,0
41.00_68.00,2018-04-23,41.0,68.0,0.0,0.0,0.0,0.0,0.0,0.0,12.0,0
41.00_68.00,2018-04-30,41.0,68.0,0.0,0.0,0.0,0.0,0.0,0.0,13.0,0
41.00_68.00,2018-05-07,41.0,68.0,0.0,0.0,0.0,0.0,0.0,0.0,14.0,0
41.00_68.00,2018-05-14,41.0,68.0,0.0,0.0,0.0,0.0,0.0,0.0,15.0,0
41.00_68.00,2018-05-21,41.0,68.0,0.0,0.0,0.0,0.0,0.0,0.0,16.0,0
41.00_68.00,2018-05-28,41.0,68.0,0.0,0.0,0.0,0.0,0.0,0.0,17.0,0
41.00_68.00,2018-06-04,41.0,68.0,0.0,0.0,0.0,0.0,0.0,0.0,18.0,0
41.00_68.00,2018-06-11,41.0,68.0,0.0,0.0,0.0,0.0,0.0,0.0,19.0,0
41.00_68.00,2018-06-18,41.0,68.0,0.0,0.0,0.0,0.0,0.0,0.0,20.0,0
41.00_68.00,2018-06-25,41.0,68.0,0.0,0.0,0.0,0.0,0.0,0.0,21.0,0
41.00_68.00,2018-07-02,41.0,68.0,0.0,0.0,0.0,0.0,0.0,0.0,22.0,0
41.00_68.00,2018-07-09,41.0,68.0,0.0,0.0,0.0,0.0,0.0,0.0,23.0,0
41.00_68.00,2018-07-16,41.0,68.0,0.0,0.0,0.0,0.0,0.0,0.0,24.0,0
41.00_68.00,2018-07-23,41.0,68.0,0.0,0.0,0.0,0.0,0.0,0.0,25.0,0
41.00_68.00,2018-07-30,41.0,68.0,0.0,0.0,0.0,0.0,0.0,0.0,26.0,0
41.00_68.00,2018-08-06,41.0,68.0,0.0,0.0,0.0,0.0,0.0,0.0,27.0,0
41.00_68.00,2018-08-13,41.0,68.0,0.0,0.0,0.0,0.0,0.0,0.0,28.0,0
41.00_68.00,2018-08-20,41.0,68.0,0.0,0.0,0.0,0.0,0.0,0.0,29.0,0
41.00_68.00,2018-08-27,41.0,68.0,0.0,0.0,0.0,0.0,0.0,0.0,30.0,0
41.00_68.00,2018-09-03,41.0,68.0,0.0,0.0,0.0,0.0,0.0,0.0,31.0,0
41.00_68.00,2018-09-10,41.0,68.0,0.0,0.0,0.0,0.0,0.0,0.0,32.0,0
41.00_68.00,2018-09-17,41.0,68.0,0.0,0.0,0.0,0.0,0.0,0.0,33.0,0
41.00_68.00,2018-09-24,41.0,68.0,0.0,0.0,0.0,0.0,0.0,0.0,34.0,0
41.00_68.00,2018-10-01,41.0,68.0,0.0,0.0,0.0,0.0,0.0,0.0,35.0,0
41.00_68.00,2018-10-08,41.0,68.0,0.0,0.0,0.0,0.0,0.0,0.0,36.0,0
41.00_68.00,2018-10-15,41.0,68.0,0.0,0.0,0.0,0.0,0.0,0.0,37.0,0
41.00_68.00,2018-10-22,41.0,68.0,0.0,0.0,0.0,0.0,0.0,0.0,38.0,0
41.00_68.00,2018-10-29,41.0,68.0,0.0,0.0,0.0,0.0,0.0,0.0,39.0,0
41.00_68.00,2018-11-05,41.0,68.0,0.0,0.0,0.0,0.0,0.0,0.0,40.0,0
41.00_68.00,2018-11-12,41.0,68.0,0.0,0.0,0.0,0.0,0.0,0.0,41.0,0
41.00_68.00,2018-11-19,41.0,68.0,0.0,0.0,0.0,0.0,0.0,0.0,42.0,0
41.00_68.00,2018-11-26,41.0,68.0,0.0,0.0,0.0,0.0,0.0,0.0,43.0,0
41.00_68.00,2018-12-03,41.0,68.0,0.0,0.0,0.0,0.0,0.0,0.0,44.0,0
41.00_68.00,2018-12-10,41.0,68.0,0.0,0.0,0.0,0.0,0.0,0.0,45.0,0
41.00_68.00,2018-12-17,41.0,68.0,0.0,0.0,0.0,0.0,0.0,0.0,46.0,0
41.00_68.00,2018-12-24,41.0,68.0,0.0,0.0,0.0,0.0,0.0,0.0,47.0,0
41.00_68.00,2018-12-31,41.0,68.0,0.0,0.0,0.0,0.0,0.0,0.0,48.0,0
41.00_68.00,2019-01-07,41.0,68.0,0.0,0.0,0.0,0.0,0.0,0.0,49.0,0
41.00_68.00,2019-01-14,41.0,68.0,0.0,0.0,0.0,0.0,0.0,0.0,50.0,0
41.00_68.00,2019-01-21,41.0,68.0,0.0,0.0,0.0,0.0,0.0,0.0,51.0,0
41.00_68.00,2019-01-28,41.0,68.0,0.0,0.0,0.0,0.0,0.0,0.0,52.0,0
41.00_68.00,2019-02-04,41.0,68.0,0.0,0.0,0.0,0.0,0.0,0.0,53.0,0
41.00_68.00,2019-02-11,41.0,68.0,0.0,0.0,0.0,0.0,0.0,0.0,54.0,0
41.00_68.00,2019-02-18,41.0,68.0,0.0,0.0,0.0,0.0,0.0,0.0,55.0,0
41.00_68.00,2019-02-25,41.0,68.0,0.0,0.0,0.0,0.0,0.0,0.0,56.0,0
41.00_68.00,2019-03-04,41.0,68.0,0.0,0.0,0.0,0.0,0.0,0.0,57.0,0
41.00_68.00,2019-03-11,41.0,68.0,0.0,0.0,0.0,0.0,0.0,0.0,58.0,1
41.00_68.00,2019-03-18,41.0,68.0,1.0,4.8,4.8,4.8,1.0,15848931.924611108,0.0,0
41.00_68.00,2019-03-25,41.0,68.0,0.0,0.0,0.0,4.8,1.0,15848931.924611108,1.0,0
41.00_68.00,2019-04-01,41.0,68.0,0.0,0.0,0.0,4.8,1.0,15848931.924611108,2.0,0
41.00_68.00,2019-04-08,41.0,68.0,0.0,0.0,0.0,4.8,1.0,15848931.924611108,3.0,0
41.00_68.00,2019-04-15,41.0,68.0,0.0,0.0,0.0,0.0,1.0,15848931.924611108,4.0,0
41.00_68.00,2019-04-22,41.0,68.0,0.0,0.0,0.0,0.0,1.0,15848931.924611108,5.0,0
41.00_68.00,2019-04-29,41.0,68.0,0.0,0.0,0.0,0.0,1.0,15848931.924611108,6.0,0
41.00_68.00,2019-05-06,41.0,68.0,0.0,0.0,0.0,0.0,1.0,15848931.924611108,7.0,0
41.00_68.00,2019-05-13,41.0,68.0,0.0,0.0,0.0,0.0,1.0,0.0,8.0,0
41.00_68.00,2019-05-20,41.0,68.0,0.0,0.0,0.0,0.0,1.0,0.0,9.0,0
41.00_68.00,2019-05-27,41.0,68.0,0.0,0.0,0.0,0.0,1.0,0.0,10.0,0
41.00_68.00,2019-06-03,41.0,68.0,0.0,0.0,0.0,0.0,1.0,0.0,11.0,0
41.00_68.00,2019-06-10,41.0,68.0,0.0,0.0,0.0,0.0,0.0,0.0,12.0,0
41.00_68.00,2019-06-17,41.0,68.0,0.0,0.0,0.0,0.0,0.0,0.0,13.0,0
41.00_68.00,2019-06-24,41.0,68.0,0.0,0.0,0.0,0.0,0.0,0.0,14.0,0
41.00_68.00,2019-07-01,41.0,68.0,0.0,0.0,0.0,0.0,0.0,0.0,15.0,0
41.00_68.00,2019-07-08,41.0,68.0,0.0,0.0,0.0,0.0,0.0,0.0,16.0,0
41.00_68.00,2019-07-15,41.0,68.0,0.0,0.0,0.0,0.0,0.0,0.0,17.0,0
41.00_68.00,2019-07-22,41.0,68.0,0.0,0.0,0.0,0.0,0.0,0.0,18.0,0
41.00_68.00,2019-07-29,41.0,68.0,0.0,0.0,0.0,0.0,0.0,0.0,19.0,0
41.00_68.00,2019-08-05,41.0,68.0,0.0,0.0,0.0,0.0,0.0,0.0,20.0,0
41.00_68.00,2019-08-12,41.0,68.0,0.0,0.0,0.0,0.0,0.0,0.0,21.0,0
41.00_68.00,2019-08-19,41.0,68.0,0.0,0.0,0.0,0.0,0.0,0.0,22.0,0
41.00_68.00,2019-08-26,41.0,68.0,0.0,0.0,0.0,0.0,0.0,0.0,23.0,0
41.00_68.00,2019-09-02,41.0,68.0,0.0,0.0,0.0,0.0,0.0,0.0,24.0,0
41.00_68.00,2019-09-09,41.0,68.0,0.0,0.0,0.0,0.0,0.0,0.0,25.0,0
41.00_68.00,2019-09-16,41.0,68.0,0.0,0.0,0.0,0.0,0.0,0.0,26.0,0
41.00_68.00,2019-09-23,41.0,68.0,0.0,0.0,0.0,0.0,0.0,0.0,27.0,0
41.00_68.00,2019-09-30,41.0,68.0,0.0,0.0,0.0,0.0,0.0,0.0,28.0,0
41.00_68.00,2019-10-07,41.0,68.0,0.0,0.0,0.0,0.0,0.0,0.0,29.0,0
41.00_68.00,2019-10-14,41.0,68.0,0.0,0.0,0.0,0.0,0.0,0.0,30.0,0
41.00_68.00,2019-10-21,41.0,68.0,0.0,0.0,0.0,0.0,0.0,0.0,31.0,0
41.00_68.00,2019-10-28,41.0,68.0,0.0,0.0,0.0,0.0,0.0,0.0,32.0,0
41.00_68.00,2019-11-04,41.0,68.0,0.0,0.0,0.0,0.0,0.0,0.0,33.0,1
41.00_68.00,2019-11-11,41.0,68.0,1.0,4.4,4.4,4.4,1.0,3981071.7055349774,34.0,0
41.00_68.00,2019-11-18,41.0,68.0,0.0,0.0,0.0,4.4,1.0,3981071.7055349774,35.0,0
41.00_68.00,2019-11-25,41.0,68.0,0.0,0.0,0.0,4.4,1.0,3981071.7055349774,36.0,0
41.00_68.00,2019-12-02,41.0,68.0,0.0,0.0,0.0,4.4,1.0,3981071.7055349774,37.0,0
41.00_68.00,2019-12-09,41.0,68.0,0.0,0.0,0.0,0.0,1.0,3981071.7055349774,38.0,0
41.00_68.00,2019-12-16,41.0,68.0,0.0,0.0,0.0,0.0,1.0,3981071.7055349774,39.0,0
41.00_68.00,2019-12-23,41.0,68.0,0.0,0.0,0.0,0.0,1.0,3981071.7055349774,40.0,0
41.00_68.00,2019-12-30,41.0,68.0,0.0,0.0,0.0,0.0,1.0,3981071.7055349774,41.0,0
41.00_68.00,2020-01-06,41.0,68.0,0.0,0.0,0.0,0.0,1.0,0.0,42.0,0
41.00_68.00,2020-01-13,41.0,68.0,0.0,0.0,0.0,0.0,1.0,0.0,43.0,0
41.00_68.00,2020-01-20,41.0,68.0,0.0,0.0,0.0,0.0,1.0,0.0,44.0,0
41.00_68.00,2020-01-27,41.0,68.0,0.0,0.0,0.0,0.0,1.0,0.0,45.0,0
41.00_68.00,2020-02-03,41.0,68.0,0.0,0.0,0.0,0.0,0.0,0.0,46.0,0
41.00_68.00,2020-02-10,41.0,68.0,0.0,0.0,0.0,0.0,0.0,0.0,47.0,0
41.00_68.00,2020-02-17,41.0,68.0,0.0,0.0,0.0,0.0,0.0,0.0,48.0,0
41.00_68.00,2020-02-24,41.0,68.0,0.0,0.0,0.0,0.0,0.0,0.0,49.0,0
41.00_68.00,2020-03-02,41.0,68.0,0.0,0.0,0.0,0.0,0.0,0.0,50.0,0
41.00_68.00,2020-03-09,41.0,68.0,0.0,0.0,0.0,0.0,0.0,0.0,51.0,0
41.00_68.00,2020-03-16,41.0,68.0,0.0,0.0,0.0,0.0,0.0,0.0,52.0,0
41.00_68.00,2020-03-23,41.0,68.0,0.0,0.0,0.0,0.0,0.0,0.0,53.0,0
41.00_68.00,2020-03-30,41.0,68.0,0.0,0.0,0.0,0.0,0.0,0.0,54.0,0
41.00_68.00,2020-04-06,41.0,68.0,0.0,0.0,0.0,0.0,0.0,0.0,55.0,0
41.00_68.00,2020-04-13,41.0,68.0,0.0,0.0,0.0,0.0,0.0,0.0,56.0,0
41.00_68.00,2020-04-20,41.0,68.0,0.0,0.0,0.0,0.0,0.0,0.0,57.0,0
41.00_68.00,2020-04-27,41.0,68.0,0.0,0.0,0.0,0.0,0.0,0.0,58.0,0
41.00_68.00,2020-05-04,41.0,68.0,0.0,0.0,0.0,0.0,0.0,0.0,59.0,0
41.00_68.00,2020-05-11,41.0,68.0,0.0,0.0,0.0,0.0,0.0,0.0,60.0,0
41.00_68.00,2020-05-18,41.0,68.0,0.0,0.0,0.0,0.0,0.0,0.0,61.0,0
41.00_68.00,2020-05-25,41.0,68.0,0.0,0.0,0.0,0.0,0.0,0.0,62.0,0
41.00_68.00,2020-06-01,41.0,68.0,0.0,0.0,0.0,0.0,0.0,0.0,63.0,0
41.00_68.00,2020-06-08,41.0,68.0,0.0,0.0,0.0,0.0,0.0,0.0,64.0,0
41.00_68.00,2020-06-15,41.0,68.0,0.0,0.0,0.0,0.0,0.0,0.0,65.0,0
41.00_68.00,2020-06-22,41.0,68.0,0.0,0.0,0.0,0.0,0.0,0.0,66.0,0
41.00_68.00,2020-06-29,41.0,68.0,0.0,0.0,0.0,0.0,0.0,0.0,67.0,0
41.00_68.00,2020-07-06,41.0,68.0,0.0,0.0,0.0,0.0,0.0,0.0,68.0,0
41.00_68.00,2020-07-13,41.0,68.0,0.0,0.0,0.0,0.0,0.0,0.0,69.0,0
41.00_68.00,2020-07-20,41.0,68.0,0.0,0.0,0.0,0.0,0.0,0.0,70.0,0
41.00_68.00,2020-07-27,41.0,68.0,0.0,0.0,0.0,0.0,0.0,0.0,71.0,0
41.00_68.00,2020-08-03,41.0,68.0,0.0,0.0,0.0,0.0,0.0,0.0,72.0,0
41.00_68.00,2020-08-10,41.0,68.0,0.0,0.0,0.0,0.0,0.0,0.0,73.0,0
41.00_68.00,2020-08-17,41.0,68.0,0.0,0.0,0.0,0.0,0.0,0.0,74.0,0
41.00_68.00,2020-08-24,41.0,68.0,0.0,0.0,0.0,0.0,0.0,0.0,75.0,0
41.00_68.00,2020-08-31,41.0,68.0,0.0,0.0,0.0,0.0,0.0,0.0,76.0,0
41.00_68.00,2020-09-07,41.0,68.0,0.0,0.0,0.0,0.0,0.0,0.0,77.0,0
41.00_68.00,2020-09-14,41.0,68.0,0.0,0.0,0.0,0.0,0.0,0.0,78.0,0
41.00_68.00,2020-09-21,41.0,68.0,0.0,0.0,0.0,0.0,0.0,0.0,79.0,0
41.00_68.00,2020-09-28,41.0,68.0,0.0,0.0,0.0,0.0,0.0,0.0,80.0,0
41.00_68.00,2020-10-05,41.0,68.0,0.0,0.0,0.0,0.0,0.0,0.0,81.0,0
41.00_68.00,2020-10-12,41.0,68.0,0.0,0.0,0.0,0.0,0.0,0.0,82.0,0
41.00_68.00,2020-10-19,41.0,68.0,0.0,0.0,0.0,0.0,0.0,0.0,83.0,0
41.00_68.00,2020-10-26,41.0,68.0,0.0,0.0,0.0,0.0,0.0,0.0,84.0,0
41.00_68.00,2020-11-02,41.0,68.0,0.0,0.0,0.0,0.0,0.0,0.0,85.0,0
41.00_68.00,2020-11-09,41.0,68.0,0.0,0.0,0.0,0.0,0.0,0.0,86.0,0
41.00_68.00,2020-11-16,41.0,68.0,0.0,0.0,0.0,0.0,0.0,0.0,87.0,0
41.00_68.00,2020-11-23,41.0,68.0,0.0,0.0,0.0,0.0,0.0,0.0,88.0,0
41.00_68.00,2020-11-30,41.0,68.0,0.0,0.0,0.0,0.0,0.0,0.0,89.0,0
41.00_68.00,2020-12-07,41.0,68.0,0.0,0.0,0.0,0.0,0.0,0.0,90.0,0
41.00_68.00,2020-12-14,41.0,68.0,0.0,0.0,0.0,0.0,0.0,0.0,91.0,0
41.00_68.00,2020-12-21,41.0,68.0,0.0,0.0,0.0,0.0,0.0,0.0,92.0,0
41.00_68.00,2020-12-28,41.0,68.0,0.0,0.0,0.0,0.0,0.0,0.0,93.0,0
41.00_68.00,2021-01-04,41.0,68.0,0.0,0.0,0.0,0.0,0.0,0.0,94.0,0
41.00_68.00,2021-01-11,41.0,68.0,0.0,0.0,0.0,0.0,0.0,0.0,95.0,0
41.00_68.00,2021-01-18,41.0,68.0,0.0,0.0,0.0,0.0,0.0,0.0,96.0,0
41.00_68.00,2021-01-25,41.0,68.0,0.0,0.0,0.0,0.0,0.0,0.0,97.0,0
41.00_68.00,2021-02-01,41.0,68.0,0.0,0.0,0.0,0.0,0.0,0.0,98.0,0
41.00_68.00,2021-02-08,41.0,68.0,0.0,0.0,0.0,0.0,0.0,0.0,99.0,0
41.00_68.00,2021-02-15,41.0,68.0,0.0,0.0,0.0,0.0,0.0,0.0,100.0,0
41.00_68.00,2021-02-22,41.0,68.0,0.0,0.0,0.0,0.0,0.0,0.0,101.0,0
41.00_68.00,2021-03-01,41.0,68.0,0.0,0.0,0.0,0.0,0.0,0.0,102.0,0
41.00_68.00,2021-03-08,41.0,68.0,0.0,0.0,0.0,0.0,0.0,0.0,103.0,0
41.00_68.00,2021-03-15,41.0,68.0,0.0,0.0,0.0,0.0,0.0,0.0,104.0,0
41.00_68.00,2021-03-22,41.0,68.0,0.0,0.0,0.0,0.0,0.0,0.0,105.0,0
41.00_68.00,2021-03-29,41.0,68.0,0.0,0.0,0.0,0.0,0.0,0.0,106.0,0
41.00_68.00,2021-04-05,41.0,68.0,0.0,0.0,0.0,0.0,0.0,0.0,107.0,0
41.00_68.00,2021-04-12,41.0,68.0,0.0,0.0,0.0,0.0,0.0,0.0,108.0,0
41.00_68.00,2021-04-19,41.0,68.0,0.0,0.0,0.0,0.0,0.0,0.0,109.0,0
41.00_68.00,2021-04-26,41.0,68.0,0.0,0.0,0.0,0.0,0.0,0.0,110.0,0
41.00_68.00,2021-05-03,41.0,68.0,0.0,0.0,0.0,0.0,0.0,0.0,111.0,0
41.00_68.00,2021-05-10,41.0,68.0,0.0,0.0,0.0,0.0,0.0,0.0,112.0,0
41.00_68.00,2021-05-17,41.0,68.0,0.0,0.0,0.0,0.0,0.0,0.0,113.0,0
41.00_68.00,2021-05-24,41.0,68.0,0.0,0.0,0.0,0.0,0.0,0.0,114.0,0
41.00_68.00,2021-05-31,41.0,68.0,0.0,0.0,0.0,0.0,0.0,0.0,115.0,0
41.00_68.00,2021-06-07,41.0,68.0,0.0,0.0,0.0,0.0,0.0,0.0,116.0,0
41.00_68.00,2021-06-14,41.0,68.0,0.0,0.0,0.0,0.0,0.0,0.0,117.0,0
41.00_68.00,2021-06-21,41.0,68.0,0.0,0.0,0.0,0.0,0.0,0.0,118.0,0
41.00_68.00,2021-06-28,41.0,68.0,0.0,0.0,0.0,0.0,0.0,0.0,119.0,0
41.00_68.00,2021-07-05,41.0,68.0,0.0,0.0,0.0,0.0,0.0,0.0,120.0,0
41.00_68.00,2021-07-12,41.0,68.0,0.0,0.0,0.0,0.0,0.0,0.0,121.0,0
41.00_68.00,2021-07-19,41.0,68.0,0.0,0.0,0.0,0.0,0.0,0.0,122.0,0
41.00_68.00,2021-07-26,41.0,68.0,0.0,0.0,0.0,0.0,0.0,0.0,123.0,0
41.00_68.00,2021-08-02,41.0,68.0,0.0,0.0,0.0,0.0,0.0,0.0,124.0,0
41.00_68.00,2021-08-09,41.0,68.0,0.0,0.0,0.0,0.0,0.0,0.0,125.0,0
41.00_68.00,2021-08-16,41.0,68.0,0.0,0.0,0.0,0.0,0.0,0.0,126.0,0
41.00_68.00,2021-08-23,41.0,68.0,0.0,0.0,0.0,0.0,0.0,0.0,127.0,0
41.00_68.00,2021-08-30,41.0,68.0,0.0,0.0,0.0,0.0,0.0,0.0,128.0,0
41.00_68.00,2021-09-06,41.0,68.0,0.0,0.0,0.0,0.0,0.0,0.0,129.0,1
41.00_68.00,2021-09-13,41.0,68.0,1.0,4.2,4.2,4.2,1.0,1995262.3149688828,130.0,0
41.00_68.00,2021-09-20,41.0,68.0,0.0,0.0,0.0,4.2,1.0,1995262.3149688828,131.0,0
41.00_68.00,2021-09-27,41.0,68.0,0.0,0.0,0.0,4.2,1.0,1995262.3149688828,132.0,0
41.00_68.00,2021-10-04,41.0,68.0,0.0,0.0,0.0,4.2,1.0,1995262.3149688828,133.0,0
41.00_68.00,2021-10-11,41.0,68.0,0.0,0.0,0.0,0.0,1.0,1995262.3149688828,134.0,0
41.00_68.00,2021-10-18,41.0,68.0,0.0,0.0,0.0,0.0,1.0,1995262.3149688828,135.0,0
41.00_68.00,2021-10-25,41.0,68.0,0.0,0.0,0.0,0.0,1.0,1995262.3149688828,136.0,0
41.00_68.00,2021-11-01,41.0,68.0,0.0,0.0,0.0,0.0,1.0,1995262.3149688828,137.0,0
41.00_68.00,2021-11-08,41.0,68.0,0.0,0.0,0.0,0.0,1.0,0.0,138.0,0
41.00_68.00,2021-11-15,41.0,68.0,0.0,0.0,0.0,0.0,1.0,0.0,139.0,0
41.00_68.00,2021-11-22,41.0,68.0,0.0,0.0,0.0,0.0,1.0,0.0,140.0,0
41.00_68.00,2021-11-29,41.0,68.0,0.0,0.0,0.0,0.0,1.0,0.0,141.0,0
41.00_68.00,2021-12-06,41.0,68.0,0.0,0.0,0.0,0.0,0.0,0.0,142.0,0
41.00_68.00,2021-12-13,41.0,68.0,0.0,0.0,0.0,0.0,0.0,0.0,143.0,0
41.00_68.00,2021-12-20,41.0,68.0,0.0,0.0,0.0,0.0,0.0,0.0,144.0,0
41.00_68.00,2021-12-27,41.0,68.0,0.0,0.0,0.0,0.0,0.0,0.0,145.0,0
41.00_68.00,2022-01-03,41.0,68.0,0.0,0.0,0.0,0.0,0.0,0.0,146.0,0
41.00_68.00,2022-01-10,41.0,68.0,0.0,0.0,0.0,0.0,0.0,0.0,147.0,0
41.00_68.00,2022-01-17,41.0,68.0,0.0,0.0,0.0,0.0,0.0,0.0,148.0,0
41.00_68.00,2022-01-24,41.0,68.0,0.0,0.0,0.0,0.0,0.0,0.0,149.0,0
41.00_68.00,2022-01-31,41.0,68.0,0.0,0.0,0.0,0.0,0.0,0.0,150.0,0
41.00_68.00,2022-02-07,41.0,68.0,0.0,0.0,0.0,0.0,0.0,0.0,151.0,0
41.00_68.00,2022-02-14,41.0,68.0,0.0,0.0,0.0,0.0,0.0,0.0,152.0,0
41.00_68.00,2022-02-21,41.0,68.0,0.0,0.0,0.0,0.0,0.0,0.0,153.0,0
41.00_68.00,2022-02-28,41.0,68.0,0.0,0.0,0.0,0.0,0.0,0.0,154.0,0
41.00_68.00,2022-03-07,41.0,68.0,0.0,0.0,0.0,0.0,0.0,0.0,155.0,0
41.00_68.00,2022-03-14,41.0,68.0,0.0,0.0,0.0,0.0,0.0,0.0,156.0,1
41.00_68.00,2022-03-21,41.0,68.0,1.0,4.3,4.3,4.3,1.0,2818382.9312644494,157.0,1
41.00_68.00,2022-03-28,41.0,68.0,1.0,4.5,4.5,4.5,2.0,8441796.18316794,0.0,0
41.00_68.00,2022-04-04,41.0,68.0,0.0,0.0,0.0,4.5,2.0,8441796.18316794,1.0,0
41.00_68.00,2022-04-11,41.0,68.0,0.0,0.0,0.0,4.5,2.0,8441796.18316794,2.0,0
41.00_68.00,2022-04-18,41.0,68.0,0.0,0.0,0.0,4.5,2.0,8441796.18316794,3.0,0
41.00_68.00,2022-04-25,41.0,68.0,0.0,0.0,0.0,0.0,2.0,8441796.18316794,4.0,0
41.00_68.00,2022-05-02,41.0,68.0,0.0,0.0,0.0,0.0,2.0,8441796.18316794,5.0,0
41.00_68.00,2022-05-09,41.0,68.0,0.0,0.0,0.0,0.0,2.0,8441796.18316794,6.0,0
41.00_68.00,2022-05-16,41.0,68.0,0.0,0.0,0.0,0.0,2.0,5623413.251903491,7.0,0
41.00_68.00,2022-05-23,41.0,68.0,0.0,0.0,0.0,0.0,2.0,0.0,8.0,0
41.00_68.00,2022-05-30,41.0,68.0,0.0,0.0,0.0,0.0,2.0,0.0,9.0,0
41.00_68.00,2022-06-06,41.0,68.0,0.0,0.0,0.0,0.0,2.0,0.0,10.0,0
41.00_68.00,2022-06-13,41.0,68.0,0.0,0.0,0.0,0.0,1.0,0.0,11.0,0
41.00_68.00,2022-06-20,41.0,68.0,0.0,0.0,0.0,0.0,0.0,0.0,12.0,0
41.00_68.00,2022-06-27,41.0,68.0,0.0,0.0,0.0,0.0,0.0,0.0,13.0,0
41.00_68.00,2022-07-04,41.0,68.0,0.0,0.0,0.0,0.0,0.0,0.0,14.0,0
41.00_68.00,2022-07-11,41.0,68.0,0.0,0.0,0.0,0.0,0.0,0.0,15.0,0
41.00_68.00,2022-07-18,41.0,68.0,0.0,0.0,0.0,0.0,0.0,0.0,16.0,0
41.00_68.00,2022-07-25,41.0,68.0,0.0,0.0,0.0,0.0,0.0,0.0,17.0,0
41.00_68.00,2022-08-01,41.0,68.0,0.0,0.0,0.0,0.0,0.0,0.0,18.0,0
41.00_68.00,2022-08-08,41.0,68.0,0.0,0.0,0.0,0.0,0.0,0.0,19.0,0
41.00_68.00,2022-08-15,41.0,68.0,0.0,0.0,0.0,0.0,0.0,0.0,20.0,0
41.00_68.00,2022-08-22,41.0,68.0,0.0,0.0,0.0,0.0,0.0,0.0,21.0,0
41.00_68.00,2022-08-29,41.0,68.0,0.0,0.0,0.0,0.0,0.0,0.0,22.0,0
41.00_68.00,2022-09-05,41.0,68.0,0.0,0.0,0.0,0.0,0.0,0.0,23.0,0
41.00_68.00,2022-09-12,41.0,68.0,0.0,0.0,0.0,0.0,0.0,0.0,24.0,0
41.00_68.00,2022-09-19,41.0,68.0,0.0,0.0,0.0,0.0,0.0,0.0,25.0,0
41.00_68.00,2022-09-26,41.0,68.0,0.0,0.0,0.0,0.0,0.0,0.0,26.0,0
41.00_68.00,2022-10-03,41.0,68.0,0.0,0.0,0.0,0.0,0.0,0.0,27.0,0
41.00_68.00,2022-10-10,41.0,68.0,0.0,0.0,0.0,0.0,0.0,0.0,28.0,0
41.00_68.00,2022-10-17,41.0,68.0,0.0,0.0,0.0,0.0,0.0,0.0,29.0,0
41.00_68.00,2022-10-24,41.0,68.0,0.0,0.0,0.0,0.0,0.0,0.0,30.0,0
41.00_68.00,2022-10-31,41.0,68.0,0.0,0.0,0.0,0.0,0.0,0.0,31.0,1
41.00_68.00,2022-11-07,41.0,68.0,1.0,4.1,4.1,4.1,1.0,1412537.5446227526,32.0,0
41.00_68.00,2022-11-14,41.0,68.0,0.0,0.0,0.0,4.1,1.0,1412537.5446227526,33.0,0
41.00_68.00,2022-11-21,41.0,68.0,0.0,0.0,0.0,4.1,1.0,1412537.5446227526,34.0,0
41.00_68.00,2022-11-28,41.0,68.0,0.0,0.0,0.0,4.1,1.0,1412537.5446227526,35.0,0
41.00_68.00,2022-12-05,41.0,68.0,0.0,0.0,0.0,0.0,1.0,1412537.5446227526,36.0,0
41.00_68.00,2022-12-12,41.0,68.0,0.0,0.0,0.0,0.0,1.0,1412537.5446227526,37.0,0
41.00_68.00,2022-12-19,41.0,68.0,0.0,0.0,0.0,0.0,1.0,1412537.5446227526,38.0,0
41.00_68.00,2022-12-26,41.0,68.0,0.0,0.0,0.0,0.0,1.0,1412537.5446227526,39.0,0
41.00_68.00,2023-01-02,41.0,68.0,0.0,0.0,0.0,0.0,1.0,0.0,40.0,0
41.00_68.00,2023-01-09,41.0,68.0,0.0,0.0,0.0,0.0,1.0,0.0,41.0,0
41.00_68.00,2023-01-16,41.0,68.0,0.0,0.0,0.0,0.0,1.0,0.0,42.0,0
41.00_68.00,2023-01-23,41.0,68.0,0.0,0.0,0.0,0.0,1.0,0.0,43.0,0
41.00_68.00,2023-01-30,41.0,68.0,0.0,0.0,0.0,0.0,0.0,0.0,44.0,0
41.00_68.00,2023-02-06,41.0,68.0,0.0,0.0,0.0,0.0,0.0,0.0,45.0,1
41.00_68.00,2023-02-13,41.0,68.0,1.0,4.5,4.5,4.5,1.0,5623413.251903491,0.0,0
41.00_68.00,2023-02-20,41.0,68.0,0.0,0.0,0.0,4.5,1.0,5623413.251903491,1.0,0
41.00_68.00,2023-02-27,41.0,68.0,0.0,0.0,0.0,4.5,1.0,5623413.251903491,2.0,0
41.00_68.00,2023-03-06,41.0,68.0,0.0,0.0,0.0,4.5,1.0,5623413.251903491,3.0,0
41.00_68.00,2023-03-13,41.0,68.0,0.0,0.0,0.0,0.0,1.0,5623413.251903491,4.0,0
41.00_68.00,2023-03-20,41.0,68.0,0.0,0.0,0.0,0.0,1.0,5623413.251903491,5.0,0
41.00_68.00,2023-03-27,41.0,68.0,0.0,0.0,0.0,0.0,1.0,5623413.251903491,6.0,0
41.00_68.00,2023-04-03,41.0,68.0,0.0,0.0,0.0,0.0,1.0,5623413.251903491,7.0,0
41.00_68.00,2023-04-10,41.0,68.0,0.0,0.0,0.0,0.0,1.0,0.0,8.0,0
41.00_68.00,2023-04-17,41.0,68.0,0.0,0.0,0.0,0.0,1.0,0.0,9.0,0
41.00_68.00,2023-04-24,41.0,68.0,0.0,0.0,0.0,0.0,1.0,0.0,10.0,0
41.00_68.00,2023-05-01,41.0,68.0,0.0,0.0,0.0,0.0,1.0,0.0,11.0,0
41.00_68.00,2023-05-08,41.0,68.0,0.0,0.0,0.0,0.0,0.0,0.0,12.0,0
41.00_68.00,2023-05-15,41.0,68.0,0.0,0.0,0.0,0.0,0.0,0.0,13.0,0
41.00_68.00,2023-05-22,41.0,68.0,0.0,0.0,0.0,0.0,0.0,0.0,14.0,0
41.00_68.00,2023-05-29,41.0,68.0,0.0,0.0,0.0,0.0,0.0,0.0,15.0,0
41.00_68.00,2023-06-05,41.0,68.0,0.0,0.0,0.0,0.0,0.0,0.0,16.0,0
41.00_68.00,2023-06-12,41.0,68.0,0.0,0.0,0.0,0.0,0.0,0.0,17.0,0
41.00_68.00,2023-06-19,41.0,68.0,0.0,0.0,0.0,0.0,0.0,0.0,18.0,0
41.00_68.00,2023-06-26,41.0,68.0,0.0,0.0,0.0,0.0,0.0,0.0,19.0,0
41.00_68.00,2023-07-03,41.0,68.0,0.0,0.0,0.0,0.0,0.0,0.0,20.0,0
41.00_68.00,2023-07-10,41.0,68.0,0.0,0.0,0.0,0.0,0.0,0.0,21.0,0
41.00_68.00,2023-07-17,41.0,68.0,0.0,0.0,0.0,0.0,0.0,0.0,22.0,0
41.00_68.00,2023-07-24,41.0,68.0,0.0,0.0,0.0,0.0,0.0,0.0,23.0,0
41.00_68.00,2023-07-31,41.0,68.0,0.0,0.0,0.0,0.0,0.0,0.0,24.0,0
41.00_68.00,2023-08-07,41.0,68.0,0.0,0.0,0.0,0.0,0.0,0.0,25.0,0
41.00_68.00,2023-08-14,41.0,68.0,0.0,0.0,0.0,0.0,0.0,0.0,26.0,0
41.00_68.00,2023-08-21,41.0,68.0,0.0,0.0,0.0,0.0,0.0,0.0,27.0,0
41.00_68.00,2023-08-28,41.0,68.0,0.0,0.0,0.0,0.0,0.0,0.0,28.0,0
41.00_68.00,2023-09-04,41.0,68.0,0.0,0.0,0.0,0.0,0.0,0.0,29.0,0
41.00_68.00,2023-09-11,41.0,68.0,0.0,0.0,0.0,0.0,0.0,0.0,30.0,0
41.00_68.00,2023-09-18,41.0,68.0,0.0,0.0,0.0,0.0,0.0,0.0,31.0,0
41.00_68.00,2023-09-25,41.0,68.0,0.0,0.0,0.0,0.0,0.0,0.0,32.0,0
41.00_68.00,2023-10-02,41.0,68.0,0.0,0.0,0.0,0.0,0.0,0.0,33.0,0
41.00_68.00,2023-10-09,41.0,68.0,0.0,0.0,0.0,0.0,0.0,0.0,34.0,1
41.00_68.00,2023-10-16,41.0,68.0,1.0,4.3,4.3,4.3,1.0,2818382.9312644494,35.0,0
41.00_68.00,2023-10-23,41.0,68.0,0.0,0.0,0.0,4.3,1.0,2818382.9312644494,36.0,0
41.00_68.00,2023-10-30,41.0,68.0,0.0,0.0,0.0,4.3,1.0,2818382.9312644494,37.0,0
41.00_68.00,2023-11-06,41.0,68.0,0.0,0.0,0.0,4.3,1.0,2818382.9312644494,38.0,0
41.00_68.00,2023-11-13,41.0,68.0,0.0,0.0,0.0,0.0,1.0,2818382.9312644494,39.0,0
41.00_68.00,2023-11-20,41.0,68.0,0.0,0.0,0.0,0.0,1.0,2818382.9312644494,40.0,0
41.00_68.00,2023-11-27,41.0,68.0,0.0,0.0,0.0,0.0,1.0,2818382.9312644494,41.0,0
41.00_68.00,2023-12-04,41.0,68.0,0.0,0.0,0.0,0.0,1.0,2818382.9312644494,42.0,0
41.00_68.00,2023-12-11,41.0,68.0,0.0,0.0,0.0,0.0,1.0,0.0,43.0,0
41.00_68.00,2023-12-18,41.0,68.0,0.0,0.0,0.0,0.0,1.0,0.0,44.0,0
41.00_68.00,2023-12-25,41.0,68.0,0.0,0.0,0.0,0.0,1.0,0.0,45.0,0
41.00_71.00,2010-03-22,41.0,71.0,0.0,0.0,0.0,0.0,1.0,0.0,8.0,0
41.00_71.00,2010-03-29,41.0,71.0,0.0,0.0,0.0,0.0,1.0,0.0,9.0,0
41.00_71.00,2010-04-05,41.0,71.0,0.0,0.0,0.0,0.0,1.0,0.0,10.0,0
41.00_71.00,2010-04-12,41.0,71.0,0.0,0.0,0.0,0.0,1.0,0.0,11.0,0
41.00_71.00,2010-04-19,41.0,71.0,0.0,0.0,0.0,0.0,0.0,0.0,12.0,0
41.00_71.00,2010-04-26,41.0,71.0,0.0,0.0,0.0,0.0,0.0,0.0,13.0,0
41.00_71.00,2010-05-03,41.0,71.0,0.0,0.0,0.0,0.0,0.0,0.0,14.0,0
41.00_71.00,2010-05-10,41.0,71.0,0.0,0.0,0.0,0.0,0.0,0.0,15.0,1
41.00_71.00,2010-05-17,41.0,71.0,1.0,4.9,4.9,4.9,1.0,22387211.385683425,0.0,0
41.00_71.00,2010-05-24,41.0,71.0,0.0,0.0,0.0,4.9,1.0,22387211.385683425,1.0,0
41.00_71.00,2010-05-31,41.0,71.0,0.0,0.0,0.0,4.9,1.0,22387211.385683425,2.0,0
41.00_71.00,2010-06-07,41.0,71.0,0.0,0.0,0.0,4.9,1.0,22387211.385683425,3.0,0
41.00_71.00,2010-06-14,41.0,71.0,0.0,0.0,0.0,0.0,1.0,22387211.385683425,4.0,0
41.00_71.00,2010-06-21,41.0,71.0,0.0,0.0,0.0,0.0,1.0,22387211.385683425,5.0,0
41.00_71.00,2010-06-28,41.0,71.0,0.0,0.0,0.0,0.0,1.0,22387211.385683425,6.0,0
41.00_71.00,2010-07-05,41.0,71.0,0.0,0.0,0.0,0.0,1.0,22387211.385683425,7.0,0
41.00_71.00,2010-07-12,41.0,71.0,0.0,0.0,0.0,0.0,1.0,0.0,8.0,0
41.00_71.00,2010-07-19,41.0,71.0,0.0,0.0,0.0,0.0,1.0,0.0,9.0,0
41.00_71.00,2010-07-26,41.0,71.0,0.0,0.0,0.0,0.0,1.0,0.0,10.0,0
41.00_71.00,2010-08-02,41.0,71.0,0.0,0.0,0.0,0.0,1.0,0.0,11.0,0
41.00_71.00,2010-08-09,41.0,71.0,0.0,0.0,0.0,0.0,0.0,0.0,12.0,0
41.00_71.00,2010-08-16,41.0,71.0,0.0,0.0,0.0,0.0,0.0,0.0,13.0,0
41.00_71.00,2010-08-23,41.0,71.0,0.0,0.0,0.0,0.0,0.0,0.0,14.0,0
41.00_71.00,2010-08-30,41.0,71.0,0.0,0.0,0.0,0.0,0.0,0.0,15.0,0
41.00_71.00,2010-09-06,41.0,71.0,0.0,0.0,0.0,0.0,0.0,0.0,16.0,0
41.00_71.00,2010-09-13,41.0,71.0,0.0,0.0,0.0,0.0,0.0,0.0,17.0,0
41.00_71.00,2010-09-20,41.0,71.0,0.0,0.0,0.0,0.0,0.0,0.0,18.0,0
41.00_71.00,2010-09-27,41.0,71.0,0.0,0.0,0.0,0.0,0.0,0.0,19.0,0
41.00_71.00,2010-10-04,41.0,71.0,0.0,0.0,0.0,0.0,0.0,0.0,20.0,0
41.00_71.00,2010-10-11,41.0,71.0,0.0,0.0,0.0,0.0,0.0,0.0,21.0,0
41.00_71.00,2010-10-18,41.0,71.0,0.0,0.0,0.0,0.0,0.0,0.0,22.0,0
41.00_71.00,2010-10-25,41.0,71.0,0.0,0.0,0.0,0.0,0.0,0.0,23.0,1
41.00_71.00,2010-11-01,41.0,71.0,1.0,4.7,4.7,4.7,1.0,11220184.543019652,0.0,0
41.00_71.00,2010-11-08,41.0,71.0,0.0,0.0,0.0,4.7,1.0,11220184.543019652,1.0,0
41.00_71.00,2010-11-15,41.0,71.0,0.0,0.0,0.0,4.7,1.0,11220184.543019652,2.0,0
41.00_71.00,2010-11-22,41.0,71.0,0.0,0.0,0.0,4.7,1.0,11220184.543019652,3.0,0
41.00_71.00,2010-11-29,41.0,71.0,0.0,0.0,0.0,0.0,1.0,11220184.543019652,4.0,0
41.00_71.00,2010-12-06,41.0,71.0,0.0,0.0,0.0,0.0,1.0,11220184.543019652,5.0,0
41.00_71.00,2010-12-13,41.0,71.0,0.0,0.0,0.0,0.0,1.0,11220184.543019652,6.0,0
41.00_71.00,2010-12-20,41.0,71.0,0.0,0.0,0.0,0.0,1.0,11220184.543019652,7.0,0
41.00_71.00,2010-12-27,41.0,71.0,0.0,0.0,0.0,0.0,1.0,0.0,8.0,0
41.00_71.00,2011-01-03,41.0,71.0,0.0,0.0,0.0,0.0,1.0,0.0,9.0,0
41.00_71.00,2011-01-10,41.0,71.0,0.0,0.0,0.0,0.0,1.0,0.0,10.0,0
41.00_71.00,2011-01-17,41.0,71.0,0.0,0.0,0.0,0.0,1.0,0.0,11.0,0
41.00_71.00,2011-01-24,41.0,71.0,0.0,0.0,0.0,0.0,0.0,0.0,12.0,0
41.00_71.00,2011-01-31,41.0,71.0,0.0,0.0,0.0,0.0,0.0,0.0,13.0,0
41.00_71.00,2011-02-07,41.0,71.0,0.0,0.0,0.0,0.0,0.0,0.0,14.0,0
41.00_71.00,2011-02-14,41.0,71.0,0.0,0.0,0.0,0.0,0.0,0.0,15.0,1
41.00_71.00,2011-02-21,41.0,71.0,1.0,4.2,4.2,4.2,1.0,1995262.3149688828,16.0,0
41.00_71.00,2011-02-28,41.0,71.0,0.0,0.0,0.0,4.2,1.0,1995262.3149688828,17.0,0
41.00_71.00,2011-03-07,41.0,71.0,0.0,0.0,0.0,4.2,1.0,1995262.3149688828,18.0,0
41.00_71.00,2011-03-14,41.0,71.0,0.0,0.0,0.0,4.2,1.0,1995262.3149688828,19.0,0
41.00_71.00,2011-03-21,41.0,71.0,0.0,0.0,0.0,0.0,1.0,1995262.3149688828,20.0,0
41.00_71.00,2011-03-28,41.0,71.0,0.0,0.0,0.0,0.0,1.0,1995262.3149688828,21.0,0
41.00_71.00,2011-04-04,41.0,71.0,0.0,0.0,0.0,0.0,1.0,1995262.3149688828,22.0,0
41.00_71.00,2011-04-11,41.0,71.0,0.0,0.0,0.0,0.0,1.0,1995262.3149688828,23.0,0
41.00_71.00,2011-04-18,41.0,71.0,0.0,0.0,0.0,0.0,1.0,0.0,24.0,0
41.00_71.00,2011-04-25,41.0,71.0,0.0,0.0,0.0,0.0,1.0,0.0,25.0,0
41.00_71.00,2011-05-02,41.0,71.0,0.0,0.0,0.0,0.0,1.0,0.0,26.0,0
41.00_71.00,2011-05-09,41.0,71.0,0.0,0.0,0.0,0.0,1.0,0.0,27.0,0
41.00_71.00,2011-05-16,41.0,71.0,0.0,0.0,0.0,0.0,0.0,0.0,28.0,0
41.00_71.00,2011-05-23,41.0,71.0,0.0,0.0,0.0,0.0,0.0,0.0,29.0,0
41.00_71.00,2011-05-30,41.0,71.0,0.0,0.0,0.0,0.0,0.0,0.0,30.0,0
41.00_71.00,2011-06-06,41.0,71.0,0.0,0.0,0.0,0.0,0.0,0.0,31.0,0
41.00_71.00,2011-06-13,41.0,71.0,0.0,0.0,0.0,0.0,0.0,0.0,32.0,0
41.00_71.00,2011-06-20,41.0,71.0,0.0,0.0,0.0,0.0,0.0,0.0,33.0,0
41.00_71.00,2011-06-27,41.0,71.0,0.0,0.0,0.0,0.0,0.0,0.0,34.0,0
41.00_71.00,2011-07-04,41.0,71.0,0.0,0.0,0.0,0.0,0.0,0.0,35.0,0
41.00_71.00,2011-07-11,41.0,71.0,0.0,0.0,0.0,0.0,0.0,0.0,36.0,0
41.00_71.00,2011-07-18,41.0,71.0,0.0,0.0,0.0,0.0,0.0,0.0,37.0,0
41.00_71.00,2011-07-25,41.0,71.0,0.0,0.0,0.0,0.0,0.0,0.0,38.0,0
41.00_71.00,2011-08-01,41.0,71.0,0.0,0.0,0.0,0.0,0.0,0.0,39.0,0
41.00_71.00,2011-08-08,41.0,71.0,0.0,0.0,0.0,0.0,0.0,0.0,40.0,0
41.00_71.00,2011-08-15,41.0,71.0,0.0,0.0,0.0,0.0,0.0,0.0,41.0,1
41.00_71.00,2011-08-22,41.0,71.0,1.0,5.0,5.0,5.0,1.0,31622776.60168379,0.0,0
41.00_71.00,2011-08-29,41.0,71.0,0.0,0.0,0.0,5.0,1.0,31622776.60168379,1.0,0
41.00_71.00,2011-09-05,41.0,71.0,0.0,0.0,0.0,5.0,1.0,31622776.60168379,2.0,0
41.00_71.00,2011-09-12,41.0,71.0,0.0,0.0,0.0,5.0,1.0,31622776.60168379,3.0,0
41.00_71.00,2011-09-19,41.0,71.0,0.0,0.0,0.0,0.0,1.0,31622776.60168379,4.0,1
41.00_71.00,2011-09-26,41.0,71.0,1.0,4.4,4.4,4.4,2.0,35603848.30721877,5.0,0
41.00_71.00,2011-10-03,41.0,71.0,0.0,0.0,0.0,4.4,2.0,35603848.30721877,6.0,0
41.00_71.00,2011-10-10,41.0,71.0,0.0,0.0,0.0,4.4,2.0,35603848.30721877,7.0,1
41.00_71.00,2011-10-17,41.0,71.0,1.0,4.4,4.4,4.4,3.0,7962143.411069955,8.0,1
41.00_71.00,2011-10-24,41.0,71.0,1.0,4.6,4.6,4.6,4.0,15905425.75831276,0.0,0
41.00_71.00,2011-10-31,41.0,71.0,0.0,0.0,0.0,4.6,4.0,15905425.75831276,1.0,0
41.00_71.00,2011-11-07,41.0,71.0,0.0,0.0,0.0,4.6,4.0,15905425.75831276,2.0,0
41.00_71.00,2011-11-14,41.0,71.0,0.0,0.0,0.0,4.6,3.0,15905425.75831276,3.0,0
41.00_71.00,2011-11-21,41.0,71.0,0.0,0.0,0.0,0.0,3.0,11924354.052777782,4.0,0
41.00_71.00,2011-11-28,41.0,71.0,0.0,0.0,0.0,0.0,3.0,11924354.052777782,5.0,0
41.00_71.00,2011-12-05,41.0,71.0,0.0,0.0,0.0,0.0,3.0,11924354.052777782,6.0,0
41.00_71.00,2011-12-12,41.0,71.0,0.0,0.0,0.0,0.0,3.0,7943282.347242805,7.0,0
41.00_71.00,2011-12-19,41.0,71.0,0.0,0.0,0.0,0.0,2.0,0.0,8.0,1
41.00_71.00,2011-12-26,41.0,71.0,1.0,4.4,4.4,4.4,3.0,3981071.7055349774,9.0,0
41.00_71.00,2012-01-02,41.0,71.0,0.0,0.0,0.0,4.4,3.0,3981071.7055349774,10.0,0
41.00_71.00,2012-01-09,41.0,71.0,0.0,0.0,0.0,4.4,2.0,3981071.7055349774,11.0,0
41.00_71.00,2012-01-16,41.0,71.0,0.0,0.0,0.0,4.4,1.0,3981071.7055349774,12.0,0
41.00_71.00,2012-01-23,41.0,71.0,0.0,0.0,0.0,0.0,1.0,3981071.7055349774,13.0,0
41.00_71.00,2012-01-30,41.0,71.0,0.0,0.0,0.0,0.0,1.0,3981071.7055349774,14.0,0
41.00_71.00,2012-02-06,41.0,71.0,0.0,0.0,0.0,0.0,1.0,3981071.7055349774,15.0,0
41.00_71.00,2012-02-13,41.0,71.0,0.0,0.0,0.0,0.0,1.0,3981071.7055349774,16.0,0
41.00_71.00,2012-02-20,41.0,71.0,0.0,0.0,0.0,0.0,1.0,0.0,17.0,2
41.00_71.00,2012-02-27,41.0,71.0,2.0,4.9,4.4,4.9,3.0,26368283.0912184,0.0,0
41.00_71.00,2012-03-05,41.0,71.0,0.0,0.0,0.0,4.9,3.0,26368283.0912184,1.0,0
41.00_71.00,2012-03-12,41.0,71.0,0.0,0.0,0.0,4.9,3.0,26368283.0912184,2.0,0
41.00_71.00,2012-03-19,41.0,71.0,0.0,0.0,0.0,4.9,2.0,26368283.0912184,3.0,0
41.00_71.00,2012-03-26,41.0,71.0,0.0,0.0,0.0,0.0,2.0,26368283.0912184,4.0,0
41.00_71.00,2012-04-02,41.0,71.0,0.0,0.0,0.0,0.0,2.0,26368283.0912184,5.0,0
41.00_71.00,2012-04-09,41.0,71.0,0.0,0.0,0.0,0.0,2.0,26368283.0912184,6.0,0
41.00_71.00,2012-04-16,41.0,71.0,0.0,0.0,0.0,0.0,2.0,26368283.0912184,7.0,0
41.00_71.00,2012-04-23,41.0,71.0,0.0,0.0,0.0,0.0,2.0,0.0,8.0,0
41.00_71.00,2012-04-30,41.0,71.0,0.0,0.0,0.0,0.0,2.0,0.0,9.0,0
41.00_71.00,2012-05-07,41.0,71.0,0.0,0.0,0.0,0.0,2.0,0.0,10.0,0
41.00_71.00,2012-05-14,41.0,71.0,0.0,0.0,0.0,0.0,2.0,0.0,11.0,0
41.00_71.00,2012-05-21,41.0,71.0,0.0,0.0,0.0,0.0,0.0,0.0,12.0,0
41.00_71.00,2012-05-28,41.0,71.0,0.0,0.0,0.0,0.0,0.0,0.0,13.0,0
41.00_71.00,2012-06-04,41.0,71.0,0.0,0.0,0.0,0.0,0.0,0.0,14.0,0
41.00_71.00,2012-06-11,41.0,71.0,0.0,0.0,0.0,0.0,0.0,0.0,15.0,0
41.00_71.00,2012-06-18,41.0,71.0,0.0,0.0,0.0,0.0,0.0,0.0,16.0,0
41.00_71.00,2012-06-25,41.0,71.0,0.0,0.0,0.0,0.0,0.0,0.0,17.0,0
41.00_71.00,2012-07-02,41.0,71.0,0.0,0.0,0.0,0.0,0.0,0.0,18.0,0
41.00_71.00,2012-07-09,41.0,71.0,0.0,0.0,0.0,0.0,0.0,0.0,19.0,0
41.00_71.00,2012-07-16,41.0,71.0,0.0,0.0,0.0,0.0,0.0,0.0,20.0,0
41.00_71.00,2012-07-23,41.0,71.0,0.0,0.0,0.0,0.0,0.0,0.0,21.0,0
41.00_71.00,2012-07-30,41.0,71.0,0.0,0.0,0.0,0.0,0.0,0.0,22.0,0
41.00_71.00,2012-08-06,41.0,71.0,0.0,0.0,0.0,0.0,0.0,0.0,23.0,0
41.00_71.00,2012-08-13,41.0,71.0,0.0,0.0,0.0,0.0,0.0,0.0,24.0,0
41.00_71.00,2012-08-20,41.0,71.0,0.0,0.0,0.0,0.0,0.0,0.0,25.0,0
41.00_71.00,2012-08-27,41.0,71.0,0.0,0.0,0.0,0.0,0.0,0.0,26.0,0
41.00_71.00,2012-09-03,41.0,71.0,0.0,0.0,0.0,0.0,0.0,0.0,27.0,0
41.00_71.00,2012-09-10,41.0,71.0,0.0,0.0,0.0,0.0,0.0,0.0,28.0,1
41.00_71.00,2012-09-17,41.0,71.0,1.0,4.4,4.4,4.4,1.0,3981071.7055349774,29.0,0
41.00_71.00,2012-09-24,41.0,71.0,0.0,0.0,0.0,4.4,1.0,3981071.7055349774,30.0,0
41.00_71.00,2012-10-01,41.0,71.0,0.0,0.0,0.0,4.4,1.0,3981071.7055349774,31.0,0
41.00_71.00,2012-10-08,41.0,71.0,0.0,0.0,0.0,4.4,1.0,3981071.7055349774,32.0,0
41.00_71.00,2012-10-15,41.0,71.0,0.0,0.0,0.0,0.0,1.0,3981071.7055349774,33.0,0
41.00_71.00,2012-10-22,41.0,71.0,0.0,0.0,0.0,0.0,1.0,3981071.7055349774,34.0,0
41.00_71.00,2012-10-29,41.0,71.0,0.0,0.0,0.0,0.0,1.0,3981071.7055349774,35.0,0
41.00_71.00,2012-11-05,41.0,71.0,0.0,0.0,0.0,0.0,1.0,3981071.7055349774,36.0,0
41.00_71.00,2012-11-12,41.0,71.0,0.0,0.0,0.0,0.0,1.0,0.0,37.0,0
41.00_71.00,2012-11-19,41.0,71.0,0.0,0.0,0.0,0.0,1.0,0.0,38.0,0
41.00_71.00,2012-11-26,41.0,71.0,0.0,0.0,0.0,0.0,1.0,0.0,39.0,1
41.00_71.00,2012-12-03,41.0,71.0,1.0,4.2,4.2,4.2,2.0,1995262.3149688828,40.0,0
41.00_71.00,2012-12-10,41.0,71.0,0.0,0.0,0.0,4.2,1.0,1995262.3149688828,41.0,0
41.00_71.00,2012-12-17,41.0,71.0,0.0,0.0,0.0,4.2,1.0,1995262.3149688828,42.0,0
41.00_71.00,2012-12-24,41.0,71.0,0.0,0.0,0.0,4.2,1.0,1995262.3149688828,43.0,0
41.00_71.00,2012-12-31,41.0,71.0,0.0,0.0,0.0,0.0,1.0,1995262.3149688828,44.0,0
41.00_71.00,2013-01-07,41.0,71.0,0.0,0.0,0.0,0.0,1.0,1995262.3149688828,45.0,0
41.00_71.00,2013-01-14,41.0,71.0,0.0,0.0,0.0,0.0,1.0,1995262.3149688828,46.0,0
41.00_71.00,2013-01-21,41.0,71.0,0.0,0.0,0.0,0.0,1.0,1995262.3149688828,47.0,0
41.00_71.00,2013-01-28,41.0,71.0,0.0,0.0,0.0,0.0,1.0,0.0,48.0,0
41.00_71.00,2013-02-04,41.0,71.0,0.0,0.0,0.0,0.0,1.0,0.0,49.0,0
41.00_71.00,2013-02-11,41.0,71.0,0.0,0.0,0.0,0.0,1.0,0.0,50.0,0
41.00_71.00,2013-02-18,41.0,71.0,0.0,0.0,0.0,0.0,1.0,0.0,51.0,0
41.00_71.00,2013-02-25,41.0,71.0,0.0,0.0,0.0,0.0,0.0,0.0,52.0,0
41.00_71.00,2013-03-04,41.0,71.0,0.0,0.0,0.0,0.0,0.0,0.0,53.0,0
41.00_71.00,2013-03-11,41.0,71.0,0.0,0.0,0.0,0.0,0.0,0.0,54.0,0
41.00_71.00,2013-03-18,41.0,71.0,0.0,0.0,0.0,0.0,0.0,0.0,55.0,0
41.00_71.00,2013-03-25,41.0,71.0,0.0,0.0,0.0,0.0,0.0,0.0,56.0,0
41.00_71.00,2013-04-01,41.0,71.0,0.0,0.0,0.0,0.0,0.0,0.0,57.0,0
41.00_71.00,2013-04-08,41.0,71.0,0.0,0.0,0.0,0.0,0.0,0.0,58.0,0
41.00_71.00,2013-04-15,41.0,71.0,0.0,0.0,0.0,0.0,0.0,0.0,59.0,0
41.00_71.00,2013-04-22,41.0,71.0,0.0,0.0,0.0,0.0,0.0,0.0,60.0,0
41.00_71.00,2013-04-29,41.0,71.0,0.0,0.0,0.0,0.0,0.0,0.0,61.0,1
41.00_71.00,2013-05-06,41.0,71.0,1.0,4.3,4.3,4.3,1.0,2818382.9312644494,62.0,0
41.00_71.00,2013-05-13,41.0,71.0,0.0,0.0,0.0,4.3,1.0,2818382.9312644494,63.0,0
41.00_71.00,2013-05-20,41.0,71.0,0.0,0.0,0.0,4.3,1.0,2818382.9312644494,64.0,0
41.00_71.00,2013-05-27,41.0,71.0,0.0,0.0,0.0,4.3,1.0,2818382.9312644494,65.0,0
41.00_71.00,2013-06-03,41.0,71.0,0.0,0.0,0.0,0.0,1.0,2818382.9312644494,66.0,0
41.00_71.00,2013-06-10,41.0,71.0,0.0,0.0,0.0,0.0,1.0,2818382.9312644494,67.0,0
41.00_71.00,2013-06-17,41.0,71.0,0.0,0.0,0.0,0.0,1.0,2818382.9312644494,68.0,0
41.00_71.00,2013-06-24,41.0,71.0,0.0,0.0,0.0,0.0,1.0,2818382.9312644494,69.0,0
41.00_71.00,2013-07-01,41.0,71.0,0.0,0.0,0.0,0.0,1.0,0.0,70.0,0
41.00_71.00,2013-07-08,41.0,71.0,0.0,0.0,0.0,0.0,1.0,0.0,71.0,0
41.00_71.00,2013-07-15,41.0,71.0,0.0,0.0,0.0,0.0,1.0,0.0,72.0,0
41.00_71.00,2013-07-22,41.0,71.0,0.0,0.0,0.0,0.0,1.0,0.0,73.0,0
41.00_71.00,2013-07-29,41.0,71.0,0.0,0.0,0.0,0.0,0.0,0.0,74.0,0
41.00_71.00,2013-08-05,41.0,71.0,0.0,0.0,0.0,0.0,0.0,0.0,75.0,0
41.00_71.00,2013-08-12,41.0,71.0,0.0,0.0,0.0,0.0,0.0,0.0,76.0,0
41.00_71.00,2013-08-19,41.0,71.0,0.0,0.0,0.0,0.0,0.0,0.0,77.0,1
41.00_71.00,2013-08-26,41.0,71.0,1.0,4.8,4.8,4.8,1.0,15848931.924611108,0.0,0
41.00_71.00,2013-09-02,41.0,71.0,0.0,0.0,0.0,4.8,1.0,15848931.924611108,1.0,0
41.00_71.00,2013-09-09,41.0,71.0,0.0,0.0,0.0,4.8,1.0,15848931.924611108,2.0,0
41.00_71.00,2013-09-16,41.0,71.0,0.0,0.0,0.0,4.8,1.0,15848931.924611108,3.0,0
41.00_71.00,2013-09-23,41.0,71.0,0.0,0.0,0.0,0.0,1.0,15848931.924611108,4.0,0
41.00_71.00,2013-09-30,41.0,71.0,0.0,0.0,0.0,0.0,1.0,15848931.924611108,5.0,0
41.00_71.00,2013-10-07,41.0,71.0,0.0,0.0,0.0,0.0,1.0,15848931.924611108,6.0,0
41.00_71.00,2013-10-14,41.0,71.0,0.0,0.0,0.0,0.0,1.0,15848931.924611108,7.0,0
41.00_71.00,2013-10-21,41.0,71.0,0.0,0.0,0.0,0.0,1.0,0.0,8.0,0
41.00_71.00,2013-10-28,41.0,71.0,0.0,0.0,0.0,0.0,1.0,0.0,9.0,0
41.00_71.00,2013-11-04,41.0,71.0,0.0,0.0,0.0,0.0,1.0,0.0,10.0,0
41.00_71.00,2013-11-11,41.0,71.0,0.0,0.0,0.0,0.0,1.0,0.0,11.0,0
41.00_71.00,2013-11-18,41.0,71.0,0.0,0.0,0.0,0.0,0.0,0.0,12.0,1
41.00_71.00,2013-11-25,41.0,71.0,1.0,4.6,4.6,4.6,1.0,7943282.347242805,0.0,0
41.00_71.00,2013-12-02,41.0,71.0,0.0,0.0,0.0,4.6,1.0,7943282.347242805,1.0,0
41.00_71.00,2013-12-09,41.0,71.0,0.0,0.0,0.0,4.6,1.0,7943282.347242805,2.0,0
41.00_71.00,2013-12-16,41.0,71.0,0.0,0.0,0.0,4.6,1.0,7943282.347242805,3.0,0
41.00_71.00,2013-12-23,41.0,71.0,0.0,0.0,0.0,0.0,1.0,7943282.347242805,4.0,0
41.00_71.00,2013-12-30,41.0,71.0,0.0,0.0,0.0,0.0,1.0,7943282.347242805,5.0,0
41.00_71.00,2014-01-06,41.0,71.0,0.0,0.0,0.0,0.0,1.0,7943282.347242805,6.0,0
41.00_71.00,2014-01-13,41.0,71.0,0.0,0.0,0.0,0.0,1.0,7943282.347242805,7.0,0
41.00_71.00,2014-01-20,41.0,71.0,0.0,0.0,0.0,0.0,1.0,0.0,8.0,0
41.00_71.00,2014-01-27,41.0,71.0,0.0,0.0,0.0,0.0,1.0,0.0,9.0,0
41.00_71.00,2014-02-03,41.0,71.0,0.0,0.0,0.0,0.0,1.0,0.0,10.0,0
41.00_71.00,2014-02-10,41.0,71.0,0.0,0.0,0.0,0.0,1.0,0.0,11.0,0
41.00_71.00,2014-02-17,41.0,71.0,0.0,0.0,0.0,0.0,0.0,0.0,12.0,0
41.00_71.00,2014-02-24,41.0,71.0,0.0,0.0,0.0,0.0,0.0,0.0,13.0,0
41.00_71.00,2014-03-03,41.0,71.0,0.0,0.0,0.0,0.0,0.0,0.0,14.0,0
41.00_71.00,2014-03-10,41.0,71.0,0.0,0.0,0.0,0.0,0.0,0.0,15.0,0
41.00_71.00,2014-03-17,41.0,71.0,0.0,0.0,0.0,0.0,0.0,0.0,16.0,1
41.00_71.00,2014-03-24,41.0,71.0,1.0,4.1,4.1,4.1,1.0,1412537.5446227526,17.0,1
41.00_71.00,2014-03-31,41.0,71.0,1.0,4.0,4.0,4.1,2.0,2412537.544622753,18.0,0
41.00_71.00,2014-04-07,41.0,71.0,0.0,0.0,0.0,4.1,2.0,2412537.544622753,19.0,0
41.00_71.00,2014-04-14,41.0,71.0,0.0,0.0,0.0,4.1,2.0,2412537.544622753,20.0,0
41.00_71.00,2014-04-21,41.0,71.0,0.0,0.0,0.0,4.0,2.0,2412537.544622753,21.0,0
41.00_71.00,2014-04-28,41.0,71.0,0.0,0.0,0.0,0.0,2.0,2412537.544622753,22.0,0
41.00_71.00,2014-05-05,41.0,71.0,0.0,0.0,0.0,0.0,2.0,2412537.544622753,23.0,0
41.00_71.00,2014-05-12,41.0,71.0,0.0,0.0,0.0,0.0,2.0,2412537.544622753,24.0,0
41.00_71.00,2014-05-19,41.0,71.0,0.0,0.0,0.0,0.0,2.0,1000000.0,25.0,0
41.00_71.00,2014-05-26,41.0,71.0,0.0,0.0,0.0,0.0,2.0,0.0,26.0,0
41.00_71.00,2014-06-02,41.0,71.0,0.0,0.0,0.0,0.0,2.0,0.0,27.0,0
41.00_71.00,2014-06-09,41.0,71.0,0.0,0.0,0.0,0.0,2.0,0.0,28.0,0
41.00_71.00,2014-06-16,41.0,71.0,0.0,0.0,0.0,0.0,1.0,0.0,29.0,0
41.00_71.00,2014-06-23,41.0,71.0,0.0,0.0,0.0,0.0,0.0,0.0,30.0,1
41.00_71.00,2014-06-30,41.0,71.0,1.0,4.6,4.6,4.6,1.0,7943282.347242805,0.0,0
41.00_71.00,2014-07-07,41.0,71.0,0.0,0.0,0.0,4.6,1.0,7943282.347242805,1.0,0
41.00_71.00,2014-07-14,41.0,71.0,0.0,0.0,0.0,4.6,1.0,7943282.347242805,2.0,0
41.00_71.00,2014-07-21,41.0,71.0,0.0,0.0,0.0,4.6,1.0,7943282.347242805,3.0,0
41.00_71.00,2014-07-28,41.0,71.0,0.0,0.0,0.0,0.0,1.0,7943282.347242805,4.0,0
41.00_71.00,2014-08-04,41.0,71.0,0.0,0.0,0.0,0.0,1.0,7943282.347242805,5.0,0
41.00_71.00,2014-08-11,41.0,71.0,0.0,0.0,0.0,0.0,1.0,7943282.347242805,6.0,0
41.00_71.00,2014-08-18,41.0,71.0,0.0,0.0,0.0,0.0,1.0,7943282.347242805,7.0,0
41.00_71.00,2014-08-25,41.0,71.0,0.0,0.0,0.0,0.0,1.0,0.0,8.0,0
41.00_71.00,2014-09-01,41.0,71.0,0.0,0.0,0.0,0.0,1.0,0.0,9.0,0
41.00_71.00,2014-09-08,41.0,71.0,0.0,0.0,0.0,0.0,1.0,0.0,10.0,0
41.00_71.00,2014-09-15,41.0,71.0,0.0,0.0,0.0,0.0,1.0,0.0,11.0,0
41.00_71.00,2014-09-22,41.0,71.0,0.0,0.0,0.0,0.0,0.0,0.0,12.0,0
41.00_71.00,2014-09-29,41.0,71.0,0.0,0.0,0.0,0.0,0.0,0.0,13.0,0
41.00_71.00,2014-10-06,41.0,71.0,0.0,0.0,0.0,0.0,0.0,0.0,14.0,0
41.00_71.00,2014-10-13,41.0,71.0,0.0,0.0,0.0,0.0,0.0,0.0,15.0,0
41.00_71.00,2014-10-20,41.0,71.0,0.0,0.0,0.0,0.0,0.0,0.0,16.0,0
41.00_71.00,2014-10-27,41.0,71.0,0.0,0.0,0.0,0.0,0.0,0.0,17.0,0
41.00_71.00,2014-11-03,41.0,71.0,0.0,0.0,0.0,0.0,0.0,0.0,18.0,0
41.00_71.00,2014-11-10,41.0,71.0,0.0,0.0,0.0,0.0,0.0,0.0,19.0,0
41.00_71.00,2014-11-17,41.0,71.0,0.0,0.0,0.0,0.0,0.0,0.0,20.0,0
41.00_71.00,2014-11-24,41.0,71.0,0.0,0.0,0.0,0.0,0.0,0.0,21.0,0
41.00_71.00,2014-12-01,41.0,71.0,0.0,0.0,0.0,0.0,0.0,0.0,22.0,0
41.00_71.00,2014-12-08,41.0,71.0,0.0,0.0,0.0,0.0,0.0,0.0,23.0,0
41.00_71.00,2014-12-15,41.0,71.0,0.0,0.0,0.0,0.0,0.0,0.0,24.0,0
41.00_71.00,2014-12-22,41.0,71.0,0.0,0.0,0.0,0.0,0.0,0.0,25.0,0
41.00_71.00,2014-12-29,41.0,71.0,0.0,0.0,0.0,0.0,0.0,0.0,26.0,0
41.00_71.00,2015-01-05,41.0,71.0,0.0,0.0,0.0,0.0,0.0,0.0,27.0,0
41.00_71.00,2015-01-12,41.0,71.0,0.0,0.0,0.0,0.0,0.0,0.0,28.0,0
41.00_71.00,2015-01-19,41.0,71.0,0.0,0.0,0.0,0.0,0.0,0.0,29.0,1
41.00_71.00,2015-01-26,41.0,71.0,1.0,4.1,4.1,4.1,1.0,1412537.5446227526,30.0,0
41.00_71.00,2015-02-02,41.0,71.0,0.0,0.0,0.0,4.1,1.0,1412537.5446227526,31.0,0
41.00_71.00,2015-02-09,41.0,71.0,0.0,0.0,0.0,4.1,1.0,1412537.5446227526,32.0,0
41.00_71.00,2015-02-16,41.0,71.0,0.0,0.0,0.0,4.1,1.0,1412537.5446227526,33.0,0
41.00_71.00,2015-02-23,41.0,71.0,0.0,0.0,0.0,0.0,1.0,1412537.5446227526,34.0,0
41.00_71.00,2015-03-02,41.0,71.0,0.0,0.0,0.0,0.0,1.0,1412537.5446227526,35.0,0
41.00_71.00,2015-03-09,41.0,71.0,0.0,0.0,0.0,0.0,1.0,1412537.5446227526,36.0,0
41.00_71.00,2015-03-16,41.0,71.0,0.0,0.0,0.0,0.0,1.0,1412537.5446227526,37.0,0
41.00_71.00,2015-03-23,41.0,71.0,0.0,0.0,0.0,0.0,1.0,0.0,38.0,0
41.00_71.00,2015-03-30,41.0,71.0,0.0,0.0,0.0,0.0,1.0,0.0,39.0,0
41.00_71.00,2015-04-06,41.0,71.0,0.0,0.0,0.0,0.0,1.0,0.0,40.0,0
41.00_71.00,2015-04-13,41.0,71.0,0.0,0.0,0.0,0.0,1.0,0.0,41.0,0
41.00_71.00,2015-04-20,41.0,71.0,0.0,0.0,0.0,0.0,0.0,0.0,42.0,0
41.00_71.00,2015-04-27,41.0,71.0,0.0,0.0,0.0,0.0,0.0,0.0,43.0,0
41.00_71.00,2015-05-04,41.0,71.0,0.0,0.0,0.0,0.0,0.0,0.0,44.0,0
41.00_71.00,2015-05-11,41.0,71.0,0.0,0.0,0.0,0.0,0.0,0.0,45.0,0
41.00_71.00,2015-05-18,41.0,71.0,0.0,0.0,0.0,0.0,0.0,0.0,46.0,0
41.00_71.00,2015-05-25,41.0,71.0,0.0,0.0,0.0,0.0,0.0,0.0,47.0,0
41.00_71.00,2015-06-01,41.0,71.0,0.0,0.0,0.0,0.0,0.0,0.0,48.0,0
41.00_71.00,2015-06-08,41.0,71.0,0.0,0.0,0.0,0.0,0.0,0.0,49.0,1
41.00_71.00,2015-06-15,41.0,71.0,1.0,4.3,4.3,4.3,1.0,2818382.9312644494,50.0,0
41.00_71.00,2015-06-22,41.0,71.0,0.0,0.0,0.0,4.3,1.0,2818382.9312644494,51.0,0
41.00_71.00,2015-06-29,41.0,71.0,0.0,0.0,0.0,4.3,1.0,2818382.9312644494,52.0,0
41.00_71.00,2015-07-06,41.0,71.0,0.0,0.0,0.0,4.3,1.0,2818382.9312644494,53.0,0
41.00_71.00,2015-07-13,41.0,71.0,0.0,0.0,0.0,0.0,1.0,2818382.9312644494,54.0,0
41.00_71.00,2015-07-20,41.0,71.0,0.0,0.0,0.0,0.0,1.0,2818382.9312644494,55.0,0
41.00_71.00,2015-07-27,41.0,71.0,0.0,0.0,0.0,0.0,1.0,2818382.9312644494,56.0,0
41.00_71.00,2015-08-03,41.0,71.0,0.0,0.0,0.0,0.0,1.0,2818382.9312644494,57.0,0
41.00_71.00,2015-08-10,41.0,71.0,0.0,0.0,0.0,0.0,1.0,0.0,58.0,0
41.00_71.00,2015-08-17,41.0,71.0,0.0,0.0,0.0,0.0,1.0,0.0,59.0,0
41.00_71.00,2015-08-24,41.0,71.0,0.0,0.0,0.0,0.0,1.0,0.0,60.0,0
41.00_71.00,2015-08-31,41.0,71.0,0.0,0.0,0.0,0.0,1.0,0.0,61.0,0
41.00_71.00,2015-09-07,41.0,71.0,0.0,0.0,0.0,0.0,0.0,0.0,62.0,0
41.00_71.00,2015-09-14,41.0,71.0,0.0,0.0,0.0,0.0,0.0,0.0,63.0,1
41.00_71.00,2015-09-21,41.0,71.0,1.0,4.5,4.5,4.5,1.0,5623413.251903491,0.0,1
41.00_71.00,2015-09-28,41.0,71.0,1.0,4.3,4.3,4.5,2.0,8441796.18316794,1.0,0
41.00_71.00,2015-10-05,41.0,71.0,0.0,0.0,0.0,4.5,2.0,8441796.18316794,2.0,0
41.00_71.00,2015-10-12,41.0,71.0,0.0,0.0,0.0,4.5,2.0,8441796.18316794,3.0,0
41.00_71.00,2015-10-19,41.0,71.0,0.0,0.0,0.0,4.3,2.0,8441796.18316794,4.0,0
41.00_71.00,2015-10-26,41.0,71.0,0.0,0.0,0.0,0.0,2.0,8441796.18316794,5.0,0
41.00_71.00,2015-11-02,41.0,71.0,0.0,0.0,0.0,0.0,2.0,8441796.18316794,6.0,0
41.00_71.00,2015-11-09,41.0,71.0,0.0,0.0,0.0,0.0,2.0,8441796.18316794,7.0,0
41.00_71.00,2015-11-16,41.0,71.0,0.0,0.0,0.0,0.0,2.0,2818382.9312644494,8.0,2
41.00_71.00,2015-11-23,41.0,71.0,2.0,4.5,4.1,4.5,4.0,7035950.796526244,0.0,0
41.00_71.00,2015-11-30,41.0,71.0,0.0,0.0,0.0,4.5,4.0,7035950.796526244,1.0,1
41.00_71.00,2015-12-07,41.0,71.0,1.0,5.1,5.1,5.1,5.0,51704310.0116225,0.0,1
41.00_71.00,2015-12-14,41.0,71.0,1.0,4.2,4.2,5.1,5.0,53699572.32659139,1.0,0
41.00_71.00,2015-12-21,41.0,71.0,0.0,0.0,0.0,5.1,4.0,53699572.32659139,2.0,0
41.00_71.00,2015-12-28,41.0,71.0,0.0,0.0,0.0,5.1,4.0,53699572.32659139,3.0,0
41.00_71.00,2016-01-04,41.0,71.0,0.0,0.0,0.0,4.2,4.0,53699572.32659139,4.0,0
41.00_71.00,2016-01-11,41.0,71.0,0.0,0.0,0.0,0.0,4.0,53699572.32659139,5.0,0
41.00_71.00,2016-01-18,41.0,71.0,0.0,0.0,0.0,0.0,4.0,46663621.53006514,6.0,0
41.00_71.00,2016-01-25,41.0,71.0,0.0,0.0,0.0,0.0,4.0,46663621.53006514,7.0,0
41.00_71.00,2016-02-01,41.0,71.0,0.0,0.0,0.0,0.0,4.0,1995262.3149688828,8.0,0
41.00_71.00,2016-02-08,41.0,71.0,0.0,0.0,0.0,0.0,4.0,0.0,9.0,1
41.00_71.00,2016-02-15,41.0,71.0,1.0,4.4,4.4,4.4,3.0,3981071.7055349774,10.0,2
41.00_71.00,2016-02-22,41.0,71.0,2.0,4.2,4.1,4.4,5.0,7388871.565126613,11.0,0
41.00_71.00,2016-02-29,41.0,71.0,0.0,0.0,0.0,4.4,4.0,7388871.565126613,12.0,0
41.00_71.00,2016-03-07,41.0,71.0,0.0,0.0,0.0,4.4,3.0,7388871.565126613,13.0,0
41.00_71.00,2016-03-14,41.0,71.0,0.0,0.0,0.0,4.2,3.0,7388871.565126613,14.0,0
41.00_71.00,2016-03-21,41.0,71.0,0.0,0.0,0.0,0.0,3.0,7388871.565126613,15.0,0
41.00_71.00,2016-03-28,41.0,71.0,0.0,0.0,0.0,0.0,3.0,7388871.565126613,16.0,0
41.00_71.00,2016-04-04,41.0,71.0,0.0,0.0,0.0,0.0,3.0,7388871.565126613,17.0,0
41.00_71.00,2016-04-11,41.0,71.0,0.0,0.0,0.0,0.0,3.0,3407799.8595916354,18.0,0
41.00_71.00,2016-04-18,41.0,71.0,0.0,0.0,0.0,0.0,3.0,0.0,19.0,0
41.00_71.00,2016-04-25,41.0,71.0,0.0,0.0,0.0,0.0,3.0,0.0,20.0,0
41.00_71.00,2016-05-02,41.0,71.0,0.0,0.0,0.0,0.0,3.0,0.0,21.0,0
41.00_71.00,2016-05-09,41.0,71.0,0.0,0.0,0.0,0.0,2.0,0.0,22.0,0
41.00_71.00,2016-05-16,41.0,71.0,0.0,0.0,0.0,0.0,0.0,0.0,23.0,0
41.00_71.00,2016-05-23,41.0,71.0,0.0,0.0,0.0,0.0,0.0,0.0,24.0,1
41.00_71.00,2016-05-30,41.0,71.0,1.0,4.3,4.3,4.3,1.0,2818382.9312644494,25.0,0
41.00_71.00,2016-06-06,41.0,71.0,0.0,0.0,0.0,4.3,1.0,2818382.9312644494,26.0,0
41.00_71.00,2016-06-13,41.0,71.0,0.0,0.0,0.0,4.3,1.0,2818382.9312644494,27.0,0
41.00_71.00,2016-06-20,41.0,71.0,0.0,0.0,0.0,4.3,1.0,2818382.9312644494,28.0,0
41.00_71.00,2016-06-27,41.0,71.0,0.0,0.0,0.0,0.0,1.0,2818382.9312644494,29.0,0
41.00_71.00,2016-07-04,41.0,71.0,0.0,0.0,0.0,0.0,1.0,2818382.9312644494,30.0,0
41.00_71.00,2016-07-11,41.0,71.0,0.0,0.0,0.0,0.0,1.0,2818382.9312644494,31.0,0
41.00_71.00,2016-07-18,41.0,71.0,0.0,0.0,0.0,0.0,1.0,2818382.9312644494,32.0,0
41.00_71.00,2016-07-25,41.0,71.0,0.0,0.0,0.0,0.0,1.0,0.0,33.0,0
41.00_71.00,2016-08-01,41.0,71.0,0.0,0.0,0.0,0.0,1.0,0.0,34.0,1
41.00_71.00,2016-08-08,41.0,71.0,1.0,4.5,4.5,4.5,2.0,5623413.251903491,0.0,0
41.00_71.00,2016-08-15,41.0,71.0,0.0,0.0,0.0,4.5,2.0,5623413.251903491,1.0,0
41.00_71.00,2016-08-22,41.0,71.0,0.0,0.0,0.0,4.5,1.0,5623413.251903491,2.0,0
41.00_71.00,2016-08-29,41.0,71.0,0.0,0.0,0.0,4.5,1.0,5623413.251903491,3.0,0
41.00_71.00,2016-09-05,41.0,71.0,0.0,0.0,0.0,0.0,1.0,5623413.251903491,4.0,0
41.00_71.00,2016-09-12,41.0,71.0,0.0,0.0,0.0,0.0,1.0,5623413.251903491,5.0,0
41.00_71.00,2016-09-19,41.0,71.0,0.0,0.0,0.0,0.0,1.0,5623413.251903491,6.0,0
41.00_71.00,2016-09-26,41.0,71.0,0.0,0.0,0.0,0.0,1.0,5623413.251903491,7.0,0
41.00_71.00,2016-10-03,41.0,71.0,0.0,0.0,0.0,0.0,1.0,0.0,8.0,0
41.00_71.00,2016-10-10,41.0,71.0,0.0,0.0,0.0,0.0,1.0,0.0,9.0,0
41.00_71.00,2016-10-17,41.0,71.0,0.0,0.0,0.0,0.0,1.0,0.0,10.0,0
41.00_71.00,2016-10-24,41.0,71.0,0.0,0.0,0.0,0.0,1.0,0.0,11.0,0
41.00_71.00,2016-10-31,41.0,71.0,0.0,0.0,0.0,0.0,0.0,0.0,12.0,0
41.00_71.00,2016-11-07,41.0,71.0,0.0,0.0,0.0,0.0,0.0,0.0,13.0,0
41.00_71.00,2016-11-14,41.0,71.0,0.0,0.0,0.0,0.0,0.0,0.0,14.0,0
41.00_71.00,2016-11-21,41.0,71.0,0.0,0.0,0.0,0.0,0.0,0.0,15.0,0
41.00_71.00,2016-11-28,41.0,71.0,0.0,0.0,0.0,0.0,0.0,0.0,16.0,0
41.00_71.00,2016-12-05,41.0,71.0,0.0,0.0,0.0,0.0,0.0,0.0,17.0,0
41.00_71.00,2016-12-12,41.0,71.0,0.0,0.0,0.0,0.0,0.0,0.0,18.0,1
41.00_71.00,2016-12-19,41.0,71.0,1.0,4.4,4.4,4.4,1.0,3981071.7055349774,19.0,0
41.00_71.00,2016-12-26,41.0,71.0,0.0,0.0,0.0,4.4,1.0,3981071.7055349774,20.0,0
41.00_71.00,2017-01-02,41.0,71.0,0.0,0.0,0.0,4.4,1.0,3981071.7055349774,21.0,0
41.00_71.00,2017-01-09,41.0,71.0,0.0,0.0,0.0,4.4,1.0,3981071.7055349774,22.0,0
41.00_71.00,2017-01-16,41.0,71.0,0.0,0.0,0.0,0.0,1.0,3981071.7055349774,23.0,0
41.00_71.00,2017-01-23,41.0,71.0,0.0,0.0,0.0,0.0,1.0,3981071.7055349774,24.0,0
41.00_71.00,2017-01-30,41.0,71.0,0.0,0.0,0.0,0.0,1.0,3981071.7055349774,25.0,0
41.00_71.00,2017-02-06,41.0,71.0,0.0,0.0,0.0,0.0,1.0,3981071.7055349774,26.0,1
41.00_71.00,2017-02-13,41.0,71.0,1.0,4.5,4.5,4.5,2.0,5623413.251903491,0.0,0
41.00_71.00,2017-02-20,41.0,71.0,0.0,0.0,0.0,4.5,2.0,5623413.251903491,1.0,0
41.00_71.00,2017-02-27,41.0,71.0,0.0,0.0,0.0,4.5,2.0,5623413.251903491,2.0,0
41.00_71.00,2017-03-06,41.0,71.0,0.0,0.0,0.0,4.5,2.0,5623413.251903491,3.0,0
41.00_71.00,2017-03-13,41.0,71.0,0.0,0.0,0.0,0.0,1.0,5623413.251903491,4.0,0
41.00_71.00,2017-03-20,41.0,71.0,0.0,0.0,0.0,0.0,1.0,5623413.251903491,5.0,0
41.00_71.00,2017-03-27,41.0,71.0,0.0,0.0,0.0,0.0,1.0,5623413.251903491,6.0,0
41.00_71.00,2017-04-03,41.0,71.0,0.0,0.0,0.0,0.0,1.0,5623413.251903491,7.0,0
41.00_71.00,2017-04-10,41.0,71.0,0.0,0.0,0.0,0.0,1.0,0.0,8.0,0
41.00_71.00,2017-04-17,41.0,71.0,0.0,0.0,0.0,0.0,1.0,0.0,9.0,0
41.00_71.00,2017-04-24,41.0,71.0,0.0,0.0,0.0,0.0,1.0,0.0,10.0,0
41.00_71.00,2017-05-01,41.0,71.0,0.0,0.0,0.0,0.0,1.0,0.0,11.0,0
41.00_71.00,2017-05-08,41.0,71.0,0.0,0.0,0.0,0.0,0.0,0.0,12.0,0
41.00_71.00,2017-05-15,41.0,71.0,0.0,0.0,0.0,0.0,0.0,0.0,13.0,1
41.00_71.00,2017-05-22,41.0,71.0,1.0,4.5,4.5,4.5,1.0,5623413.251903491,0.0,0
41.00_71.00,2017-05-29,41.0,71.0,0.0,0.0,0.0,4.5,1.0,5623413.251903491,1.0,0
41.00_71.00,2017-06-05,41.0,71.0,0.0,0.0,0.0,4.5,1.0,5623413.251903491,2.0,0
41.00_71.00,2017-06-12,41.0,71.0,0.0,0.0,0.0,4.5,1.0,5623413.251903491,3.0,0
41.00_71.00,2017-06-19,41.0,71.0,0.0,0.0,0.0,0.0,1.0,5623413.251903491,4.0,1
41.00_71.00,2017-06-26,41.0,71.0,1.0,4.1,4.1,4.1,2.0,7035950.796526244,5.0,0
41.00_71.00,2017-07-03,41.0,71.0,0.0,0.0,0.0,4.1,2.0,7035950.796526244,6.0,0
41.00_71.00,2017-07-10,41.0,71.0,0.0,0.0,0.0,4.1,2.0,7035950.796526244,7.0,0
41.00_71.00,2017-07-17,41.0,71.0,0.0,0.0,0.0,4.1,2.0,1412537.5446227526,8.0,0
41.00_71.00,2017-07-24,41.0,71.0,0.0,0.0,0.0,0.0,2.0,1412537.5446227526,9.0,0
41.00_71.00,2017-07-31,41.0,71.0,0.0,0.0,0.0,0.0,2.0,1412537.5446227526,10.0,0
41.00_71.00,2017-08-07,41.0,71.0,0.0,0.0,0.0,0.0,2.0,1412537.5446227526,11.0,0
41.00_71.00,2017-08-14,41.0,71.0,0.0,0.0,0.0,0.0,1.0,1412537.5446227526,12.0,0
41.00_71.00,2017-08-21,41.0,71.0,0.0,0.0,0.0,0.0,1.0,0.0,13.0,0
41.00_71.00,2017-08-28,41.0,71.0,0.0,0.0,0.0,0.0,1.0,0.0,14.0,0
41.00_71.00,2017-09-04,41.0,71.0,0.0,0.0,0.0,0.0,1.0,0.0,15.0,0
41.00_71.00,2017-09-11,41.0,71.0,0.0,0.0,0.0,0.0,1.0,0.0,16.0,0
41.00_71.00,2017-09-18,41.0,71.0,0.0,0.0,0.0,0.0,0.0,0.0,17.0,0
41.00_71.00,2017-09-25,41.0,71.0,0.0,0.0,0.0,0.0,0.0,0.0,18.0,0
41.00_71.00,2017-10-02,41.0,71.0,0.0,0.0,0.0,0.0,0.0,0.0,19.0,0
41.00_71.00,2017-10-09,41.0,71.0,0.0,0.0,0.0,0.0,0.0,0.0,20.0,0
41.00_71.00,2017-10-16,41.0,71.0,0.0,0.0,0.0,0.0,0.0,0.0,21.0,0
41.00_71.00,2017-10-23,41.0,71.0,0.0,0.0,0.0,0.0,0.0,0.0,22.0,0
41.00_71.00,2017-10-30,41.0,71.0,0.0,0.0,0.0,0.0,0.0,0.0,23.0,0
41.00_71.00,2017-11-06,41.0,71.0,0.0,0.0,0.0,0.0,0.0,0.0,24.0,0
41.00_71.00,2017-11-13,41.0,71.0,0.0,0.0,0.0,0.0,0.0,0.0,25.0,0
41.00_71.00,2017-11-20,41.0,71.0,0.0,0.0,0.0,0.0,0.0,0.0,26.0,0
41.00_71.00,2017-11-27,41.0,71.0,0.0,0.0,0.0,0.0,0.0,0.0,27.0,0
41.00_71.00,2017-12-04,41.0,71.0,0.0,0.0,0.0,0.0,0.0,0.0,28.0,0
41.00_71.00,2017-12-11,41.0,71.0,0.0,0.0,0.0,0.0,0.0,0.0,29.0,0
41.00_71.00,2017-12-18,41.0,71.0,0.0,0.0,0.0,0.0,0.0,0.0,30.0,0
41.00_71.00,2017-12-25,41.0,71.0,0.0,0.0,0.0,0.0,0.0,0.0,31.0,0
41.00_71.00,2018-01-01,41.0,71.0,0.0,0.0,0.0,0.0,0.0,0.0,32.0,0
41.00_71.00,2018-01-08,41.0,71.0,0.0,0.0,0.0,0.0,0.0,0.0,33.0,0
41.00_71.00,2018-01-15,41.0,71.0,0.0,0.0,0.0,0.0,0.0,0.0,34.0,0
41.00_71.00,2018-01-22,41.0,71.0,0.0,0.0,0.0,0.0,0.0,0.0,35.0,0
41.00_71.00,2018-01-29,41.0,71.0,0.0,0.0,0.0,0.0,0.0,0.0,36.0,0
41.00_71.00,2018-02-05,41.0,71.0,0.0,0.0,0.0,0.0,0.0,0.0,37.0,0
41.00_71.00,2018-02-12,41.0,71.0,0.0,0.0,0.0,0.0,0.0,0.0,38.0,0
41.00_71.00,2018-02-19,41.0,71.0,0.0,0.0,0.0,0.0,0.0,0.0,39.0,0
41.00_71.00,2018-02-26,41.0,71.0,0.0,0.0,0.0,0.0,0.0,0.0,40.0,0
41.00_71.00,2018-03-05,41.0,71.0,0.0,0.0,0.0,0.0,0.0,0.0,41.0,0
41.00_71.00,2018-03-12,41.0,71.0,0.0,0.0,0.0,0.0,0.0,0.0,42.0,0
41.00_71.00,2018-03-19,41.0,71.0,0.0,0.0,0.0,0.0,0.0,0.0,43.0,0
41.00_71.00,2018-03-26,41.0,71.0,0.0,0.0,0.0,0.0,0.0,0.0,44.0,0
41.00_71.00,2018-04-02,41.0,71.0,0.0,0.0,0.0,0.0,0.0,0.0,45.0,0
41.00_71.00,2018-04-09,41.0,71.0,0.0,0.0,0.0,0.0,0.0,0.0,46.0,0
41.00_71.00,2018-04-16,41.0,71.0,0.0,0.0,0.0,0.0,0.0,0.0,47.0,0
41.00_71.00,2018-04-23,41.0,71.0,0.0,0.0,0.0,0.0,0.0,0.0,48.0,0
41.00_71.00,2018-04-30,41.0,71.0,0.0,0.0,0.0,0.0,0.0,0.0,49.0,0
41.00_71.00,2018-05-07,41.0,71.0,0.0,0.0,0.0,0.0,0.0,0.0,50.0,0
41.00_71.00,2018-05-14,41.0,71.0,0.0,0.0,0.0,0.0,0.0,0.0,51.0,0
41.00_71.00,2018-05-21,41.0,71.0,0.0,0.0,0.0,0.0,0.0,0.0,52.0,0
41.00_71.00,2018-05-28,41.0,71.0,0.0,0.0,0.0,0.0,0.0,0.0,53.0,0
41.00_71.00,2018-06-04,41.0,71.0,0.0,0.0,0.0,0.0,0.0,0.0,54.0,0
41.00_71.00,2018-06-11,41.0,71.0,0.0,0.0,0.0,0.0,0.0,0.0,55.0,0
41.00_71.00,2018-06-18,41.0,71.0,0.0,0.0,0.0,0.0,0.0,0.0,56.0,0
41.00_71.00,2018-06-25,41.0,71.0,0.0,0.0,0.0,0.0,0.0,0.0,57.0,0
41.00_71.00,2018-07-02,41.0,71.0,0.0,0.0,0.0,0.0,0.0,0.0,58.0,0
41.00_71.00,2018-07-09,41.0,71.0,0.0,0.0,0.0,0.0,0.0,0.0,59.0,0
41.00_71.00,2018-07-16,41.0,71.0,0.0,0.0,0.0,0.0,0.0,0.0,60.0,0
41.00_71.00,2018-07-23,41.0,71.0,0.0,0.0,0.0,0.0,0.0,0.0,61.0,0
41.00_71.00,2018-07-30,41.0,71.0,0.0,0.0,0.0,0.0,0.0,0.0,62.0,0
41.00_71.00,2018-08-06,41.0,71.0,0.0,0.0,0.0,0.0,0.0,0.0,63.0,1
41.00_71.00,2018-08-13,41.0,71.0,1.0,4.6,4.6,4.6,1.0,7943282.347242805,0.0,0
41.00_71.00,2018-08-20,41.0,71.0,0.0,0.0,0.0,4.6,1.0,7943282.347242805,1.0,0
41.00_71.00,2018-08-27,41.0,71.0,0.0,0.0,0.0,4.6,1.0,7943282.347242805,2.0,0
41.00_71.00,2018-09-03,41.0,71.0,0.0,0.0,0.0,4.6,1.0,7943282.347242805,3.0,0
41.00_71.00,2018-09-10,41.0,71.0,0.0,0.0,0.0,0.0,1.0,7943282.347242805,4.0,0
41.00_71.00,2018-09-17,41.0,71.0,0.0,0.0,0.0,0.0,1.0,7943282.347242805,5.0,0
41.00_71.00,2018-09-24,41.0,71.0,0.0,0.0,0.0,0.0,1.0,7943282.347242805,6.0,0
41.00_71.00,2018-10-01,41.0,71.0,0.0,0.0,0.0,0.0,1.0,7943282.347242805,7.0,0
41.00_71.00,2018-10-08,41.0,71.0,0.0,0.0,0.0,0.0,1.0,0.0,8.0,0
41.00_71.00,2018-10-15,41.0,71.0,0.0,0.0,0.0,0.0,1.0,0.0,9.0,0
41.00_71.00,2018-10-22,41.0,71.0,0.0,0.0,0.0,0.0,1.0,0.0,10.0,0
41.00_71.00,2018-10-29,41.0,71.0,0.0,0.0,0.0,0.0,1.0,0.0,11.0,0
41.00_71.00,2018-11-05,41.0,71.0,0.0,0.0,0.0,0.0,0.0,0.0,12.0,0
41.00_71.00,2018-11-12,41.0,71.0,0.0,0.0,0.0,0.0,0.0,0.0,13.0,0
41.00_71.00,2018-11-19,41.0,71.0,0.0,0.0,0.0,0.0,0.0,0.0,14.0,0
41.00_71.00,2018-11-26,41.0,71.0,0.0,0.0,0.0,0.0,0.0,0.0,15.0,0
41.00_71.00,2018-12-03,41.0,71.0,0.0,0.0,0.0,0.0,0.0,0.0,16.0,0
41.00_71.00,2018-12-10,41.0,71.0,0.0,0.0,0.0,0.0,0.0,0.0,17.0,0
41.00_71.00,2018-12-17,41.0,71.0,0.0,0.0,0.0,0.0,0.0,0.0,18.0,0
41.00_71.00,2018-12-24,41.0,71.0,0.0,0.0,0.0,0.0,0.0,0.0,19.0,0
41.00_71.00,2018-12-31,41.0,71.0,0.0,0.0,0.0,0.0,0.0,0.0,20.0,0
41.00_71.00,2019-01-07,41.0,71.0,0.0,0.0,0.0,0.0,0.0,0.0,21.0,0
41.00_71.00,2019-01-14,41.0,71.0,0.0,0.0,0.0,0.0,0.0,0.0,22.0,0
41.00_71.00,2019-01-21,41.0,71.0,0.0,0.0,0.0,0.0,0.0,0.0,23.0,0
41.00_71.00,2019-01-28,41.0,71.0,0.0,0.0,0.0,0.0,0.0,0.0,24.0,0
41.00_71.00,2019-02-04,41.0,71.0,0.0,0.0,0.0,0.0,0.0,0.0,25.0,0
41.00_71.00,2019-02-11,41.0,71.0,0.0,0.0,0.0,0.0,0.0,0.0,26.0,0
41.00_71.00,2019-02-18,41.0,71.0,0.0,0.0,0.0,0.0,0.0,0.0,27.0,0
41.00_71.00,2019-02-25,41.0,71.0,0.0,0.0,0.0,0.0,0.0,0.0,28.0,0
41.00_71.00,2019-03-04,41.0,71.0,0.0,0.0,0.0,0.0,0.0,0.0,29.0,0
41.00_71.00,2019-03-11,41.0,71.0,0.0,0.0,0.0,0.0,0.0,0.0,30.0,0
41.00_71.00,2019-03-18,41.0,71.0,0.0,0.0,0.0,0.0,0.0,0.0,31.0,0
41.00_71.00,2019-03-25,41.0,71.0,0.0,0.0,0.0,0.0,0.0,0.0,32.0,0
41.00_71.00,2019-04-01,41.0,71.0,0.0,0.0,0.0,0.0,0.0,0.0,33.0,0
41.00_71.00,2019-04-08,41.0,71.0,0.0,0.0,0.0,0.0,0.0,0.0,34.0,0
41.00_71.00,2019-04-15,41.0,71.0,0.0,0.0,0.0,0.0,0.0,0.0,35.0,0
41.00_71.00,2019-04-22,41.0,71.0,0.0,0.0,0.0,0.0,0.0,0.0,36.0,0
41.00_71.00,2019-04-29,41.0,71.0,0.0,0.0,0.0,0.0,0.0,0.0,37.0,0
41.00_71.00,2019-05-06,41.0,71.0,0.0,0.0,0.0,0.0,0.0,0.0,38.0,0
41.00_71.00,2019-05-13,41.0,71.0,0.0,0.0,0.0,0.0,0.0,0.0,39.0,0
41.00_71.00,2019-05-20,41.0,71.0,0.0,0.0,0.0,0.0,0.0,0.0,40.0,0
41.00_71.00,2019-05-27,41.0,71.0,0.0,0.0,0.0,0.0,0.0,0.0,41.0,0
41.00_71.00,2019-06-03,41.0,71.0,0.0,0.0,0.0,0.0,0.0,0.0,42.0,0
41.00_71.00,2019-06-10,41.0,71.0,0.0,0.0,0.0,0.0,0.0,0.0,43.0,0
41.00_71.00,2019-06-17,41.0,71.0,0.0,0.0,0.0,0.0,0.0,0.0,44.0,0
41.00_71.00,2019-06-24,41.0,71.0,0.0,0.0,0.0,0.0,0.0,0.0,45.0,0
41.00_71.00,2019-07-01,41.0,71.0,0.0,0.0,0.0,0.0,0.0,0.0,46.0,0
41.00_71.00,2019-07-08,41.0,71.0,0.0,0.0,0.0,0.0,0.0,0.0,47.0,0
41.00_71.00,2019-07-15,41.0,71.0,0.0,0.0,0.0,0.0,0.0,0.0,48.0,0
41.00_71.00,2019-07-22,41.0,71.0,0.0,0.0,0.0,0.0,0.0,0.0,49.0,0
41.00_71.00,2019-07-29,41.0,71.0,0.0,0.0,0.0,0.0,0.0,0.0,50.0,0
41.00_71.00,2019-08-05,41.0,71.0,0.0,0.0,0.0,0.0,0.0,0.0,51.0,0
41.00_71.00,2019-08-12,41.0,71.0,0.0,0.0,0.0,0.0,0.0,0.0,52.0,0
41.00_71.00,2019-08-19,41.0,71.0,0.0,0.0,0.0,0.0,0.0,0.0,53.0,0
41.00_71.00,2019-08-26,41.0,71.0,0.0,0.0,0.0,0.0,0.0,0.0,54.0,0
41.00_71.00,2019-09-02,41.0,71.0,0.0,0.0,0.0,0.0,0.0,0.0,55.0,0
41.00_71.00,2019-09-09,41.0,71.0,0.0,0.0,0.0,0.0,0.0,0.0,56.0,0
41.00_71.00,2019-09-16,41.0,71.0,0.0,0.0,0.0,0.0,0.0,0.0,57.0,0
41.00_71.00,2019-09-23,41.0,71.0,0.0,0.0,0.0,0.0,0.0,0.0,58.0,0
41.00_71.00,2019-09-30,41.0,71.0,0.0,0.0,0.0,0.0,0.0,0.0,59.0,0
41.00_71.00,2019-10-07,41.0,71.0,0.0,0.0,0.0,0.0,0.0,0.0,60.0,0
41.00_71.00,2019-10-14,41.0,71.0,0.0,0.0,0.0,0.0,0.0,0.0,61.0,0
41.00_71.00,2019-10-21,41.0,71.0,0.0,0.0,0.0,0.0,0.0,0.0,62.0,0
41.00_71.00,2019-10-28,41.0,71.0,0.0,0.0,0.0,0.0,0.0,0.0,63.0,0
41.00_71.00,2019-11-04,41.0,71.0,0.0,0.0,0.0,0.0,0.0,0.0,64.0,0
41.00_71.00,2019-11-11,41.0,71.0,0.0,0.0,0.0,0.0,0.0,0.0,65.0,0
41.00_71.00,2019-11-18,41.0,71.0,0.0,0.0,0.0,0.0,0.0,0.0,66.0,0
41.00_71.00,2019-11-25,41.0,71.0,0.0,0.0,0.0,0.0,0.0,0.0,67.0,0
41.00_71.00,2019-12-02,41.0,71.0,0.0,0.0,0.0,0.0,0.0,0.0,68.0,0
41.00_71.00,2019-12-09,41.0,71.0,0.0,0.0,0.0,0.0,0.0,0.0,69.0,0
41.00_71.00,2019-12-16,41.0,71.0,0.0,0.0,0.0,0.0,0.0,0.0,70.0,0
41.00_71.00,2019-12-23,41.0,71.0,0.0,0.0,0.0,0.0,0.0,0.0,71.0,0
41.00_71.00,2019-12-30,41.0,71.0,0.0,0.0,0.0,0.0,0.0,0.0,72.0,0
41.00_71.00,2020-01-06,41.0,71.0,0.0,0.0,0.0,0.0,0.0,0.0,73.0,0
41.00_71.00,2020-01-13,41.0,71.0,0.0,0.0,0.0,0.0,0.0,0.0,74.0,0
41.00_71.00,2020-01-20,41.0,71.0,0.0,0.0,0.0,0.0,0.0,0.0,75.0,0
41.00_71.00,2020-01-27,41.0,71.0,0.0,0.0,0.0,0.0,0.0,0.0,76.0,0
41.00_71.00,2020-02-03,41.0,71.0,0.0,0.0,0.0,0.0,0.0,0.0,77.0,0
41.00_71.00,2020-02-10,41.0,71.0,0.0,0.0,0.0,0.0,0.0,0.0,78.0,0
41.00_71.00,2020-02-17,41.0,71.0,0.0,0.0,0.0,0.0,0.0,0.0,79.0,0
41.00_71.00,2020-02-24,41.0,71.0,0.0,0.0,0.0,0.0,0.0,0.0,80.0,0
41.00_71.00,2020-03-02,41.0,71.0,0.0,0.0,0.0,0.0,0.0,0.0,81.0,0
41.00_71.00,2020-03-09,41.0,71.0,0.0,0.0,0.0,0.0,0.0,0.0,82.0,0
41.00_71.00,2020-03-16,41.0,71.0,0.0,0.0,0.0,0.0,0.0,0.0,83.0,0
41.00_71.00,2020-03-23,41.0,71.0,0.0,0.0,0.0,0.0,0.0,0.0,84.0,1
41.00_71.00,2020-03-30,41.0,71.0,1.0,4.6,4.6,4.6,1.0,7943282.347242805,0.0,0
41.00_71.00,2020-04-06,41.0,71.0,0.0,0.0,0.0,4.6,1.0,7943282.347242805,1.0,0
41.00_71.00,2020-04-13,41.0,71.0,0.0,0.0,0.0,4.6,1.0,7943282.347242805,2.0,0
41.00_71.00,2020-04-20,41.0,71.0,0.0,0.0,0.0,4.6,1.0,7943282.347242805,3.0,0
41.00_71.00,2020-04-27,41.0,71.0,0.0,0.0,0.0,0.0,1.0,7943282.347242805,4.0,0
41.00_71.00,2020-05-04,41.0,71.0,0.0,0.0,0.0,0.0,1.0,7943282.347242805,5.0,0
41.00_71.00,2020-05-11,41.0,71.0,0.0,0.0,0.0,0.0,1.0,7943282.347242805,6.0,1
41.00_71.00,2020-05-18,41.0,71.0,1.0,4.4,4.4,4.4,2.0,11924354.052777782,7.0,0
41.00_71.00,2020-05-25,41.0,71.0,0.0,0.0,0.0,4.4,2.0,3981071.7055349774,8.0,0
41.00_71.00,2020-06-01,41.0,71.0,0.0,0.0,0.0,4.4,2.0,3981071.7055349774,9.0,0
41.00_71.00,2020-06-08,41.0,71.0,0.0,0.0,0.0,4.4,2.0,3981071.7055349774,10.0,0
41.00_71.00,2020-06-15,41.0,71.0,0.0,0.0,0.0,0.0,2.0,3981071.7055349774,11.0,0
41.00_71.00,2020-06-22,41.0,71.0,0.0,0.0,0.0,0.0,1.0,3981071.7055349774,12.0,0
41.00_71.00,2020-06-29,41.0,71.0,0.0,0.0,0.0,0.0,1.0,3981071.7055349774,13.0,0
41.00_71.00,2020-07-06,41.0,71.0,0.0,0.0,0.0,0.0,1.0,3981071.7055349774,14.0,0
41.00_71.00,2020-07-13,41.0,71.0,0.0,0.0,0.0,0.0,1.0,0.0,15.0,0
41.00_71.00,2020-07-20,41.0,71.0,0.0,0.0,0.0,0.0,1.0,0.0,16.0,0
41.00_71.00,2020-07-27,41.0,71.0,0.0,0.0,0.0,0.0,1.0,0.0,17.0,0
41.00_71.00,2020-08-03,41.0,71.0,0.0,0.0,0.0,0.0,1.0,0.0,18.0,0
41.00_71.00,2020-08-10,41.0,71.0,0.0,0.0,0.0,0.0,0.0,0.0,19.0,0
41.00_71.00,2020-08-17,41.0,71.0,0.0,0.0,0.0,0.0,0.0,0.0,20.0,0
41.00_71.00,2020-08-24,41.0,71.0,0.0,0.0,0.0,0.0,0.0,0.0,21.0,0
41.00_71.00,2020-08-31,41.0,71.0,0.0,0.0,0.0,0.0,0.0,0.0,22.0,0
41.00_71.00,2020-09-07,41.0,71.0,0.0,0.0,0.0,0.0,0.0,0.0,23.0,0
41.00_71.00,2020-09-14,41.0,71.0,0.0,0.0,0.0,0.0,0.0,0.0,24.0,0
41.00_71.00,2020-09-21,41.0,71.0,0.0,0.0,0.0,0.0,0.0,0.0,25.0,0
41.00_71.00,2020-09-28,41.0,71.0,0.0,0.0,0.0,0.0,0.0,0.0,26.0,0
41.00_71.00,2020-10-05,41.0,71.0,0.0,0.0,0.0,0.0,0.0,0.0,27.0,0
41.00_71.00,2020-10-12,41.0,71.0,0.0,0.0,0.0,0.0,0.0,0.0,28.0,0
41.00_71.00,2020-10-19,41.0,71.0,0.0,0.0,0.0,0.0,0.0,0.0,29.0,1
41.00_71.00,2020-10-26,41.0,71.0,1.0,4.6,4.6,4.6,1.0,7943282.347242805,0.0,0
41.00_71.00,2020-11-02,41.0,71.0,0.0,0.0,0.0,4.6,1.0,7943282.347242805,1.0,0
41.00_71.00,2020-11-09,41.0,71.0,0.0,0.0,0.0,4.6,1.0,7943282.347242805,2.0,0
41.00_71.00,2020-11-16,41.0,71.0,0.0,0.0,0.0,4.6,1.0,7943282.347242805,3.0,0
41.00_71.00,2020-11-23,41.0,71.0,0.0,0.0,0.0,0.0,1.0,7943282.347242805,4.0,0
41.00_71.00,2020-11-30,41.0,71.0,0.0,0.0,0.0,0.0,1.0,7943282.347242805,5.0,0
41.00_71.00,2020-12-07,41.0,71.0,0.0,0.0,0.0,0.0,1.0,7943282.347242805,6.0,0
41.00_71.00,2020-12-14,41.0,71.0,0.0,0.0,0.0,0.0,1.0,7943282.347242805,7.0,0
41.00_71.00,2020-12-21,41.0,71.0,0.0,0.0,0.0,0.0,1.0,0.0,8.0,0
41.00_71.00,2020-12-28,41.0,71.0,0.0,0.0,0.0,0.0,1.0,0.0,9.0,0
41.00_71.00,2021-01-04,41.0,71.0,0.0,0.0,0.0,0.0,1.0,0.0,10.0,1
41.00_71.00,2021-01-11,41.0,71.0,1.0,4.5,4.5,4.5,2.0,5623413.251903491,0.0,0
41.00_71.00,2021-01-18,41.0,71.0,0.0,0.0,0.0,4.5,1.0,5623413.251903491,1.0,0
41.00_71.00,2021-01-25,41.0,71.0,0.0,0.0,0.0,4.5,1.0,5623413.251903491,2.0,0
41.00_71.00,2021-02-01,41.0,71.0,0.0,0.0,0.0,4.5,1.0,5623413.251903491,3.0,1
41.00_71.00,2021-02-08,41.0,71.0,1.0,4.3,4.3,4.3,2.0,8441796.18316794,4.0,0
41.00_71.00,2021-02-15,41.0,71.0,0.0,0.0,0.0,4.3,2.0,8441796.18316794,5.0,0
41.00_71.00,2021-02-22,41.0,71.0,0.0,0.0,0.0,4.3,2.0,8441796.18316794,6.0,0
41.00_71.00,2021-03-01,41.0,71.0,0.0,0.0,0.0,4.3,2.0,8441796.18316794,7.0,0
41.00_71.00,2021-03-08,41.0,71.0,0.0,0.0,0.0,0.0,2.0,2818382.9312644494,8.0,0
41.00_71.00,2021-03-15,41.0,71.0,0.0,0.0,0.0,0.0,2.0,2818382.9312644494,9.0,0
41.00_71.00,2021-03-22,41.0,71.0,0.0,0.0,0.0,0.0,2.0,2818382.9312644494,10.0,0
41.00_71.00,2021-03-29,41.0,71.0,0.0,0.0,0.0,0.0,2.0,2818382.9312644494,11.0,0
41.00_71.00,2021-04-05,41.0,71.0,0.0,0.0,0.0,0.0,1.0,0.0,12.0,0
41.00_71.00,2021-04-12,41.0,71.0,0.0,0.0,0.0,0.0,1.0,0.0,13.0,0
41.00_71.00,2021-04-19,41.0,71.0,0.0,0.0,0.0,0.0,1.0,0.0,14.0,0
41.00_71.00,2021-04-26,41.0,71.0,0.0,0.0,0.0,0.0,1.0,0.0,15.0,0
41.00_71.00,2021-05-03,41.0,71.0,0.0,0.0,0.0,0.0,0.0,0.0,16.0,0
41.00_71.00,2021-05-10,41.0,71.0,0.0,0.0,0.0,0.0,0.0,0.0,17.0,0
41.00_71.00,2021-05-17,41.0,71.0,0.0,0.0,0.0,0.0,0.0,0.0,18.0,0
41.00_71.00,2021-05-24,41.0,71.0,0.0,0.0,0.0,0.0,0.0,0.0,19.0,0
41.00_71.00,2021-05-31,41.0,71.0,0.0,0.0,0.0,0.0,0.0,0.0,20.0,0
41.00_71.00,2021-06-07,41.0,71.0,0.0,0.0,0.0,0.0,0.0,0.0,21.0,0
41.00_71.00,2021-06-14,41.0,71.0,0.0,0.0,0.0,0.0,0.0,0.0,22.0,0
41.00_71.00,2021-06-21,41.0,71.0,0.0,0.0,0.0,0.0,0.0,0.0,23.0,0
41.00_71.00,2021-06-28,41.0,71.0,0.0,0.0,0.0,0.0,0.0,0.0,24.0,0
41.00_71.00,2021-07-05,41.0,71.0,0.0,0.0,0.0,0.0,0.0,0.0,25.0,0
41.00_71.00,2021-07-12,41.0,71.0,0.0,0.0,0.0,0.0,0.0,0.0,26.0,0
41.00_71.00,2021-07-19,41.0,71.0,0.0,0.0,0.0,0.0,0.0,0.0,27.0,0
41.00_71.00,2021-07-26,41.0,71.0,0.0,0.0,0.0,0.0,0.0,0.0,28.0,0
41.00_71.00,2021-08-02,41.0,71.0,0.0,0.0,0.0,0.0,0.0,0.0,29.0,0
41.00_71.00,2021-08-09,41.0,71.0,0.0,0.0,0.0,0.0,0.0,0.0,30.0,0
41.00_71.00,2021-08-16,41.0,71.0,0.0,0.0,0.0,0.0,0.0,0.0,31.0,0
41.00_71.00,2021-08-23,41.0,71.0,0.0,0.0,0.0,0.0,0.0,0.0,32.0,0
41.00_71.00,2021-08-30,41.0,71.0,0.0,0.0,0.0,0.0,0.0,0.0,33.0,0
41.00_71.00,2021-09-06,41.0,71.0,0.0,0.0,0.0,0.0,0.0,0.0,34.0,0
41.00_71.00,2021-09-13,41.0,71.0,0.0,0.0,0.0,0.0,0.0,0.0,35.0,0
41.00_71.00,2021-09-20,41.0,71.0,0.0,0.0,0.0,0.0,0.0,0.0,36.0,0
41.00_71.00,2021-09-27,41.0,71.0,0.0,0.0,0.0,0.0,0.0,0.0,37.0,1
41.00_71.00,2021-10-04,41.0,71.0,1.0,4.5,4.5,4.5,1.0,5623413.251903491,0.0,0
41.00_71.00,2021-10-11,41.0,71.0,0.0,0.0,0.0,4.5,1.0,5623413.251903491,1.0,0
41.00_71.00,2021-10-18,41.0,71.0,0.0,0.0,0.0,4.5,1.0,5623413.251903491,2.0,0
41.00_71.00,2021-10-25,41.0,71.0,0.0,0.0,0.0,4.5,1.0,5623413.251903491,3.0,0
41.00_71.00,2021-11-01,41.0,71.0,0.0,0.0,0.0,0.0,1.0,5623413.251903491,4.0,0
41.00_71.00,2021-11-08,41.0,71.0,0.0,0.0,0.0,0.0,1.0,5623413.251903491,5.0,0
41.00_71.00,2021-11-15,41.0,71.0,0.0,0.0,0.0,0.0,1.0,5623413.251903491,6.0,1
41.00_71.00,2021-11-22,41.0,71.0,1.0,4.3,4.3,4.3,2.0,8441796.18316794,7.0,0
41.00_71.00,2021-11-29,41.0,71.0,0.0,0.0,0.0,4.3,2.0,2818382.9312644494,8.0,0
41.00_71.00,2021-12-06,41.0,71.0,0.0,0.0,0.0,4.3,2.0,2818382.9312644494,9.0,0
41.00_71.00,2021-12-13,41.0,71.0,0.0,0.0,0.0,4.3,2.0,2818382.9312644494,10.0,0
41.00_71.00,2021-12-20,41.0,71.0,0.0,0.0,0.0,0.0,2.0,2818382.9312644494,11.0,0
41.00_71.00,2021-12-27,41.0,71.0,0.0,0.0,0.0,0.0,1.0,2818382.9312644494,12.0,0
41.00_71.00,2022-01-03,41.0,71.0,0.0,0.0,0.0,0.0,1.0,2818382.9312644494,13.0,0
41.00_71.00,2022-01-10,41.0,71.0,0.0,0.0,0.0,0.0,1.0,2818382.9312644494,14.0,0
41.00_71.00,2022-01-17,41.0,71.0,0.0,0.0,0.0,0.0,1.0,0.0,15.0,0
41.00_71.00,2022-01-24,41.0,71.0,0.0,0.0,0.0,0.0,1.0,0.0,16.0,0
41.00_71.00,2022-01-31,41.0,71.0,0.0,0.0,0.0,0.0,1.0,0.0,17.0,0
41.00_71.00,2022-02-07,41.0,71.0,0.0,0.0,0.0,0.0,1.0,0.0,18.0,0
41.00_71.00,2022-02-14,41.0,71.0,0.0,0.0,0.0,0.0,0.0,0.0,19.0,0
41.00_71.00,2022-02-21,41.0,71.0,0.0,0.0,0.0,0.0,0.0,0.0,20.0,0
41.00_71.00,2022-02-28,41.0,71.0,0.0,0.0,0.0,0.0,0.0,0.0,21.0,0
41.00_71.00,2022-03-07,41.0,71.0,0.0,0.0,0.0,0.0,0.0,0.0,22.0,0
41.00_71.00,2022-03-14,41.0,71.0,0.0,0.0,0.0,0.0,0.0,0.0,23.0,0
41.00_71.00,2022-03-21,41.0,71.0,0.0,0.0,0.0,0.0,0.0,0.0,24.0,0
41.00_71.00,2022-03-28,41.0,71.0,0.0,0.0,0.0,0.0,0.0,0.0,25.0,1
41.00_71.00,2022-04-04,41.0,71.0,1.0,4.2,4.2,4.2,1.0,1995262.3149688828,26.0,0
41.00_71.00,2022-04-11,41.0,71.0,0.0,0.0,0.0,4.2,1.0,1995262.3149688828,27.0,0
41.00_71.00,2022-04-18,41.0,71.0,0.0,0.0,0.0,4.2,1.0,1995262.3149688828,28.0,0
41.00_71.00,2022-04-25,41.0,71.0,0.0,0.0,0.0,4.2,1.0,1995262.3149688828,29.0,0
41.00_71.00,2022-05-02,41.0,71.0,0.0,0.0,0.0,0.0,1.0,1995262.3149688828,30.0,0
41.00_71.00,2022-05-09,41.0,71.0,0.0,0.0,0.0,0.0,1.0,1995262.3149688828,31.0,0
41.00_71.00,2022-05-16,41.0,71.0,0.0,0.0,0.0,0.0,1.0,1995262.3149688828,32.0,0
41.00_71.00,2022-05-23,41.0,71.0,0.0,0.0,0.0,0.0,1.0,1995262.3149688828,33.0,0
41.00_71.00,2022-05-30,41.0,71.0,0.0,0.0,0.0,0.0,1.0,0.0,34.0,0
41.00_71.00,2022-06-06,41.0,71.0,0.0,0.0,0.0,0.0,1.0,0.0,35.0,0
41.00_71.00,2022-06-13,41.0,71.0,0.0,0.0,0.0,0.0,1.0,0.0,36.0,0
41.00_71.00,2022-06-20,41.0,71.0,0.0,0.0,0.0,0.0,1.0,0.0,37.0,1
41.00_71.00,2022-06-27,41.0,71.0,1.0,4.1,4.1,4.1,1.0,1412537.5446227526,38.0,0
41.00_71.00,2022-07-04,41.0,71.0,0.0,0.0,0.0,4.1,1.0,1412537.5446227526,39.0,0
41.00_71.00,2022-07-11,41.0,71.0,0.0,0.0,0.0,4.1,1.0,1412537.5446227526,40.0,0
41.00_71.00,2022-07-18,41.0,71.0,0.0,0.0,0.0,4.1,1.0,1412537.5446227526,41.0,0
41.00_71.00,2022-07-25,41.0,71.0,0.0,0.0,0.0,0.0,1.0,1412537.5446227526,42.0,1
41.00_71.00,2022-08-01,41.0,71.0,1.0,4.4,4.4,4.4,2.0,5393609.25015773,43.0,0
41.00_71.00,2022-08-08,41.0,71.0,0.0,0.0,0.0,4.4,2.0,5393609.250157731,44.0,0
41.00_71.00,2022-08-15,41.0,71.0,0.0,0.0,0.0,4.4,2.0,5393609.250157731,45.0,0
41.00_71.00,2022-08-22,41.0,71.0,0.0,0.0,0.0,4.4,2.0,3981071.7055349774,46.0,0
41.00_71.00,2022-08-29,41.0,71.0,0.0,0.0,0.0,0.0,2.0,3981071.705534978,47.0,0
41.00_71.00,2022-09-05,41.0,71.0,0.0,0.0,0.0,0.0,2.0,3981071.705534978,48.0,0
41.00_71.00,2022-09-12,41.0,71.0,0.0,0.0,0.0,0.0,2.0,3981071.705534978,49.0,0
41.00_71.00,2022-09-19,41.0,71.0,0.0,0.0,0.0,0.0,1.0,3981071.705534978,50.0,0
41.00_71.00,2022-09-26,41.0,71.0,0.0,0.0,0.0,0.0,1.0,0.0,51.0,0
41.00_71.00,2022-10-03,41.0,71.0,0.0,0.0,0.0,0.0,1.0,0.0,52.0,0
41.00_71.00,2022-10-10,41.0,71.0,0.0,0.0,0.0,0.0,1.0,0.0,53.0,0
41.00_71.00,2022-10-17,41.0,71.0,0.0,0.0,0.0,0.0,1.0,0.0,54.0,0
41.00_71.00,2022-10-24,41.0,71.0,0.0,0.0,0.0,0.0,0.0,0.0,55.0,0
41.00_71.00,2022-10-31,41.0,71.0,0.0,0.0,0.0,0.0,0.0,0.0,56.0,0
41.00_71.00,2022-11-07,41.0,71.0,0.0,0.0,0.0,0.0,0.0,0.0,57.0,0
41.00_71.00,2022-11-14,41.0,71.0,0.0,0.0,0.0,0.0,0.0,0.0,58.0,0
41.00_71.00,2022-11-21,41.0,71.0,0.0,0.0,0.0,0.0,0.0,0.0,59.0,0
41.00_71.00,2022-11-28,41.0,71.0,0.0,0.0,0.0,0.0,0.0,0.0,60.0,0
41.00_71.00,2022-12-05,41.0,71.0,0.0,0.0,0.0,0.0,0.0,0.0,61.0,0
41.00_71.00,2022-12-12,41.0,71.0,0.0,0.0,0.0,0.0,0.0,0.0,62.0,0
41.00_71.00,2022-12-19,41.0,71.0,0.0,0.0,0.0,0.0,0.0,0.0,63.0,0
41.00_71.00,2022-12-26,41.0,71.0,0.0,0.0,0.0,0.0,0.0,0.0,64.0,0
41.00_71.00,2023-01-02,41.0,71.0,0.0,0.0,0.0,0.0,0.0,0.0,65.0,0
41.00_71.00,2023-01-09,41.0,71.0,0.0,0.0,0.0,0.0,0.0,0.0,66.0,0
41.00_71.00,2023-01-16,41.0,71.0,0.0,0.0,0.0,0.0,0.0,0.0,67.0,0
41.00_71.00,2023-01-23,41.0,71.0,0.0,0.0,0.0,0.0,0.0,0.0,68.0,0
41.00_71.00,2023-01-30,41.0,71.0,0.0,0.0,0.0,0.0,0.0,0.0,69.0,0
41.00_71.00,2023-02-06,41.0,71.0,0.0,0.0,0.0,0.0,0.0,0.0,70.0,0
41.00_71.00,2023-02-13,41.0,71.0,0.0,0.0,0.0,0.0,0.0,0.0,71.0,0
41.00_71.00,2023-02-20,41.0,71.0,0.0,0.0,0.0,0.0,0.0,0.0,72.0,0
41.00_71.00,2023-02-27,41.0,71.0,0.0,0.0,0.0,0.0,0.0,0.0,73.0,0
41.00_71.00,2023-03-06,41.0,71.0,0.0,0.0,0.0,0.0,0.0,0.0,74.0,0
41.00_71.00,2023-03-13,41.0,71.0,0.0,0.0,0.0,0.0,0.0,0.0,75.0,0
41.00_71.00,2023-03-20,41.0,71.0,0.0,0.0,0.0,0.0,0.0,0.0,76.0,0
41.00_71.00,2023-03-27,41.0,71.0,0.0,0.0,0.0,0.0,0.0,0.0,77.0,0
41.00_71.00,2023-04-03,41.0,71.0,0.0,0.0,0.0,0.0,0.0,0.0,78.0,0
41.00_71.00,2023-04-10,41.0,71.0,0.0,0.0,0.0,0.0,0.0,0.0,79.0,0
41.00_71.00,2023-04-17,41.0,71.0,0.0,0.0,0.0,0.0,0.0,0.0,80.0,0
41.00_71.00,2023-04-24,41.0,71.0,0.0,0.0,0.0,0.0,0.0,0.0,81.0,0
41.00_71.00,2023-05-01,41.0,71.0,0.0,0.0,0.0,0.0,0.0,0.0,82.0,1
41.00_71.00,2023-05-08,41.0,71.0,1.0,4.3,4.3,4.3,1.0,2818382.9312644494,83.0,0
41.00_71.00,2023-05-15,41.0,71.0,0.0,0.0,0.0,4.3,1.0,2818382.9312644494,84.0,0
41.00_71.00,2023-05-22,41.0,71.0,0.0,0.0,0.0,4.3,1.0,2818382.9312644494,85.0,0
41.00_71.00,2023-05-29,41.0,71.0,0.0,0.0,0.0,4.3,1.0,2818382.9312644494,86.0,1
41.00_71.00,2023-06-05,41.0,71.0,1.0,4.4,4.4,4.4,2.0,6799454.636799427,87.0,0
41.00_71.00,2023-06-12,41.0,71.0,0.0,0.0,0.0,4.4,2.0,6799454.636799427,88.0,0
41.00_71.00,2023-06-19,41.0,71.0,0.0,0.0,0.0,4.4,2.0,6799454.636799427,89.0,0
41.00_71.00,2023-06-26,41.0,71.0,0.0,0.0,0.0,4.4,2.0,6799454.636799427,90.0,0
41.00_71.00,2023-07-03,41.0,71.0,0.0,0.0,0.0,0.0,2.0,3981071.7055349774,91.0,0
41.00_71.00,2023-07-10,41.0,71.0,0.0,0.0,0.0,0.0,2.0,3981071.7055349774,92.0,0
41.00_71.00,2023-07-17,41.0,71.0,0.0,0.0,0.0,0.0,2.0,3981071.7055349774,93.0,0
41.00_71.00,2023-07-24,41.0,71.0,0.0,0.0,0.0,0.0,2.0,3981071.7055349774,94.0,1
41.00_71.00,2023-07-31,41.0,71.0,1.0,4.4,4.4,4.4,2.0,3981071.7055349774,95.0,0
41.00_71.00,2023-08-07,41.0,71.0,0.0,0.0,0.0,4.4,2.0,3981071.7055349774,96.0,0
41.00_71.00,2023-08-14,41.0,71.0,0.0,0.0,0.0,4.4,2.0,3981071.7055349774,97.0,0
41.00_71.00,2023-08-21,41.0,71.0,0.0,0.0,0.0,4.4,2.0,3981071.7055349774,98.0,0
41.00_71.00,2023-08-28,41.0,71.0,0.0,0.0,0.0,0.0,1.0,3981071.7055349774,99.0,0
41.00_71.00,2023-09-04,41.0,71.0,0.0,0.0,0.0,0.0,1.0,3981071.7055349774,100.0,0
41.00_71.00,2023-09-11,41.0,71.0,0.0,0.0,0.0,0.0,1.0,3981071.7055349774,101.0,0
41.00_71.00,2023-09-18,41.0,71.0,0.0,0.0,0.0,0.0,1.0,3981071.7055349774,102.0,0
41.00_71.00,2023-09-25,41.0,71.0,0.0,0.0,0.0,0.0,1.0,0.0,103.0,0
41.00_71.00,2023-10-02,41.0,71.0,0.0,0.0,0.0,0.0,1.0,0.0,104.0,0
41.00_71.00,2023-10-09,41.0,71.0,0.0,0.0,0.0,0.0,1.0,0.0,105.0,0
41.00_71.00,2023-10-16,41.0,71.0,0.0,0.0,0.0,0.0,1.0,0.0,106.0,0
41.00_71.00,2023-10-23,41.0,71.0,0.0,0.0,0.0,0.0,0.0,0.0,107.0,0
41.00_71.00,2023-10-30,41.0,71.0,0.0,0.0,0.0,0.0,0.0,0.0,108.0,0
41.00_71.00,2023-11-06,41.0,71.0,0.0,0.0,0.0,0.0,0.0,0.0,109.0,0
41.00_71.00,2023-11-13,41.0,71.0,0.0,0.0,0.0,0.0,0.0,0.0,110.0,0
41.00_71.00,2023-11-20,41.0,71.0,0.0,0.0,0.0,0.0,0.0,0.0,111.0,0
41.00_71.00,2023-11-27,41.0,71.0,0.0,0.0,0.0,0.0,0.0,0.0,112.0,0
41.00_71.00,2023-12-04,41.0,71.0,0.0,0.0,0.0,0.0,0.0,0.0,113.0,0
41.00_71.00,2023-12-11,41.0,71.0,0.0,0.0,0.0,0.0,0.0,0.0,114.0,0
41.00_71.00,2023-12-18,41.0,71.0,0.0,0.0,0.0,0.0,0.0,0.0,115.0,0
41.00_71.00,2023-12-25,41.0,71.0,0.0,0.0,0.0,0.0,0.0,0.0,116.0,0
41.00_74.00,2010-03-22,41.0,74.0,0.0,0.0,0.0,5.1,2.0,60517291.139707364,2.0,0
41.00_74.00,2010-03-29,41.0,74.0,0.0,0.0,0.0,5.1,2.0,44668359.21509626,3.0,0
41.00_74.00,2010-04-05,41.0,74.0,0.0,0.0,0.0,0.0,2.0,44668359.21509626,4.0,0
41.00_74.00,2010-04-12,41.0,74.0,0.0,0.0,0.0,0.0,2.0,44668359.21509626,5.0,0
41.00_74.00,2010-04-19,41.0,74.0,0.0,0.0,0.0,0.0,2.0,44668359.21509626,6.0,0
41.00_74.00,2010-04-26,41.0,74.0,0.0,0.0,0.0,0.0,1.0,44668359.21509626,7.0,0
41.00_74.00,2010-05-03,41.0,74.0,0.0,0.0,0.0,0.0,1.0,0.0,8.0,0
41.00_74.00,2010-05-10,41.0,74.0,0.0,0.0,0.0,0.0,1.0,0.0,9.0,0
41.00_74.00,2010-05-17,41.0,74.0,0.0,0.0,0.0,0.0,1.0,0.0,10.0,0
41.00_74.00,2010-05-24,41.0,74.0,0.0,0.0,0.0,0.0,1.0,0.0,11.0,0
41.00_74.00,2010-05-31,41.0,74.0,0.0,0.0,0.0,0.0,0.0,0.0,12.0,0
41.00_74.00,2010-06-07,41.0,74.0,0.0,0.0,0.0,0.0,0.0,0.0,13.0,0
41.00_74.00,2010-06-14,41.0,74.0,0.0,0.0,0.0,0.0,0.0,0.0,14.0,0
41.00_74.00,2010-06-21,41.0,74.0,0.0,0.0,0.0,0.0,0.0,0.0,15.0,0
41.00_74.00,2010-06-28,41.0,74.0,0.0,0.0,0.0,0.0,0.0,0.0,16.0,0
41.00_74.00,2010-07-05,41.0,74.0,0.0,0.0,0.0,0.0,0.0,0.0,17.0,0
41.00_74.00,2010-07-12,41.0,74.0,0.0,0.0,0.0,0.0,0.0,0.0,18.0,0
41.00_74.00,2010-07-19,41.0,74.0,0.0,0.0,0.0,0.0,0.0,0.0,19.0,0
41.00_74.00,2010-07-26,41.0,74.0,0.0,0.0,0.0,0.0,0.0,0.0,20.0,0
41.00_74.00,2010-08-02,41.0,74.0,0.0,0.0,0.0,0.0,0.0,0.0,21.0,0
41.00_74.00,2010-08-09,41.0,74.0,0.0,0.0,0.0,0.0,0.0,0.0,22.0,0
41.00_74.00,2010-08-16,41.0,74.0,0.0,0.0,0.0,0.0,0.0,0.0,23.0,0
41.00_74.00,2010-08-23,41.0,74.0,0.0,0.0,0.0,0.0,0.0,0.0,24.0,0
41.00_74.00,2010-08-30,41.0,74.0,0.0,0.0,0.0,0.0,0.0,0.0,25.0,0
41.00_74.00,2010-09-06,41.0,74.0,0.0,0.0,0.0,0.0,0.0,0.0,26.0,0
41.00_74.00,2010-09-13,41.0,74.0,0.0,0.0,0.0,0.0,0.0,0.0,27.0,0
41.00_74.00,2010-09-20,41.0,74.0,0.0,0.0,0.0,0.0,0.0,0.0,28.0,0
41.00_74.00,2010-09-27,41.0,74.0,0.0,0.0,0.0,0.0,0.0,0.0,29.0,0
41.00_74.00,2010-10-04,41.0,74.0,0.0,0.0,0.0,0.0,0.0,0.0,30.0,0
41.00_74.00,2010-10-11,41.0,74.0,0.0,0.0,0.0,0.0,0.0,0.0,31.0,0
41.00_74.00,2010-10-18,41.0,74.0,0.0,0.0,0.0,0.0,0.0,0.0,32.0,0
41.00_74.00,2010-10-25,41.0,74.0,0.0,0.0,0.0,0.0,0.0,0.0,33.0,0
41.00_74.00,2010-11-01,41.0,74.0,0.0,0.0,0.0,0.0,0.0,0.0,34.0,0
41.00_74.00,2010-11-08,41.0,74.0,0.0,0.0,0.0,0.0,0.0,0.0,35.0,0
41.00_74.00,2010-11-15,41.0,74.0,0.0,0.0,0.0,0.0,0.0,0.0,36.0,0
41.00_74.00,2010-11-22,41.0,74.0,0.0,0.0,0.0,0.0,0.0,0.0,37.0,1
41.00_74.00,2010-11-29,41.0,74.0,1.0,4.4,4.4,4.4,1.0,3981071.7055349774,38.0,0
41.00_74.00,2010-12-06,41.0,74.0,0.0,0.0,0.0,4.4,1.0,3981071.7055349774,39.0,0
41.00_74.00,2010-12-13,41.0,74.0,0.0,0.0,0.0,4.4,1.0,3981071.7055349774,40.0,0
41.00_74.00,2010-12-20,41.0,74.0,0.0,0.0,0.0,4.4,1.0,3981071.7055349774,41.0,0
41.00_74.00,2010-12-27,41.0,74.0,0.0,0.0,0.0,0.0,1.0,3981071.7055349774,42.0,0
41.00_74.00,2011-01-03,41.0,74.0,0.0,0.0,0.0,0.0,1.0,3981071.7055349774,43.0,0
41.00_74.00,2011-01-10,41.0,74.0,0.0,0.0,0.0,0.0,1.0,3981071.7055349774,44.0,0
41.00_74.00,2011-01-17,41.0,74.0,0.0,0.0,0.0,0.0,1.0,3981071.7055349774,45.0,0
41.00_74.00,2011-01-24,41.0,74.0,0.0,0.0,0.0,0.0,1.0,0.0,46.0,0
41.00_74.00,2011-01-31,41.0,74.0,0.0,0.0,0.0,0.0,1.0,0.0,47.0,0
41.00_74.00,2011-02-07,41.0,74.0,0.0,0.0,0.0,0.0,1.0,0.0,48.0,0
41.00_74.00,2011-02-14,41.0,74.0,0.0,0.0,0.0,0.0,1.0,0.0,49.0,0
41.00_74.00,2011-02-21,41.0,74.0,0.0,0.0,0.0,0.0,0.0,0.0,50.0,0
41.00_74.00,2011-02-28,41.0,74.0,0.0,0.0,0.0,0.0,0.0,0.0,51.0,0
41.00_74.00,2011-03-07,41.0,74.0,0.0,0.0,0.0,0.0,0.0,0.0,52.0,0
41.00_74.00,2011-03-14,41.0,74.0,0.0,0.0,0.0,0.0,0.0,0.0,53.0,1
41.00_74.00,2011-03-21,41.0,74.0,1.0,4.1,4.1,4.1,1.0,1412537.5446227526,54.0,0
41.00_74.00,2011-03-28,41.0,74.0,0.0,0.0,0.0,4.1,1.0,1412537.5446227526,55.0,0
41.00_74.00,2011-04-04,41.0,74.0,0.0,0.0,0.0,4.1,1.0,1412537.5446227526,56.0,1
41.00_74.00,2011-04-11,41.0,74.0,1.0,4.9,4.9,4.9,2.0,23799748.930306178,0.0,0
41.00_74.00,2011-04-18,41.0,74.0,0.0,0.0,0.0,4.9,2.0,23799748.930306178,1.0,0
41.00_74.00,2011-04-25,41.0,74.0,0.0,0.0,0.0,4.9,2.0,23799748.930306178,2.0,0
41.00_74.00,2011-05-02,41.0,74.0,0.0,0.0,0.0,4.9,2.0,23799748.930306178,3.0,0
41.00_74.00,2011-05-09,41.0,74.0,0.0,0.0,0.0,0.0,2.0,23799748.930306178,4.0,0
41.00_74.00,2011-05-16,41.0,74.0,0.0,0.0,0.0,0.0,2.0,22387211.385683425,5.0,0
41.00_74.00,2011-05-23,41.0,74.0,0.0,0.0,0.0,0.0,2.0,22387211.385683425,6.0,0
41.00_74.00,2011-05-30,41.0,74.0,0.0,0.0,0.0,0.0,2.0,22387211.385683425,7.0,0
41.00_74.00,2011-06-06,41.0,74.0,0.0,0.0,0.0,0.0,2.0,0.0,8.0,0
41.00_74.00,2011-06-13,41.0,74.0,0.0,0.0,0.0,0.0,1.0,0.0,9.0,0
41.00_74.00,2011-06-20,41.0,74.0,0.0,0.0,0.0,0.0,1.0,0.0,10.0,0
41.00_74.00,2011-06-27,41.0,74.0,0.0,0.0,0.0,0.0,1.0,0.0,11.0,0
41.00_74.00,2011-07-04,41.0,74.0,0.0,0.0,0.0,0.0,0.0,0.0,12.0,0
41.00_74.00,2011-07-11,41.0,74.0,0.0,0.0,0.0,0.0,0.0,0.0,13.0,0
41.00_74.00,2011-07-18,41.0,74.0,0.0,0.0,0.0,0.0,0.0,0.0,14.0,0
41.00_74.00,2011-07-25,41.0,74.0,0.0,0.0,0.0,0.0,0.0,0.0,15.0,0
41.00_74.00,2011-08-01,41.0,74.0,0.0,0.0,0.0,0.0,0.0,0.0,16.0,0
41.00_74.00,2011-08-08,41.0,74.0,0.0,0.0,0.0,0.0,0.0,0.0,17.0,0
41.00_74.00,2011-08-15,41.0,74.0,0.0,0.0,0.0,0.0,0.0,0.0,18.0,0
41.00_74.00,2011-08-22,41.0,74.0,0.0,0.0,0.0,0.0,0.0,0.0,19.0,0
41.00_74.00,2011-08-29,41.0,74.0,0.0,0.0,0.0,0.0,0.0,0.0,20.0,0
41.00_74.00,2011-09-05,41.0,74.0,0.0,0.0,0.0,0.0,0.0,0.0,21.0,0
41.00_74.00,2011-09-12,41.0,74.0,0.0,0.0,0.0,0.0,0.0,0.0,22.0,0
41.00_74.00,2011-09-19,41.0,74.0,0.0,0.0,0.0,0.0,0.0,0.0,23.0,0
41.00_74.00,2011-09-26,41.0,74.0,0.0,0.0,0.0,0.0,0.0,0.0,24.0,0
41.00_74.00,2011-10-03,41.0,74.0,0.0,0.0,0.0,0.0,0.0,0.0,25.0,0
41.00_74.00,2011-10-10,41.0,74.0,0.0,0.0,0.0,0.0,0.0,0.0,26.0,0
41.00_74.00,2011-10-17,41.0,74.0,0.0,0.0,0.0,0.0,0.0,0.0,27.0,0
41.00_74.00,2011-10-24,41.0,74.0,0.0,0.0,0.0,0.0,0.0,0.0,28.0,0
41.00_74.00,2011-10-31,41.0,74.0,0.0,0.0,0.0,0.0,0.0,0.0,29.0,0
41.00_74.00,2011-11-07,41.0,74.0,0.0,0.0,0.0,0.0,0.0,0.0,30.0,0
41.00_74.00,2011-11-14,41.0,74.0,0.0,0.0,0.0,0.0,0.0,0.0,31.0,0
41.00_74.00,2011-11-21,41.0,74.0,0.0,0.0,0.0,0.0,0.0,0.0,32.0,0
41.00_74.00,2011-11-28,41.0,74.0,0.0,0.0,0.0,0.0,0.0,0.0,33.0,0
41.00_74.00,2011-12-05,41.0,74.0,0.0,0.0,0.0,0.0,0.0,0.0,34.0,0
41.00_74.00,2011-12-12,41.0,74.0,0.0,0.0,0.0,0.0,0.0,0.0,35.0,0
41.00_74.00,2011-12-19,41.0,74.0,0.0,0.0,0.0,0.0,0.0,0.0,36.0,0
41.00_74.00,2011-12-26,41.0,74.0,0.0,0.0,0.0,0.0,0.0,0.0,37.0,0
41.00_74.00,2012-01-02,41.0,74.0,0.0,0.0,0.0,0.0,0.0,0.0,38.0,0
41.00_74.00,2012-01-09,41.0,74.0,0.0,0.0,0.0,0.0,0.0,0.0,39.0,0
41.00_74.00,2012-01-16,41.0,74.0,0.0,0.0,0.0,0.0,0.0,0.0,40.0,0
41.00_74.00,2012-01-23,41.0,74.0,0.0,0.0,0.0,0.0,0.0,0.0,41.0,0
41.00_74.00,2012-01-30,41.0,74.0,0.0,0.0,0.0,0.0,0.0,0.0,42.0,1
41.00_74.00,2012-02-06,41.0,74.0,1.0,5.2,5.2,5.2,1.0,63095734.44801943,0.0,0
41.00_74.00,2012-02-13,41.0,74.0,0.0,0.0,0.0,5.2,1.0,63095734.44801943,1.0,0
41.00_74.00,2012-02-20,41.0,74.0,0.0,0.0,0.0,5.2,1.0,63095734.44801943,2.0,0
41.00_74.00,2012-02-27,41.0,74.0,0.0,0.0,0.0,5.2,1.0,63095734.44801943,3.0,0
41.00_74.00,2012-03-05,41.0,74.0,0.0,0.0,0.0,0.0,1.0,63095734.44801943,4.0,0
41.00_74.00,2012-03-12,41.0,74.0,0.0,0.0,0.0,0.0,1.0,63095734.44801943,5.0,0
41.00_74.00,2012-03-19,41.0,74.0,0.0,0.0,0.0,0.0,1.0,63095734.44801943,6.0,0
41.00_74.00,2012-03-26,41.0,74.0,0.0,0.0,0.0,0.0,1.0,63095734.44801943,7.0,0
41.00_74.00,2012-04-02,41.0,74.0,0.0,0.0,0.0,0.0,1.0,0.0,8.0,0
41.00_74.00,2012-04-09,41.0,74.0,0.0,0.0,0.0,0.0,1.0,0.0,9.0,0
41.00_74.00,2012-04-16,41.0,74.0,0.0,0.0,0.0,0.0,1.0,0.0,10.0,0
41.00_74.00,2012-04-23,41.0,74.0,0.0,0.0,0.0,0.0,1.0,0.0,11.0,0
41.00_74.00,2012-04-30,41.0,74.0,0.0,0.0,0.0,0.0,0.0,0.0,12.0,0
41.00_74.00,2012-05-07,41.0,74.0,0.0,0.0,0.0,0.0,0.0,0.0,13.0,0
41.00_74.00,2012-05-14,41.0,74.0,0.0,0.0,0.0,0.0,0.0,0.0,14.0,0
41.00_74.00,2012-05-21,41.0,74.0,0.0,0.0,0.0,0.0,0.0,0.0,15.0,0
41.00_74.00,2012-05-28,41.0,74.0,0.0,0.0,0.0,0.0,0.0,0.0,16.0,0
41.00_74.00,2012-06-04,41.0,74.0,0.0,0.0,0.0,0.0,0.0,0.0,17.0,0
41.00_74.00,2012-06-11,41.0,74.0,0.0,0.0,0.0,0.0,0.0,0.0,18.0,0
41.00_74.00,2012-06-18,41.0,74.0,0.0,0.0,0.0,0.0,0.0,0.0,19.0,0
41.00_74.00,2012-06-25,41.0,74.0,0.0,0.0,0.0,0.0,0.0,0.0,20.0,1
41.00_74.00,2012-07-02,41.0,74.0,1.0,4.4,4.4,4.4,1.0,3981071.7055349774,21.0,0
41.00_74.00,2012-07-09,41.0,74.0,0.0,0.0,0.0,4.4,1.0,3981071.7055349774,22.0,0
41.00_74.00,2012-07-16,41.0,74.0,0.0,0.0,0.0,4.4,1.0,3981071.7055349774,23.0,0
41.00_74.00,2012-07-23,41.0,74.0,0.0,0.0,0.0,4.4,1.0,3981071.7055349774,24.0,0
41.00_74.00,2012-07-30,41.0,74.0,0.0,0.0,0.0,0.0,1.0,3981071.7055349774,25.0,0
41.00_74.00,2012-08-06,41.0,74.0,0.0,0.0,0.0,0.0,1.0,3981071.7055349774,26.0,0
41.00_74.00,2012-08-13,41.0,74.0,0.0,0.0,0.0,0.0,1.0,3981071.7055349774,27.0,0
41.00_74.00,2012-08-20,41.0,74.0,0.0,0.0,0.0,0.0,1.0,3981071.7055349774,28.0,0
41.00_74.00,2012-08-27,41.0,74.0,0.0,0.0,0.0,0.0,1.0,0.0,29.0,0
41.00_74.00,2012-09-03,41.0,74.0,0.0,0.0,0.0,0.0,1.0,0.0,30.0,0
41.00_74.00,2012-09-10,41.0,74.0,0.0,0.0,0.0,0.0,1.0,0.0,31.0,0
41.00_74.00,2012-09-17,41.0,74.0,0.0,0.0,0.0,0.0,1.0,0.0,32.0,0
41.00_74.00,2012-09-24,41.0,74.0,0.0,0.0,0.0,0.0,0.0,0.0,33.0,0
41.00_74.00,2012-10-01,41.0,74.0,0.0,0.0,0.0,0.0,0.0,0.0,34.0,0
41.00_74.00,2012-10-08,41.0,74.0,0.0,0.0,0.0,0.0,0.0,0.0,35.0,0
41.00_74.00,2012-10-15,41.0,74.0,0.0,0.0,0.0,0.0,0.0,0.0,36.0,0
41.00_74.00,2012-10-22,41.0,74.0,0.0,0.0,0.0,0.0,0.0,0.0,37.0,0
41.00_74.00,2012-10-29,41.0,74.0,0.0,0.0,0.0,0.0,0.0,0.0,38.0,0
41.00_74.00,2012-11-05,41.0,74.0,0.0,0.0,0.0,0.0,0.0,0.0,39.0,0
41.00_74.00,2012-11-12,41.0,74.0,0.0,0.0,0.0,0.0,0.0,0.0,40.0,0
41.00_74.00,2012-11-19,41.0,74.0,0.0,0.0,0.0,0.0,0.0,0.0,41.0,0
41.00_74.00,2012-11-26,41.0,74.0,0.0,0.0,0.0,0.0,0.0,0.0,42.0,0
41.00_74.00,2012-12-03,41.0,74.0,0.0,0.0,0.0,0.0,0.0,0.0,43.0,0
41.00_74.00,2012-12-10,41.0,74.0,0.0,0.0,0.0,0.0,0.0,0.0,44.0,0
41.00_74.00,2012-12-17,41.0,74.0,0.0,0.0,0.0,0.0,0.0,0.0,45.0,0
41.00_74.00,2012-12-24,41.0,74.0,0.0,0.0,0.0,0.0,0.0,0.0,46.0,0
41.00_74.00,2012-12-31,41.0,74.0,0.0,0.0,0.0,0.0,0.0,0.0,47.0,0
41.00_74.00,2013-01-07,41.0,74.0,0.0,0.0,0.0,0.0,0.0,0.0,48.0,0
41.00_74.00,2013-01-14,41.0,74.0,0.0,0.0,0.0,0.0,0.0,0.0,49.0,0
41.00_74.00,2013-01-21,41.0,74.0,0.0,0.0,0.0,0.0,0.0,0.0,50.0,0
41.00_74.00,2013-01-28,41.0,74.0,0.0,0.0,0.0,0.0,0.0,0.0,51.0,0
41.00_74.00,2013-02-04,41.0,74.0,0.0,0.0,0.0,0.0,0.0,0.0,52.0,0
41.00_74.00,2013-02-11,41.0,74.0,0.0,0.0,0.0,0.0,0.0,0.0,53.0,0
41.00_74.00,2013-02-18,41.0,74.0,0.0,0.0,0.0,0.0,0.0,0.0,54.0,0
41.00_74.00,2013-02-25,41.0,74.0,0.0,0.0,0.0,0.0,0.0,0.0,55.0,0
41.00_74.00,2013-03-04,41.0,74.0,0.0,0.0,0.0,0.0,0.0,0.0,56.0,0
41.00_74.00,2013-03-11,41.0,74.0,0.0,0.0,0.0,0.0,0.0,0.0,57.0,0
41.00_74.00,2013-03-18,41.0,74.0,0.0,0.0,0.0,0.0,0.0,0.0,58.0,0
41.00_74.00,2013-03-25,41.0,74.0,0.0,0.0,0.0,0.0,0.0,0.0,59.0,0
41.00_74.00,2013-04-01,41.0,74.0,0.0,0.0,0.0,0.0,0.0,0.0,60.0,0
41.00_74.00,2013-04-08,41.0,74.0,0.0,0.0,0.0,0.0,0.0,0.0,61.0,0
41.00_74.00,2013-04-15,41.0,74.0,0.0,0.0,0.0,0.0,0.0,0.0,62.0,0
41.00_74.00,2013-04-22,41.0,74.0,0.0,0.0,0.0,0.0,0.0,0.0,63.0,0
41.00_74.00,2013-04-29,41.0,74.0,0.0,0.0,0.0,0.0,0.0,0.0,64.0,0
41.00_74.00,2013-05-06,41.0,74.0,0.0,0.0,0.0,0.0,0.0,0.0,65.0,0
41.00_74.00,2013-05-13,41.0,74.0,0.0,0.0,0.0,0.0,0.0,0.0,66.0,0
41.00_74.00,2013-05-20,41.0,74.0,0.0,0.0,0.0,0.0,0.0,0.0,67.0,0
41.00_74.00,2013-05-27,41.0,74.0,0.0,0.0,0.0,0.0,0.0,0.0,68.0,0
41.00_74.00,2013-06-03,41.0,74.0,0.0,0.0,0.0,0.0,0.0,0.0,69.0,0
41.00_74.00,2013-06-10,41.0,74.0,0.0,0.0,0.0,0.0,0.0,0.0,70.0,0
41.00_74.00,2013-06-17,41.0,74.0,0.0,0.0,0.0,0.0,0.0,0.0,71.0,0
41.00_74.00,2013-06-24,41.0,74.0,0.0,0.0,0.0,0.0,0.0,0.0,72.0,0
41.00_74.00,2013-07-01,41.0,74.0,0.0,0.0,0.0,0.0,0.0,0.0,73.0,0
41.00_74.00,2013-07-08,41.0,74.0,0.0,0.0,0.0,0.0,0.0,0.0,74.0,0
41.00_74.00,2013-07-15,41.0,74.0,0.0,0.0,0.0,0.0,0.0,0.0,75.0,0
41.00_74.00,2013-07-22,41.0,74.0,0.0,0.0,0.0,0.0,0.0,0.0,76.0,0
41.00_74.00,2013-07-29,41.0,74.0,0.0,0.0,0.0,0.0,0.0,0.0,77.0,0
41.00_74.00,2013-08-05,41.0,74.0,0.0,0.0,0.0,0.0,0.0,0.0,78.0,0
41.00_74.00,2013-08-12,41.0,74.0,0.0,0.0,0.0,0.0,0.0,0.0,79.0,0
41.00_74.00,2013-08-19,41.0,74.0,0.0,0.0,0.0,0.0,0.0,0.0,80.0,0
41.00_74.00,2013-08-26,41.0,74.0,0.0,0.0,0.0,0.0,0.0,0.0,81.0,0
41.00_74.00,2013-09-02,41.0,74.0,0.0,0.0,0.0,0.0,0.0,0.0,82.0,0
41.00_74.00,2013-09-09,41.0,74.0,0.0,0.0,0.0,0.0,0.0,0.0,83.0,0
41.00_74.00,2013-09-16,41.0,74.0,0.0,0.0,0.0,0.0,0.0,0.0,84.0,1
41.00_74.00,2013-09-23,41.0,74.0,1.0,4.4,4.4,4.4,1.0,3981071.7055349774,85.0,0
41.00_74.00,2013-09-30,41.0,74.0,0.0,0.0,0.0,4.4,1.0,3981071.7055349774,86.0,0
41.00_74.00,2013-10-07,41.0,74.0,0.0,0.0,0.0,4.4,1.0,3981071.7055349774,87.0,0
41.00_74.00,2013-10-14,41.0,74.0,0.0,0.0,0.0,4.4,1.0,3981071.7055349774,88.0,0
41.00_74.00,2013-10-21,41.0,74.0,0.0,0.0,0.0,0.0,1.0,3981071.7055349774,89.0,0
41.00_74.00,2013-10-28,41.0,74.0,0.0,0.0,0.0,0.0,1.0,3981071.7055349774,90.0,0
41.00_74.00,2013-11-04,41.0,74.0,0.0,0.0,0.0,0.0,1.0,3981071.7055349774,91.0,0
41.00_74.00,2013-11-11,41.0,74.0,0.0,0.0,0.0,0.0,1.0,3981071.7055349774,92.0,0
41.00_74.00,2013-11-18,41.0,74.0,0.0,0.0,0.0,0.0,1.0,0.0,93.0,1
41.00_74.00,2013-11-25,41.0,74.0,1.0,4.9,4.9,4.9,2.0,22387211.385683425,0.0,0
41.00_74.00,2013-12-02,41.0,74.0,0.0,0.0,0.0,4.9,2.0,22387211.385683425,1.0,0
41.00_74.00,2013-12-09,41.0,74.0,0.0,0.0,0.0,4.9,2.0,22387211.385683425,2.0,0
41.00_74.00,2013-12-16,41.0,74.0,0.0,0.0,0.0,4.9,1.0,22387211.385683425,3.0,0
41.00_74.00,2013-12-23,41.0,74.0,0.0,0.0,0.0,0.0,1.0,22387211.385683425,4.0,1
41.00_74.00,2013-12-30,41.0,74.0,1.0,3.9,3.9,3.9,2.0,23095157.170067564,5.0,0
41.00_74.00,2014-01-06,41.0,74.0,0.0,0.0,0.0,3.9,2.0,23095157.170067564,6.0,0
41.00_74.00,2014-01-13,41.0,74.0,0.0,0.0,0.0,3.9,2.0,23095157.170067564,7.0,0
41.00_74.00,2014-01-20,41.0,74.0,0.0,0.0,0.0,3.9,2.0,707945.7843841374,8.0,1
41.00_74.00,2014-01-27,41.0,74.0,1.0,4.0,4.0,4.0,3.0,1707945.7843841375,9.0,0
41.00_74.00,2014-02-03,41.0,74.0,0.0,0.0,0.0,4.0,3.0,1707945.7843841375,10.0,0
41.00_74.00,2014-02-10,41.0,74.0,0.0,0.0,0.0,4.0,3.0,1707945.7843841375,11.0,0
41.00_74.00,2014-02-17,41.0,74.0,0.0,0.0,0.0,4.0,2.0,1707945.7843841375,12.0,0
41.00_74.00,2014-02-24,41.0,74.0,0.0,0.0,0.0,0.0,2.0,1000000.0,13.0,0
41.00_74.00,2014-03-03,41.0,74.0,0.0,0.0,0.0,0.0,2.0,1000000.0,14.0,0
41.00_74.00,2014-03-10,41.0,74.0,0.0,0.0,0.0,0.0,2.0,1000000.0,15.0,0
41.00_74.00,2014-03-17,41.0,74.0,0.0,0.0,0.0,0.0,2.0,1000000.0,16.0,0
41.00_74.00,2014-03-24,41.0,74.0,0.0,0.0,0.0,0.0,1.0,0.0,17.0,0
41.00_74.00,2014-03-31,41.0,74.0,0.0,0.0,0.0,0.0,1.0,0.0,18.0,0
41.00_74.00,2014-04-07,41.0,74.0,0.0,0.0,0.0,0.0,1.0,0.0,19.0,0
41.00_74.00,2014-04-14,41.0,74.0,0.0,0.0,0.0,0.0,1.0,0.0,20.0,0
41.00_74.00,2014-04-21,41.0,74.0,0.0,0.0,0.0,0.0,0.0,0.0,21.0,0
41.00_74.00,2014-04-28,41.0,74.0,0.0,0.0,0.0,0.0,0.0,0.0,22.0,0
41.00_74.00,2014-05-05,41.0,74.0,0.0,0.0,0.0,0.0,0.0,0.0,23.0,0
41.00_74.00,2014-05-12,41.0,74.0,0.0,0.0,0.0,0.0,0.0,0.0,24.0,0
41.00_74.00,2014-05-19,41.0,74.0,0.0,0.0,0.0,0.0,0.0,0.0,25.0,0
41.00_74.00,2014-05-26,41.0,74.0,0.0,0.0,0.0,0.0,0.0,0.0,26.0,1
41.00_74.00,2014-06-02,41.0,74.0,1.0,4.2,4.2,4.2,1.0,1995262.3149688828,27.0,0
41.00_74.00,2014-06-09,41.0,74.0,0.0,0.0,0.0,4.2,1.0,1995262.3149688828,28.0,0
41.00_74.00,2014-06-16,41.0,74.0,0.0,0.0,0.0,4.2,1.0,1995262.3149688828,29.0,0
41.00_74.00,2014-06-23,41.0,74.0,0.0,0.0,0.0,4.2,1.0,1995262.3149688828,30.0,0
41.00_74.00,2014-06-30,41.0,74.0,0.0,0.0,0.0,0.0,1.0,1995262.3149688828,31.0,0
41.00_74.00,2014-07-07,41.0,74.0,0.0,0.0,0.0,0.0,1.0,1995262.3149688828,32.0,0
41.00_74.00,2014-07-14,41.0,74.0,0.0,0.0,0.0,0.0,1.0,1995262.3149688828,33.0,0
41.00_74.00,2014-07-21,41.0,74.0,0.0,0.0,0.0,0.0,1.0,1995262.3149688828,34.0,0
41.00_74.00,2014-07-28,41.0,74.0,0.0,0.0,0.0,0.0,1.0,0.0,35.0,0
41.00_74.00,2014-08-04,41.0,74.0,0.0,0.0,0.0,0.0,1.0,0.0,36.0,0
41.00_74.00,2014-08-11,41.0,74.0,0.0,0.0,0.0,0.0,1.0,0.0,37.0,0
41.00_74.00,2014-08-18,41.0,74.0,0.0,0.0,0.0,0.0,1.0,0.0,38.0,0
41.00_74.00,2014-08-25,41.0,74.0,0.0,0.0,0.0,0.0,0.0,0.0,39.0,0
41.00_74.00,2014-09-01,41.0,74.0,0.0,0.0,0.0,0.0,0.0,0.0,40.0,0
41.00_74.00,2014-09-08,41.0,74.0,0.0,0.0,0.0,0.0,0.0,0.0,41.0,0
41.00_74.00,2014-09-15,41.0,74.0,0.0,0.0,0.0,0.0,0.0,0.0,42.0,0
41.00_74.00,2014-09-22,41.0,74.0,0.0,0.0,0.0,0.0,0.0,0.0,43.0,0
41.00_74.00,2014-09-29,41.0,74.0,0.0,0.0,0.0,0.0,0.0,0.0,44.0,0
41.00_74.00,2014-10-06,41.0,74.0,0.0,0.0,0.0,0.0,0.0,0.0,45.0,0
41.00_74.00,2014-10-13,41.0,74.0,0.0,0.0,0.0,0.0,0.0,0.0,46.0,0
41.00_74.00,2014-10-20,41.0,74.0,0.0,0.0,0.0,0.0,0.0,0.0,47.0,0
41.00_74.00,2014-10-27,41.0,74.0,0.0,0.0,0.0,0.0,0.0,0.0,48.0,0
41.00_74.00,2014-11-03,41.0,74.0,0.0,0.0,0.0,0.0,0.0,0.0,49.0,0
41.00_74.00,2014-11-10,41.0,74.0,0.0,0.0,0.0,0.0,0.0,0.0,50.0,0
41.00_74.00,2014-11-17,41.0,74.0,0.0,0.0,0.0,0.0,0.0,0.0,51.0,0
41.00_74.00,2014-11-24,41.0,74.0,0.0,0.0,0.0,0.0,0.0,0.0,52.0,0
41.00_74.00,2014-12-01,41.0,74.0,0.0,0.0,0.0,0.0,0.0,0.0,53.0,0
41.00_74.00,2014-12-08,41.0,74.0,0.0,0.0,0.0,0.0,0.0,0.0,54.0,0
41.00_74.00,2014-12-15,41.0,74.0,0.0,0.0,0.0,0.0,0.0,0.0,55.0,0
41.00_74.00,2014-12-22,41.0,74.0,0.0,0.0,0.0,0.0,0.0,0.0,56.0,0
41.00_74.00,2014-12-29,41.0,74.0,0.0,0.0,0.0,0.0,0.0,0.0,57.0,0
41.00_74.00,2015-01-05,41.0,74.0,0.0,0.0,0.0,0.0,0.0,0.0,58.0,0
41.00_74.00,2015-01-12,41.0,74.0,0.0,0.0,0.0,0.0,0.0,0.0,59.0,0
41.00_74.00,2015-01-19,41.0,74.0,0.0,0.0,0.0,0.0,0.0,0.0,60.0,1
41.00_74.00,2015-01-26,41.0,74.0,1.0,4.9,4.9,4.9,1.0,22387211.385683425,0.0,0
41.00_74.00,2015-02-02,41.0,74.0,0.0,0.0,0.0,4.9,1.0,22387211.385683425,1.0,0
41.00_74.00,2015-02-09,41.0,74.0,0.0,0.0,0.0,4.9,1.0,22387211.385683425,2.0,0
41.00_74.00,2015-02-16,41.0,74.0,0.0,0.0,0.0,4.9,1.0,22387211.385683425,3.0,0
41.00_74.00,2015-02-23,41.0,74.0,0.0,0.0,0.0,0.0,1.0,22387211.385683425,4.0,0
41.00_74.00,2015-03-02,41.0,74.0,0.0,0.0,0.0,0.0,1.0,22387211.385683425,5.0,0
41.00_74.00,2015-03-09,41.0,74.0,0.0,0.0,0.0,0.0,1.0,22387211.385683425,6.0,1
41.00_74.00,2015-03-16,41.0,74.0,1.0,4.8,4.8,4.8,2.0,38236143.31029453,0.0,0
41.00_74.00,2015-03-23,41.0,74.0,0.0,0.0,0.0,4.8,2.0,15848931.924611108,1.0,0
41.00_74.00,2015-03-30,41.0,74.0,0.0,0.0,0.0,4.8,2.0,15848931.924611108,2.0,0
41.00_74.00,2015-04-06,41.0,74.0,0.0,0.0,0.0,4.8,2.0,15848931.924611108,3.0,0
41.00_74.00,2015-04-13,41.0,74.0,0.0,0.0,0.0,0.0,2.0,15848931.924611108,4.0,0
41.00_74.00,2015-04-20,41.0,74.0,0.0,0.0,0.0,0.0,1.0,15848931.924611108,5.0,0
41.00_74.00,2015-04-27,41.0,74.0,0.0,0.0,0.0,0.0,1.0,15848931.924611108,6.0,0
41.00_74.00,2015-05-04,41.0,74.0,0.0,0.0,0.0,0.0,1.0,15848931.924611108,7.0,0
41.00_74.00,2015-05-11,41.0,74.0,0.0,0.0,0.0,0.0,1.0,0.0,8.0,0
41.00_74.00,2015-05-18,41.0,74.0,0.0,0.0,0.0,0.0,1.0,0.0,9.0,0
41.00_74.00,2015-05-25,41.0,74.0,0.0,0.0,0.0,0.0,1.0,0.0,10.0,0
41.00_74.00,2015-06-01,41.0,74.0,0.0,0.0,0.0,0.0,1.0,0.0,11.0,0
41.00_74.00,2015-06-08,41.0,74.0,0.0,0.0,0.0,0.0,0.0,0.0,12.0,0
41.00_74.00,2015-06-15,41.0,74.0,0.0,0.0,0.0,0.0,0.0,0.0,13.0,0
41.00_74.00,2015-06-22,41.0,74.0,0.0,0.0,0.0,0.0,0.0,0.0,14.0,0
41.00_74.00,2015-06-29,41.0,74.0,0.0,0.0,0.0,0.0,0.0,0.0,15.0,0
41.00_74.00,2015-07-06,41.0,74.0,0.0,0.0,0.0,0.0,0.0,0.0,16.0,1
41.00_74.00,2015-07-13,41.0,74.0,1.0,4.3,4.3,4.3,1.0,2818382.9312644494,17.0,0
41.00_74.00,2015-07-20,41.0,74.0,0.0,0.0,0.0,4.3,1.0,2818382.9312644494,18.0,0
41.00_74.00,2015-07-27,41.0,74.0,0.0,0.0,0.0,4.3,1.0,2818382.9312644494,19.0,0
41.00_74.00,2015-08-03,41.0,74.0,0.0,0.0,0.0,4.3,1.0,2818382.9312644494,20.0,0
41.00_74.00,2015-08-10,41.0,74.0,0.0,0.0,0.0,0.0,1.0,2818382.9312644494,21.0,1
41.00_74.00,2015-08-17,41.0,74.0,1.0,4.0,4.0,4.0,2.0,3818382.9312644494,22.0,0
41.00_74.00,2015-08-24,41.0,74.0,0.0,0.0,0.0,4.0,2.0,3818382.9312644494,23.0,0
41.00_74.00,2015-08-31,41.0,74.0,0.0,0.0,0.0,4.0,2.0,3818382.9312644494,24.0,1
41.00_74.00,2015-09-07,41.0,74.0,1.0,4.4,4.4,4.4,3.0,4981071.705534978,25.0,0
41.00_74.00,2015-09-14,41.0,74.0,0.0,0.0,0.0,4.4,3.0,4981071.705534978,26.0,0
41.00_74.00,2015-09-21,41.0,74.0,0.0,0.0,0.0,4.4,3.0,4981071.705534978,27.0,0
41.00_74.00,2015-09-28,41.0,74.0,0.0,0.0,0.0,4.4,3.0,4981071.705534978,28.0,0
41.00_74.00,2015-10-05,41.0,74.0,0.0,0.0,0.0,0.0,2.0,4981071.705534978,29.0,0
41.00_74.00,2015-10-12,41.0,74.0,0.0,0.0,0.0,0.0,2.0,3981071.7055349774,30.0,0
41.00_74.00,2015-10-19,41.0,74.0,0.0,0.0,0.0,0.0,2.0,3981071.7055349774,31.0,0
41.00_74.00,2015-10-26,41.0,74.0,0.0,0.0,0.0,0.0,2.0,3981071.7055349774,32.0,0
41.00_74.00,2015-11-02,41.0,74.0,0.0,0.0,0.0,0.0,2.0,0.0,33.0,0
41.00_74.00,2015-11-09,41.0,74.0,0.0,0.0,0.0,0.0,1.0,0.0,34.0,0
41.00_74.00,2015-11-16,41.0,74.0,0.0,0.0,0.0,0.0,1.0,0.0,35.0,0
41.00_74.00,2015-11-23,41.0,74.0,0.0,0.0,0.0,0.0,1.0,0.0,36.0,0
41.00_74.00,2015-11-30,41.0,74.0,0.0,0.0,0.0,0.0,0.0,0.0,37.0,0
41.00_74.00,2015-12-07,41.0,74.0,0.0,0.0,0.0,0.0,0.0,0.0,38.0,1
41.00_74.00,2015-12-14,41.0,74.0,1.0,5.5,5.5,5.5,1.0,177827941.00389227,0.0,0
41.00_74.00,2015-12-21,41.0,74.0,0.0,0.0,0.0,5.5,1.0,177827941.00389227,1.0,0
41.00_74.00,2015-12-28,41.0,74.0,0.0,0.0,0.0,5.5,1.0,177827941.00389227,2.0,0
41.00_74.00,2016-01-04,41.0,74.0,0.0,0.0,0.0,5.5,1.0,177827941.00389227,3.0,0
41.00_74.00,2016-01-11,41.0,74.0,0.0,0.0,0.0,0.0,1.0,177827941.00389227,4.0,0
41.00_74.00,2016-01-18,41.0,74.0,0.0,0.0,0.0,0.0,1.0,177827941.00389227,5.0,0
41.00_74.00,2016-01-25,41.0,74.0,0.0,0.0,0.0,0.0,1.0,177827941.00389227,6.0,0
41.00_74.00,2016-02-01,41.0,74.0,0.0,0.0,0.0,0.0,1.0,177827941.00389227,7.0,0
41.00_74.00,2016-02-08,41.0,74.0,0.0,0.0,0.0,0.0,1.0,0.0,8.0,0
41.00_74.00,2016-02-15,41.0,74.0,0.0,0.0,0.0,0.0,1.0,0.0,9.0,0
41.00_74.00,2016-02-22,41.0,74.0,0.0,0.0,0.0,0.0,1.0,0.0,10.0,0
41.00_74.00,2016-02-29,41.0,74.0,0.0,0.0,0.0,0.0,1.0,0.0,11.0,0
41.00_74.00,2016-03-07,41.0,74.0,0.0,0.0,0.0,0.0,0.0,0.0,12.0,0
41.00_74.00,2016-03-14,41.0,74.0,0.0,0.0,0.0,0.0,0.0,0.0,13.0,0
41.00_74.00,2016-03-21,41.0,74.0,0.0,0.0,0.0,0.0,0.0,0.0,14.0,0
41.00_74.00,2016-03-28,41.0,74.0,0.0,0.0,0.0,0.0,0.0,0.0,15.0,0
41.00_74.00,2016-04-04,41.0,74.0,0.0,0.0,0.0,0.0,0.0,0.0,16.0,0
41.00_74.00,2016-04-11,41.0,74.0,0.0,0.0,0.0,0.0,0.0,0.0,17.0,0
41.00_74.00,2016-04-18,41.0,74.0,0.0,0.0,0.0,0.0,0.0,0.0,18.0,0
41.00_74.00,2016-04-25,41.0,74.0,0.0,0.0,0.0,0.0,0.0,0.0,19.0,0
41.00_74.00,2016-05-02,41.0,74.0,0.0,0.0,0.0,0.0,0.0,0.0,20.0,0
41.00_74.00,2016-05-09,41.0,74.0,0.0,0.0,0.0,0.0,0.0,0.0,21.0,0
41.00_74.00,2016-05-16,41.0,74.0,0.0,0.0,0.0,0.0,0.0,0.0,22.0,0
41.00_74.00,2016-05-23,41.0,74.0,0.0,0.0,0.0,0.0,0.0,0.0,23.0,0
41.00_74.00,2016-05-30,41.0,74.0,0.0,0.0,0.0,0.0,0.0,0.0,24.0,0
41.00_74.00,2016-06-06,41.0,74.0,0.0,0.0,0.0,0.0,0.0,0.0,25.0,0
41.00_74.00,2016-06-13,41.0,74.0,0.0,0.0,0.0,0.0,0.0,0.0,26.0,0
41.00_74.00,2016-06-20,41.0,74.0,0.0,0.0,0.0,0.0,0.0,0.0,27.0,0
41.00_74.00,2016-06-27,41.0,74.0,0.0,0.0,0.0,0.0,0.0,0.0,28.0,0
41.00_74.00,2016-07-04,41.0,74.0,0.0,0.0,0.0,0.0,0.0,0.0,29.0,0
41.00_74.00,2016-07-11,41.0,74.0,0.0,0.0,0.0,0.0,0.0,0.0,30.0,0
41.00_74.00,2016-07-18,41.0,74.0,0.0,0.0,0.0,0.0,0.0,0.0,31.0,0
41.00_74.00,2016-07-25,41.0,74.0,0.0,0.0,0.0,0.0,0.0,0.0,32.0,0
41.00_74.00,2016-08-01,41.0,74.0,0.0,0.0,0.0,0.0,0.0,0.0,33.0,0
41.00_74.00,2016-08-08,41.0,74.0,0.0,0.0,0.0,0.0,0.0,0.0,34.0,0
41.00_74.00,2016-08-15,41.0,74.0,0.0,0.0,0.0,0.0,0.0,0.0,35.0,0
41.00_74.00,2016-08-22,41.0,74.0,0.0,0.0,0.0,0.0,0.0,0.0,36.0,0
41.00_74.00,2016-08-29,41.0,74.0,0.0,0.0,0.0,0.0,0.0,0.0,37.0,0
41.00_74.00,2016-09-05,41.0,74.0,0.0,0.0,0.0,0.0,0.0,0.0,38.0,0
41.00_74.00,2016-09-12,41.0,74.0,0.0,0.0,0.0,0.0,0.0,0.0,39.0,0
41.00_74.00,2016-09-19,41.0,74.0,0.0,0.0,0.0,0.0,0.0,0.0,40.0,0
41.00_74.00,2016-09-26,41.0,74.0,0.0,0.0,0.0,0.0,0.0,0.0,41.0,0
41.00_74.00,2016-10-03,41.0,74.0,0.0,0.0,0.0,0.0,0.0,0.0,42.0,0
41.00_74.00,2016-10-10,41.0,74.0,0.0,0.0,0.0,0.0,0.0,0.0,43.0,0
41.00_74.00,2016-10-17,41.0,74.0,0.0,0.0,0.0,0.0,0.0,0.0,44.0,0
41.00_74.00,2016-10-24,41.0,74.0,0.0,0.0,0.0,0.0,0.0,0.0,45.0,0
41.00_74.00,2016-10-31,41.0,74.0,0.0,0.0,0.0,0.0,0.0,0.0,46.0,0
41.00_74.00,2016-11-07,41.0,74.0,0.0,0.0,0.0,0.0,0.0,0.0,47.0,0
41.00_74.00,2016-11-14,41.0,74.0,0.0,0.0,0.0,0.0,0.0,0.0,48.0,1
41.00_74.00,2016-11-21,41.0,74.0,1.0,4.1,4.1,4.1,1.0,1412537.5446227526,49.0,0
41.00_74.00,2016-11-28,41.0,74.0,0.0,0.0,0.0,4.1,1.0,1412537.5446227526,50.0,0
41.00_74.00,2016-12-05,41.0,74.0,0.0,0.0,0.0,4.1,1.0,1412537.5446227526,51.0,0
41.00_74.00,2016-12-12,41.0,74.0,0.0,0.0,0.0,4.1,1.0,1412537.5446227526,52.0,1
41.00_74.00,2016-12-19,41.0,74.0,1.0,4.5,4.5,4.5,2.0,7035950.796526244,0.0,0
41.00_74.00,2016-12-26,41.0,74.0,0.0,0.0,0.0,4.5,2.0,7035950.796526244,1.0,0
41.00_74.00,2017-01-02,41.0,74.0,0.0,0.0,0.0,4.5,2.0,7035950.796526244,2.0,0
41.00_74.00,2017-01-09,41.0,74.0,0.0,0.0,0.0,4.5,2.0,7035950.796526244,3.0,0
41.00_74.00,2017-01-16,41.0,74.0,0.0,0.0,0.0,0.0,2.0,5623413.251903491,4.0,0
41.00_74.00,2017-01-23,41.0,74.0,0.0,0.0,0.0,0.0,2.0,5623413.251903491,5.0,0
41.00_74.00,2017-01-30,41.0,74.0,0.0,0.0,0.0,0.0,2.0,5623413.251903491,6.0,0
41.00_74.00,2017-02-06,41.0,74.0,0.0,0.0,0.0,0.0,2.0,5623413.251903491,7.0,0
41.00_74.00,2017-02-13,41.0,74.0,0.0,0.0,0.0,0.0,1.0,0.0,8.0,0
41.00_74.00,2017-02-20,41.0,74.0,0.0,0.0,0.0,0.0,1.0,0.0,9.0,0
41.00_74.00,2017-02-27,41.0,74.0,0.0,0.0,0.0,0.0,1.0,0.0,10.0,0
41.00_74.00,2017-03-06,41.0,74.0,0.0,0.0,0.0,0.0,1.0,0.0,11.0,0
41.00_74.00,2017-03-13,41.0,74.0,0.0,0.0,0.0,0.0,0.0,0.0,12.0,0
41.00_74.00,2017-03-20,41.0,74.0,0.0,0.0,0.0,0.0,0.0,0.0,13.0,0
41.00_74.00,2017-03-27,41.0,74.0,0.0,0.0,0.0,0.0,0.0,0.0,14.0,0
41.00_74.00,2017-04-03,41.0,74.0,0.0,0.0,0.0,0.0,0.0,0.0,15.0,0
41.00_74.00,2017-04-10,41.0,74.0,0.0,0.0,0.0,0.0,0.0,0.0,16.0,0
41.00_74.00,2017-04-17,41.0,74.0,0.0,0.0,0.0,0.0,0.0,0.0,17.0,2
41.00_74.00,2017-04-24,41.0,74.0,2.0,4.5,4.2,4.5,2.0,7618675.566872374,0.0,1
41.00_74.00,2017-05-01,41.0,74.0,1.0,4.3,4.3,4.5,3.0,10437058.498136824,1.0,0
41.00_74.00,2017-05-08,41.0,74.0,0.0,0.0,0.0,4.5,3.0,10437058.498136824,2.0,0
41.00_74.00,2017-05-15,41.0,74.0,0.0,0.0,0.0,4.5,3.0,10437058.498136824,3.0,0
41.00_74.00,2017-05-22,41.0,74.0,0.0,0.0,0.0,4.3,3.0,10437058.498136824,4.0,0
41.00_74.00,2017-05-29,41.0,74.0,0.0,0.0,0.0,0.0,3.0,10437058.498136824,5.0,0
41.00_74.00,2017-06-05,41.0,74.0,0.0,0.0,0.0,0.0,3.0,10437058.498136824,6.0,0
41.00_74.00,2017-06-12,41.0,74.0,0.0,0.0,0.0,0.0,3.0,10437058.498136824,7.0,0
41.00_74.00,2017-06-19,41.0,74.0,0.0,0.0,0.0,0.0,3.0,2818382.9312644494,8.0,0
41.00_74.00,2017-06-26,41.0,74.0,0.0,0.0,0.0,0.0,3.0,0.0,9.0,0
41.00_74.00,2017-07-03,41.0,74.0,0.0,0.0,0.0,0.0,3.0,0.0,10.0,0
41.00_74.00,2017-07-10,41.0,74.0,0.0,0.0,0.0,0.0,3.0,0.0,11.0,0
41.00_74.00,2017-07-17,41.0,74.0,0.0,0.0,0.0,0.0,1.0,0.0,12.0,1
41.00_74.00,2017-07-24,41.0,74.0,1.0,4.2,4.2,4.2,1.0,1995262.3149688828,13.0,0
41.00_74.00,2017-07-31,41.0,74.0,0.0,0.0,0.0,4.2,1.0,1995262.3149688828,14.0,0
41.00_74.00,2017-08-07,41.0,74.0,0.0,0.0,0.0,4.2,1.0,1995262.3149688828,15.0,0
41.00_74.00,2017-08-14,41.0,74.0,0.0,0.0,0.0,4.2,1.0,1995262.3149688828,16.0,0
41.00_74.00,2017-08-21,41.0,74.0,0.0,0.0,0.0,0.0,1.0,1995262.3149688828,17.0,0
41.00_74.00,2017-08-28,41.0,74.0,0.0,0.0,0.0,0.0,1.0,1995262.3149688828,18.0,0
41.00_74.00,2017-09-04,41.0,74.0,0.0,0.0,0.0,0.0,1.0,1995262.3149688828,19.0,0
41.00_74.00,2017-09-11,41.0,74.0,0.0,0.0,0.0,0.0,1.0,1995262.3149688828,20.0,0
41.00_74.00,2017-09-18,41.0,74.0,0.0,0.0,0.0,0.0,1.0,0.0,21.0,0
41.00_74.00,2017-09-25,41.0,74.0,0.0,0.0,0.0,0.0,1.0,0.0,22.0,0
41.00_74.00,2017-10-02,41.0,74.0,0.0,0.0,0.0,0.0,1.0,0.0,23.0,0
41.00_74.00,2017-10-09,41.0,74.0,0.0,0.0,0.0,0.0,1.0,0.0,24.0,0
41.00_74.00,2017-10-16,41.0,74.0,0.0,0.0,0.0,0.0,0.0,0.0,25.0,0
41.00_74.00,2017-10-23,41.0,74.0,0.0,0.0,0.0,0.0,0.0,0.0,26.0,0
41.00_74.00,2017-10-30,41.0,74.0,0.0,0.0,0.0,0.0,0.0,0.0,27.0,0
41.00_74.00,2017-11-06,41.0,74.0,0.0,0.0,0.0,0.0,0.0,0.0,28.0,0
41.00_74.00,2017-11-13,41.0,74.0,0.0,0.0,0.0,0.0,0.0,0.0,29.0,0
41.00_74.00,2017-11-20,41.0,74.0,0.0,0.0,0.0,0.0,0.0,0.0,30.0,0
41.00_74.00,2017-11-27,41.0,74.0,0.0,0.0,0.0,0.0,0.0,0.0,31.0,0
41.00_74.00,2017-12-04,41.0,74.0,0.0,0.0,0.0,0.0,0.0,0.0,32.0,0
41.00_74.00,2017-12-11,41.0,74.0,0.0,0.0,0.0,0.0,0.0,0.0,33.0,0
41.00_74.00,2017-12-18,41.0,74.0,0.0,0.0,0.0,0.0,0.0,0.0,34.0,0
41.00_74.00,2017-12-25,41.0,74.0,0.0,0.0,0.0,0.0,0.0,0.0,35.0,0
41.00_74.00,2018-01-01,41.0,74.0,0.0,0.0,0.0,0.0,0.0,0.0,36.0,0
41.00_74.00,2018-01-08,41.0,74.0,0.0,0.0,0.0,0.0,0.0,0.0,37.0,0
41.00_74.00,2018-01-15,41.0,74.0,0.0,0.0,0.0,0.0,0.0,0.0,38.0,0
41.00_74.00,2018-01-22,41.0,74.0,0.0,0.0,0.0,0.0,0.0,0.0,39.0,0
41.00_74.00,2018-01-29,41.0,74.0,0.0,0.0,0.0,0.0,0.0,0.0,40.0,1
41.00_74.00,2018-02-05,41.0,74.0,1.0,3.8,3.8,3.8,1.0,501187.2336272715,41.0,0
41.00_74.00,2018-02-12,41.0,74.0,0.0,0.0,0.0,3.8,1.0,501187.2336272715,42.0,0
41.00_74.00,2018-02-19,41.0,74.0,0.0,0.0,0.0,3.8,1.0,501187.2336272715,43.0,0
41.00_74.00,2018-02-26,41.0,74.0,0.0,0.0,0.0,3.8,1.0,501187.2336272715,44.0,0
41.00_74.00,2018-03-05,41.0,74.0,0.0,0.0,0.0,0.0,1.0,501187.2336272715,45.0,0
41.00_74.00,2018-03-12,41.0,74.0,0.0,0.0,0.0,0.0,1.0,501187.2336272715,46.0,0
41.00_74.00,2018-03-19,41.0,74.0,0.0,0.0,0.0,0.0,1.0,501187.2336272715,47.0,0
41.00_74.00,2018-03-26,41.0,74.0,0.0,0.0,0.0,0.0,1.0,501187.2336272715,48.0,0
41.00_74.00,2018-04-02,41.0,74.0,0.0,0.0,0.0,0.0,1.0,0.0,49.0,0
41.00_74.00,2018-04-09,41.0,74.0,0.0,0.0,0.0,0.0,1.0,0.0,50.0,0
41.00_74.00,2018-04-16,41.0,74.0,0.0,0.0,0.0,0.0,1.0,0.0,51.0,0
41.00_74.00,2018-04-23,41.0,74.0,0.0,0.0,0.0,0.0,1.0,0.0,52.0,0
41.00_74.00,2018-04-30,41.0,74.0,0.0,0.0,0.0,0.0,0.0,0.0,53.0,0
41.00_74.00,2018-05-07,41.0,74.0,0.0,0.0,0.0,0.0,0.0,0.0,54.0,0
41.00_74.00,2018-05-14,41.0,74.0,0.0,0.0,0.0,0.0,0.0,0.0,55.0,0
41.00_74.00,2018-05-21,41.0,74.0,0.0,0.0,0.0,0.0,0.0,0.0,56.0,0
41.00_74.00,2018-05-28,41.0,74.0,0.0,0.0,0.0,0.0,0.0,0.0,57.0,0
41.00_74.00,2018-06-04,41.0,74.0,0.0,0.0,0.0,0.0,0.0,0.0,58.0,0
41.00_74.00,2018-06-11,41.0,74.0,0.0,0.0,0.0,0.0,0.0,0.0,59.0,0
41.00_74.00,2018-06-18,41.0,74.0,0.0,0.0,0.0,0.0,0.0,0.0,60.0,0
41.00_74.00,2018-06-25,41.0,74.0,0.0,0.0,0.0,0.0,0.0,0.0,61.0,0
41.00_74.00,2018-07-02,41.0,74.0,0.0,0.0,0.0,0.0,0.0,0.0,62.0,0
41.00_74.00,2018-07-09,41.0,74.0,0.0,0.0,0.0,0.0,0.0,0.0,63.0,0
41.00_74.00,2018-07-16,41.0,74.0,0.0,0.0,0.0,0.0,0.0,0.0,64.0,0
41.00_74.00,2018-07-23,41.0,74.0,0.0,0.0,0.0,0.0,0.0,0.0,65.0,0
41.00_74.00,2018-07-30,41.0,74.0,0.0,0.0,0.0,0.0,0.0,0.0,66.0,0
41.00_74.00,2018-08-06,41.0,74.0,0.0,0.0,0.0,0.0,0.0,0.0,67.0,0
41.00_74.00,2018-08-13,41.0,74.0,0.0,0.0,0.0,0.0,0.0,0.0,68.0,0
41.00_74.00,2018-08-20,41.0,74.0,0.0,0.0,0.0,0.0,0.0,0.0,69.0,0
41.00_74.00,2018-08-27,41.0,74.0,0.0,0.0,0.0,0.0,0.0,0.0,70.0,0
41.00_74.00,2018-09-03,41.0,74.0,0.0,0.0,0.0,0.0,0.0,0.0,71.0,0
41.00_74.00,2018-09-10,41.0,74.0,0.0,0.0,0.0,0.0,0.0,0.0,72.0,0
41.00_74.00,2018-09-17,41.0,74.0,0.0,0.0,0.0,0.0,0.0,0.0,73.0,0
41.00_74.00,2018-09-24,41.0,74.0,0.0,0.0,0.0,0.0,0.0,0.0,74.0,0
41.00_74.00,2018-10-01,41.0,74.0,0.0,0.0,0.0,0.0,0.0,0.0,75.0,0
41.00_74.00,2018-10-08,41.0,74.0,0.0,0.0,0.0,0.0,0.0,0.0,76.0,0
41.00_74.00,2018-10-15,41.0,74.0,0.0,0.0,0.0,0.0,0.0,0.0,77.0,0
41.00_74.00,2018-10-22,41.0,74.0,0.0,0.0,0.0,0.0,0.0,0.0,78.0,0
41.00_74.00,2018-10-29,41.0,74.0,0.0,0.0,0.0,0.0,0.0,0.0,79.0,0
41.00_74.00,2018-11-05,41.0,74.0,0.0,0.0,0.0,0.0,0.0,0.0,80.0,0
41.00_74.00,2018-11-12,41.0,74.0,0.0,0.0,0.0,0.0,0.0,0.0,81.0,0
41.00_74.00,2018-11-19,41.0,74.0,0.0,0.0,0.0,0.0,0.0,0.0,82.0,0
41.00_74.00,2018-11-26,41.0,74.0,0.0,0.0,0.0,0.0,0.0,0.0,83.0,0
41.00_74.00,2018-12-03,41.0,74.0,0.0,0.0,0.0,0.0,0.0,0.0,84.0,0
41.00_74.00,2018-12-10,41.0,74.0,0.0,0.0,0.0,0.0,0.0,0.0,85.0,0
41.00_74.00,2018-12-17,41.0,74.0,0.0,0.0,0.0,0.0,0.0,0.0,86.0,0
41.00_74.00,2018-12-24,41.0,74.0,0.0,0.0,0.0,0.0,0.0,0.0,87.0,0
41.00_74.00,2018-12-31,41.0,74.0,0.0,0.0,0.0,0.0,0.0,0.0,88.0,0
41.00_74.00,2019-01-07,41.0,74.0,0.0,0.0,0.0,0.0,0.0,0.0,89.0,0
41.00_74.00,2019-01-14,41.0,74.0,0.0,0.0,0.0,0.0,0.0,0.0,90.0,0
41.00_74.00,2019-01-21,41.0,74.0,0.0,0.0,0.0,0.0,0.0,0.0,91.0,0
41.00_74.00,2019-01-28,41.0,74.0,0.0,0.0,0.0,0.0,0.0,0.0,92.0,0
41.00_74.00,2019-02-04,41.0,74.0,0.0,0.0,0.0,0.0,0.0,0.0,93.0,0
41.00_74.00,2019-02-11,41.0,74.0,0.0,0.0,0.0,0.0,0.0,0.0,94.0,0
41.00_74.00,2019-02-18,41.0,74.0,0.0,0.0,0.0,0.0,0.0,0.0,95.0,0
41.00_74.00,2019-02-25,41.0,74.0,0.0,0.0,0.0,0.0,0.0,0.0,96.0,0
41.00_74.00,2019-03-04,41.0,74.0,0.0,0.0,0.0,0.0,0.0,0.0,97.0,0
41.00_74.00,2019-03-11,41.0,74.0,0.0,0.0,0.0,0.0,0.0,0.0,98.0,0
41.00_74.00,2019-03-18,41.0,74.0,0.0,0.0,0.0,0.0,0.0,0.0,99.0,0
41.00_74.00,2019-03-25,41.0,74.0,0.0,0.0,0.0,0.0,0.0,0.0,100.0,0
41.00_74.00,2019-04-01,41.0,74.0,0.0,0.0,0.0,0.0,0.0,0.0,101.0,0
41.00_74.00,2019-04-08,41.0,74.0,0.0,0.0,0.0,0.0,0.0,0.0,102.0,0
41.00_74.00,2019-04-15,41.0,74.0,0.0,0.0,0.0,0.0,0.0,0.0,103.0,0
41.00_74.00,2019-04-22,41.0,74.0,0.0,0.0,0.0,0.0,0.0,0.0,104.0,0
41.00_74.00,2019-04-29,41.0,74.0,0.0,0.0,0.0,0.0,0.0,0.0,105.0,0
41.00_74.00,2019-05-06,41.0,74.0,0.0,0.0,0.0,0.0,0.0,0.0,106.0,0
41.00_74.00,2019-05-13,41.0,74.0,0.0,0.0,0.0,0.0,0.0,0.0,107.0,0
41.00_74.00,2019-05-20,41.0,74.0,0.0,0.0,0.0,0.0,0.0,0.0,108.0,0
41.00_74.00,2019-05-27,41.0,74.0,0.0,0.0,0.0,0.0,0.0,0.0,109.0,0
41.00_74.00,2019-06-03,41.0,74.0,0.0,0.0,0.0,0.0,0.0,0.0,110.0,0
41.00_74.00,2019-06-10,41.0,74.0,0.0,0.0,0.0,0.0,0.0,0.0,111.0,0
41.00_74.00,2019-06-17,41.0,74.0,0.0,0.0,0.0,0.0,0.0,0.0,112.0,0
41.00_74.00,2019-06-24,41.0,74.0,0.0,0.0,0.0,0.0,0.0,0.0,113.0,0
41.00_74.00,2019-07-01,41.0,74.0,0.0,0.0,0.0,0.0,0.0,0.0,114.0,0
41.00_74.00,2019-07-08,41.0,74.0,0.0,0.0,0.0,0.0,0.0,0.0,115.0,0
41.00_74.00,2019-07-15,41.0,74.0,0.0,0.0,0.0,0.0,0.0,0.0,116.0,0
41.00_74.00,2019-07-22,41.0,74.0,0.0,0.0,0.0,0.0,0.0,0.0,117.0,0
41.00_74.00,2019-07-29,41.0,74.0,0.0,0.0,0.0,0.0,0.0,0.0,118.0,0
41.00_74.00,2019-08-05,41.0,74.0,0.0,0.0,0.0,0.0,0.0,0.0,119.0,0
41.00_74.00,2019-08-12,41.0,74.0,0.0,0.0,0.0,0.0,0.0,0.0,120.0,0
41.00_74.00,2019-08-19,41.0,74.0,0.0,0.0,0.0,0.0,0.0,0.0,121.0,0
41.00_74.00,2019-08-26,41.0,74.0,0.0,0.0,0.0,0.0,0.0,0.0,122.0,0
41.00_74.00,2019-09-02,41.0,74.0,0.0,0.0,0.0,0.0,0.0,0.0,123.0,1
41.00_74.00,2019-09-09,41.0,74.0,1.0,3.1,3.1,3.1,1.0,44668.359215096345,124.0,0
41.00_74.00,2019-09-16,41.0,74.0,0.0,0.0,0.0,3.1,1.0,44668.359215096345,125.0,0
41.00_74.00,2019-09-23,41.0,74.0,0.0,0.0,0.0,3.1,1.0,44668.359215096345,126.0,0
41.00_74.00,2019-09-30,41.0,74.0,0.0,0.0,0.0,3.1,1.0,44668.359215096345,127.0,0
41.00_74.00,2019-10-07,41.0,74.0,0.0,0.0,0.0,0.0,1.0,44668.359215096345,128.0,0
41.00_74.00,2019-10-14,41.0,74.0,0.0,0.0,0.0,0.0,1.0,44668.359215096345,129.0,0
41.00_74.00,2019-10-21,41.0,74.0,0.0,0.0,0.0,0.0,1.0,44668.359215096345,130.0,0
41.00_74.00,2019-10-28,41.0,74.0,0.0,0.0,0.0,0.0,1.0,44668.359215096345,131.0,0
41.00_74.00,2019-11-04,41.0,74.0,0.0,0.0,0.0,0.0,1.0,0.0,132.0,0
41.00_74.00,2019-11-11,41.0,74.0,0.0,0.0,0.0,0.0,1.0,0.0,133.0,0
41.00_74.00,2019-11-18,41.0,74.0,0.0,0.0,0.0,0.0,1.0,0.0,134.0,0
41.00_74.00,2019-11-25,41.0,74.0,0.0,0.0,0.0,0.0,1.0,0.0,135.0,0
41.00_74.00,2019-12-02,41.0,74.0,0.0,0.0,0.0,0.0,0.0,0.0,136.0,0
41.00_74.00,2019-12-09,41.0,74.0,0.0,0.0,0.0,0.0,0.0,0.0,137.0,0
41.00_74.00,2019-12-16,41.0,74.0,0.0,0.0,0.0,0.0,0.0,0.0,138.0,0
41.00_74.00,2019-12-23,41.0,74.0,0.0,0.0,0.0,0.0,0.0,0.0,139.0,0
41.00_74.00,2019-12-30,41.0,74.0,0.0,0.0,0.0,0.0,0.0,0.0,140.0,0
41.00_74.00,2020-01-06,41.0,74.0,0.0,0.0,0.0,0.0,0.0,0.0,141.0,0
41.00_74.00,2020-01-13,41.0,74.0,0.0,0.0,0.0,0.0,0.0,0.0,142.0,0
41.00_74.00,2020-01-20,41.0,74.0,0.0,0.0,0.0,0.0,0.0,0.0,143.0,1
41.00_74.00,2020-01-27,41.0,74.0,1.0,4.8,4.8,4.8,1.0,15848931.924611108,0.0,0
41.00_74.00,2020-02-03,41.0,74.0,0.0,0.0,0.0,4.8,1.0,15848931.924611108,1.0,0
41.00_74.00,2020-02-10,41.0,74.0,0.0,0.0,0.0,4.8,1.0,15848931.924611108,2.0,0
41.00_74.00,2020-02-17,41.0,74.0,0.0,0.0,0.0,4.8,1.0,15848931.924611108,3.0,0
41.00_74.00,2020-02-24,41.0,74.0,0.0,0.0,0.0,0.0,1.0,15848931.924611108,4.0,0
41.00_74.00,2020-03-02,41.0,74.0,0.0,0.0,0.0,0.0,1.0,15848931.924611108,5.0,0
41.00_74.00,2020-03-09,41.0,74.0,0.0,0.0,0.0,0.0,1.0,15848931.924611108,6.0,0
41.00_74.00,2020-03-16,41.0,74.0,0.0,0.0,0.0,0.0,1.0,15848931.924611108,7.0,0
41.00_74.00,2020-03-23,41.0,74.0,0.0,0.0,0.0,0.0,1.0,0.0,8.0,0
41.00_74.00,2020-03-30,41.0,74.0,0.0,0.0,0.0,0.0,1.0,0.0,9.0,0
41.00_74.00,2020-04-06,41.0,74.0,0.0,0.0,0.0,0.0,1.0,0.0,10.0,0
41.00_74.00,2020-04-13,41.0,74.0,0.0,0.0,0.0,0.0,1.0,0.0,11.0,1
41.00_74.00,2020-04-20,41.0,74.0,1.0,4.2,4.2,4.2,1.0,1995262.3149688828,12.0,0
41.00_74.00,2020-04-27,41.0,74.0,0.0,0.0,0.0,4.2,1.0,1995262.3149688828,13.0,0
41.00_74.00,2020-05-04,41.0,74.0,0.0,0.0,0.0,4.2,1.0,1995262.3149688828,14.0,0
41.00_74.00,2020-05-11,41.0,74.0,0.0,0.0,0.0,4.2,1.0,1995262.3149688828,15.0,0
41.00_74.00,2020-05-18,41.0,74.0,0.0,0.0,0.0,0.0,1.0,1995262.3149688828,16.0,0
41.00_74.00,2020-05-25,41.0,74.0,0.0,0.0,0.0,0.0,1.0,1995262.3149688828,17.0,0
41.00_74.00,2020-06-01,41.0,74.0,0.0,0.0,0.0,0.0,1.0,1995262.3149688828,18.0,0
41.00_74.00,2020-06-08,41.0,74.0,0.0,0.0,0.0,0.0,1.0,1995262.3149688828,19.0,0
41.00_74.00,2020-06-15,41.0,74.0,0.0,0.0,0.0,0.0,1.0,0.0,20.0,0
41.00_74.00,2020-06-22,41.0,74.0,0.0,0.0,0.0,0.0,1.0,0.0,21.0,0
41.00_74.00,2020-06-29,41.0,74.0,0.0,0.0,0.0,0.0,1.0,0.0,22.0,0
41.00_74.00,2020-07-06,41.0,74.0,0.0,0.0,0.0,0.0,1.0,0.0,23.0,1
41.00_74.00,2020-07-13,41.0,74.0,1.0,4.3,4.3,4.3,1.0,2818382.9312644494,24.0,0
41.00_74.00,2020-07-20,41.0,74.0,0.0,0.0,0.0,4.3,1.0,2818382.9312644494,25.0,0
41.00_74.00,2020-07-27,41.0,74.0,0.0,0.0,0.0,4.3,1.0,2818382.9312644494,26.0,0
41.00_74.00,2020-08-03,41.0,74.0,0.0,0.0,0.0,4.3,1.0,2818382.9312644494,27.0,0
41.00_74.00,2020-08-10,41.0,74.0,0.0,0.0,0.0,0.0,1.0,2818382.9312644494,28.0,1
41.00_74.00,2020-08-17,41.0,74.0,1.0,4.4,4.4,4.4,2.0,6799454.636799427,29.0,0
41.00_74.00,2020-08-24,41.0,74.0,0.0,0.0,0.0,4.4,2.0,6799454.636799427,30.0,0
41.00_74.00,2020-08-31,41.0,74.0,0.0,0.0,0.0,4.4,2.0,6799454.636799427,31.0,0
41.00_74.00,2020-09-07,41.0,74.0,0.0,0.0,0.0,4.4,2.0,3981071.7055349774,32.0,0
41.00_74.00,2020-09-14,41.0,74.0,0.0,0.0,0.0,0.0,2.0,3981071.7055349774,33.0,0
41.00_74.00,2020-09-21,41.0,74.0,0.0,0.0,0.0,0.0,2.0,3981071.7055349774,34.0,0
41.00_74.00,2020-09-28,41.0,74.0,0.0,0.0,0.0,0.0,2.0,3981071.7055349774,35.0,0
41.00_74.00,2020-10-05,41.0,74.0,0.0,0.0,0.0,0.0,1.0,3981071.7055349774,36.0,0
41.00_74.00,2020-10-12,41.0,74.0,0.0,0.0,0.0,0.0,1.0,0.0,37.0,0
41.00_74.00,2020-10-19,41.0,74.0,0.0,0.0,0.0,0.0,1.0,0.0,38.0,0
41.00_74.00,2020-10-26,41.0,74.0,0.0,0.0,0.0,0.0,1.0,0.0,39.0,0
41.00_74.00,2020-11-02,41.0,74.0,0.0,0.0,0.0,0.0,1.0,0.0,40.0,0
41.00_74.00,2020-11-09,41.0,74.0,0.0,0.0,0.0,0.0,0.0,0.0,41.0,0
41.00_74.00,2020-11-16,41.0,74.0,0.0,0.0,0.0,0.0,0.0,0.0,42.0,0
41.00_74.00,2020-11-23,41.0,74.0,0.0,0.0,0.0,0.0,0.0,0.0,43.0,0
41.00_74.00,2020-11-30,41.0,74.0,0.0,0.0,0.0,0.0,0.0,0.0,44.0,0
41.00_74.00,2020-12-07,41.0,74.0,0.0,0.0,0.0,0.0,0.0,0.0,45.0,0
41.00_74.00,2020-12-14,41.0,74.0,0.0,0.0,0.0,0.0,0.0,0.0,46.0,0
41.00_74.00,2020-12-21,41.0,74.0,0.0,0.0,0.0,0.0,0.0,0.0,47.0,0
41.00_74.00,2020-12-28,41.0,74.0,0.0,0.0,0.0,0.0,0.0,0.0,48.0,0
41.00_74.00,2021-01-04,41.0,74.0,0.0,0.0,0.0,0.0,0.0,0.0,49.0,0
41.00_74.00,2021-01-11,41.0,74.0,0.0,0.0,0.0,0.0,0.0,0.0,50.0,0
41.00_74.00,2021-01-18,41.0,74.0,0.0,0.0,0.0,0.0,0.0,0.0,51.0,0
41.00_74.00,2021-01-25,41.0,74.0,0.0,0.0,0.0,0.0,0.0,0.0,52.0,0
41.00_74.00,2021-02-01,41.0,74.0,0.0,0.0,0.0,0.0,0.0,0.0,53.0,0
41.00_74.00,2021-02-08,41.0,74.0,0.0,0.0,0.0,0.0,0.0,0.0,54.0,0
41.00_74.00,2021-02-15,41.0,74.0,0.0,0.0,0.0,0.0,0.0,0.0,55.0,0
41.00_74.00,2021-02-22,41.0,74.0,0.0,0.0,0.0,0.0,0.0,0.0,56.0,0
41.00_74.00,2021-03-01,41.0,74.0,0.0,0.0,0.0,0.0,0.0,0.0,57.0,0
41.00_74.00,2021-03-08,41.0,74.0,0.0,0.0,0.0,0.0,0.0,0.0,58.0,0
41.00_74.00,2021-03-15,41.0,74.0,0.0,0.0,0.0,0.0,0.0,0.0,59.0,0
41.00_74.00,2021-03-22,41.0,74.0,0.0,0.0,0.0,0.0,0.0,0.0,60.0,0
41.00_74.00,2021-03-29,41.0,74.0,0.0,0.0,0.0,0.0,0.0,0.0,61.0,0
41.00_74.00,2021-04-05,41.0,74.0,0.0,0.0,0.0,0.0,0.0,0.0,62.0,0
41.00_74.00,2021-04-12,41.0,74.0,0.0,0.0,0.0,0.0,0.0,0.0,63.0,0
41.00_74.00,2021-04-19,41.0,74.0,0.0,0.0,0.0,0.0,0.0,0.0,64.0,0
41.00_74.00,2021-04-26,41.0,74.0,0.0,0.0,0.0,0.0,0.0,0.0,65.0,0
41.00_74.00,2021-05-03,41.0,74.0,0.0,0.0,0.0,0.0,0.0,0.0,66.0,0
41.00_74.00,2021-05-10,41.0,74.0,0.0,0.0,0.0,0.0,0.0,0.0,67.0,0
41.00_74.00,2021-05-17,41.0,74.0,0.0,0.0,0.0,0.0,0.0,0.0,68.0,0
41.00_74.00,2021-05-24,41.0,74.0,0.0,0.0,0.0,0.0,0.0,0.0,69.0,0
41.00_74.00,2021-05-31,41.0,74.0,0.0,0.0,0.0,0.0,0.0,0.0,70.0,0
41.00_74.00,2021-06-07,41.0,74.0,0.0,0.0,0.0,0.0,0.0,0.0,71.0,0
41.00_74.00,2021-06-14,41.0,74.0,0.0,0.0,0.0,0.0,0.0,0.0,72.0,0
41.00_74.00,2021-06-21,41.0,74.0,0.0,0.0,0.0,0.0,0.0,0.0,73.0,0
41.00_74.00,2021-06-28,41.0,74.0,0.0,0.0,0.0,0.0,0.0,0.0,74.0,0
41.00_74.00,2021-07-05,41.0,74.0,0.0,0.0,0.0,0.0,0.0,0.0,75.0,0
41.00_74.00,2021-07-12,41.0,74.0,0.0,0.0,0.0,0.0,0.0,0.0,76.0,0
41.00_74.00,2021-07-19,41.0,74.0,0.0,0.0,0.0,0.0,0.0,0.0,77.0,0
41.00_74.00,2021-07-26,41.0,74.0,0.0,0.0,0.0,0.0,0.0,0.0,78.0,0
41.00_74.00,2021-08-02,41.0,74.0,0.0,0.0,0.0,0.0,0.0,0.0,79.0,0
41.00_74.00,2021-08-09,41.0,74.0,0.0,0.0,0.0,0.0,0.0,0.0,80.0,0
41.00_74.00,2021-08-16,41.0,74.0,0.0,0.0,0.0,0.0,0.0,0.0,81.0,0
41.00_74.00,2021-08-23,41.0,74.0,0.0,0.0,0.0,0.0,0.0,0.0,82.0,0
41.00_74.00,2021-08-30,41.0,74.0,0.0,0.0,0.0,0.0,0.0,0.0,83.0,0
41.00_74.00,2021-09-06,41.0,74.0,0.0,0.0,0.0,0.0,0.0,0.0,84.0,0
41.00_74.00,2021-09-13,41.0,74.0,0.0,0.0,0.0,0.0,0.0,0.0,85.0,0
41.00_74.00,2021-09-20,41.0,74.0,0.0,0.0,0.0,0.0,0.0,0.0,86.0,0
41.00_74.00,2021-09-27,41.0,74.0,0.0,0.0,0.0,0.0,0.0,0.0,87.0,0
41.00_74.00,2021-10-04,41.0,74.0,0.0,0.0,0.0,0.0,0.0,0.0,88.0,0
41.00_74.00,2021-10-11,41.0,74.0,0.0,0.0,0.0,0.0,0.0,0.0,89.0,0
41.00_74.00,2021-10-18,41.0,74.0,0.0,0.0,0.0,0.0,0.0,0.0,90.0,0
41.00_74.00,2021-10-25,41.0,74.0,0.0,0.0,0.0,0.0,0.0,0.0,91.0,0
41.00_74.00,2021-11-01,41.0,74.0,0.0,0.0,0.0,0.0,0.0,0.0,92.0,0
41.00_74.00,2021-11-08,41.0,74.0,0.0,0.0,0.0,0.0,0.0,0.0,93.0,0
41.00_74.00,2021-11-15,41.0,74.0,0.0,0.0,0.0,0.0,0.0,0.0,94.0,0
41.00_74.00,2021-11-22,41.0,74.0,0.0,0.0,0.0,0.0,0.0,0.0,95.0,0
41.00_74.00,2021-11-29,41.0,74.0,0.0,0.0,0.0,0.0,0.0,0.0,96.0,0
41.00_74.00,2021-12-06,41.0,74.0,0.0,0.0,0.0,0.0,0.0,0.0,97.0,0
41.00_74.00,2021-12-13,41.0,74.0,0.0,0.0,0.0,0.0,0.0,0.0,98.0,0
41.00_74.00,2021-12-20,41.0,74.0,0.0,0.0,0.0,0.0,0.0,0.0,99.0,0
41.00_74.00,2021-12-27,41.0,74.0,0.0,0.0,0.0,0.0,0.0,0.0,100.0,0
41.00_74.00,2022-01-03,41.0,74.0,0.0,0.0,0.0,0.0,0.0,0.0,101.0,0
41.00_74.00,2022-01-10,41.0,74.0,0.0,0.0,0.0,0.0,0.0,0.0,102.0,0
41.00_74.00,2022-01-17,41.0,74.0,0.0,0.0,0.0,0.0,0.0,0.0,103.0,0
41.00_74.00,2022-01-24,41.0,74.0,0.0,0.0,0.0,0.0,0.0,0.0,104.0,0
41.00_74.00,2022-01-31,41.0,74.0,0.0,0.0,0.0,0.0,0.0,0.0,105.0,0
41.00_74.00,2022-02-07,41.0,74.0,0.0,0.0,0.0,0.0,0.0,0.0,106.0,0
41.00_74.00,2022-02-14,41.0,74.0,0.0,0.0,0.0,0.0,0.0,0.0,107.0,0
41.00_74.00,2022-02-21,41.0,74.0,0.0,0.0,0.0,0.0,0.0,0.0,108.0,0
41.00_74.00,2022-02-28,41.0,74.0,0.0,0.0,0.0,0.0,0.0,0.0,109.0,0
41.00_74.00,2022-03-07,41.0,74.0,0.0,0.0,0.0,0.0,0.0,0.0,110.0,0
41.00_74.00,2022-03-14,41.0,74.0,0.0,0.0,0.0,0.0,0.0,0.0,111.0,0
41.00_74.00,2022-03-21,41.0,74.0,0.0,0.0,0.0,0.0,0.0,0.0,112.0,0
41.00_74.00,2022-03-28,41.0,74.0,0.0,0.0,0.0,0.0,0.0,0.0,113.0,0
41.00_74.00,2022-04-04,41.0,74.0,0.0,0.0,0.0,0.0,0.0,0.0,114.0,0
41.00_74.00,2022-04-11,41.0,74.0,0.0,0.0,0.0,0.0,0.0,0.0,115.0,0
41.00_74.00,2022-04-18,41.0,74.0,0.0,0.0,0.0,0.0,0.0,0.0,116.0,0
41.00_74.00,2022-04-25,41.0,74.0,0.0,0.0,0.0,0.0,0.0,0.0,117.0,0
41.00_74.00,2022-05-02,41.0,74.0,0.0,0.0,0.0,0.0,0.0,0.0,118.0,0
41.00_74.00,2022-05-09,41.0,74.0,0.0,0.0,0.0,0.0,0.0,0.0,119.0,0
41.00_74.00,2022-05-16,41.0,74.0,0.0,0.0,0.0,0.0,0.0,0.0,120.0,0
41.00_74.00,2022-05-23,41.0,74.0,0.0,0.0,0.0,0.0,0.0,0.0,121.0,0
41.00_74.00,2022-05-30,41.0,74.0,0.0,0.0,0.0,0.0,0.0,0.0,122.0,0
41.00_74.00,2022-06-06,41.0,74.0,0.0,0.0,0.0,0.0,0.0,0.0,123.0,0
41.00_74.00,2022-06-13,41.0,74.0,0.0,0.0,0.0,0.0,0.0,0.0,124.0,0
41.00_74.00,2022-06-20,41.0,74.0,0.0,0.0,0.0,0.0,0.0,0.0,125.0,0
41.00_74.00,2022-06-27,41.0,74.0,0.0,0.0,0.0,0.0,0.0,0.0,126.0,0
41.00_74.00,2022-07-04,41.0,74.0,0.0,0.0,0.0,0.0,0.0,0.0,127.0,0
41.00_74.00,2022-07-11,41.0,74.0,0.0,0.0,0.0,0.0,0.0,0.0,128.0,0
41.00_74.00,2022-07-18,41.0,74.0,0.0,0.0,0.0,0.0,0.0,0.0,129.0,0
41.00_74.00,2022-07-25,41.0,74.0,0.0,0.0,0.0,0.0,0.0,0.0,130.0,0
41.00_74.00,2022-08-01,41.0,74.0,0.0,0.0,0.0,0.0,0.0,0.0,131.0,0
41.00_74.00,2022-08-08,41.0,74.0,0.0,0.0,0.0,0.0,0.0,0.0,132.0,0
41.00_74.00,2022-08-15,41.0,74.0,0.0,0.0,0.0,0.0,0.0,0.0,133.0,0
41.00_74.00,2022-08-22,41.0,74.0,0.0,0.0,0.0,0.0,0.0,0.0,134.0,0
41.00_74.00,2022-08-29,41.0,74.0,0.0,0.0,0.0,0.0,0.0,0.0,135.0,0
41.00_74.00,2022-09-05,41.0,74.0,0.0,0.0,0.0,0.0,0.0,0.0,136.0,0
41.00_74.00,2022-09-12,41.0,74.0,0.0,0.0,0.0,0.0,0.0,0.0,137.0,0
41.00_74.00,2022-09-19,41.0,74.0,0.0,0.0,0.0,0.0,0.0,0.0,138.0,0
41.00_74.00,2022-09-26,41.0,74.0,0.0,0.0,0.0,0.0,0.0,0.0,139.0,0
41.00_74.00,2022-10-03,41.0,74.0,0.0,0.0,0.0,0.0,0.0,0.0,140.0,0
41.00_74.00,2022-10-10,41.0,74.0,0.0,0.0,0.0,0.0,0.0,0.0,141.0,0
41.00_74.00,2022-10-17,41.0,74.0,0.0,0.0,0.0,0.0,0.0,0.0,142.0,0
41.00_74.00,2022-10-24,41.0,74.0,0.0,0.0,0.0,0.0,0.0,0.0,143.0,0
41.00_74.00,2022-10-31,41.0,74.0,0.0,0.0,0.0,0.0,0.0,0.0,144.0,0
41.00_74.00,2022-11-07,41.0,74.0,0.0,0.0,0.0,0.0,0.0,0.0,145.0,0
41.00_74.00,2022-11-14,41.0,74.0,0.0,0.0,0.0,0.0,0.0,0.0,146.0,0
41.00_74.00,2022-11-21,41.0,74.0,0.0,0.0,0.0,0.0,0.0,0.0,147.0,0
41.00_74.00,2022-11-28,41.0,74.0,0.0,0.0,0.0,0.0,0.0,0.0,148.0,0
41.00_74.00,2022-12-05,41.0,74.0,0.0,0.0,0.0,0.0,0.0,0.0,149.0,0
41.00_74.00,2022-12-12,41.0,74.0,0.0,0.0,0.0,0.0,0.0,0.0,150.0,0
41.00_74.00,2022-12-19,41.0,74.0,0.0,0.0,0.0,0.0,0.0,0.0,151.0,0
41.00_74.00,2022-12-26,41.0,74.0,0.0,0.0,0.0,0.0,0.0,0.0,152.0,0
41.00_74.00,2023-01-02,41.0,74.0,0.0,0.0,0.0,0.0,0.0,0.0,153.0,0
41.00_74.00,2023-01-09,41.0,74.0,0.0,0.0,0.0,0.0,0.0,0.0,154.0,0
41.00_74.00,2023-01-16,41.0,74.0,0.0,0.0,0.0,0.0,0.0,0.0,155.0,0
41.00_74.00,2023-01-23,41.0,74.0,0.0,0.0,0.0,0.0,0.0,0.0,156.0,0
41.00_74.00,2023-01-30,41.0,74.0,0.0,0.0,0.0,0.0,0.0,0.0,157.0,0
41.00_74.00,2023-02-06,41.0,74.0,0.0,0.0,0.0,0.0,0.0,0.0,158.0,0
41.00_74.00,2023-02-13,41.0,74.0,0.0,0.0,0.0,0.0,0.0,0.0,159.0,0
41.00_74.00,2023-02-20,41.0,74.0,0.0,0.0,0.0,0.0,0.0,0.0,160.0,0
41.00_74.00,2023-02-27,41.0,74.0,0.0,0.0,0.0,0.0,0.0,0.0,161.0,0
41.00_74.00,2023-03-06,41.0,74.0,0.0,0.0,0.0,0.0,0.0,0.0,162.0,0
41.00_74.00,2023-03-13,41.0,74.0,0.0,0.0,0.0,0.0,0.0,0.0,163.0,0
41.00_74.00,2023-03-20,41.0,74.0,0.0,0.0,0.0,0.0,0.0,0.0,164.0,0
41.00_74.00,2023-03-27,41.0,74.0,0.0,0.0,0.0,0.0,0.0,0.0,165.0,0
41.00_74.00,2023-04-03,41.0,74.0,0.0,0.0,0.0,0.0,0.0,0.0,166.0,0
41.00_74.00,2023-04-10,41.0,74.0,0.0,0.0,0.0,0.0,0.0,0.0,167.0,0
41.00_74.00,2023-04-17,41.0,74.0,0.0,0.0,0.0,0.0,0.0,0.0,168.0,0
41.00_74.00,2023-04-24,41.0,74.0,0.0,0.0,0.0,0.0,0.0,0.0,169.0,0
41.00_74.00,2023-05-01,41.0,74.0,0.0,0.0,0.0,0.0,0.0,0.0,170.0,0
41.00_74.00,2023-05-08,41.0,74.0,0.0,0.0,0.0,0.0,0.0,0.0,171.0,0
41.00_74.00,2023-05-15,41.0,74.0,0.0,0.0,0.0,0.0,0.0,0.0,172.0,0
41.00_74.00,2023-05-22,41.0,74.0,0.0,0.0,0.0,0.0,0.0,0.0,173.0,0
41.00_74.00,2023-05-29,41.0,74.0,0.0,0.0,0.0,0.0,0.0,0.0,174.0,0
41.00_74.00,2023-06-05,41.0,74.0,0.0,0.0,0.0,0.0,0.0,0.0,175.0,0
41.00_74.00,2023-06-12,41.0,74.0,0.0,0.0,0.0,0.0,0.0,0.0,176.0,0
41.00_74.00,2023-06-19,41.0,74.0,0.0,0.0,0.0,0.0,0.0,0.0,177.0,0
41.00_74.00,2023-06-26,41.0,74.0,0.0,0.0,0.0,0.0,0.0,0.0,178.0,0
41.00_74.00,2023-07-03,41.0,74.0,0.0,0.0,0.0,0.0,0.0,0.0,179.0,0
41.00_74.00,2023-07-10,41.0,74.0,0.0,0.0,0.0,0.0,0.0,0.0,180.0,0
41.00_74.00,2023-07-17,41.0,74.0,0.0,0.0,0.0,0.0,0.0,0.0,181.0,0
41.00_74.00,2023-07-24,41.0,74.0,0.0,0.0,0.0,0.0,0.0,0.0,182.0,0
41.00_74.00,2023-07-31,41.0,74.0,0.0,0.0,0.0,0.0,0.0,0.0,183.0,0
41.00_74.00,2023-08-07,41.0,74.0,0.0,0.0,0.0,0.0,0.0,0.0,184.0,0
41.00_74.00,2023-08-14,41.0,74.0,0.0,0.0,0.0,0.0,0.0,0.0,185.0,0
41.00_74.00,2023-08-21,41.0,74.0,0.0,0.0,0.0,0.0,0.0,0.0,186.0,0
41.00_74.00,2023-08-28,41.0,74.0,0.0,0.0,0.0,0.0,0.0,0.0,187.0,0
41.00_74.00,2023-09-04,41.0,74.0,0.0,0.0,0.0,0.0,0.0,0.0,188.0,0
41.00_74.00,2023-09-11,41.0,74.0,0.0,0.0,0.0,0.0,0.0,0.0,189.0,0
41.00_74.00,2023-09-18,41.0,74.0,0.0,0.0,0.0,0.0,0.0,0.0,190.0,0
41.00_74.00,2023-09-25,41.0,74.0,0.0,0.0,0.0,0.0,0.0,0.0,191.0,0
41.00_74.00,2023-10-02,41.0,74.0,0.0,0.0,0.0,0.0,0.0,0.0,192.0,0
41.00_74.00,2023-10-09,41.0,74.0,0.0,0.0,0.0,0.0,0.0,0.0,193.0,0
41.00_74.00,2023-10-16,41.0,74.0,0.0,0.0,0.0,0.0,0.0,0.0,194.0,0
41.00_74.00,2023-10-23,41.0,74.0,0.0,0.0,0.0,0.0,0.0,0.0,195.0,0
41.00_74.00,2023-10-30,41.0,74.0,0.0,0.0,0.0,0.0,0.0,0.0,196.0,0
41.00_74.00,2023-11-06,41.0,74.0,0.0,0.0,0.0,0.0,0.0,0.0,197.0,0
41.00_74.00,2023-11-13,41.0,74.0,0.0,0.0,0.0,0.0,0.0,0.0,198.0,0
41.00_74.00,2023-11-20,41.0,74.0,0.0,0.0,0.0,0.0,0.0,0.0,199.0,0
41.00_74.00,2023-11-27,41.0,74.0,0.0,0.0,0.0,0.0,0.0,0.0,200.0,0
41.00_74.00,2023-12-04,41.0,74.0,0.0,0.0,0.0,0.0,0.0,0.0,201.0,0
41.00_74.00,2023-12-11,41.0,74.0,0.0,0.0,0.0,0.0,0.0,0.0,202.0,0
41.00_74.00,2023-12-18,41.0,74.0,0.0,0.0,0.0,0.0,0.0,0.0,203.0,0
41.00_74.00,2023-12-25,41.0,74.0,0.0,0.0,0.0,0.0,0.0,0.0,204.0,0
41.00_77.00,2010-03-22,41.0,77.0,0.0,0.0,0.0,0.0,0.0,0.0,500.0,0
41.00_77.00,2010-03-29,41.0,77.0,0.0,0.0,0.0,0.0,0.0,0.0,500.0,1
41.00_77.00,2010-04-05,41.0,77.0,1.0,4.7,4.7,4.7,1.0,11220184.543019652,0.0,2
41.00_77.00,2010-04-12,41.0,77.0,2.0,4.6,4.2,4.7,3.0,21158729.20523134,0.0,0
41.00_77.00,2010-04-19,41.0,77.0,0.0,0.0,0.0,4.7,3.0,21158729.20523134,1.0,1
41.00_77.00,2010-04-26,41.0,77.0,1.0,4.4,4.4,4.7,4.0,25139800.91076632,2.0,0
41.00_77.00,2010-05-03,41.0,77.0,0.0,0.0,0.0,4.6,4.0,25139800.91076632,3.0,0
41.00_77.00,2010-05-10,41.0,77.0,0.0,0.0,0.0,4.4,4.0,25139800.91076632,4.0,0
41.00_77.00,2010-05-17,41.0,77.0,0.0,0.0,0.0,4.4,4.0,25139800.91076632,5.0,0
41.00_77.00,2010-05-24,41.0,77.0,0.0,0.0,0.0,0.0,4.0,25139800.91076632,6.0,0
41.00_77.00,2010-05-31,41.0,77.0,0.0,0.0,0.0,0.0,4.0,13919616.367746666,7.0,0
41.00_77.00,2010-06-07,41.0,77.0,0.0,0.0,0.0,0.0,4.0,3981071.7055349774,8.0,0
41.00_77.00,2010-06-14,41.0,77.0,0.0,0.0,0.0,0.0,4.0,3981071.7055349774,9.0,0
41.00_77.00,2010-06-21,41.0,77.0,0.0,0.0,0.0,0.0,4.0,0.0,10.0,0
41.00_77.00,2010-06-28,41.0,77.0,0.0,0.0,0.0,0.0,3.0,0.0,11.0,0
41.00_77.00,2010-07-05,41.0,77.0,0.0,0.0,0.0,0.0,1.0,0.0,12.0,0
41.00_77.00,2010-07-12,41.0,77.0,0.0,0.0,0.0,0.0,1.0,0.0,13.0,0
41.00_77.00,2010-07-19,41.0,77.0,0.0,0.0,0.0,0.0,0.0,0.0,14.0,0
41.00_77.00,2010-07-26,41.0,77.0,0.0,0.0,0.0,0.0,0.0,0.0,15.0,0
41.00_77.00,2010-08-02,41.0,77.0,0.0,0.0,0.0,0.0,0.0,0.0,16.0,0
41.00_77.00,2010-08-09,41.0,77.0,0.0,0.0,0.0,0.0,0.0,0.0,17.0,0
41.00_77.00,2010-08-16,41.0,77.0,0.0,0.0,0.0,0.0,0.0,0.0,18.0,0
41.00_77.00,2010-08-23,41.0,77.0,0.0,0.0,0.0,0.0,0.0,0.0,19.0,0
41.00_77.00,2010-08-30,41.0,77.0,0.0,0.0,0.0,0.0,0.0,0.0,20.0,0
41.00_77.00,2010-09-06,41.0,77.0,0.0,0.0,0.0,0.0,0.0,0.0,21.0,0
41.00_77.00,2010-09-13,41.0,77.0,0.0,0.0,0.0,0.0,0.0,0.0,22.0,0
41.00_77.00,2010-09-20,41.0,77.0,0.0,0.0,0.0,0.0,0.0,0.0,23.0,0
41.00_77.00,2010-09-27,41.0,77.0,0.0,0.0,0.0,0.0,0.0,0.0,24.0,0
41.00_77.00,2010-10-04,41.0,77.0,0.0,0.0,0.0,0.0,0.0,0.0,25.0,0
41.00_77.00,2010-10-11,41.0,77.0,0.0,0.0,0.0,0.0,0.0,0.0,26.0,0
41.00_77.00,2010-10-18,41.0,77.0,0.0,0.0,0.0,0.0,0.0,0.0,27.0,0
41.00_77.00,2010-10-25,41.0,77.0,0.0,0.0,0.0,0.0,0.0,0.0,28.0,2
41.00_77.00,2010-11-01,41.0,77.0,2.0,4.2,4.0,4.2,2.0,2995262.314968883,29.0,0
41.00_77.00,2010-11-08,41.0,77.0,0.0,0.0,0.0,4.2,2.0,2995262.314968883,30.0,0
41.00_77.00,2010-11-15,41.0,77.0,0.0,0.0,0.0,4.2,2.0,2995262.314968883,31.0,0
41.00_77.00,2010-11-22,41.0,77.0,0.0,0.0,0.0,4.2,2.0,2995262.314968883,32.0,0
41.00_77.00,2010-11-29,41.0,77.0,0.0,0.0,0.0,0.0,2.0,2995262.314968883,33.0,0
41.00_77.00,2010-12-06,41.0,77.0,0.0,0.0,0.0,0.0,2.0,2995262.314968883,34.0,0
41.00_77.00,2010-12-13,41.0,77.0,0.0,0.0,0.0,0.0,2.0,2995262.314968883,35.0,0
41.00_77.00,2010-12-20,41.0,77.0,0.0,0.0,0.0,0.0,2.0,2995262.314968883,36.0,0
41.00_77.00,2010-12-27,41.0,77.0,0.0,0.0,0.0,0.0,2.0,0.0,37.0,0
41.00_77.00,2011-01-03,41.0,77.0,0.0,0.0,0.0,0.0,2.0,0.0,38.0,0
41.00_77.00,2011-01-10,41.0,77.0,0.0,0.0,0.0,0.0,2.0,0.0,39.0,0
41.00_77.00,2011-01-17,41.0,77.0,0.0,0.0,0.0,0.0,2.0,0.0,40.0,0
41.00_77.00,2011-01-24,41.0,77.0,0.0,0.0,0.0,0.0,0.0,0.0,41.0,0
41.00_77.00,2011-01-31,41.0,77.0,0.0,0.0,0.0,0.0,0.0,0.0,42.0,0
41.00_77.00,2011-02-07,41.0,77.0,0.0,0.0,0.0,0.0,0.0,0.0,43.0,0
41.00_77.00,2011-02-14,41.0,77.0,0.0,0.0,0.0,0.0,0.0,0.0,44.0,0
41.00_77.00,2011-02-21,41.0,77.0,0.0,0.0,0.0,0.0,0.0,0.0,45.0,0
41.00_77.00,2011-02-28,41.0,77.0,0.0,0.0,0.0,0.0,0.0,0.0,46.0,0
41.00_77.00,2011-03-07,41.0,77.0,0.0,0.0,0.0,0.0,0.0,0.0,47.0,0
41.00_77.00,2011-03-14,41.0,77.0,0.0,0.0,0.0,0.0,0.0,0.0,48.0,0
41.00_77.00,2011-03-21,41.0,77.0,0.0,0.0,0.0,0.0,0.0,0.0,49.0,0
41.00_77.00,2011-03-28,41.0,77.0,0.0,0.0,0.0,0.0,0.0,0.0,50.0,0
41.00_77.00,2011-04-04,41.0,77.0,0.0,0.0,0.0,0.0,0.0,0.0,51.0,0
41.00_77.00,2011-04-11,41.0,77.0,0.0,0.0,0.0,0.0,0.0,0.0,52.0,0
41.00_77.00,2011-04-18,41.0,77.0,0.0,0.0,0.0,0.0,0.0,0.0,53.0,0
41.00_77.00,2011-04-25,41.0,77.0,0.0,0.0,0.0,0.0,0.0,0.0,54.0,4
41.00_77.00,2011-05-02,41.0,77.0,4.0,5.1,4.0,5.1,4.0,83904502.52539079,0.0,0
41.00_77.00,2011-05-09,41.0,77.0,0.0,0.0,0.0,5.1,4.0,83904502.52539079,1.0,0
41.00_77.00,2011-05-16,41.0,77.0,0.0,0.0,0.0,5.1,4.0,83904502.52539079,2.0,0
41.00_77.00,2011-05-23,41.0,77.0,0.0,0.0,0.0,5.1,4.0,83904502.52539079,3.0,0
41.00_77.00,2011-05-30,41.0,77.0,0.0,0.0,0.0,0.0,4.0,83904502.52539079,4.0,1
41.00_77.00,2011-06-06,41.0,77.0,1.0,4.1,4.1,4.1,5.0,85317040.07001354,5.0,0
41.00_77.00,2011-06-13,41.0,77.0,0.0,0.0,0.0,4.1,5.0,85317040.07001354,6.0,0
41.00_77.00,2011-06-20,41.0,77.0,0.0,0.0,0.0,4.1,5.0,85317040.07001354,7.0,0
41.00_77.00,2011-06-27,41.0,77.0,0.0,0.0,0.0,4.1,5.0,1412537.5446227526,8.0,0
41.00_77.00,2011-07-04,41.0,77.0,0.0,0.0,0.0,0.0,5.0,1412537.5446227526,9.0,0
41.00_77.00,2011-07-11,41.0,77.0,0.0,0.0,0.0,0.0,5.0,1412537.5446227526,10.0,0
41.00_77.00,2011-07-18,41.0,77.0,0.0,0.0,0.0,0.0,5.0,1412537.5446227526,11.0,0
41.00_77.00,2011-07-25,41.0,77.0,0.0,0.0,0.0,0.0,1.0,1412537.5446227526,12.0,0
41.00_77.00,2011-08-01,41.0,77.0,0.0,0.0,0.0,0.0,1.0,0.0,13.0,0
41.00_77.00,2011-08-08,41.0,77.0,0.0,0.0,0.0,0.0,1.0,0.0,14.0,0
41.00_77.00,2011-08-15,41.0,77.0,0.0,0.0,0.0,0.0,1.0,0.0,15.0,0
41.00_77.00,2011-08-22,41.0,77.0,0.0,0.0,0.0,0.0,1.0,0.0,16.0,0
41.00_77.00,2011-08-29,41.0,77.0,0.0,0.0,0.0,0.0,0.0,0.0,17.0,0
41.00_77.00,2011-09-05,41.0,77.0,0.0,0.0,0.0,0.0,0.0,0.0,18.0,0
41.00_77.00,2011-09-12,41.0,77.0,0.0,0.0,0.0,0.0,0.0,0.0,19.0,0
41.00_77.00,2011-09-19,41.0,77.0,0.0,0.0,0.0,0.0,0.0,0.0,20.0,0
41.00_77.00,2011-09-26,41.0,77.0,0.0,0.0,0.0,0.0,0.0,0.0,21.0,0
41.00_77.00,2011-10-03,41.0,77.0,0.0,0.0,0.0,0.0,0.0,0.0,22.0,0
41.00_77.00,2011-10-10,41.0,77.0,0.0,0.0,0.0,0.0,0.0,0.0,23.0,0
41.00_77.00,2011-10-17,41.0,77.0,0.0,0.0,0.0,0.0,0.0,0.0,24.0,0
41.00_77.00,2011-10-24,41.0,77.0,0.0,0.0,0.0,0.0,0.0,0.0,25.0,2
41.00_77.00,2011-10-31,41.0,77.0,2.0,4.1,4.1,4.1,2.0,2825075.089245505,26.0,0
41.00_77.00,2011-11-07,41.0,77.0,0.0,0.0,0.0,4.1,2.0,2825075.089245505,27.0,0
41.00_77.00,2011-11-14,41.0,77.0,0.0,0.0,0.0,4.1,2.0,2825075.089245505,28.0,0
41.00_77.00,2011-11-21,41.0,77.0,0.0,0.0,0.0,4.1,2.0,2825075.089245505,29.0,0
41.00_77.00,2011-11-28,41.0,77.0,0.0,0.0,0.0,0.0,2.0,2825075.089245505,30.0,0
41.00_77.00,2011-12-05,41.0,77.0,0.0,0.0,0.0,0.0,2.0,2825075.089245505,31.0,0
41.00_77.00,2011-12-12,41.0,77.0,0.0,0.0,0.0,0.0,2.0,2825075.089245505,32.0,0
41.00_77.00,2011-12-19,41.0,77.0,0.0,0.0,0.0,0.0,2.0,2825075.089245505,33.0,0
41.00_77.00,2011-12-26,41.0,77.0,0.0,0.0,0.0,0.0,2.0,0.0,34.0,0
41.00_77.00,2012-01-02,41.0,77.0,0.0,0.0,0.0,0.0,2.0,0.0,35.0,0
41.00_77.00,2012-01-09,41.0,77.0,0.0,0.0,0.0,0.0,2.0,0.0,36.0,0
41.00_77.00,2012-01-16,41.0,77.0,0.0,0.0,0.0,0.0,2.0,0.0,37.0,0
41.00_77.00,2012-01-23,41.0,77.0,0.0,0.0,0.0,0.0,0.0,0.0,38.0,0
41.00_77.00,2012-01-30,41.0,77.0,0.0,0.0,0.0,0.0,0.0,0.0,39.0,0
41.00_77.00,2012-02-06,41.0,77.0,0.0,0.0,0.0,0.0,0.0,0.0,40.0,0
41.00_77.00,2012-02-13,41.0,77.0,0.0,0.0,0.0,0.0,0.0,0.0,41.0,0
41.00_77.00,2012-02-20,41.0,77.0,0.0,0.0,0.0,0.0,0.0,0.0,42.0,0
41.00_77.00,2012-02-27,41.0,77.0,0.0,0.0,0.0,0.0,0.0,0.0,43.0,0
41.00_77.00,2012-03-05,41.0,77.0,0.0,0.0,0.0,0.0,0.0,0.0,44.0,0
41.00_77.00,2012-03-12,41.0,77.0,0.0,0.0,0.0,0.0,0.0,0.0,45.0,0
41.00_77.00,2012-03-19,41.0,77.0,0.0,0.0,0.0,0.0,0.0,0.0,46.0,0
41.00_77.00,2012-03-26,41.0,77.0,0.0,0.0,0.0,0.0,0.0,0.0,47.0,0
41.00_77.00,2012-04-02,41.0,77.0,0.0,0.0,0.0,0.0,0.0,0.0,48.0,1
41.00_77.00,2012-04-09,41.0,77.0,1.0,4.3,4.3,4.3,1.0,2818382.9312644494,49.0,0
41.00_77.00,2012-04-16,41.0,77.0,0.0,0.0,0.0,4.3,1.0,2818382.9312644494,50.0,0
41.00_77.00,2012-04-23,41.0,77.0,0.0,0.0,0.0,4.3,1.0,2818382.9312644494,51.0,0
41.00_77.00,2012-04-30,41.0,77.0,0.0,0.0,0.0,4.3,1.0,2818382.9312644494,52.0,0
41.00_77.00,2012-05-07,41.0,77.0,0.0,0.0,0.0,0.0,1.0,2818382.9312644494,53.0,0
41.00_77.00,2012-05-14,41.0,77.0,0.0,0.0,0.0,0.0,1.0,2818382.9312644494,54.0,0
41.00_77.00,2012-05-21,41.0,77.0,0.0,0.0,0.0,0.0,1.0,2818382.9312644494,55.0,0
41.00_77.00,2012-05-28,41.0,77.0,0.0,0.0,0.0,0.0,1.0,2818382.9312644494,56.0,1
41.00_77.00,2012-06-04,41.0,77.0,1.0,5.4,5.4,5.4,2.0,125892541.17941713,0.0,0
41.00_77.00,2012-06-11,41.0,77.0,0.0,0.0,0.0,5.4,2.0,125892541.17941713,1.0,0
41.00_77.00,2012-06-18,41.0,77.0,0.0,0.0,0.0,5.4,2.0,125892541.17941713,2.0,0
41.00_77.00,2012-06-25,41.0,77.0,0.0,0.0,0.0,5.4,2.0,125892541.17941713,3.0,0
41.00_77.00,2012-07-02,41.0,77.0,0.0,0.0,0.0,0.0,1.0,125892541.17941713,4.0,0
41.00_77.00,2012-07-09,41.0,77.0,0.0,0.0,0.0,0.0,1.0,125892541.17941713,5.0,0
41.00_77.00,2012-07-16,41.0,77.0,0.0,0.0,0.0,0.0,1.0,125892541.17941713,6.0,0
41.00_77.00,2012-07-23,41.0,77.0,0.0,0.0,0.0,0.0,1.0,125892541.17941713,7.0,0
41.00_77.00,2012-07-30,41.0,77.0,0.0,0.0,0.0,0.0,1.0,0.0,8.0,0
41.00_77.00,2012-08-06,41.0,77.0,0.0,0.0,0.0,0.0,1.0,0.0,9.0,0
41.00_77.00,2012-08-13,41.0,77.0,0.0,0.0,0.0,0.0,1.0,0.0,10.0,0
41.00_77.00,2012-08-20,41.0,77.0,0.0,0.0,0.0,0.0,1.0,0.0,11.0,0
41.00_77.00,2012-08-27,41.0,77.0,0.0,0.0,0.0,0.0,0.0,0.0,12.0,0
41.00_77.00,2012-09-03,41.0,77.0,0.0,0.0,0.0,0.0,0.0,0.0,13.0,0
41.00_77.00,2012-09-10,41.0,77.0,0.0,0.0,0.0,0.0,0.0,0.0,14.0,0
41.00_77.00,2012-09-17,41.0,77.0,0.0,0.0,0.0,0.0,0.0,0.0,15.0,0
41.00_77.00,2012-09-24,41.0,77.0,0.0,0.0,0.0,0.0,0.0,0.0,16.0,0
41.00_77.00,2012-10-01,41.0,77.0,0.0,0.0,0.0,0.0,0.0,0.0,17.0,0
41.00_77.00,2012-10-08,41.0,77.0,0.0,0.0,0.0,0.0,0.0,0.0,18.0,0
41.00_77.00,2012-10-15,41.0,77.0,0.0,0.0,0.0,0.0,0.0,0.0,19.0,0
41.00_77.00,2012-10-22,41.0,77.0,0.0,0.0,0.0,0.0,0.0,0.0,20.0,0
41.00_77.00,2012-10-29,41.0,77.0,0.0,0.0,0.0,0.0,0.0,0.0,21.0,0
41.00_77.00,2012-11-05,41.0,77.0,0.0,0.0,0.0,0.0,0.0,0.0,22.0,0
41.00_77.00,2012-11-12,41.0,77.0,0.0,0.0,0.0,0.0,0.0,0.0,23.0,0
41.00_77.00,2012-11-19,41.0,77.0,0.0,0.0,0.0,0.0,0.0,0.0,24.0,0
41.00_77.00,2012-11-26,41.0,77.0,0.0,0.0,0.0,0.0,0.0,0.0,25.0,1
41.00_77.00,2012-12-03,41.0,77.0,1.0,4.7,4.7,4.7,1.0,11220184.543019652,0.0,1
41.00_77.00,2012-12-10,41.0,77.0,1.0,4.2,4.2,4.7,2.0,13215446.857988534,1.0,0
41.00_77.00,2012-12-17,41.0,77.0,0.0,0.0,0.0,4.7,2.0,13215446.857988534,2.0,0
41.00_77.00,2012-12-24,41.0,77.0,0.0,0.0,0.0,4.7,2.0,13215446.857988534,3.0,0
41.00_77.00,2012-12-31,41.0,77.0,0.0,0.0,0.0,4.2,2.0,13215446.857988534,4.0,0
41.00_77.00,2013-01-07,41.0,77.0,0.0,0.0,0.0,0.0,2.0,13215446.857988534,5.0,0
41.00_77.00,2013-01-14,41.0,77.0,0.0,0.0,0.0,0.0,2.0,13215446.857988534,6.0,0
41.00_77.00,2013-01-21,41.0,77.0,0.0,0.0,0.0,0.0,2.0,13215446.857988534,7.0,0
41.00_77.00,2013-01-28,41.0,77.0,0.0,0.0,0.0,0.0,2.0,1995262.3149688828,8.0,7
41.00_77.00,2013-02-04,41.0,77.0,7.0,6.1,4.3,6.1,9.0,1439703149.4954946,0.0,0
41.00_77.00,2013-02-11,41.0,77.0,0.0,0.0,0.0,6.1,9.0,1439703149.4954946,1.0,0
41.00_77.00,2013-02-18,41.0,77.0,0.0,0.0,0.0,6.1,9.0,1439703149.4954946,2.0,1
41.00_77.00,2013-02-25,41.0,77.0,1.0,4.0,4.0,6.1,9.0,1440703149.4954946,3.0,0
41.00_77.00,2013-03-04,41.0,77.0,0.0,0.0,0.0,4.0,8.0,1440703149.4954946,4.0,0
41.00_77.00,2013-03-11,41.0,77.0,0.0,0.0,0.0,4.0,8.0,1440703149.4954946,5.0,1
41.00_77.00,2013-03-18,41.0,77.0,1.0,4.1,4.1,4.1,9.0,1442115687.0401173,6.0,0
41.00_77.00,2013-03-25,41.0,77.0,0.0,0.0,0.0,4.1,9.0,1442115687.0401173,7.0,0
41.00_77.00,2013-04-01,41.0,77.0,0.0,0.0,0.0,4.1,9.0,2412537.544622753,8.0,0
41.00_77.00,2013-04-08,41.0,77.0,0.0,0.0,0.0,4.1,9.0,2412537.544622753,9.0,0
41.00_77.00,2013-04-15,41.0,77.0,0.0,0.0,0.0,0.0,9.0,2412537.544622753,10.0,0
41.00_77.00,2013-04-22,41.0,77.0,0.0,0.0,0.0,0.0,9.0,1412537.5446227526,11.0,0
41.00_77.00,2013-04-29,41.0,77.0,0.0,0.0,0.0,0.0,2.0,1412537.5446227526,12.0,0
41.00_77.00,2013-05-06,41.0,77.0,0.0,0.0,0.0,0.0,2.0,1412537.5446227526,13.0,0
41.00_77.00,2013-05-13,41.0,77.0,0.0,0.0,0.0,0.0,2.0,0.0,14.0,0
41.00_77.00,2013-05-20,41.0,77.0,0.0,0.0,0.0,0.0,1.0,0.0,15.0,0
41.00_77.00,2013-05-27,41.0,77.0,0.0,0.0,0.0,0.0,1.0,0.0,16.0,0
41.00_77.00,2013-06-03,41.0,77.0,0.0,0.0,0.0,0.0,1.0,0.0,17.0,0
41.00_77.00,2013-06-10,41.0,77.0,0.0,0.0,0.0,0.0,0.0,0.0,18.0,0
41.00_77.00,2013-06-17,41.0,77.0,0.0,0.0,0.0,0.0,0.0,0.0,19.0,0
41.00_77.00,2013-06-24,41.0,77.0,0.0,0.0,0.0,0.0,0.0,0.0,20.0,0
41.00_77.00,2013-07-01,41.0,77.0,0.0,0.0,0.0,0.0,0.0,0.0,21.0,0
41.00_77.00,2013-07-08,41.0,77.0,0.0,0.0,0.0,0.0,0.0,0.0,22.0,0
41.00_77.00,2013-07-15,41.0,77.0,0.0,0.0,0.0,0.0,0.0,0.0,23.0,0
41.00_77.00,2013-07-22,41.0,77.0,0.0,0.0,0.0,0.0,0.0,0.0,24.0,0
41.00_77.00,2013-07-29,41.0,77.0,0.0,0.0,0.0,0.0,0.0,0.0,25.0,0
41.00_77.00,2013-08-05,41.0,77.0,0.0,0.0,0.0,0.0,0.0,0.0,26.0,0
41.00_77.00,2013-08-12,41.0,77.0,0.0,0.0,0.0,0.0,0.0,0.0,27.0,0
41.00_77.00,2013-08-19,41.0,77.0,0.0,0.0,0.0,0.0,0.0,0.0,28.0,0
41.00_77.00,2013-08-26,41.0,77.0,0.0,0.0,0.0,0.0,0.0,0.0,29.0,1
41.00_77.00,2013-09-02,41.0,77.0,1.0,4.4,4.4,4.4,1.0,3981071.7055349774,30.0,1
41.00_77.00,2013-09-09,41.0,77.0,1.0,4.5,4.5,4.5,2.0,9604484.957438469,0.0,0
41.00_77.00,2013-09-16,41.0,77.0,0.0,0.0,0.0,4.5,2.0,9604484.957438469,1.0,0
41.00_77.00,2013-09-23,41.0,77.0,0.0,0.0,0.0,4.5,2.0,9604484.957438469,2.0,0
41.00_77.00,2013-09-30,41.0,77.0,0.0,0.0,0.0,4.5,2.0,9604484.957438469,3.0,0
41.00_77.00,2013-10-07,41.0,77.0,0.0,0.0,0.0,0.0,2.0,9604484.957438469,4.0,0
41.00_77.00,2013-10-14,41.0,77.0,0.0,0.0,0.0,0.0,2.0,9604484.957438469,5.0,0
41.00_77.00,2013-10-21,41.0,77.0,0.0,0.0,0.0,0.0,2.0,9604484.957438469,6.0,0
41.00_77.00,2013-10-28,41.0,77.0,0.0,0.0,0.0,0.0,2.0,5623413.251903491,7.0,0
41.00_77.00,2013-11-04,41.0,77.0,0.0,0.0,0.0,0.0,2.0,0.0,8.0,0
41.00_77.00,2013-11-11,41.0,77.0,0.0,0.0,0.0,0.0,2.0,0.0,9.0,1
41.00_77.00,2013-11-18,41.0,77.0,1.0,4.2,4.2,4.2,3.0,1995262.3149688828,10.0,0
41.00_77.00,2013-11-25,41.0,77.0,0.0,0.0,0.0,4.2,2.0,1995262.3149688828,11.0,0
41.00_77.00,2013-12-02,41.0,77.0,0.0,0.0,0.0,4.2,1.0,1995262.3149688828,12.0,0
41.00_77.00,2013-12-09,41.0,77.0,0.0,0.0,0.0,4.2,1.0,1995262.3149688828,13.0,0
41.00_77.00,2013-12-16,41.0,77.0,0.0,0.0,0.0,0.0,1.0,1995262.3149688828,14.0,0
41.00_77.00,2013-12-23,41.0,77.0,0.0,0.0,0.0,0.0,1.0,1995262.3149688828,15.0,0
41.00_77.00,2013-12-30,41.0,77.0,0.0,0.0,0.0,0.0,1.0,1995262.3149688828,16.0,0
41.00_77.00,2014-01-06,41.0,77.0,0.0,0.0,0.0,0.0,1.0,1995262.3149688828,17.0,0
41.00_77.00,2014-01-13,41.0,77.0,0.0,0.0,0.0,0.0,1.0,0.0,18.0,0
41.00_77.00,2014-01-20,41.0,77.0,0.0,0.0,0.0,0.0,1.0,0.0,19.0,0
41.00_77.00,2014-01-27,41.0,77.0,0.0,0.0,0.0,0.0,1.0,0.0,20.0,0
41.00_77.00,2014-02-03,41.0,77.0,0.0,0.0,0.0,0.0,1.0,0.0,21.0,0
41.00_77.00,2014-02-10,41.0,77.0,0.0,0.0,0.0,0.0,0.0,0.0,22.0,0
41.00_77.00,2014-02-17,41.0,77.0,0.0,0.0,0.0,0.0,0.0,0.0,23.0,0
41.00_77.00,2014-02-24,41.0,77.0,0.0,0.0,0.0,0.0,0.0,0.0,24.0,0
41.00_77.00,2014-03-03,41.0,77.0,0.0,0.0,0.0,0.0,0.0,0.0,25.0,0
41.00_77.00,2014-03-10,41.0,77.0,0.0,0.0,0.0,0.0,0.0,0.0,26.0,1
41.00_77.00,2014-03-17,41.0,77.0,1.0,4.3,4.3,4.3,1.0,2818382.9312644494,27.0,0
41.00_77.00,2014-03-24,41.0,77.0,0.0,0.0,0.0,4.3,1.0,2818382.9312644494,28.0,0
41.00_77.00,2014-03-31,41.0,77.0,0.0,0.0,0.0,4.3,1.0,2818382.9312644494,29.0,0
41.00_77.00,2014-04-07,41.0,77.0,0.0,0.0,0.0,4.3,1.0,2818382.9312644494,30.0,0
41.00_77.00,2014-04-14,41.0,77.0,0.0,0.0,0.0,0.0,1.0,2818382.9312644494,31.0,0
41.00_77.00,2014-04-21,41.0,77.0,0.0,0.0,0.0,0.0,1.0,2818382.9312644494,32.0,1
41.00_77.00,2014-04-28,41.0,77.0,1.0,4.3,4.3,4.3,2.0,5636765.862528899,33.0,0
41.00_77.00,2014-05-05,41.0,77.0,0.0,0.0,0.0,4.3,2.0,5636765.862528899,34.0,0
41.00_77.00,2014-05-12,41.0,77.0,0.0,0.0,0.0,4.3,2.0,2818382.9312644494,35.0,0
41.00_77.00,2014-05-19,41.0,77.0,0.0,0.0,0.0,4.3,2.0,2818382.9312644494,36.0,0
41.00_77.00,2014-05-26,41.0,77.0,0.0,0.0,0.0,0.0,2.0,2818382.9312644494,37.0,0
41.00_77.00,2014-06-02,41.0,77.0,0.0,0.0,0.0,0.0,2.0,2818382.9312644494,38.0,0
41.00_77.00,2014-06-09,41.0,77.0,0.0,0.0,0.0,0.0,1.0,2818382.9312644494,39.0,1
41.00_77.00,2014-06-16,41.0,77.0,1.0,4.0,4.0,4.0,2.0,3818382.9312644494,40.0,0
41.00_77.00,2014-06-23,41.0,77.0,0.0,0.0,0.0,4.0,2.0,1000000.0,41.0,0
41.00_77.00,2014-06-30,41.0,77.0,0.0,0.0,0.0,4.0,2.0,1000000.0,42.0,0
41.00_77.00,2014-07-07,41.0,77.0,0.0,0.0,0.0,4.0,2.0,1000000.0,43.0,0
41.00_77.00,2014-07-14,41.0,77.0,0.0,0.0,0.0,0.0,2.0,1000000.0,44.0,0
41.00_77.00,2014-07-21,41.0,77.0,0.0,0.0,0.0,0.0,1.0,1000000.0,45.0,0
41.00_77.00,2014-07-28,41.0,77.0,0.0,0.0,0.0,0.0,1.0,1000000.0,46.0,0
41.00_77.00,2014-08-04,41.0,77.0,0.0,0.0,0.0,0.0,1.0,1000000.0,47.0,0
41.00_77.00,2014-08-11,41.0,77.0,0.0,0.0,0.0,0.0,1.0,0.0,48.0,1
41.00_77.00,2014-08-18,41.0,77.0,1.0,5.0,5.0,5.0,2.0,31622776.60168379,0.0,1
41.00_77.00,2014-08-25,41.0,77.0,1.0,4.1,4.1,5.0,3.0,33035314.146306545,1.0,0
41.00_77.00,2014-09-01,41.0,77.0,0.0,0.0,0.0,5.0,3.0,33035314.146306545,2.0,1
41.00_77.00,2014-09-08,41.0,77.0,1.0,4.3,4.3,5.0,3.0,35853697.07757099,3.0,0
41.00_77.00,2014-09-15,41.0,77.0,0.0,0.0,0.0,4.3,3.0,35853697.07757099,4.0,0
41.00_77.00,2014-09-22,41.0,77.0,0.0,0.0,0.0,4.3,3.0,35853697.07757099,5.0,0
41.00_77.00,2014-09-29,41.0,77.0,0.0,0.0,0.0,4.3,3.0,35853697.07757099,6.0,0
41.00_77.00,2014-10-06,41.0,77.0,0.0,0.0,0.0,0.0,3.0,35853697.07757099,7.0,0
41.00_77.00,2014-10-13,41.0,77.0,0.0,0.0,0.0,0.0,3.0,4230920.475887202,8.0,0
41.00_77.00,2014-10-20,41.0,77.0,0.0,0.0,0.0,0.0,3.0,2818382.931264449,9.0,0
41.00_77.00,2014-10-27,41.0,77.0,0.0,0.0,0.0,0.0,3.0,2818382.931264449,10.0,0
41.00_77.00,2014-11-03,41.0,77.0,0.0,0.0,0.0,0.0,3.0,0.0,11.0,0
41.00_77.00,2014-11-10,41.0,77.0,0.0,0.0,0.0,0.0,2.0,0.0,12.0,2
41.00_77.00,2014-11-17,41.0,77.0,2.0,5.2,4.3,5.2,3.0,65914117.37928388,0.0,0
41.00_77.00,2014-11-24,41.0,77.0,0.0,0.0,0.0,5.2,3.0,65914117.37928388,1.0,0
41.00_77.00,2014-12-01,41.0,77.0,0.0,0.0,0.0,5.2,2.0,65914117.37928388,2.0,1
41.00_77.00,2014-12-08,41.0,77.0,1.0,4.5,4.5,5.2,3.0,71537530.63118738,0.0,0
41.00_77.00,2014-12-15,41.0,77.0,0.0,0.0,0.0,4.5,3.0,71537530.63118738,1.0,0
41.00_77.00,2014-12-22,41.0,77.0,0.0,0.0,0.0,4.5,3.0,71537530.63118738,2.0,0
41.00_77.00,2014-12-29,41.0,77.0,0.0,0.0,0.0,4.5,3.0,71537530.63118738,3.0,0
41.00_77.00,2015-01-05,41.0,77.0,0.0,0.0,0.0,0.0,3.0,71537530.63118738,4.0,0
41.00_77.00,2015-01-12,41.0,77.0,0.0,0.0,0.0,0.0,3.0,5623413.251903491,5.0,0
41.00_77.00,2015-01-19,41.0,77.0,0.0,0.0,0.0,0.0,3.0,5623413.251903491,6.0,0
41.00_77.00,2015-01-26,41.0,77.0,0.0,0.0,0.0,0.0,3.0,5623413.251903491,7.0,0
41.00_77.00,2015-02-02,41.0,77.0,0.0,0.0,0.0,0.0,3.0,0.0,8.0,0
41.00_77.00,2015-02-09,41.0,77.0,0.0,0.0,0.0,0.0,1.0,0.0,9.0,0
41.00_77.00,2015-02-16,41.0,77.0,0.0,0.0,0.0,0.0,1.0,0.0,10.0,0
41.00_77.00,2015-02-23,41.0,77.0,0.0,0.0,0.0,0.0,1.0,0.0,11.0,0
41.00_77.00,2015-03-02,41.0,77.0,0.0,0.0,0.0,0.0,0.0,0.0,12.0,0
41.00_77.00,2015-03-09,41.0,77.0,0.0,0.0,0.0,0.0,0.0,0.0,13.0,0
41.00_77.00,2015-03-16,41.0,77.0,0.0,0.0,0.0,0.0,0.0,0.0,14.0,0
41.00_77.00,2015-03-23,41.0,77.0,0.0,0.0,0.0,0.0,0.0,0.0,15.0,0
41.00_77.00,2015-03-30,41.0,77.0,0.0,0.0,0.0,0.0,0.0,0.0,16.0,0
41.00_77.00,2015-04-06,41.0,77.0,0.0,0.0,0.0,0.0,0.0,0.0,17.0,0
41.00_77.00,2015-04-13,41.0,77.0,0.0,0.0,0.0,0.0,0.0,0.0,18.0,0
41.00_77.00,2015-04-20,41.0,77.0,0.0,0.0,0.0,0.0,0.0,0.0,19.0,0
41.00_77.00,2015-04-27,41.0,77.0,0.0,0.0,0.0,0.0,0.0,0.0,20.0,0
41.00_77.00,2015-05-04,41.0,77.0,0.0,0.0,0.0,0.0,0.0,0.0,21.0,0
41.00_77.00,2015-05-11,41.0,77.0,0.0,0.0,0.0,0.0,0.0,0.0,22.0,0
41.00_77.00,2015-05-18,41.0,77.0,0.0,0.0,0.0,0.0,0.0,0.0,23.0,0
41.00_77.00,2015-05-25,41.0,77.0,0.0,0.0,0.0,0.0,0.0,0.0,24.0,0
41.00_77.00,2015-06-01,41.0,77.0,0.0,0.0,0.0,0.0,0.0,0.0,25.0,0
41.00_77.00,2015-06-08,41.0,77.0,0.0,0.0,0.0,0.0,0.0,0.0,26.0,0
41.00_77.00,2015-06-15,41.0,77.0,0.0,0.0,0.0,0.0,0.0,0.0,27.0,0
41.00_77.00,2015-06-22,41.0,77.0,0.0,0.0,0.0,0.0,0.0,0.0,28.0,0
41.00_77.00,2015-06-29,41.0,77.0,0.0,0.0,0.0,0.0,0.0,0.0,29.0,0
41.00_77.00,2015-07-06,41.0,77.0,0.0,0.0,0.0,0.0,0.0,0.0,30.0,0
41.00_77.00,2015-07-13,41.0,77.0,0.0,0.0,0.0,0.0,0.0,0.0,31.0,0
41.00_77.00,2015-07-20,41.0,77.0,0.0,0.0,0.0,0.0,0.0,0.0,32.0,0
41.00_77.00,2015-07-27,41.0,77.0,0.0,0.0,0.0,0.0,0.0,0.0,33.0,0
41.00_77.00,2015-08-03,41.0,77.0,0.0,0.0,0.0,0.0,0.0,0.0,34.0,0
41.00_77.00,2015-08-10,41.0,77.0,0.0,0.0,0.0,0.0,0.0,0.0,35.0,0
41.00_77.00,2015-08-17,41.0,77.0,0.0,0.0,0.0,0.0,0.0,0.0,36.0,0
41.00_77.00,2015-08-24,41.0,77.0,0.0,0.0,0.0,0.0,0.0,0.0,37.0,0
41.00_77.00,2015-08-31,41.0,77.0,0.0,0.0,0.0,0.0,0.0,0.0,38.0,0
41.00_77.00,2015-09-07,41.0,77.0,0.0,0.0,0.0,0.0,0.0,0.0,39.0,0
41.00_77.00,2015-09-14,41.0,77.0,0.0,0.0,0.0,0.0,0.0,0.0,40.0,0
41.00_77.00,2015-09-21,41.0,77.0,0.0,0.0,0.0,0.0,0.0,0.0,41.0,1
41.00_77.00,2015-09-28,41.0,77.0,1.0,4.1,4.1,4.1,1.0,1412537.5446227526,42.0,0
41.00_77.00,2015-10-05,41.0,77.0,0.0,0.0,0.0,4.1,1.0,1412537.5446227526,43.0,0
41.00_77.00,2015-10-12,41.0,77.0,0.0,0.0,0.0,4.1,1.0,1412537.5446227526,44.0,0
41.00_77.00,2015-10-19,41.0,77.0,0.0,0.0,0.0,4.1,1.0,1412537.5446227526,45.0,0
41.00_77.00,2015-10-26,41.0,77.0,0.0,0.0,0.0,0.0,1.0,1412537.5446227526,46.0,0
41.00_77.00,2015-11-02,41.0,77.0,0.0,0.0,0.0,0.0,1.0,1412537.5446227526,47.0,0
41.00_77.00,2015-11-09,41.0,77.0,0.0,0.0,0.0,0.0,1.0,1412537.5446227526,48.0,0
41.00_77.00,2015-11-16,41.0,77.0,0.0,0.0,0.0,0.0,1.0,1412537.5446227526,49.0,1
41.00_77.00,2015-11-23,41.0,77.0,1.0,4.3,4.3,4.3,2.0,2818382.9312644494,50.0,0
41.00_77.00,2015-11-30,41.0,77.0,0.0,0.0,0.0,4.3,2.0,2818382.9312644494,51.0,0
41.00_77.00,2015-12-07,41.0,77.0,0.0,0.0,0.0,4.3,2.0,2818382.9312644494,52.0,0
41.00_77.00,2015-12-14,41.0,77.0,0.0,0.0,0.0,4.3,2.0,2818382.9312644494,53.0,0
41.00_77.00,2015-12-21,41.0,77.0,0.0,0.0,0.0,0.0,1.0,2818382.9312644494,54.0,0
41.00_77.00,2015-12-28,41.0,77.0,0.0,0.0,0.0,0.0,1.0,2818382.9312644494,55.0,0
41.00_77.00,2016-01-04,41.0,77.0,0.0,0.0,0.0,0.0,1.0,2818382.9312644494,56.0,0
41.00_77.00,2016-01-11,41.0,77.0,0.0,0.0,0.0,0.0,1.0,2818382.9312644494,57.0,0
41.00_77.00,2016-01-18,41.0,77.0,0.0,0.0,0.0,0.0,1.0,0.0,58.0,0
41.00_77.00,2016-01-25,41.0,77.0,0.0,0.0,0.0,0.0,1.0,0.0,59.0,0
41.00_77.00,2016-02-01,41.0,77.0,0.0,0.0,0.0,0.0,1.0,0.0,60.0,0
41.00_77.00,2016-02-08,41.0,77.0,0.0,0.0,0.0,0.0,1.0,0.0,61.0,0
41.00_77.00,2016-02-15,41.0,77.0,0.0,0.0,0.0,0.0,0.0,0.0,62.0,0
41.00_77.00,2016-02-22,41.0,77.0,0.0,0.0,0.0,0.0,0.0,0.0,63.0,0
41.00_77.00,2016-02-29,41.0,77.0,0.0,0.0,0.0,0.0,0.0,0.0,64.0,0
41.00_77.00,2016-03-07,41.0,77.0,0.0,0.0,0.0,0.0,0.0,0.0,65.0,0
41.00_77.00,2016-03-14,41.0,77.0,0.0,0.0,0.0,0.0,0.0,0.0,66.0,0
41.00_77.00,2016-03-21,41.0,77.0,0.0,0.0,0.0,0.0,0.0,0.0,67.0,0
41.00_77.00,2016-03-28,41.0,77.0,0.0,0.0,0.0,0.0,0.0,0.0,68.0,0
41.00_77.00,2016-04-04,41.0,77.0,0.0,0.0,0.0,0.0,0.0,0.0,69.0,0
41.00_77.00,2016-04-11,41.0,77.0,0.0,0.0,0.0,0.0,0.0,0.0,70.0,0
41.00_77.00,2016-04-18,41.0,77.0,0.0,0.0,0.0,0.0,0.0,0.0,71.0,0
41.00_77.00,2016-04-25,41.0,77.0,0.0,0.0,0.0,0.0,0.0,0.0,72.0,0
41.00_77.00,2016-05-02,41.0,77.0,0.0,0.0,0.0,0.0,0.0,0.0,73.0,0
41.00_77.00,2016-05-09,41.0,77.0,0.0,0.0,0.0,0.0,0.0,0.0,74.0,0
41.00_77.00,2016-05-16,41.0,77.0,0.0,0.0,0.0,0.0,0.0,0.0,75.0,0
41.00_77.00,2016-05-23,41.0,77.0,0.0,0.0,0.0,0.0,0.0,0.0,76.0,0
41.00_77.00,2016-05-30,41.0,77.0,0.0,0.0,0.0,0.0,0.0,0.0,77.0,0
41.00_77.00,2016-06-06,41.0,77.0,0.0,0.0,0.0,0.0,0.0,0.0,78.0,0
41.00_77.00,2016-06-13,41.0,77.0,0.0,0.0,0.0,0.0,0.0,0.0,79.0,0
41.00_77.00,2016-06-20,41.0,77.0,0.0,0.0,0.0,0.0,0.0,0.0,80.0,0
41.00_77.00,2016-06-27,41.0,77.0,0.0,0.0,0.0,0.0,0.0,0.0,81.0,0
41.00_77.00,2016-07-04,41.0,77.0,0.0,0.0,0.0,0.0,0.0,0.0,82.0,0
41.00_77.00,2016-07-11,41.0,77.0,0.0,0.0,0.0,0.0,0.0,0.0,83.0,0
41.00_77.00,2016-07-18,41.0,77.0,0.0,0.0,0.0,0.0,0.0,0.0,84.0,2
41.00_77.00,2016-07-25,41.0,77.0,2.0,5.1,4.2,5.1,2.0,46663621.53006514,0.0,0
41.00_77.00,2016-08-01,41.0,77.0,0.0,0.0,0.0,5.1,2.0,46663621.53006514,1.0,0
41.00_77.00,2016-08-08,41.0,77.0,0.0,0.0,0.0,5.1,2.0,46663621.53006514,2.0,0
41.00_77.00,2016-08-15,41.0,77.0,0.0,0.0,0.0,5.1,2.0,46663621.53006514,3.0,0
41.00_77.00,2016-08-22,41.0,77.0,0.0,0.0,0.0,0.0,2.0,46663621.53006514,4.0,0
41.00_77.00,2016-08-29,41.0,77.0,0.0,0.0,0.0,0.0,2.0,46663621.53006514,5.0,0
41.00_77.00,2016-09-05,41.0,77.0,0.0,0.0,0.0,0.0,2.0,46663621.53006514,6.0,0
41.00_77.00,2016-09-12,41.0,77.0,0.0,0.0,0.0,0.0,2.0,46663621.53006514,7.0,0
41.00_77.00,2016-09-19,41.0,77.0,0.0,0.0,0.0,0.0,2.0,0.0,8.0,0
41.00_77.00,2016-09-26,41.0,77.0,0.0,0.0,0.0,0.0,2.0,0.0,9.0,0
41.00_77.00,2016-10-03,41.0,77.0,0.0,0.0,0.0,0.0,2.0,0.0,10.0,0
41.00_77.00,2016-10-10,41.0,77.0,0.0,0.0,0.0,0.0,2.0,0.0,11.0,0
41.00_77.00,2016-10-17,41.0,77.0,0.0,0.0,0.0,0.0,0.0,0.0,12.0,0
41.00_77.00,2016-10-24,41.0,77.0,0.0,0.0,0.0,0.0,0.0,0.0,13.0,0
41.00_77.00,2016-10-31,41.0,77.0,0.0,0.0,0.0,0.0,0.0,0.0,14.0,0
41.00_77.00,2016-11-07,41.0,77.0,0.0,0.0,0.0,0.0,0.0,0.0,15.0,0
41.00_77.00,2016-11-14,41.0,77.0,0.0,0.0,0.0,0.0,0.0,0.0,16.0,0
41.00_77.00,2016-11-21,41.0,77.0,0.0,0.0,0.0,0.0,0.0,0.0,17.0,0
41.00_77.00,2016-11-28,41.0,77.0,0.0,0.0,0.0,0.0,0.0,0.0,18.0,0
41.00_77.00,2016-12-05,41.0,77.0,0.0,0.0,0.0,0.0,0.0,0.0,19.0,0
41.00_77.00,2016-12-12,41.0,77.0,0.0,0.0,0.0,0.0,0.0,0.0,20.0,0
41.00_77.00,2016-12-19,41.0,77.0,0.0,0.0,0.0,0.0,0.0,0.0,21.0,1
41.00_77.00,2016-12-26,41.0,77.0,1.0,4.2,4.2,4.2,1.0,1995262.3149688828,22.0,0
41.00_77.00,2017-01-02,41.0,77.0,0.0,0.0,0.0,4.2,1.0,1995262.3149688828,23.0,0
41.00_77.00,2017-01-09,41.0,77.0,0.0,0.0,0.0,4.2,1.0,1995262.3149688828,24.0,0
41.00_77.00,2017-01-16,41.0,77.0,0.0,0.0,0.0,4.2,1.0,1995262.3149688828,25.0,0
41.00_77.00,2017-01-23,41.0,77.0,0.0,0.0,0.0,0.0,1.0,1995262.3149688828,26.0,0
41.00_77.00,2017-01-30,41.0,77.0,0.0,0.0,0.0,0.0,1.0,1995262.3149688828,27.0,0
41.00_77.00,2017-02-06,41.0,77.0,0.0,0.0,0.0,0.0,1.0,1995262.3149688828,28.0,0
41.00_77.00,2017-02-13,41.0,77.0,0.0,0.0,0.0,0.0,1.0,1995262.3149688828,29.0,0
41.00_77.00,2017-02-20,41.0,77.0,0.0,0.0,0.0,0.0,1.0,0.0,30.0,0
41.00_77.00,2017-02-27,41.0,77.0,0.0,0.0,0.0,0.0,1.0,0.0,31.0,0
41.00_77.00,2017-03-06,41.0,77.0,0.0,0.0,0.0,0.0,1.0,0.0,32.0,0
41.00_77.00,2017-03-13,41.0,77.0,0.0,0.0,0.0,0.0,1.0,0.0,33.0,0
41.00_77.00,2017-03-20,41.0,77.0,0.0,0.0,0.0,0.0,0.0,0.0,34.0,0
41.00_77.00,2017-03-27,41.0,77.0,0.0,0.0,0.0,0.0,0.0,0.0,35.0,0
41.00_77.00,2017-04-03,41.0,77.0,0.0,0.0,0.0,0.0,0.0,0.0,36.0,0
41.00_77.00,2017-04-10,41.0,77.0,0.0,0.0,0.0,0.0,0.0,0.0,37.0,0
41.00_77.00,2017-04-17,41.0,77.0,0.0,0.0,0.0,0.0,0.0,0.0,38.0,0
41.00_77.00,2017-04-24,41.0,77.0,0.0,0.0,0.0,0.0,0.0,0.0,39.0,0
41.00_77.00,2017-05-01,41.0,77.0,0.0,0.0,0.0,0.0,0.0,0.0,40.0,0
41.00_77.00,2017-05-08,41.0,77.0,0.0,0.0,0.0,0.0,0.0,0.0,41.0,0
41.00_77.00,2017-05-15,41.0,77.0,0.0,0.0,0.0,0.0,0.0,0.0,42.0,0
41.00_77.00,2017-05-22,41.0,77.0,0.0,0.0,0.0,0.0,0.0,0.0,43.0,0
41.00_77.00,2017-05-29,41.0,77.0,0.0,0.0,0.0,0.0,0.0,0.0,44.0,0
41.00_77.00,2017-06-05,41.0,77.0,0.0,0.0,0.0,0.0,0.0,0.0,45.0,0
41.00_77.00,2017-06-12,41.0,77.0,0.0,0.0,0.0,0.0,0.0,0.0,46.0,0
41.00_77.00,2017-06-19,41.0,77.0,0.0,0.0,0.0,0.0,0.0,0.0,47.0,0
41.00_77.00,2017-06-26,41.0,77.0,0.0,0.0,0.0,0.0,0.0,0.0,48.0,0
41.00_77.00,2017-07-03,41.0,77.0,0.0,0.0,0.0,0.0,0.0,0.0,49.0,0
41.00_77.00,2017-07-10,41.0,77.0,0.0,0.0,0.0,0.0,0.0,0.0,50.0,0
41.00_77.00,2017-07-17,41.0,77.0,0.0,0.0,0.0,0.0,0.0,0.0,51.0,0
41.00_77.00,2017-07-24,41.0,77.0,0.0,0.0,0.0,0.0,0.0,0.0,52.0,0
41.00_77.00,2017-07-31,41.0,77.0,0.0,0.0,0.0,0.0,0.0,0.0,53.0,0
41.00_77.00,2017-08-07,41.0,77.0,0.0,0.0,0.0,0.0,0.0,0.0,54.0,0
41.00_77.00,2017-08-14,41.0,77.0,0.0,0.0,0.0,0.0,0.0,0.0,55.0,0
41.00_77.00,2017-08-21,41.0,77.0,0.0,0.0,0.0,0.0,0.0,0.0,56.0,0
41.00_77.00,2017-08-28,41.0,77.0,0.0,0.0,0.0,0.0,0.0,0.0,57.0,0
41.00_77.00,2017-09-04,41.0,77.0,0.0,0.0,0.0,0.0,0.0,0.0,58.0,0
41.00_77.00,2017-09-11,41.0,77.0,0.0,0.0,0.0,0.0,0.0,0.0,59.0,0
41.00_77.00,2017-09-18,41.0,77.0,0.0,0.0,0.0,0.0,0.0,0.0,60.0,0
41.00_77.00,2017-09-25,41.0,77.0,0.0,0.0,0.0,0.0,0.0,0.0,61.0,0
41.00_77.00,2017-10-02,41.0,77.0,0.0,0.0,0.0,0.0,0.0,0.0,62.0,0
41.00_77.00,2017-10-09,41.0,77.0,0.0,0.0,0.0,0.0,0.0,0.0,63.0,0
41.00_77.00,2017-10-16,41.0,77.0,0.0,0.0,0.0,0.0,0.0,0.0,64.0,0
41.00_77.00,2017-10-23,41.0,77.0,0.0,0.0,0.0,0.0,0.0,0.0,65.0,0
41.00_77.00,2017-10-30,41.0,77.0,0.0,0.0,0.0,0.0,0.0,0.0,66.0,0
41.00_77.00,2017-11-06,41.0,77.0,0.0,0.0,0.0,0.0,0.0,0.0,67.0,0
41.00_77.00,2017-11-13,41.0,77.0,0.0,0.0,0.0,0.0,0.0,0.0,68.0,1
41.00_77.00,2017-11-20,41.0,77.0,1.0,4.9,4.9,4.9,1.0,22387211.385683425,0.0,0
41.00_77.00,2017-11-27,41.0,77.0,0.0,0.0,0.0,4.9,1.0,22387211.385683425,1.0,0
41.00_77.00,2017-12-04,41.0,77.0,0.0,0.0,0.0,4.9,1.0,22387211.385683425,2.0,0
41.00_77.00,2017-12-11,41.0,77.0,0.0,0.0,0.0,4.9,1.0,22387211.385683425,3.0,0
41.00_77.00,2017-12-18,41.0,77.0,0.0,0.0,0.0,0.0,1.0,22387211.385683425,4.0,0
41.00_77.00,2017-12-25,41.0,77.0,0.0,0.0,0.0,0.0,1.0,22387211.385683425,5.0,0
41.00_77.00,2018-01-01,41.0,77.0,0.0,0.0,0.0,0.0,1.0,22387211.385683425,6.0,0
41.00_77.00,2018-01-08,41.0,77.0,0.0,0.0,0.0,0.0,1.0,22387211.385683425,7.0,0
41.00_77.00,2018-01-15,41.0,77.0,0.0,0.0,0.0,0.0,1.0,0.0,8.0,0
41.00_77.00,2018-01-22,41.0,77.0,0.0,0.0,0.0,0.0,1.0,0.0,9.0,0
41.00_77.00,2018-01-29,41.0,77.0,0.0,0.0,0.0,0.0,1.0,0.0,10.0,1
41.00_77.00,2018-02-05,41.0,77.0,1.0,4.5,4.5,4.5,2.0,5623413.251903491,0.0,0
41.00_77.00,2018-02-12,41.0,77.0,0.0,0.0,0.0,4.5,1.0,5623413.251903491,1.0,0
41.00_77.00,2018-02-19,41.0,77.0,0.0,0.0,0.0,4.5,1.0,5623413.251903491,2.0,0
41.00_77.00,2018-02-26,41.0,77.0,0.0,0.0,0.0,4.5,1.0,5623413.251903491,3.0,0
41.00_77.00,2018-03-05,41.0,77.0,0.0,0.0,0.0,0.0,1.0,5623413.251903491,4.0,0
41.00_77.00,2018-03-12,41.0,77.0,0.0,0.0,0.0,0.0,1.0,5623413.251903491,5.0,0
41.00_77.00,2018-03-19,41.0,77.0,0.0,0.0,0.0,0.0,1.0,5623413.251903491,6.0,0
41.00_77.00,2018-03-26,41.0,77.0,0.0,0.0,0.0,0.0,1.0,5623413.251903491,7.0,1
41.00_77.00,2018-04-02,41.0,77.0,1.0,4.6,4.6,4.6,2.0,7943282.347242805,0.0,1
41.00_77.00,2018-04-09,41.0,77.0,1.0,4.4,4.4,4.6,3.0,11924354.052777782,1.0,0
41.00_77.00,2018-04-16,41.0,77.0,0.0,0.0,0.0,4.6,3.0,11924354.052777782,2.0,0
41.00_77.00,2018-04-23,41.0,77.0,0.0,0.0,0.0,4.6,3.0,11924354.052777782,3.0,0
41.00_77.00,2018-04-30,41.0,77.0,0.0,0.0,0.0,4.4,2.0,11924354.052777782,4.0,0
41.00_77.00,2018-05-07,41.0,77.0,0.0,0.0,0.0,0.0,2.0,11924354.052777782,5.0,0
41.00_77.00,2018-05-14,41.0,77.0,0.0,0.0,0.0,0.0,2.0,11924354.052777782,6.0,0
41.00_77.00,2018-05-21,41.0,77.0,0.0,0.0,0.0,0.0,2.0,11924354.052777782,7.0,0
41.00_77.00,2018-05-28,41.0,77.0,0.0,0.0,0.0,0.0,2.0,3981071.7055349774,8.0,0
41.00_77.00,2018-06-04,41.0,77.0,0.0,0.0,0.0,0.0,2.0,0.0,9.0,0
41.00_77.00,2018-06-11,41.0,77.0,0.0,0.0,0.0,0.0,2.0,0.0,10.0,0
41.00_77.00,2018-06-18,41.0,77.0,0.0,0.0,0.0,0.0,2.0,0.0,11.0,0
41.00_77.00,2018-06-25,41.0,77.0,0.0,0.0,0.0,0.0,1.0,0.0,12.0,0
41.00_77.00,2018-07-02,41.0,77.0,0.0,0.0,0.0,0.0,0.0,0.0,13.0,0
41.00_77.00,2018-07-09,41.0,77.0,0.0,0.0,0.0,0.0,0.0,0.0,14.0,0
41.00_77.00,2018-07-16,41.0,77.0,0.0,0.0,0.0,0.0,0.0,0.0,15.0,0
41.00_77.00,2018-07-23,41.0,77.0,0.0,0.0,0.0,0.0,0.0,0.0,16.0,1
41.00_77.00,2018-07-30,41.0,77.0,1.0,3.8,3.8,3.8,1.0,501187.2336272715,17.0,0
41.00_77.00,2018-08-06,41.0,77.0,0.0,0.0,0.0,3.8,1.0,501187.2336272715,18.0,0
41.00_77.00,2018-08-13,41.0,77.0,0.0,0.0,0.0,3.8,1.0,501187.2336272715,19.0,0
41.00_77.00,2018-08-20,41.0,77.0,0.0,0.0,0.0,3.8,1.0,501187.2336272715,20.0,0
41.00_77.00,2018-08-27,41.0,77.0,0.0,0.0,0.0,0.0,1.0,501187.2336272715,21.0,1
41.00_77.00,2018-09-03,41.0,77.0,1.0,4.7,4.7,4.7,2.0,11721371.776646923,0.0,0
41.00_77.00,2018-09-10,41.0,77.0,0.0,0.0,0.0,4.7,2.0,11721371.776646923,1.0,1
41.00_77.00,2018-09-17,41.0,77.0,1.0,4.2,4.2,4.7,3.0,13716634.091615805,2.0,0
41.00_77.00,2018-09-24,41.0,77.0,0.0,0.0,0.0,4.7,3.0,13215446.857988534,3.0,0
41.00_77.00,2018-10-01,41.0,77.0,0.0,0.0,0.0,4.2,3.0,13215446.857988534,4.0,0
41.00_77.00,2018-10-08,41.0,77.0,0.0,0.0,0.0,4.2,3.0,13215446.857988534,5.0,0
41.00_77.00,2018-10-15,41.0,77.0,0.0,0.0,0.0,0.0,3.0,13215446.857988534,6.0,0
41.00_77.00,2018-10-22,41.0,77.0,0.0,0.0,0.0,0.0,2.0,13215446.857988534,7.0,0
41.00_77.00,2018-10-29,41.0,77.0,0.0,0.0,0.0,0.0,2.0,1995262.3149688828,8.0,0
41.00_77.00,2018-11-05,41.0,77.0,0.0,0.0,0.0,0.0,2.0,1995262.3149688828,9.0,0
41.00_77.00,2018-11-12,41.0,77.0,0.0,0.0,0.0,0.0,2.0,0.0,10.0,0
41.00_77.00,2018-11-19,41.0,77.0,0.0,0.0,0.0,0.0,2.0,0.0,11.0,0
41.00_77.00,2018-11-26,41.0,77.0,0.0,0.0,0.0,0.0,1.0,0.0,12.0,0
41.00_77.00,2018-12-03,41.0,77.0,0.0,0.0,0.0,0.0,1.0,0.0,13.0,0
41.00_77.00,2018-12-10,41.0,77.0,0.0,0.0,0.0,0.0,0.0,0.0,14.0,0
41.00_77.00,2018-12-17,41.0,77.0,0.0,0.0,0.0,0.0,0.0,0.0,15.0,0
41.00_77.00,2018-12-24,41.0,77.0,0.0,0.0,0.0,0.0,0.0,0.0,16.0,0
41.00_77.00,2018-12-31,41.0,77.0,0.0,0.0,0.0,0.0,0.0,0.0,17.0,0
41.00_77.00,2019-01-07,41.0,77.0,0.0,0.0,0.0,0.0,0.0,0.0,18.0,0
41.00_77.00,2019-01-14,41.0,77.0,0.0,0.0,0.0,0.0,0.0,0.0,19.0,0
41.00_77.00,2019-01-21,41.0,77.0,0.0,0.0,0.0,0.0,0.0,0.0,20.0,0
41.00_77.00,2019-01-28,41.0,77.0,0.0,0.0,0.0,0.0,0.0,0.0,21.0,0
41.00_77.00,2019-02-04,41.0,77.0,0.0,0.0,0.0,0.0,0.0,0.0,22.0,0
41.00_77.00,2019-02-11,41.0,77.0,0.0,0.0,0.0,0.0,0.0,0.0,23.0,0
41.00_77.00,2019-02-18,41.0,77.0,0.0,0.0,0.0,0.0,0.0,0.0,24.0,0
41.00_77.00,2019-02-25,41.0,77.0,0.0,0.0,0.0,0.0,0.0,0.0,25.0,0
41.00_77.00,2019-03-04,41.0,77.0,0.0,0.0,0.0,0.0,0.0,0.0,26.0,0
41.00_77.00,2019-03-11,41.0,77.0,0.0,0.0,0.0,0.0,0.0,0.0,27.0,0
41.00_77.00,2019-03-18,41.0,77.0,0.0,0.0,0.0,0.0,0.0,0.0,28.0,0
41.00_77.00,2019-03-25,41.0,77.0,0.0,0.0,0.0,0.0,0.0,0.0,29.0,0
41.00_77.00,2019-04-01,41.0,77.0,0.0,0.0,0.0,0.0,0.0,0.0,30.0,0
41.00_77.00,2019-04-08,41.0,77.0,0.0,0.0,0.0,0.0,0.0,0.0,31.0,0
41.00_77.00,2019-04-15,41.0,77.0,0.0,0.0,0.0,0.0,0.0,0.0,32.0,0
41.00_77.00,2019-04-22,41.0,77.0,0.0,0.0,0.0,0.0,0.0,0.0,33.0,0
41.00_77.00,2019-04-29,41.0,77.0,0.0,0.0,0.0,0.0,0.0,0.0,34.0,1
41.00_77.00,2019-05-06,41.0,77.0,1.0,4.6,4.6,4.6,1.0,7943282.347242805,0.0,0
41.00_77.00,2019-05-13,41.0,77.0,0.0,0.0,0.0,4.6,1.0,7943282.347242805,1.0,0
41.00_77.00,2019-05-20,41.0,77.0,0.0,0.0,0.0,4.6,1.0,7943282.347242805,2.0,0
41.00_77.00,2019-05-27,41.0,77.0,0.0,0.0,0.0,4.6,1.0,7943282.347242805,3.0,0
41.00_77.00,2019-06-03,41.0,77.0,0.0,0.0,0.0,0.0,1.0,7943282.347242805,4.0,0
41.00_77.00,2019-06-10,41.0,77.0,0.0,0.0,0.0,0.0,1.0,7943282.347242805,5.0,0
41.00_77.00,2019-06-17,41.0,77.0,0.0,0.0,0.0,0.0,1.0,7943282.347242805,6.0,0
41.00_77.00,2019-06-24,41.0,77.0,0.0,0.0,0.0,0.0,1.0,7943282.347242805,7.0,0
41.00_77.00,2019-07-01,41.0,77.0,0.0,0.0,0.0,0.0,1.0,0.0,8.0,1
41.00_77.00,2019-07-08,41.0,77.0,1.0,4.6,4.6,4.6,2.0,7943282.347242805,0.0,0
41.00_77.00,2019-07-15,41.0,77.0,0.0,0.0,0.0,4.6,2.0,7943282.347242805,1.0,0
41.00_77.00,2019-07-22,41.0,77.0,0.0,0.0,0.0,4.6,2.0,7943282.347242805,2.0,0
41.00_77.00,2019-07-29,41.0,77.0,0.0,0.0,0.0,4.6,1.0,7943282.347242805,3.0,0
41.00_77.00,2019-08-05,41.0,77.0,0.0,0.0,0.0,0.0,1.0,7943282.347242805,4.0,0
41.00_77.00,2019-08-12,41.0,77.0,0.0,0.0,0.0,0.0,1.0,7943282.347242805,5.0,0
41.00_77.00,2019-08-19,41.0,77.0,0.0,0.0,0.0,0.0,1.0,7943282.347242805,6.0,0
41.00_77.00,2019-08-26,41.0,77.0,0.0,0.0,0.0,0.0,1.0,7943282.347242805,7.0,0
41.00_77.00,2019-09-02,41.0,77.0,0.0,0.0,0.0,0.0,1.0,0.0,8.0,0
41.00_77.00,2019-09-09,41.0,77.0,0.0,0.0,0.0,0.0,1.0,0.0,9.0,0
41.00_77.00,2019-09-16,41.0,77.0,0.0,0.0,0.0,0.0,1.0,0.0,10.0,0
41.00_77.00,2019-09-23,41.0,77.0,0.0,0.0,0.0,0.0,1.0,0.0,11.0,0
41.00_77.00,2019-09-30,41.0,77.0,0.0,0.0,0.0,0.0,0.0,0.0,12.0,0
41.00_77.00,2019-10-07,41.0,77.0,0.0,0.0,0.0,0.0,0.0,0.0,13.0,1
41.00_77.00,2019-10-14,41.0,77.0,1.0,4.5,4.5,4.5,1.0,5623413.251903491,0.0,0
41.00_77.00,2019-10-21,41.0,77.0,0.0,0.0,0.0,4.5,1.0,5623413.251903491,1.0,2
41.00_77.00,2019-10-28,41.0,77.0,2.0,4.7,4.3,4.7,3.0,19661980.726187594,0.0,0
41.00_77.00,2019-11-04,41.0,77.0,0.0,0.0,0.0,4.7,3.0,19661980.726187594,1.0,0
41.00_77.00,2019-11-11,41.0,77.0,0.0,0.0,0.0,4.7,3.0,19661980.726187594,2.0,0
41.00_77.00,2019-11-18,41.0,77.0,0.0,0.0,0.0,4.7,3.0,19661980.726187594,3.0,0
41.00_77.00,2019-11-25,41.0,77.0,0.0,0.0,0.0,0.0,3.0,19661980.726187594,4.0,0
41.00_77.00,2019-12-02,41.0,77.0,0.0,0.0,0.0,0.0,3.0,19661980.726187594,5.0,0
41.00_77.00,2019-12-09,41.0,77.0,0.0,0.0,0.0,0.0,3.0,14038567.474284101,6.0,0
41.00_77.00,2019-12-16,41.0,77.0,0.0,0.0,0.0,0.0,3.0,14038567.474284101,7.0,0
41.00_77.00,2019-12-23,41.0,77.0,0.0,0.0,0.0,0.0,3.0,0.0,8.0,0
41.00_77.00,2019-12-30,41.0,77.0,0.0,0.0,0.0,0.0,3.0,0.0,9.0,0
41.00_77.00,2020-01-06,41.0,77.0,0.0,0.0,0.0,0.0,2.0,0.0,10.0,0
41.00_77.00,2020-01-13,41.0,77.0,0.0,0.0,0.0,0.0,2.0,0.0,11.0,0
41.00_77.00,2020-01-20,41.0,77.0,0.0,0.0,0.0,0.0,0.0,0.0,12.0,0
41.00_77.00,2020-01-27,41.0,77.0,0.0,0.0,0.0,0.0,0.0,0.0,13.0,0
41.00_77.00,2020-02-03,41.0,77.0,0.0,0.0,0.0,0.0,0.0,0.0,14.0,0
41.00_77.00,2020-02-10,41.0,77.0,0.0,0.0,0.0,0.0,0.0,0.0,15.0,1
41.00_77.00,2020-02-17,41.0,77.0,1.0,5.1,5.1,5.1,1.0,44668359.21509626,0.0,0
41.00_77.00,2020-02-24,41.0,77.0,0.0,0.0,0.0,5.1,1.0,44668359.21509626,1.0,0
41.00_77.00,2020-03-02,41.0,77.0,0.0,0.0,0.0,5.1,1.0,44668359.21509626,2.0,0
41.00_77.00,2020-03-09,41.0,77.0,0.0,0.0,0.0,5.1,1.0,44668359.21509626,3.0,0
41.00_77.00,2020-03-16,41.0,77.0,0.0,0.0,0.0,0.0,1.0,44668359.21509626,4.0,1
41.00_77.00,2020-03-23,41.0,77.0,1.0,4.5,4.5,4.5,2.0,50291772.46699975,0.0,0
41.00_77.00,2020-03-30,41.0,77.0,0.0,0.0,0.0,4.5,2.0,50291772.46699975,1.0,0
41.00_77.00,2020-04-06,41.0,77.0,0.0,0.0,0.0,4.5,2.0,50291772.46699975,2.0,0
41.00_77.00,2020-04-13,41.0,77.0,0.0,0.0,0.0,4.5,2.0,5623413.251903491,3.0,0
41.00_77.00,2020-04-20,41.0,77.0,0.0,0.0,0.0,0.0,2.0,5623413.251903491,4.0,0
41.00_77.00,2020-04-27,41.0,77.0,0.0,0.0,0.0,0.0,2.0,5623413.251903491,5.0,0
41.00_77.00,2020-05-04,41.0,77.0,0.0,0.0,0.0,0.0,2.0,5623413.251903491,6.0,0
41.00_77.00,2020-05-11,41.0,77.0,0.0,0.0,0.0,0.0,1.0,5623413.251903491,7.0,0
41.00_77.00,2020-05-18,41.0,77.0,0.0,0.0,0.0,0.0,1.0,0.0,8.0,0
41.00_77.00,2020-05-25,41.0,77.0,0.0,0.0,0.0,0.0,1.0,0.0,9.0,0
41.00_77.00,2020-06-01,41.0,77.0,0.0,0.0,0.0,0.0,1.0,0.0,10.0,0
41.00_77.00,2020-06-08,41.0,77.0,0.0,0.0,0.0,0.0,1.0,0.0,11.0,0
41.00_77.00,2020-06-15,41.0,77.0,0.0,0.0,0.0,0.0,0.0,0.0,12.0,0
41.00_77.00,2020-06-22,41.0,77.0,0.0,0.0,0.0,0.0,0.0,0.0,13.0,0
41.00_77.00,2020-06-29,41.0,77.0,0.0,0.0,0.0,0.0,0.0,0.0,14.0,0
41.00_77.00,2020-07-06,41.0,77.0,0.0,0.0,0.0,0.0,0.0,0.0,15.0,0
41.00_77.00,2020-07-13,41.0,77.0,0.0,0.0,0.0,0.0,0.0,0.0,16.0,0
41.00_77.00,2020-07-20,41.0,77.0,0.0,0.0,0.0,0.0,0.0,0.0,17.0,0
41.00_77.00,2020-07-27,41.0,77.0,0.0,0.0,0.0,0.0,0.0,0.0,18.0,0
41.00_77.00,2020-08-03,41.0,77.0,0.0,0.0,0.0,0.0,0.0,0.0,19.0,0
41.00_77.00,2020-08-10,41.0,77.0,0.0,0.0,0.0,0.0,0.0,0.0,20.0,0
41.00_77.00,2020-08-17,41.0,77.0,0.0,0.0,0.0,0.0,0.0,0.0,21.0,0
41.00_77.00,2020-08-24,41.0,77.0,0.0,0.0,0.0,0.0,0.0,0.0,22.0,0
41.00_77.00,2020-08-31,41.0,77.0,0.0,0.0,0.0,0.0,0.0,0.0,23.0,0
41.00_77.00,2020-09-07,41.0,77.0,0.0,0.0,0.0,0.0,0.0,0.0,24.0,0
41.00_77.00,2020-09-14,41.0,77.0,0.0,0.0,0.0,0.0,0.0,0.0,25.0,0
41.00_77.00,2020-09-21,41.0,77.0,0.0,0.0,0.0,0.0,0.0,0.0,26.0,0
41.00_77.00,2020-09-28,41.0,77.0,0.0,0.0,0.0,0.0,0.0,0.0,27.0,0
41.00_77.00,2020-10-05,41.0,77.0,0.0,0.0,0.0,0.0,0.0,0.0,28.0,0
41.00_77.00,2020-10-12,41.0,77.0,0.0,0.0,0.0,0.0,0.0,0.0,29.0,0
41.00_77.00,2020-10-19,41.0,77.0,0.0,0.0,0.0,0.0,0.0,0.0,30.0,0
41.00_77.00,2020-10-26,41.0,77.0,0.0,0.0,0.0,0.0,0.0,0.0,31.0,0
41.00_77.00,2020-11-02,41.0,77.0,0.0,0.0,0.0,0.0,0.0,0.0,32.0,0
41.00_77.00,2020-11-09,41.0,77.0,0.0,0.0,0.0,0.0,0.0,0.0,33.0,0
41.00_77.00,2020-11-16,41.0,77.0,0.0,0.0,0.0,0.0,0.0,0.0,34.0,0
41.00_77.00,2020-11-23,41.0,77.0,0.0,0.0,0.0,0.0,0.0,0.0,35.0,0
41.00_77.00,2020-11-30,41.0,77.0,0.0,0.0,0.0,0.0,0.0,0.0,36.0,0
41.00_77.00,2020-12-07,41.0,77.0,0.0,0.0,0.0,0.0,0.0,0.0,37.0,0
41.00_77.00,2020-12-14,41.0,77.0,0.0,0.0,0.0,0.0,0.0,0.0,38.0,0
41.00_77.00,2020-12-21,41.0,77.0,0.0,0.0,0.0,0.0,0.0,0.0,39.0,0
41.00_77.00,2020-12-28,41.0,77.0,0.0,0.0,0.0,0.0,0.0,0.0,40.0,0
41.00_77.00,2021-01-04,41.0,77.0,0.0,0.0,0.0,0.0,0.0,0.0,41.0,1
41.00_77.00,2021-01-11,41.0,77.0,1.0,4.2,4.2,4.2,1.0,1995262.3149688828,42.0,0
41.00_77.00,2021-01-18,41.0,77.0,0.0,0.0,0.0,4.2,1.0,1995262.3149688828,43.0,0
41.00_77.00,2021-01-25,41.0,77.0,0.0,0.0,0.0,4.2,1.0,1995262.3149688828,44.0,0
41.00_77.00,2021-02-01,41.0,77.0,0.0,0.0,0.0,4.2,1.0,1995262.3149688828,45.0,0
41.00_77.00,2021-02-08,41.0,77.0,0.0,0.0,0.0,0.0,1.0,1995262.3149688828,46.0,0
41.00_77.00,2021-02-15,41.0,77.0,0.0,0.0,0.0,0.0,1.0,1995262.3149688828,47.0,0
41.00_77.00,2021-02-22,41.0,77.0,0.0,0.0,0.0,0.0,1.0,1995262.3149688828,48.0,0
41.00_77.00,2021-03-01,41.0,77.0,0.0,0.0,0.0,0.0,1.0,1995262.3149688828,49.0,0
41.00_77.00,2021-03-08,41.0,77.0,0.0,0.0,0.0,0.0,1.0,0.0,50.0,0
41.00_77.00,2021-03-15,41.0,77.0,0.0,0.0,0.0,0.0,1.0,0.0,51.0,0
41.00_77.00,2021-03-22,41.0,77.0,0.0,0.0,0.0,0.0,1.0,0.0,52.0,0
41.00_77.00,2021-03-29,41.0,77.0,0.0,0.0,0.0,0.0,1.0,0.0,53.0,0
41.00_77.00,2021-04-05,41.0,77.0,0.0,0.0,0.0,0.0,0.0,0.0,54.0,0
41.00_77.00,2021-04-12,41.0,77.0,0.0,0.0,0.0,0.0,0.0,0.0,55.0,0
41.00_77.00,2021-04-19,41.0,77.0,0.0,0.0,0.0,0.0,0.0,0.0,56.0,0
41.00_77.00,2021-04-26,41.0,77.0,0.0,0.0,0.0,0.0,0.0,0.0,57.0,0
41.00_77.00,2021-05-03,41.0,77.0,0.0,0.0,0.0,0.0,0.0,0.0,58.0,1
41.00_77.00,2021-05-10,41.0,77.0,1.0,4.4,4.4,4.4,1.0,3981071.7055349774,59.0,0
41.00_77.00,2021-05-17,41.0,77.0,0.0,0.0,0.0,4.4,1.0,3981071.7055349774,60.0,0
41.00_77.00,2021-05-24,41.0,77.0,0.0,0.0,0.0,4.4,1.0,3981071.7055349774,61.0,0
41.00_77.00,2021-05-31,41.0,77.0,0.0,0.0,0.0,4.4,1.0,3981071.7055349774,62.0,1
41.00_77.00,2021-06-07,41.0,77.0,1.0,4.4,4.4,4.4,2.0,7962143.411069955,63.0,0
41.00_77.00,2021-06-14,41.0,77.0,0.0,0.0,0.0,4.4,2.0,7962143.411069955,64.0,0
41.00_77.00,2021-06-21,41.0,77.0,0.0,0.0,0.0,4.4,2.0,7962143.411069955,65.0,0
41.00_77.00,2021-06-28,41.0,77.0,0.0,0.0,0.0,4.4,2.0,7962143.411069955,66.0,0
41.00_77.00,2021-07-05,41.0,77.0,0.0,0.0,0.0,0.0,2.0,3981071.7055349774,67.0,0
41.00_77.00,2021-07-12,41.0,77.0,0.0,0.0,0.0,0.0,2.0,3981071.7055349774,68.0,0
41.00_77.00,2021-07-19,41.0,77.0,0.0,0.0,0.0,0.0,2.0,3981071.7055349774,69.0,0
41.00_77.00,2021-07-26,41.0,77.0,0.0,0.0,0.0,0.0,2.0,3981071.7055349774,70.0,0
41.00_77.00,2021-08-02,41.0,77.0,0.0,0.0,0.0,0.0,1.0,0.0,71.0,0
41.00_77.00,2021-08-09,41.0,77.0,0.0,0.0,0.0,0.0,1.0,0.0,72.0,0
41.00_77.00,2021-08-16,41.0,77.0,0.0,0.0,0.0,0.0,1.0,0.0,73.0,0
41.00_77.00,2021-08-23,41.0,77.0,0.0,0.0,0.0,0.0,1.0,0.0,74.0,0
41.00_77.00,2021-08-30,41.0,77.0,0.0,0.0,0.0,0.0,0.0,0.0,75.0,0
41.00_77.00,2021-09-06,41.0,77.0,0.0,0.0,0.0,0.0,0.0,0.0,76.0,0
41.00_77.00,2021-09-13,41.0,77.0,0.0,0.0,0.0,0.0,0.0,0.0,77.0,0
41.00_77.00,2021-09-20,41.0,77.0,0.0,0.0,0.0,0.0,0.0,0.0,78.0,0
41.00_77.00,2021-09-27,41.0,77.0,0.0,0.0,0.0,0.0,0.0,0.0,79.0,0
41.00_77.00,2021-10-04,41.0,77.0,0.0,0.0,0.0,0.0,0.0,0.0,80.0,0
41.00_77.00,2021-10-11,41.0,77.0,0.0,0.0,0.0,0.0,0.0,0.0,81.0,0
41.00_77.00,2021-10-18,41.0,77.0,0.0,0.0,0.0,0.0,0.0,0.0,82.0,0
41.00_77.00,2021-10-25,41.0,77.0,0.0,0.0,0.0,0.0,0.0,0.0,83.0,0
41.00_77.00,2021-11-01,41.0,77.0,0.0,0.0,0.0,0.0,0.0,0.0,84.0,0
41.00_77.00,2021-11-08,41.0,77.0,0.0,0.0,0.0,0.0,0.0,0.0,85.0,0
41.00_77.00,2021-11-15,41.0,77.0,0.0,0.0,0.0,0.0,0.0,0.0,86.0,0
41.00_77.00,2021-11-22,41.0,77.0,0.0,0.0,0.0,0.0,0.0,0.0,87.0,0
41.00_77.00,2021-11-29,41.0,77.0,0.0,0.0,0.0,0.0,0.0,0.0,88.0,0
41.00_77.00,2021-12-06,41.0,77.0,0.0,0.0,0.0,0.0,0.0,0.0,89.0,0
41.00_77.00,2021-12-13,41.0,77.0,0.0,0.0,0.0,0.0,0.0,0.0,90.0,0
41.00_77.00,2021-12-20,41.0,77.0,0.0,0.0,0.0,0.0,0.0,0.0,91.0,0
41.00_77.00,2021-12-27,41.0,77.0,0.0,0.0,0.0,0.0,0.0,0.0,92.0,0
41.00_77.00,2022-01-03,41.0,77.0,0.0,0.0,0.0,0.0,0.0,0.0,93.0,0
41.00_77.00,2022-01-10,41.0,77.0,0.0,0.0,0.0,0.0,0.0,0.0,94.0,0
41.00_77.00,2022-01-17,41.0,77.0,0.0,0.0,0.0,0.0,0.0,0.0,95.0,0
41.00_77.00,2022-01-24,41.0,77.0,0.0,0.0,0.0,0.0,0.0,0.0,96.0,0
41.00_77.00,2022-01-31,41.0,77.0,0.0,0.0,0.0,0.0,0.0,0.0,97.0,0
41.00_77.00,2022-02-07,41.0,77.0,0.0,0.0,0.0,0.0,0.0,0.0,98.0,0
41.00_77.00,2022-02-14,41.0,77.0,0.0,0.0,0.0,0.0,0.0,0.0,99.0,0
41.00_77.00,2022-02-21,41.0,77.0,0.0,0.0,0.0,0.0,0.0,0.0,100.0,0
41.00_77.00,2022-02-28,41.0,77.0,0.0,0.0,0.0,0.0,0.0,0.0,101.0,0
41.00_77.00,2022-03-07,41.0,77.0,0.0,0.0,0.0,0.0,0.0,0.0,102.0,0
41.00_77.00,2022-03-14,41.0,77.0,0.0,0.0,0.0,0.0,0.0,0.0,103.0,0
41.00_77.00,2022-03-21,41.0,77.0,0.0,0.0,0.0,0.0,0.0,0.0,104.0,0
41.00_77.00,2022-03-28,41.0,77.0,0.0,0.0,0.0,0.0,0.0,0.0,105.0,0
41.00_77.00,2022-04-04,41.0,77.0,0.0,0.0,0.0,0.0,0.0,0.0,106.0,0
41.00_77.00,2022-04-11,41.0,77.0,0.0,0.0,0.0,0.0,0.0,0.0,107.0,0
41.00_77.00,2022-04-18,41.0,77.0,0.0,0.0,0.0,0.0,0.0,0.0,108.0,0
41.00_77.00,2022-04-25,41.0,77.0,0.0,0.0,0.0,0.0,0.0,0.0,109.0,0
41.00_77.00,2022-05-02,41.0,77.0,0.0,0.0,0.0,0.0,0.0,0.0,110.0,0
41.00_77.00,2022-05-09,41.0,77.0,0.0,0.0,0.0,0.0,0.0,0.0,111.0,0
41.00_77.00,2022-05-16,41.0,77.0,0.0,0.0,0.0,0.0,0.0,0.0,112.0,0
41.00_77.00,2022-05-23,41.0,77.0,0.0,0.0,0.0,0.0,0.0,0.0,113.0,1
41.00_77.00,2022-05-30,41.0,77.0,1.0,4.1,4.1,4.1,1.0,1412537.5446227526,114.0,0
41.00_77.00,2022-06-06,41.0,77.0,0.0,0.0,0.0,4.1,1.0,1412537.5446227526,115.0,0
41.00_77.00,2022-06-13,41.0,77.0,0.0,0.0,0.0,4.1,1.0,1412537.5446227526,116.0,0
41.00_77.00,2022-06-20,41.0,77.0,0.0,0.0,0.0,4.1,1.0,1412537.5446227526,117.0,0
41.00_77.00,2022-06-27,41.0,77.0,0.0,0.0,0.0,0.0,1.0,1412537.5446227526,118.0,2
41.00_77.00,2022-07-04,41.0,77.0,2.0,4.7,4.2,4.7,3.0,14627984.402611287,0.0,0
41.00_77.00,2022-07-11,41.0,77.0,0.0,0.0,0.0,4.7,3.0,14627984.402611287,1.0,1
41.00_77.00,2022-07-18,41.0,77.0,1.0,4.3,4.3,4.7,4.0,17446367.333875738,2.0,0
41.00_77.00,2022-07-25,41.0,77.0,0.0,0.0,0.0,4.7,4.0,16033829.789252983,3.0,0
41.00_77.00,2022-08-01,41.0,77.0,0.0,0.0,0.0,4.3,4.0,16033829.789252983,4.0,0
41.00_77.00,2022-08-08,41.0,77.0,0.0,0.0,0.0,4.3,4.0,16033829.789252983,5.0,2
41.00_77.00,2022-08-15,41.0,77.0,2.0,4.4,4.4,4.4,6.0,23995973.20032294,6.0,0
41.00_77.00,2022-08-22,41.0,77.0,0.0,0.0,0.0,4.4,5.0,23995973.20032294,7.0,0
41.00_77.00,2022-08-29,41.0,77.0,0.0,0.0,0.0,4.4,5.0,10780526.342334405,8.0,0
41.00_77.00,2022-09-05,41.0,77.0,0.0,0.0,0.0,4.4,5.0,10780526.342334405,9.0,0
41.00_77.00,2022-09-12,41.0,77.0,0.0,0.0,0.0,0.0,5.0,7962143.411069956,10.0,0
41.00_77.00,2022-09-19,41.0,77.0,0.0,0.0,0.0,0.0,5.0,7962143.411069956,11.0,0
41.00_77.00,2022-09-26,41.0,77.0,0.0,0.0,0.0,0.0,3.0,7962143.411069956,12.0,1
41.00_77.00,2022-10-03,41.0,77.0,1.0,4.3,4.3,4.3,4.0,10780526.342334405,13.0,0
41.00_77.00,2022-10-10,41.0,77.0,0.0,0.0,0.0,4.3,3.0,2818382.9312644494,14.0,0
41.00_77.00,2022-10-17,41.0,77.0,0.0,0.0,0.0,4.3,3.0,2818382.9312644494,15.0,0
41.00_77.00,2022-10-24,41.0,77.0,0.0,0.0,0.0,4.3,3.0,2818382.9312644494,16.0,0
41.00_77.00,2022-10-31,41.0,77.0,0.0,0.0,0.0,0.0,3.0,2818382.9312644494,17.0,0
41.00_77.00,2022-11-07,41.0,77.0,0.0,0.0,0.0,0.0,1.0,2818382.9312644494,18.0,0
41.00_77.00,2022-11-14,41.0,77.0,0.0,0.0,0.0,0.0,1.0,2818382.9312644494,19.0,0
41.00_77.00,2022-11-21,41.0,77.0,0.0,0.0,0.0,0.0,1.0,2818382.9312644494,20.0,0
41.00_77.00,2022-11-28,41.0,77.0,0.0,0.0,0.0,0.0,1.0,0.0,21.0,0
41.00_77.00,2022-12-05,41.0,77.0,0.0,0.0,0.0,0.0,1.0,0.0,22.0,1
41.00_77.00,2022-12-12,41.0,77.0,1.0,4.3,4.3,4.3,2.0,2818382.9312644494,23.0,0
41.00_77.00,2022-12-19,41.0,77.0,0.0,0.0,0.0,4.3,2.0,2818382.9312644494,24.0,0
41.00_77.00,2022-12-26,41.0,77.0,0.0,0.0,0.0,4.3,1.0,2818382.9312644494,25.0,2
41.00_77.00,2023-01-02,41.0,77.0,2.0,5.1,4.4,5.1,3.0,51467813.85189569,0.0,0
41.00_77.00,2023-01-09,41.0,77.0,0.0,0.0,0.0,5.1,3.0,51467813.85189569,1.0,0
41.00_77.00,2023-01-16,41.0,77.0,0.0,0.0,0.0,5.1,3.0,51467813.85189569,2.0,0
41.00_77.00,2023-01-23,41.0,77.0,0.0,0.0,0.0,5.1,3.0,51467813.85189569,3.0,1
41.00_77.00,2023-01-30,41.0,77.0,1.0,4.6,4.6,4.6,4.0,59411096.19913849,0.0,0
41.00_77.00,2023-02-06,41.0,77.0,0.0,0.0,0.0,4.6,4.0,56592713.26787404,1.0,0
41.00_77.00,2023-02-13,41.0,77.0,0.0,0.0,0.0,4.6,4.0,56592713.26787404,2.0,0
41.00_77.00,2023-02-20,41.0,77.0,0.0,0.0,0.0,4.6,4.0,56592713.26787404,3.0,2
41.00_77.00,2023-02-27,41.0,77.0,2.0,5.1,4.9,5.1,6.0,74998852.94802248,0.0,0
41.00_77.00,2023-03-06,41.0,77.0,0.0,0.0,0.0,5.1,5.0,74998852.94802248,1.0,0
41.00_77.00,2023-03-13,41.0,77.0,0.0,0.0,0.0,5.1,5.0,74998852.94802248,2.0,0
41.00_77.00,2023-03-20,41.0,77.0,0.0,0.0,0.0,5.1,5.0,74998852.94802248,3.0,0
41.00_77.00,2023-03-27,41.0,77.0,0.0,0.0,0.0,0.0,3.0,67055570.60077968,4.0,0
41.00_77.00,2023-04-03,41.0,77.0,0.0,0.0,0.0,0.0,3.0,67055570.60077968,5.0,0
41.00_77.00,2023-04-10,41.0,77.0,0.0,0.0,0.0,0.0,3.0,67055570.60077968,6.0,1
41.00_77.00,2023-04-17,41.0,77.0,1.0,4.3,4.3,4.3,4.0,69873953.53204413,7.0,0
41.00_77.00,2023-04-24,41.0,77.0,0.0,0.0,0.0,4.3,3.0,2818382.9312644494,8.0,0
41.00_77.00,2023-05-01,41.0,77.0,0.0,0.0,0.0,4.3,3.0,2818382.9312644494,9.0,0
41.00_77.00,2023-05-08,41.0,77.0,0.0,0.0,0.0,4.3,3.0,2818382.9312644494,10.0,0
41.00_77.00,2023-05-15,41.0,77.0,0.0,0.0,0.0,0.0,3.0,2818382.9312644494,11.0,0
41.00_77.00,2023-05-22,41.0,77.0,0.0,0.0,0.0,0.0,1.0,2818382.9312644494,12.0,0
41.00_77.00,2023-05-29,41.0,77.0,0.0,0.0,0.0,0.0,1.0,2818382.9312644494,13.0,0
41.00_77.00,2023-06-05,41.0,77.0,0.0,0.0,0.0,0.0,1.0,2818382.9312644494,14.0,0
41.00_77.00,2023-06-12,41.0,77.0,0.0,0.0,0.0,0.0,1.0,0.0,15.0,0
41.00_77.00,2023-06-19,41.0,77.0,0.0,0.0,0.0,0.0,1.0,0.0,16.0,0
41.00_77.00,2023-06-26,41.0,77.0,0.0,0.0,0.0,0.0,1.0,0.0,17.0,0
41.00_77.00,2023-07-03,41.0,77.0,0.0,0.0,0.0,0.0,1.0,0.0,18.0,0
41.00_77.00,2023-07-10,41.0,77.0,0.0,0.0,0.0,0.0,0.0,0.0,19.0,0
41.00_77.00,2023-07-17,41.0,77.0,0.0,0.0,0.0,0.0,0.0,0.0,20.0,0
41.00_77.00,2023-07-24,41.0,77.0,0.0,0.0,0.0,0.0,0.0,0.0,21.0,0
41.00_77.00,2023-07-31,41.0,77.0,0.0,0.0,0.0,0.0,0.0,0.0,22.0,0
41.00_77.00,2023-08-07,41.0,77.0,0.0,0.0,0.0,0.0,0.0,0.0,23.0,0
41.00_77.00,2023-08-14,41.0,77.0,0.0,0.0,0.0,0.0,0.0,0.0,24.0,0
41.00_77.00,2023-08-21,41.0,77.0,0.0,0.0,0.0,0.0,0.0,0.0,25.0,0
41.00_77.00,2023-08-28,41.0,77.0,0.0,0.0,0.0,0.0,0.0,0.0,26.0,0
41.00_77.00,2023-09-04,41.0,77.0,0.0,0.0,0.0,0.0,0.0,0.0,27.0,0
41.00_77.00,2023-09-11,41.0,77.0,0.0,0.0,0.0,0.0,0.0,0.0,28.0,0
41.00_77.00,2023-09-18,41.0,77.0,0.0,0.0,0.0,0.0,0.0,0.0,29.0,0
41.00_77.00,2023-09-25,41.0,77.0,0.0,0.0,0.0,0.0,0.0,0.0,30.0,1
41.00_77.00,2023-10-02,41.0,77.0,1.0,4.1,4.1,4.1,1.0,1412537.5446227526,31.0,0
41.00_77.00,2023-10-09,41.0,77.0,0.0,0.0,0.0,4.1,1.0,1412537.5446227526,32.0,0
41.00_77.00,2023-10-16,41.0,77.0,0.0,0.0,0.0,4.1,1.0,1412537.5446227526,33.0,0
41.00_77.00,2023-10-23,41.0,77.0,0.0,0.0,0.0,4.1,1.0,1412537.5446227526,34.0,0
41.00_77.00,2023-10-30,41.0,77.0,0.0,0.0,0.0,0.0,1.0,1412537.5446227526,35.0,0
41.00_77.00,2023-11-06,41.0,77.0,0.0,0.0,0.0,0.0,1.0,1412537.5446227526,36.0,0
41.00_77.00,2023-11-13,41.0,77.0,0.0,0.0,0.0,0.0,1.0,1412537.5446227526,37.0,0
41.00_77.00,2023-11-20,41.0,77.0,0.0,0.0,0.0,0.0,1.0,1412537.5446227526,38.0,0
41.00_77.00,2023-11-27,41.0,77.0,0.0,0.0,0.0,0.0,1.0,0.0,39.0,0
41.00_77.00,2023-12-04,41.0,77.0,0.0,0.0,0.0,0.0,1.0,0.0,40.0,0
41.00_77.00,2023-12-11,41.0,77.0,0.0,0.0,0.0,0.0,1.0,0.0,41.0,0
41.00_77.00,2023-12-18,41.0,77.0,0.0,0.0,0.0,0.0,1.0,0.0,42.0,0
41.00_77.00,2023-12-25,41.0,77.0,0.0,0.0,0.0,0.0,0.0,0.0,43.0,0
41.00_80.00,2010-03-22,41.0,80.0,0.0,0.0,0.0,0.0,0.0,0.0,500.0,0
41.00_80.00,2010-03-29,41.0,80.0,0.0,0.0,0.0,0.0,0.0,0.0,500.0,0
41.00_80.00,2010-04-05,41.0,80.0,0.0,0.0,0.0,0.0,0.0,0.0,500.0,0
41.00_80.00,2010-04-12,41.0,80.0,0.0,0.0,0.0,0.0,0.0,0.0,500.0,0
41.00_80.00,2010-04-19,41.0,80.0,0.0,0.0,0.0,0.0,0.0,0.0,500.0,0
41.00_80.00,2010-04-26,41.0,80.0,0.0,0.0,0.0,0.0,0.0,0.0,500.0,0
41.00_80.00,2010-05-03,41.0,80.0,0.0,0.0,0.0,0.0,0.0,0.0,500.0,0
41.00_80.00,2010-05-10,41.0,80.0,0.0,0.0,0.0,0.0,0.0,0.0,500.0,0
41.00_80.00,2010-05-17,41.0,80.0,0.0,0.0,0.0,0.0,0.0,0.0,500.0,0
41.00_80.00,2010-05-24,41.0,80.0,0.0,0.0,0.0,0.0,0.0,0.0,500.0,0
41.00_80.00,2010-05-31,41.0,80.0,0.0,0.0,0.0,0.0,0.0,0.0,500.0,0
41.00_80.00,2010-06-07,41.0,80.0,0.0,0.0,0.0,0.0,0.0,0.0,500.0,0
41.00_80.00,2010-06-14,41.0,80.0,0.0,0.0,0.0,0.0,0.0,0.0,500.0,1
41.00_80.00,2010-06-21,41.0,80.0,1.0,4.1,4.1,4.1,1.0,1412537.5446227526,500.0,3
41.00_80.00,2010-06-28,41.0,80.0,3.0,4.6,4.3,4.6,4.0,14992585.754394457,0.0,0
41.00_80.00,2010-07-05,41.0,80.0,0.0,0.0,0.0,4.6,4.0,14992585.754394457,1.0,0
41.00_80.00,2010-07-12,41.0,80.0,0.0,0.0,0.0,4.6,4.0,14992585.754394457,2.0,0
41.00_80.00,2010-07-19,41.0,80.0,0.0,0.0,0.0,4.6,4.0,14992585.754394457,3.0,0
41.00_80.00,2010-07-26,41.0,80.0,0.0,0.0,0.0,0.0,4.0,14992585.754394457,4.0,0
41.00_80.00,2010-08-02,41.0,80.0,0.0,0.0,0.0,0.0,4.0,14992585.754394457,5.0,0
41.00_80.00,2010-08-09,41.0,80.0,0.0,0.0,0.0,0.0,4.0,14992585.754394457,6.0,1
41.00_80.00,2010-08-16,41.0,80.0,1.0,4.5,4.5,4.5,5.0,19203461.461675197,0.0,0
41.00_80.00,2010-08-23,41.0,80.0,0.0,0.0,0.0,4.5,5.0,5623413.251903491,1.0,0
41.00_80.00,2010-08-30,41.0,80.0,0.0,0.0,0.0,4.5,5.0,5623413.251903491,2.0,0
41.00_80.00,2010-09-06,41.0,80.0,0.0,0.0,0.0,4.5,5.0,5623413.251903491,3.0,0
41.00_80.00,2010-09-13,41.0,80.0,0.0,0.0,0.0,0.0,4.0,5623413.251903491,4.0,0
41.00_80.00,2010-09-20,41.0,80.0,0.0,0.0,0.0,0.0,1.0,5623413.251903491,5.0,0
41.00_80.00,2010-09-27,41.0,80.0,0.0,0.0,0.0,0.0,1.0,5623413.251903491,6.0,0
41.00_80.00,2010-10-04,41.0,80.0,0.0,0.0,0.0,0.0,1.0,5623413.251903491,7.0,0
41.00_80.00,2010-10-11,41.0,80.0,0.0,0.0,0.0,0.0,1.0,0.0,8.0,0
41.00_80.00,2010-10-18,41.0,80.0,0.0,0.0,0.0,0.0,1.0,0.0,9.0,0
41.00_80.00,2010-10-25,41.0,80.0,0.0,0.0,0.0,0.0,1.0,0.0,10.0,0
41.00_80.00,2010-11-01,41.0,80.0,0.0,0.0,0.0,0.0,1.0,0.0,11.0,0
41.00_80.00,2010-11-08,41.0,80.0,0.0,0.0,0.0,0.0,0.0,0.0,12.0,0
41.00_80.00,2010-11-15,41.0,80.0,0.0,0.0,0.0,0.0,0.0,0.0,13.0,0
41.00_80.00,2010-11-22,41.0,80.0,0.0,0.0,0.0,0.0,0.0,0.0,14.0,0
41.00_80.00,2010-11-29,41.0,80.0,0.0,0.0,0.0,0.0,0.0,0.0,15.0,0
41.00_80.00,2010-12-06,41.0,80.0,0.0,0.0,0.0,0.0,0.0,0.0,16.0,0
41.00_80.00,2010-12-13,41.0,80.0,0.0,0.0,0.0,0.0,0.0,0.0,17.0,0
41.00_80.00,2010-12-20,41.0,80.0,0.0,0.0,0.0,0.0,0.0,0.0,18.0,0
41.00_80.00,2010-12-27,41.0,80.0,0.0,0.0,0.0,0.0,0.0,0.0,19.0,0
41.00_80.00,2011-01-03,41.0,80.0,0.0,0.0,0.0,0.0,0.0,0.0,20.0,0
41.00_80.00,2011-01-10,41.0,80.0,0.0,0.0,0.0,0.0,0.0,0.0,21.0,0
41.00_80.00,2011-01-17,41.0,80.0,0.0,0.0,0.0,0.0,0.0,0.0,22.0,0
41.00_80.00,2011-01-24,41.0,80.0,0.0,0.0,0.0,0.0,0.0,0.0,23.0,0
41.00_80.00,2011-01-31,41.0,80.0,0.0,0.0,0.0,0.0,0.0,0.0,24.0,0
41.00_80.00,2011-02-07,41.0,80.0,0.0,0.0,0.0,0.0,0.0,0.0,25.0,0
41.00_80.00,2011-02-14,41.0,80.0,0.0,0.0,0.0,0.0,0.0,0.0,26.0,0
41.00_80.00,2011-02-21,41.0,80.0,0.0,0.0,0.0,0.0,0.0,0.0,27.0,0
41.00_80.00,2011-02-28,41.0,80.0,0.0,0.0,0.0,0.0,0.0,0.0,28.0,0
41.00_80.00,2011-03-07,41.0,80.0,0.0,0.0,0.0,0.0,0.0,0.0,29.0,0
41.00_80.00,2011-03-14,41.0,80.0,0.0,0.0,0.0,0.0,0.0,0.0,30.0,0
41.00_80.00,2011-03-21,41.0,80.0,0.0,0.0,0.0,0.0,0.0,0.0,31.0,0
41.00_80.00,2011-03-28,41.0,80.0,0.0,0.0,0.0,0.0,0.0,0.0,32.0,0
41.00_80.00,2011-04-04,41.0,80.0,0.0,0.0,0.0,0.0,0.0,0.0,33.0,0
41.00_80.00,2011-04-11,41.0,80.0,0.0,0.0,0.0,0.0,0.0,0.0,34.0,0
41.00_80.00,2011-04-18,41.0,80.0,0.0,0.0,0.0,0.0,0.0,0.0,35.0,0
41.00_80.00,2011-04-25,41.0,80.0,0.0,0.0,0.0,0.0,0.0,0.0,36.0,0
41.00_80.00,2011-05-02,41.0,80.0,0.0,0.0,0.0,0.0,0.0,0.0,37.0,0
41.00_80.00,2011-05-09,41.0,80.0,0.0,0.0,0.0,0.0,0.0,0.0,38.0,2
41.00_80.00,2011-05-16,41.0,80.0,2.0,4.8,4.0,4.8,2.0,16848931.924611107,0.0,2
41.00_80.00,2011-05-23,41.0,80.0,2.0,4.9,4.2,4.9,4.0,41231405.625263415,0.0,3
41.00_80.00,2011-05-30,41.0,80.0,3.0,4.7,4.5,4.9,7.0,63698416.67209005,0.0,0
41.00_80.00,2011-06-06,41.0,80.0,0.0,0.0,0.0,4.9,7.0,63698416.67209005,1.0,0
41.00_80.00,2011-06-13,41.0,80.0,0.0,0.0,0.0,4.9,7.0,63698416.67209005,2.0,0
41.00_80.00,2011-06-20,41.0,80.0,0.0,0.0,0.0,4.7,7.0,63698416.67209005,3.0,0
41.00_80.00,2011-06-27,41.0,80.0,0.0,0.0,0.0,0.0,7.0,63698416.67209005,4.0,0
41.00_80.00,2011-07-04,41.0,80.0,0.0,0.0,0.0,0.0,7.0,63698416.67209005,5.0,0
41.00_80.00,2011-07-11,41.0,80.0,0.0,0.0,0.0,0.0,7.0,46849484.74747895,6.0,2
41.00_80.00,2011-07-18,41.0,80.0,2.0,4.5,4.5,4.5,9.0,33713837.55063362,0.0,0
41.00_80.00,2011-07-25,41.0,80.0,0.0,0.0,0.0,4.5,9.0,11246826.503806982,1.0,0
41.00_80.00,2011-08-01,41.0,80.0,0.0,0.0,0.0,4.5,9.0,11246826.503806982,2.0,0
41.00_80.00,2011-08-08,41.0,80.0,0.0,0.0,0.0,4.5,7.0,11246826.503806982,3.0,0
41.00_80.00,2011-08-15,41.0,80.0,0.0,0.0,0.0,0.0,5.0,11246826.503806982,4.0,0
41.00_80.00,2011-08-22,41.0,80.0,0.0,0.0,0.0,0.0,2.0,11246826.503806982,5.0,0
41.00_80.00,2011-08-29,41.0,80.0,0.0,0.0,0.0,0.0,2.0,11246826.503806982,6.0,0
41.00_80.00,2011-09-05,41.0,80.0,0.0,0.0,0.0,0.0,2.0,11246826.503806982,7.0,0
41.00_80.00,2011-09-12,41.0,80.0,0.0,0.0,0.0,0.0,2.0,0.0,8.0,0
41.00_80.00,2011-09-19,41.0,80.0,0.0,0.0,0.0,0.0,2.0,0.0,9.0,0
41.00_80.00,2011-09-26,41.0,80.0,0.0,0.0,0.0,0.0,2.0,0.0,10.0,0
41.00_80.00,2011-10-03,41.0,80.0,0.0,0.0,0.0,0.0,2.0,0.0,11.0,0
41.00_80.00,2011-10-10,41.0,80.0,0.0,0.0,0.0,0.0,0.0,0.0,12.0,0
41.00_80.00,2011-10-17,41.0,80.0,0.0,0.0,0.0,0.0,0.0,0.0,13.0,0
41.00_80.00,2011-10-24,41.0,80.0,0.0,0.0,0.0,0.0,0.0,0.0,14.0,0
41.00_80.00,2011-10-31,41.0,80.0,0.0,0.0,0.0,0.0,0.0,0.0,15.0,1
41.00_80.00,2011-11-07,41.0,80.0,1.0,5.6,5.6,5.6,1.0,251188643.1509572,0.0,0
41.00_80.00,2011-11-14,41.0,80.0,0.0,0.0,0.0,5.6,1.0,251188643.1509572,1.0,0
41.00_80.00,2011-11-21,41.0,80.0,0.0,0.0,0.0,5.6,1.0,251188643.1509572,2.0,0
41.00_80.00,2011-11-28,41.0,80.0,0.0,0.0,0.0,5.6,1.0,251188643.1509572,3.0,0
41.00_80.00,2011-12-05,41.0,80.0,0.0,0.0,0.0,0.0,1.0,251188643.1509572,4.0,0
41.00_80.00,2011-12-12,41.0,80.0,0.0,0.0,0.0,0.0,1.0,251188643.1509572,5.0,0
41.00_80.00,2011-12-19,41.0,80.0,0.0,0.0,0.0,0.0,1.0,251188643.1509572,6.0,0
41.00_80.00,2011-12-26,41.0,80.0,0.0,0.0,0.0,0.0,1.0,251188643.1509572,7.0,0
41.00_80.00,2012-01-02,41.0,80.0,0.0,0.0,0.0,0.0,1.0,0.0,8.0,0
41.00_80.00,2012-01-09,41.0,80.0,0.0,0.0,0.0,0.0,1.0,0.0,9.0,0
41.00_80.00,2012-01-16,41.0,80.0,0.0,0.0,0.0,0.0,1.0,0.0,10.0,0
41.00_80.00,2012-01-23,41.0,80.0,0.0,0.0,0.0,0.0,1.0,0.0,11.0,0
41.00_80.00,2012-01-30,41.0,80.0,0.0,0.0,0.0,0.0,0.0,0.0,12.0,0
41.00_80.00,2012-02-06,41.0,80.0,0.0,0.0,0.0,0.0,0.0,0.0,13.0,0
41.00_80.00,2012-02-13,41.0,80.0,0.0,0.0,0.0,0.0,0.0,0.0,14.0,0
41.00_80.00,2012-02-20,41.0,80.0,0.0,0.0,0.0,0.0,0.0,0.0,15.0,0
41.00_80.00,2012-02-27,41.0,80.0,0.0,0.0,0.0,0.0,0.0,0.0,16.0,0
41.00_80.00,2012-03-05,41.0,80.0,0.0,0.0,0.0,0.0,0.0,0.0,17.0,0
41.00_80.00,2012-03-12,41.0,80.0,0.0,0.0,0.0,0.0,0.0,0.0,18.0,0
41.00_80.00,2012-03-19,41.0,80.0,0.0,0.0,0.0,0.0,0.0,0.0,19.0,0
41.00_80.00,2012-03-26,41.0,80.0,0.0,0.0,0.0,0.0,0.0,0.0,20.0,0
41.00_80.00,2012-04-02,41.0,80.0,0.0,0.0,0.0,0.0,0.0,0.0,21.0,0
41.00_80.00,2012-04-09,41.0,80.0,0.0,0.0,0.0,0.0,0.0,0.0,22.0,0
41.00_80.00,2012-04-16,41.0,80.0,0.0,0.0,0.0,0.0,0.0,0.0,23.0,0
41.00_80.00,2012-04-23,41.0,80.0,0.0,0.0,0.0,0.0,0.0,0.0,24.0,0
41.00_80.00,2012-04-30,41.0,80.0,0.0,0.0,0.0,0.0,0.0,0.0,25.0,0
41.00_80.00,2012-05-07,41.0,80.0,0.0,0.0,0.0,0.0,0.0,0.0,26.0,0
41.00_80.00,2012-05-14,41.0,80.0,0.0,0.0,0.0,0.0,0.0,0.0,27.0,0
41.00_80.00,2012-05-21,41.0,80.0,0.0,0.0,0.0,0.0,0.0,0.0,28.0,0
41.00_80.00,2012-05-28,41.0,80.0,0.0,0.0,0.0,0.0,0.0,0.0,29.0,0
41.00_80.00,2012-06-04,41.0,80.0,0.0,0.0,0.0,0.0,0.0,0.0,30.0,0
41.00_80.00,2012-06-11,41.0,80.0,0.0,0.0,0.0,0.0,0.0,0.0,31.0,0
41.00_80.00,2012-06-18,41.0,80.0,0.0,0.0,0.0,0.0,0.0,0.0,32.0,0
41.00_80.00,2012-06-25,41.0,80.0,0.0,0.0,0.0,0.0,0.0,0.0,33.0,0
41.00_80.00,2012-07-02,41.0,80.0,0.0,0.0,0.0,0.0,0.0,0.0,34.0,0
41.00_80.00,2012-07-09,41.0,80.0,0.0,0.0,0.0,0.0,0.0,0.0,35.0,0
41.00_80.00,2012-07-16,41.0,80.0,0.0,0.0,0.0,0.0,0.0,0.0,36.0,1
41.00_80.00,2012-07-23,41.0,80.0,1.0,4.5,4.5,4.5,1.0,5623413.251903491,0.0,0
41.00_80.00,2012-07-30,41.0,80.0,0.0,0.0,0.0,4.5,1.0,5623413.251903491,1.0,0
41.00_80.00,2012-08-06,41.0,80.0,0.0,0.0,0.0,4.5,1.0,5623413.251903491,2.0,0
41.00_80.00,2012-08-13,41.0,80.0,0.0,0.0,0.0,4.5,1.0,5623413.251903491,3.0,0
41.00_80.00,2012-08-20,41.0,80.0,0.0,0.0,0.0,0.0,1.0,5623413.251903491,4.0,0
41.00_80.00,2012-08-27,41.0,80.0,0.0,0.0,0.0,0.0,1.0,5623413.251903491,5.0,0
41.00_80.00,2012-09-03,41.0,80.0,0.0,0.0,0.0,0.0,1.0,5623413.251903491,6.0,1
41.00_80.00,2012-09-10,41.0,80.0,1.0,4.2,4.2,4.2,2.0,7618675.566872374,7.0,1
41.00_80.00,2012-09-17,41.0,80.0,1.0,5.0,5.0,5.0,3.0,33618038.91665267,0.0,0
41.00_80.00,2012-09-24,41.0,80.0,0.0,0.0,0.0,5.0,3.0,33618038.91665268,1.0,1
41.00_80.00,2012-10-01,41.0,80.0,1.0,4.7,4.7,5.0,4.0,44838223.45967233,0.0,0
41.00_80.00,2012-10-08,41.0,80.0,0.0,0.0,0.0,5.0,4.0,44838223.45967233,1.0,0
41.00_80.00,2012-10-15,41.0,80.0,0.0,0.0,0.0,4.7,3.0,44838223.45967233,2.0,0
41.00_80.00,2012-10-22,41.0,80.0,0.0,0.0,0.0,4.7,3.0,44838223.45967233,3.0,0
41.00_80.00,2012-10-29,41.0,80.0,0.0,0.0,0.0,0.0,3.0,44838223.45967233,4.0,0
41.00_80.00,2012-11-05,41.0,80.0,0.0,0.0,0.0,0.0,3.0,42842961.14470345,5.0,0
41.00_80.00,2012-11-12,41.0,80.0,0.0,0.0,0.0,0.0,3.0,11220184.543019652,6.0,0
41.00_80.00,2012-11-19,41.0,80.0,0.0,0.0,0.0,0.0,3.0,11220184.543019652,7.0,0
41.00_80.00,2012-11-26,41.0,80.0,0.0,0.0,0.0,0.0,3.0,0.0,8.0,0
41.00_80.00,2012-12-03,41.0,80.0,0.0,0.0,0.0,0.0,2.0,0.0,9.0,0
41.00_80.00,2012-12-10,41.0,80.0,0.0,0.0,0.0,0.0,1.0,0.0,10.0,0
41.00_80.00,2012-12-17,41.0,80.0,0.0,0.0,0.0,0.0,1.0,0.0,11.0,0
41.00_80.00,2012-12-24,41.0,80.0,0.0,0.0,0.0,0.0,0.0,0.0,12.0,0
41.00_80.00,2012-12-31,41.0,80.0,0.0,0.0,0.0,0.0,0.0,0.0,13.0,0
41.00_80.00,2013-01-07,41.0,80.0,0.0,0.0,0.0,0.0,0.0,0.0,14.0,0
41.00_80.00,2013-01-14,41.0,80.0,0.0,0.0,0.0,0.0,0.0,0.0,15.0,1
41.00_80.00,2013-01-21,41.0,80.0,1.0,4.4,4.4,4.4,1.0,3981071.7055349774,16.0,0
41.00_80.00,2013-01-28,41.0,80.0,0.0,0.0,0.0,4.4,1.0,3981071.7055349774,17.0,0
41.00_80.00,2013-02-04,41.0,80.0,0.0,0.0,0.0,4.4,1.0,3981071.7055349774,18.0,0
41.00_80.00,2013-02-11,41.0,80.0,0.0,0.0,0.0,4.4,1.0,3981071.7055349774,19.0,0
41.00_80.00,2013-02-18,41.0,80.0,0.0,0.0,0.0,0.0,1.0,3981071.7055349774,20.0,0
41.00_80.00,2013-02-25,41.0,80.0,0.0,0.0,0.0,0.0,1.0,3981071.7055349774,21.0,0
41.00_80.00,2013-03-04,41.0,80.0,0.0,0.0,0.0,0.0,1.0,3981071.7055349774,22.0,0
41.00_80.00,2013-03-11,41.0,80.0,0.0,0.0,0.0,0.0,1.0,3981071.7055349774,23.0,0
41.00_80.00,2013-03-18,41.0,80.0,0.0,0.0,0.0,0.0,1.0,0.0,24.0,0
41.00_80.00,2013-03-25,41.0,80.0,0.0,0.0,0.0,0.0,1.0,0.0,25.0,0
41.00_80.00,2013-04-01,41.0,80.0,0.0,0.0,0.0,0.0,1.0,0.0,26.0,0
41.00_80.00,2013-04-08,41.0,80.0,0.0,0.0,0.0,0.0,1.0,0.0,27.0,0
41.00_80.00,2013-04-15,41.0,80.0,0.0,0.0,0.0,0.0,0.0,0.0,28.0,0
41.00_80.00,2013-04-22,41.0,80.0,0.0,0.0,0.0,0.0,0.0,0.0,29.0,0
41.00_80.00,2013-04-29,41.0,80.0,0.0,0.0,0.0,0.0,0.0,0.0,30.0,0
41.00_80.00,2013-05-06,41.0,80.0,0.0,0.0,0.0,0.0,0.0,0.0,31.0,0
41.00_80.00,2013-05-13,41.0,80.0,0.0,0.0,0.0,0.0,0.0,0.0,32.0,0
41.00_80.00,2013-05-20,41.0,80.0,0.0,0.0,0.0,0.0,0.0,0.0,33.0,0
41.00_80.00,2013-05-27,41.0,80.0,0.0,0.0,0.0,0.0,0.0,0.0,34.0,0
41.00_80.00,2013-06-03,41.0,80.0,0.0,0.0,0.0,0.0,0.0,0.0,35.0,1
41.00_80.00,2013-06-10,41.0,80.0,1.0,4.5,4.5,4.5,1.0,5623413.251903491,0.0,0
41.00_80.00,2013-06-17,41.0,80.0,0.0,0.0,0.0,4.5,1.0,5623413.251903491,1.0,0
41.00_80.00,2013-06-24,41.0,80.0,0.0,0.0,0.0,4.5,1.0,5623413.251903491,2.0,0
41.00_80.00,2013-07-01,41.0,80.0,0.0,0.0,0.0,4.5,1.0,5623413.251903491,3.0,0
41.00_80.00,2013-07-08,41.0,80.0,0.0,0.0,0.0,0.0,1.0,5623413.251903491,4.0,0
41.00_80.00,2013-07-15,41.0,80.0,0.0,0.0,0.0,0.0,1.0,5623413.251903491,5.0,0
41.00_80.00,2013-07-22,41.0,80.0,0.0,0.0,0.0,0.0,1.0,5623413.251903491,6.0,0
41.00_80.00,2013-07-29,41.0,80.0,0.0,0.0,0.0,0.0,1.0,5623413.251903491,7.0,0
41.00_80.00,2013-08-05,41.0,80.0,0.0,0.0,0.0,0.0,1.0,0.0,8.0,0
41.00_80.00,2013-08-12,41.0,80.0,0.0,0.0,0.0,0.0,1.0,0.0,9.0,0
41.00_80.00,2013-08-19,41.0,80.0,0.0,0.0,0.0,0.0,1.0,0.0,10.0,0
41.00_80.00,2013-08-26,41.0,80.0,0.0,0.0,0.0,0.0,1.0,0.0,11.0,0
41.00_80.00,2013-09-02,41.0,80.0,0.0,0.0,0.0,0.0,0.0,0.0,12.0,0
41.00_80.00,2013-09-09,41.0,80.0,0.0,0.0,0.0,0.0,0.0,0.0,13.0,0
41.00_80.00,2013-09-16,41.0,80.0,0.0,0.0,0.0,0.0,0.0,0.0,14.0,0
41.00_80.00,2013-09-23,41.0,80.0,0.0,0.0,0.0,0.0,0.0,0.0,15.0,0
41.00_80.00,2013-09-30,41.0,80.0,0.0,0.0,0.0,0.0,0.0,0.0,16.0,0
41.00_80.00,2013-10-07,41.0,80.0,0.0,0.0,0.0,0.0,0.0,0.0,17.0,0
41.00_80.00,2013-10-14,41.0,80.0,0.0,0.0,0.0,0.0,0.0,0.0,18.0,0
41.00_80.00,2013-10-21,41.0,80.0,0.0,0.0,0.0,0.0,0.0,0.0,19.0,0
41.00_80.00,2013-10-28,41.0,80.0,0.0,0.0,0.0,0.0,0.0,0.0,20.0,0
41.00_80.00,2013-11-04,41.0,80.0,0.0,0.0,0.0,0.0,0.0,0.0,21.0,0
41.00_80.00,2013-11-11,41.0,80.0,0.0,0.0,0.0,0.0,0.0,0.0,22.0,1
41.00_80.00,2013-11-18,41.0,80.0,1.0,4.2,4.2,4.2,1.0,1995262.3149688828,23.0,0
41.00_80.00,2013-11-25,41.0,80.0,0.0,0.0,0.0,4.2,1.0,1995262.3149688828,24.0,0
41.00_80.00,2013-12-02,41.0,80.0,0.0,0.0,0.0,4.2,1.0,1995262.3149688828,25.0,0
41.00_80.00,2013-12-09,41.0,80.0,0.0,0.0,0.0,4.2,1.0,1995262.3149688828,26.0,0
41.00_80.00,2013-12-16,41.0,80.0,0.0,0.0,0.0,0.0,1.0,1995262.3149688828,27.0,0
41.00_80.00,2013-12-23,41.0,80.0,0.0,0.0,0.0,0.0,1.0,1995262.3149688828,28.0,0
41.00_80.00,2013-12-30,41.0,80.0,0.0,0.0,0.0,0.0,1.0,1995262.3149688828,29.0,0
41.00_80.00,2014-01-06,41.0,80.0,0.0,0.0,0.0,0.0,1.0,1995262.3149688828,30.0,0
41.00_80.00,2014-01-13,41.0,80.0,0.0,0.0,0.0,0.0,1.0,0.0,31.0,0
41.00_80.00,2014-01-20,41.0,80.0,0.0,0.0,0.0,0.0,1.0,0.0,32.0,0
41.00_80.00,2014-01-27,41.0,80.0,0.0,0.0,0.0,0.0,1.0,0.0,33.0,0
41.00_80.00,2014-02-03,41.0,80.0,0.0,0.0,0.0,0.0,1.0,0.0,34.0,0
41.00_80.00,2014-02-10,41.0,80.0,0.0,0.0,0.0,0.0,0.0,0.0,35.0,0
41.00_80.00,2014-02-17,41.0,80.0,0.0,0.0,0.0,0.0,0.0,0.0,36.0,0
41.00_80.00,2014-02-24,41.0,80.0,0.0,0.0,0.0,0.0,0.0,0.0,37.0,0
41.00_80.00,2014-03-03,41.0,80.0,0.0,0.0,0.0,0.0,0.0,0.0,38.0,0
41.00_80.00,2014-03-10,41.0,80.0,0.0,0.0,0.0,0.0,0.0,0.0,39.0,0
41.00_80.00,2014-03-17,41.0,80.0,0.0,0.0,0.0,0.0,0.0,0.0,40.0,0
41.00_80.00,2014-03-24,41.0,80.0,0.0,0.0,0.0,0.0,0.0,0.0,41.0,0
41.00_80.00,2014-03-31,41.0,80.0,0.0,0.0,0.0,0.0,0.0,0.0,42.0,0
41.00_80.00,2014-04-07,41.0,80.0,0.0,0.0,0.0,0.0,0.0,0.0,43.0,0
41.00_80.00,2014-04-14,41.0,80.0,0.0,0.0,0.0,0.0,0.0,0.0,44.0,0
41.00_80.00,2014-04-21,41.0,80.0,0.0,0.0,0.0,0.0,0.0,0.0,45.0,0
41.00_80.00,2014-04-28,41.0,80.0,0.0,0.0,0.0,0.0,0.0,0.0,46.0,0
41.00_80.00,2014-05-05,41.0,80.0,0.0,0.0,0.0,0.0,0.0,0.0,47.0,0
41.00_80.00,2014-05-12,41.0,80.0,0.0,0.0,0.0,0.0,0.0,0.0,48.0,0
41.00_80.00,2014-05-19,41.0,80.0,0.0,0.0,0.0,0.0,0.0,0.0,49.0,0
41.00_80.00,2014-05-26,41.0,80.0,0.0,0.0,0.0,0.0,0.0,0.0,50.0,0
41.00_80.00,2014-06-02,41.0,80.0,0.0,0.0,0.0,0.0,0.0,0.0,51.0,0
41.00_80.00,2014-06-09,41.0,80.0,0.0,0.0,0.0,0.0,0.0,0.0,52.0,1
41.00_80.00,2014-06-16,41.0,80.0,1.0,4.0,4.0,4.0,1.0,1000000.0,53.0,0
41.00_80.00,2014-06-23,41.0,80.0,0.0,0.0,0.0,4.0,1.0,1000000.0,54.0,0
41.00_80.00,2014-06-30,41.0,80.0,0.0,0.0,0.0,4.0,1.0,1000000.0,55.0,0
41.00_80.00,2014-07-07,41.0,80.0,0.0,0.0,0.0,4.0,1.0,1000000.0,56.0,0
41.00_80.00,2014-07-14,41.0,80.0,0.0,0.0,0.0,0.0,1.0,1000000.0,57.0,0
41.00_80.00,2014-07-21,41.0,80.0,0.0,0.0,0.0,0.0,1.0,1000000.0,58.0,0
41.00_80.00,2014-07-28,41.0,80.0,0.0,0.0,0.0,0.0,1.0,1000000.0,59.0,0
41.00_80.00,2014-08-04,41.0,80.0,0.0,0.0,0.0,0.0,1.0,1000000.0,60.0,0
41.00_80.00,2014-08-11,41.0,80.0,0.0,0.0,0.0,0.0,1.0,0.0,61.0,0
41.00_80.00,2014-08-18,41.0,80.0,0.0,0.0,0.0,0.0,1.0,0.0,62.0,0
41.00_80.00,2014-08-25,41.0,80.0,0.0,0.0,0.0,0.0,1.0,0.0,63.0,1
41.00_80.00,2014-09-01,41.0,80.0,1.0,4.7,4.7,4.7,2.0,11220184.543019652,0.0,0
41.00_80.00,2014-09-08,41.0,80.0,0.0,0.0,0.0,4.7,1.0,11220184.543019652,1.0,0
41.00_80.00,2014-09-15,41.0,80.0,0.0,0.0,0.0,4.7,1.0,11220184.543019652,2.0,0
41.00_80.00,2014-09-22,41.0,80.0,0.0,0.0,0.0,4.7,1.0,11220184.543019652,3.0,0
41.00_80.00,2014-09-29,41.0,80.0,0.0,0.0,0.0,0.0,1.0,11220184.543019652,4.0,0
41.00_80.00,2014-10-06,41.0,80.0,0.0,0.0,0.0,0.0,1.0,11220184.543019652,5.0,0
41.00_80.00,2014-10-13,41.0,80.0,0.0,0.0,0.0,0.0,1.0,11220184.543019652,6.0,0
41.00_80.00,2014-10-20,41.0,80.0,0.0,0.0,0.0,0.0,1.0,11220184.543019652,7.0,0
41.00_80.00,2014-10-27,41.0,80.0,0.0,0.0,0.0,0.0,1.0,0.0,8.0,0
41.00_80.00,2014-11-03,41.0,80.0,0.0,0.0,0.0,0.0,1.0,0.0,9.0,0
41.00_80.00,2014-11-10,41.0,80.0,0.0,0.0,0.0,0.0,1.0,0.0,10.0,0
41.00_80.00,2014-11-17,41.0,80.0,0.0,0.0,0.0,0.0,1.0,0.0,11.0,0
41.00_80.00,2014-11-24,41.0,80.0,0.0,0.0,0.0,0.0,0.0,0.0,12.0,0
41.00_80.00,2014-12-01,41.0,80.0,0.0,0.0,0.0,0.0,0.0,0.0,13.0,0
41.00_80.00,2014-12-08,41.0,80.0,0.0,0.0,0.0,0.0,0.0,0.0,14.0,0
41.00_80.00,2014-12-15,41.0,80.0,0.0,0.0,0.0,0.0,0.0,0.0,15.0,1
41.00_80.00,2014-12-22,41.0,80.0,1.0,4.2,4.2,4.2,1.0,1995262.3149688828,16.0,0
41.00_80.00,2014-12-29,41.0,80.0,0.0,0.0,0.0,4.2,1.0,1995262.3149688828,17.0,0
41.00_80.00,2015-01-05,41.0,80.0,0.0,0.0,0.0,4.2,1.0,1995262.3149688828,18.0,0
41.00_80.00,2015-01-12,41.0,80.0,0.0,0.0,0.0,4.2,1.0,1995262.3149688828,19.0,0
41.00_80.00,2015-01-19,41.0,80.0,0.0,0.0,0.0,0.0,1.0,1995262.3149688828,20.0,0
41.00_80.00,2015-01-26,41.0,80.0,0.0,0.0,0.0,0.0,1.0,1995262.3149688828,21.0,0
41.00_80.00,2015-02-02,41.0,80.0,0.0,0.0,0.0,0.0,1.0,1995262.3149688828,22.0,0
41.00_80.00,2015-02-09,41.0,80.0,0.0,0.0,0.0,0.0,1.0,1995262.3149688828,23.0,0
41.00_80.00,2015-02-16,41.0,80.0,0.0,0.0,0.0,0.0,1.0,0.0,24.0,0
41.00_80.00,2015-02-23,41.0,80.0,0.0,0.0,0.0,0.0,1.0,0.0,25.0,0
41.00_80.00,2015-03-02,41.0,80.0,0.0,0.0,0.0,0.0,1.0,0.0,26.0,0
41.00_80.00,2015-03-09,41.0,80.0,0.0,0.0,0.0,0.0,1.0,0.0,27.0,0
41.00_80.00,2015-03-16,41.0,80.0,0.0,0.0,0.0,0.0,0.0,0.0,28.0,0
41.00_80.00,2015-03-23,41.0,80.0,0.0,0.0,0.0,0.0,0.0,0.0,29.0,0
41.00_80.00,2015-03-30,41.0,80.0,0.0,0.0,0.0,0.0,0.0,0.0,30.0,0
41.00_80.00,2015-04-06,41.0,80.0,0.0,0.0,0.0,0.0,0.0,0.0,31.0,0
41.00_80.00,2015-04-13,41.0,80.0,0.0,0.0,0.0,0.0,0.0,0.0,32.0,0
41.00_80.00,2015-04-20,41.0,80.0,0.0,0.0,0.0,0.0,0.0,0.0,33.0,0
41.00_80.00,2015-04-27,41.0,80.0,0.0,0.0,0.0,0.0,0.0,0.0,34.0,0
41.00_80.00,2015-05-04,41.0,80.0,0.0,0.0,0.0,0.0,0.0,0.0,35.0,0
41.00_80.00,2015-05-11,41.0,80.0,0.0,0.0,0.0,0.0,0.0,0.0,36.0,0
41.00_80.00,2015-05-18,41.0,80.0,0.0,0.0,0.0,0.0,0.0,0.0,37.0,0
41.00_80.00,2015-05-25,41.0,80.0,0.0,0.0,0.0,0.0,0.0,0.0,38.0,0
41.00_80.00,2015-06-01,41.0,80.0,0.0,0.0,0.0,0.0,0.0,0.0,39.0,0
41.00_80.00,2015-06-08,41.0,80.0,0.0,0.0,0.0,0.0,0.0,0.0,40.0,0
41.00_80.00,2015-06-15,41.0,80.0,0.0,0.0,0.0,0.0,0.0,0.0,41.0,0
41.00_80.00,2015-06-22,41.0,80.0,0.0,0.0,0.0,0.0,0.0,0.0,42.0,0
41.00_80.00,2015-06-29,41.0,80.0,0.0,0.0,0.0,0.0,0.0,0.0,43.0,0
41.00_80.00,2015-07-06,41.0,80.0,0.0,0.0,0.0,0.0,0.0,0.0,44.0,0
41.00_80.00,2015-07-13,41.0,80.0,0.0,0.0,0.0,0.0,0.0,0.0,45.0,0
41.00_80.00,2015-07-20,41.0,80.0,0.0,0.0,0.0,0.0,0.0,0.0,46.0,0
41.00_80.00,2015-07-27,41.0,80.0,0.0,0.0,0.0,0.0,0.0,0.0,47.0,0
41.00_80.00,2015-08-03,41.0,80.0,0.0,0.0,0.0,0.0,0.0,0.0,48.0,0
41.00_80.00,2015-08-10,41.0,80.0,0.0,0.0,0.0,0.0,0.0,0.0,49.0,0
41.00_80.00,2015-08-17,41.0,80.0,0.0,0.0,0.0,0.0,0.0,0.0,50.0,0
41.00_80.00,2015-08-24,41.0,80.0,0.0,0.0,0.0,0.0,0.0,0.0,51.0,1
41.00_80.00,2015-08-31,41.0,80.0,1.0,4.5,4.5,4.5,1.0,5623413.251903491,0.0,0
41.00_80.00,2015-09-07,41.0,80.0,0.0,0.0,0.0,4.5,1.0,5623413.251903491,1.0,0
41.00_80.00,2015-09-14,41.0,80.0,0.0,0.0,0.0,4.5,1.0,5623413.251903491,2.0,0
41.00_80.00,2015-09-21,41.0,80.0,0.0,0.0,0.0,4.5,1.0,5623413.251903491,3.0,0
41.00_80.00,2015-09-28,41.0,80.0,0.0,0.0,0.0,0.0,1.0,5623413.251903491,4.0,0
41.00_80.00,2015-10-05,41.0,80.0,0.0,0.0,0.0,0.0,1.0,5623413.251903491,5.0,0
41.00_80.00,2015-10-12,41.0,80.0,0.0,0.0,0.0,0.0,1.0,5623413.251903491,6.0,0
41.00_80.00,2015-10-19,41.0,80.0,0.0,0.0,0.0,0.0,1.0,5623413.251903491,7.0,0
41.00_80.00,2015-10-26,41.0,80.0,0.0,0.0,0.0,0.0,1.0,0.0,8.0,0
41.00_80.00,2015-11-02,41.0,80.0,0.0,0.0,0.0,0.0,1.0,0.0,9.0,0
41.00_80.00,2015-11-09,41.0,80.0,0.0,0.0,0.0,0.0,1.0,0.0,10.0,0
41.00_80.00,2015-11-16,41.0,80.0,0.0,0.0,0.0,0.0,1.0,0.0,11.0,0
41.00_80.00,2015-11-23,41.0,80.0,0.0,0.0,0.0,0.0,0.0,0.0,12.0,1
41.00_80.00,2015-11-30,41.0,80.0,1.0,4.4,4.4,4.4,1.0,3981071.7055349774,13.0,0
41.00_80.00,2015-12-07,41.0,80.0,0.0,0.0,0.0,4.4,1.0,3981071.7055349774,14.0,1
41.00_80.00,2015-12-14,41.0,80.0,1.0,4.3,4.3,4.4,2.0,6799454.636799427,15.0,1
41.00_80.00,2015-12-21,41.0,80.0,1.0,4.6,4.6,4.6,3.0,14742736.984042231,0.0,0
41.00_80.00,2015-12-28,41.0,80.0,0.0,0.0,0.0,4.6,3.0,14742736.984042231,1.0,0
41.00_80.00,2016-01-04,41.0,80.0,0.0,0.0,0.0,4.6,3.0,14742736.984042231,2.0,0
41.00_80.00,2016-01-11,41.0,80.0,0.0,0.0,0.0,4.6,3.0,14742736.984042231,3.0,0
41.00_80.00,2016-01-18,41.0,80.0,0.0,0.0,0.0,0.0,3.0,14742736.984042231,4.0,0
41.00_80.00,2016-01-25,41.0,80.0,0.0,0.0,0.0,0.0,3.0,10761665.278507255,5.0,0
41.00_80.00,2016-02-01,41.0,80.0,0.0,0.0,0.0,0.0,3.0,10761665.278507255,6.0,0
41.00_80.00,2016-02-08,41.0,80.0,0.0,0.0,0.0,0.0,3.0,7943282.347242805,7.0,1
41.00_80.00,2016-02-15,41.0,80.0,1.0,4.8,4.8,4.8,4.0,15848931.924611108,0.0,0
41.00_80.00,2016-02-22,41.0,80.0,0.0,0.0,0.0,4.8,3.0,15848931.924611108,1.0,0
41.00_80.00,2016-02-29,41.0,80.0,0.0,0.0,0.0,4.8,3.0,15848931.924611108,2.0,1
41.00_80.00,2016-03-07,41.0,80.0,1.0,4.8,4.8,4.8,3.0,31697863.849222217,0.0,0
41.00_80.00,2016-03-14,41.0,80.0,0.0,0.0,0.0,4.8,2.0,31697863.849222217,1.0,0
41.00_80.00,2016-03-21,41.0,80.0,0.0,0.0,0.0,4.8,2.0,31697863.849222217,2.0,0
41.00_80.00,2016-03-28,41.0,80.0,0.0,0.0,0.0,4.8,2.0,31697863.849222217,3.0,0
41.00_80.00,2016-04-04,41.0,80.0,0.0,0.0,0.0,0.0,2.0,31697863.849222217,4.0,0
41.00_80.00,2016-04-11,41.0,80.0,0.0,0.0,0.0,0.0,2.0,15848931.924611108,5.0,0
41.00_80.00,2016-04-18,41.0,80.0,0.0,0.0,0.0,0.0,2.0,15848931.924611108,6.0,0
41.00_80.00,2016-04-25,41.0,80.0,0.0,0.0,0.0,0.0,2.0,15848931.924611108,7.0,0
41.00_80.00,2016-05-02,41.0,80.0,0.0,0.0,0.0,0.0,2.0,0.0,8.0,0
41.00_80.00,2016-05-09,41.0,80.0,0.0,0.0,0.0,0.0,1.0,0.0,9.0,0
41.00_80.00,2016-05-16,41.0,80.0,0.0,0.0,0.0,0.0,1.0,0.0,10.0,0
41.00_80.00,2016-05-23,41.0,80.0,0.0,0.0,0.0,0.0,1.0,0.0,11.0,0
41.00_80.00,2016-05-30,41.0,80.0,0.0,0.0,0.0,0.0,0.0,0.0,12.0,0
41.00_80.00,2016-06-06,41.0,80.0,0.0,0.0,0.0,0.0,0.0,0.0,13.0,0
41.00_80.00,2016-06-13,41.0,80.0,0.0,0.0,0.0,0.0,0.0,0.0,14.0,1
41.00_80.00,2016-06-20,41.0,80.0,1.0,4.4,4.4,4.4,1.0,3981071.7055349774,15.0,0
41.00_80.00,2016-06-27,41.0,80.0,0.0,0.0,0.0,4.4,1.0,3981071.7055349774,16.0,0
41.00_80.00,2016-07-04,41.0,80.0,0.0,0.0,0.0,4.4,1.0,3981071.7055349774,17.0,0
41.00_80.00,2016-07-11,41.0,80.0,0.0,0.0,0.0,4.4,1.0,3981071.7055349774,18.0,0
41.00_80.00,2016-07-18,41.0,80.0,0.0,0.0,0.0,0.0,1.0,3981071.7055349774,19.0,0
41.00_80.00,2016-07-25,41.0,80.0,0.0,0.0,0.0,0.0,1.0,3981071.7055349774,20.0,0
41.00_80.00,2016-08-01,41.0,80.0,0.0,0.0,0.0,0.0,1.0,3981071.7055349774,21.0,0
41.00_80.00,2016-08-08,41.0,80.0,0.0,0.0,0.0,0.0,1.0,3981071.7055349774,22.0,0
41.00_80.00,2016-08-15,41.0,80.0,0.0,0.0,0.0,0.0,1.0,0.0,23.0,0
41.00_80.00,2016-08-22,41.0,80.0,0.0,0.0,0.0,0.0,1.0,0.0,24.0,0
41.00_80.00,2016-08-29,41.0,80.0,0.0,0.0,0.0,0.0,1.0,0.0,25.0,0
41.00_80.00,2016-09-05,41.0,80.0,0.0,0.0,0.0,0.0,1.0,0.0,26.0,0
41.00_80.00,2016-09-12,41.0,80.0,0.0,0.0,0.0,0.0,0.0,0.0,27.0,0
41.00_80.00,2016-09-19,41.0,80.0,0.0,0.0,0.0,0.0,0.0,0.0,28.0,0
41.00_80.00,2016-09-26,41.0,80.0,0.0,0.0,0.0,0.0,0.0,0.0,29.0,0
41.00_80.00,2016-10-03,41.0,80.0,0.0,0.0,0.0,0.0,0.0,0.0,30.0,0
41.00_80.00,2016-10-10,41.0,80.0,0.0,0.0,0.0,0.0,0.0,0.0,31.0,0
41.00_80.00,2016-10-17,41.0,80.0,0.0,0.0,0.0,0.0,0.0,0.0,32.0,0
41.00_80.00,2016-10-24,41.0,80.0,0.0,0.0,0.0,0.0,0.0,0.0,33.0,0
41.00_80.00,2016-10-31,41.0,80.0,0.0,0.0,0.0,0.0,0.0,0.0,34.0,0
41.00_80.00,2016-11-07,41.0,80.0,0.0,0.0,0.0,0.0,0.0,0.0,35.0,0
41.00_80.00,2016-11-14,41.0,80.0,0.0,0.0,0.0,0.0,0.0,0.0,36.0,0
41.00_80.00,2016-11-21,41.0,80.0,0.0,0.0,0.0,0.0,0.0,0.0,37.0,0
41.00_80.00,2016-11-28,41.0,80.0,0.0,0.0,0.0,0.0,0.0,0.0,38.0,0
41.00_80.00,2016-12-05,41.0,80.0,0.0,0.0,0.0,0.0,0.0,0.0,39.0,0
41.00_80.00,2016-12-12,41.0,80.0,0.0,0.0,0.0,0.0,0.0,0.0,40.0,0
41.00_80.00,2016-12-19,41.0,80.0,0.0,0.0,0.0,0.0,0.0,0.0,41.0,0
41.00_80.00,2016-12-26,41.0,80.0,0.0,0.0,0.0,0.0,0.0,0.0,42.0,0
41.00_80.00,2017-01-02,41.0,80.0,0.0,0.0,0.0,0.0,0.0,0.0,43.0,2
41.00_80.00,2017-01-09,41.0,80.0,2.0,4.6,4.3,4.6,2.0,10761665.278507255,0.0,0
41.00_80.00,2017-01-16,41.0,80.0,0.0,0.0,0.0,4.6,2.0,10761665.278507255,1.0,1
41.00_80.00,2017-01-23,41.0,80.0,1.0,4.4,4.4,4.6,3.0,14742736.984042233,2.0,0
41.00_80.00,2017-01-30,41.0,80.0,0.0,0.0,0.0,4.6,3.0,14742736.984042233,3.0,0
41.00_80.00,2017-02-06,41.0,80.0,0.0,0.0,0.0,4.4,3.0,14742736.984042233,4.0,0
41.00_80.00,2017-02-13,41.0,80.0,0.0,0.0,0.0,4.4,3.0,14742736.984042233,5.0,0
41.00_80.00,2017-02-20,41.0,80.0,0.0,0.0,0.0,0.0,3.0,14742736.984042233,6.0,0
41.00_80.00,2017-02-27,41.0,80.0,0.0,0.0,0.0,0.0,3.0,14742736.984042233,7.0,0
41.00_80.00,2017-03-06,41.0,80.0,0.0,0.0,0.0,0.0,3.0,3981071.7055349774,8.0,0
41.00_80.00,2017-03-13,41.0,80.0,0.0,0.0,0.0,0.0,3.0,3981071.7055349774,9.0,1
41.00_80.00,2017-03-20,41.0,80.0,1.0,4.3,4.3,4.3,4.0,2818382.9312644494,10.0,0
41.00_80.00,2017-03-27,41.0,80.0,0.0,0.0,0.0,4.3,4.0,2818382.9312644494,11.0,0
41.00_80.00,2017-04-03,41.0,80.0,0.0,0.0,0.0,4.3,2.0,2818382.9312644494,12.0,0
41.00_80.00,2017-04-10,41.0,80.0,0.0,0.0,0.0,4.3,2.0,2818382.9312644494,13.0,0
41.00_80.00,2017-04-17,41.0,80.0,0.0,0.0,0.0,0.0,1.0,2818382.9312644494,14.0,0
41.00_80.00,2017-04-24,41.0,80.0,0.0,0.0,0.0,0.0,1.0,2818382.9312644494,15.0,0
41.00_80.00,2017-05-01,41.0,80.0,0.0,0.0,0.0,0.0,1.0,2818382.9312644494,16.0,0
41.00_80.00,2017-05-08,41.0,80.0,0.0,0.0,0.0,0.0,1.0,2818382.9312644494,17.0,0
41.00_80.00,2017-05-15,41.0,80.0,0.0,0.0,0.0,0.0,1.0,0.0,18.0,0
41.00_80.00,2017-05-22,41.0,80.0,0.0,0.0,0.0,0.0,1.0,0.0,19.0,0
41.00_80.00,2017-05-29,41.0,80.0,0.0,0.0,0.0,0.0,1.0,0.0,20.0,0
41.00_80.00,2017-06-05,41.0,80.0,0.0,0.0,0.0,0.0,1.0,0.0,21.0,0
41.00_80.00,2017-06-12,41.0,80.0,0.0,0.0,0.0,0.0,0.0,0.0,22.0,0
41.00_80.00,2017-06-19,41.0,80.0,0.0,0.0,0.0,0.0,0.0,0.0,23.0,0
41.00_80.00,2017-06-26,41.0,80.0,0.0,0.0,0.0,0.0,0.0,0.0,24.0,0
41.00_80.00,2017-07-03,41.0,80.0,0.0,0.0,0.0,0.0,0.0,0.0,25.0,0
41.00_80.00,2017-07-10,41.0,80.0,0.0,0.0,0.0,0.0,0.0,0.0,26.0,0
41.00_80.00,2017-07-17,41.0,80.0,0.0,0.0,0.0,0.0,0.0,0.0,27.0,1
41.00_80.00,2017-07-24,41.0,80.0,1.0,4.6,4.6,4.6,1.0,7943282.347242805,0.0,0
41.00_80.00,2017-07-31,41.0,80.0,0.0,0.0,0.0,4.6,1.0,7943282.347242805,1.0,0
41.00_80.00,2017-08-07,41.0,80.0,0.0,0.0,0.0,4.6,1.0,7943282.347242805,2.0,0
41.00_80.00,2017-08-14,41.0,80.0,0.0,0.0,0.0,4.6,1.0,7943282.347242805,3.0,0
41.00_80.00,2017-08-21,41.0,80.0,0.0,0.0,0.0,0.0,1.0,7943282.347242805,4.0,0
41.00_80.00,2017-08-28,41.0,80.0,0.0,0.0,0.0,0.0,1.0,7943282.347242805,5.0,0
41.00_80.00,2017-09-04,41.0,80.0,0.0,0.0,0.0,0.0,1.0,7943282.347242805,6.0,1
41.00_80.00,2017-09-11,41.0,80.0,1.0,4.4,4.4,4.4,2.0,11924354.052777782,7.0,0
41.00_80.00,2017-09-18,41.0,80.0,0.0,0.0,0.0,4.4,2.0,3981071.7055349774,8.0,0
41.00_80.00,2017-09-25,41.0,80.0,0.0,0.0,0.0,4.4,2.0,3981071.7055349774,9.0,0
41.00_80.00,2017-10-02,41.0,80.0,0.0,0.0,0.0,4.4,2.0,3981071.7055349774,10.0,0
41.00_80.00,2017-10-09,41.0,80.0,0.0,0.0,0.0,0.0,2.0,3981071.7055349774,11.0,0
41.00_80.00,2017-10-16,41.0,80.0,0.0,0.0,0.0,0.0,1.0,3981071.7055349774,12.0,0
41.00_80.00,2017-10-23,41.0,80.0,0.0,0.0,0.0,0.0,1.0,3981071.7055349774,13.0,0
41.00_80.00,2017-10-30,41.0,80.0,0.0,0.0,0.0,0.0,1.0,3981071.7055349774,14.0,0
41.00_80.00,2017-11-06,41.0,80.0,0.0,0.0,0.0,0.0,1.0,0.0,15.0,0
41.00_80.00,2017-11-13,41.0,80.0,0.0,0.0,0.0,0.0,1.0,0.0,16.0,0
41.00_80.00,2017-11-20,41.0,80.0,0.0,0.0,0.0,0.0,1.0,0.0,17.0,0
41.00_80.00,2017-11-27,41.0,80.0,0.0,0.0,0.0,0.0,1.0,0.0,18.0,0
41.00_80.00,2017-12-04,41.0,80.0,0.0,0.0,0.0,0.0,0.0,0.0,19.0,0
41.00_80.00,2017-12-11,41.0,80.0,0.0,0.0,0.0,0.0,0.0,0.0,20.0,0
41.00_80.00,2017-12-18,41.0,80.0,0.0,0.0,0.0,0.0,0.0,0.0,21.0,0
41.00_80.00,2017-12-25,41.0,80.0,0.0,0.0,0.0,0.0,0.0,0.0,22.0,0
41.00_80.00,2018-01-01,41.0,80.0,0.0,0.0,0.0,0.0,0.0,0.0,23.0,0
41.00_80.00,2018-01-08,41.0,80.0,0.0,0.0,0.0,0.0,0.0,0.0,24.0,0
41.00_80.00,2018-01-15,41.0,80.0,0.0,0.0,0.0,0.0,0.0,0.0,25.0,1
41.00_80.00,2018-01-22,41.0,80.0,1.0,4.6,4.6,4.6,1.0,7943282.347242805,0.0,0
41.00_80.00,2018-01-29,41.0,80.0,0.0,0.0,0.0,4.6,1.0,7943282.347242805,1.0,0
41.00_80.00,2018-02-05,41.0,80.0,0.0,0.0,0.0,4.6,1.0,7943282.347242805,2.0,0
41.00_80.00,2018-02-12,41.0,80.0,0.0,0.0,0.0,4.6,1.0,7943282.347242805,3.0,0
41.00_80.00,2018-02-19,41.0,80.0,0.0,0.0,0.0,0.0,1.0,7943282.347242805,4.0,0
41.00_80.00,2018-02-26,41.0,80.0,0.0,0.0,0.0,0.0,1.0,7943282.347242805,5.0,0
41.00_80.00,2018-03-05,41.0,80.0,0.0,0.0,0.0,0.0,1.0,7943282.347242805,6.0,1
41.00_80.00,2018-03-12,41.0,80.0,1.0,4.2,4.2,4.2,2.0,9938544.662211688,7.0,0
41.00_80.00,2018-03-19,41.0,80.0,0.0,0.0,0.0,4.2,2.0,1995262.3149688828,8.0,1
41.00_80.00,2018-03-26,41.0,80.0,1.0,4.5,4.5,4.5,3.0,7618675.566872374,0.0,1
41.00_80.00,2018-04-02,41.0,80.0,1.0,4.4,4.4,4.5,4.0,11599747.272407351,1.0,0
41.00_80.00,2018-04-09,41.0,80.0,0.0,0.0,0.0,4.5,4.0,11599747.272407351,2.0,0
41.00_80.00,2018-04-16,41.0,80.0,0.0,0.0,0.0,4.5,3.0,11599747.272407351,3.0,0
41.00_80.00,2018-04-23,41.0,80.0,0.0,0.0,0.0,4.4,3.0,11599747.272407351,4.0,0
41.00_80.00,2018-04-30,41.0,80.0,0.0,0.0,0.0,0.0,3.0,11599747.272407351,5.0,0
41.00_80.00,2018-05-07,41.0,80.0,0.0,0.0,0.0,0.0,3.0,9604484.957438469,6.0,0
41.00_80.00,2018-05-14,41.0,80.0,0.0,0.0,0.0,0.0,3.0,9604484.957438469,7.0,0
41.00_80.00,2018-05-21,41.0,80.0,0.0,0.0,0.0,0.0,3.0,3981071.7055349774,8.0,0
41.00_80.00,2018-05-28,41.0,80.0,0.0,0.0,0.0,0.0,3.0,0.0,9.0,0
41.00_80.00,2018-06-04,41.0,80.0,0.0,0.0,0.0,0.0,2.0,0.0,10.0,1
41.00_80.00,2018-06-11,41.0,80.0,1.0,4.3,4.3,4.3,3.0,2818382.9312644494,11.0,0
41.00_80.00,2018-06-18,41.0,80.0,0.0,0.0,0.0,4.3,2.0,2818382.9312644494,12.0,0
41.00_80.00,2018-06-25,41.0,80.0,0.0,0.0,0.0,4.3,1.0,2818382.9312644494,13.0,0
41.00_80.00,2018-07-02,41.0,80.0,0.0,0.0,0.0,4.3,1.0,2818382.9312644494,14.0,0
41.00_80.00,2018-07-09,41.0,80.0,0.0,0.0,0.0,0.0,1.0,2818382.9312644494,15.0,0
41.00_80.00,2018-07-16,41.0,80.0,0.0,0.0,0.0,0.0,1.0,2818382.9312644494,16.0,0
41.00_80.00,2018-07-23,41.0,80.0,0.0,0.0,0.0,0.0,1.0,2818382.9312644494,17.0,0
41.00_80.00,2018-07-30,41.0,80.0,0.0,0.0,0.0,0.0,1.0,2818382.9312644494,18.0,0
41.00_80.00,2018-08-06,41.0,80.0,0.0,0.0,0.0,0.0,1.0,0.0,19.0,0
41.00_80.00,2018-08-13,41.0,80.0,0.0,0.0,0.0,0.0,1.0,0.0,20.0,0
41.00_80.00,2018-08-20,41.0,80.0,0.0,0.0,0.0,0.0,1.0,0.0,21.0,0
41.00_80.00,2018-08-27,41.0,80.0,0.0,0.0,0.0,0.0,1.0,0.0,22.0,0
41.00_80.00,2018-09-03,41.0,80.0,0.0,0.0,0.0,0.0,0.0,0.0,23.0,0
41.00_80.00,2018-09-10,41.0,80.0,0.0,0.0,0.0,0.0,0.0,0.0,24.0,0
41.00_80.00,2018-09-17,41.0,80.0,0.0,0.0,0.0,0.0,0.0,0.0,25.0,0
41.00_80.00,2018-09-24,41.0,80.0,0.0,0.0,0.0,0.0,0.0,0.0,26.0,0
41.00_80.00,2018-10-01,41.0,80.0,0.0,0.0,0.0,0.0,0.0,0.0,27.0,0
41.00_80.00,2018-10-08,41.0,80.0,0.0,0.0,0.0,0.0,0.0,0.0,28.0,0
41.00_80.00,2018-10-15,41.0,80.0,0.0,0.0,0.0,0.0,0.0,0.0,29.0,4
41.00_80.00,2018-10-22,41.0,80.0,4.0,4.8,4.3,4.8,4.0,35510912.6507987,0.0,0
41.00_80.00,2018-10-29,41.0,80.0,0.0,0.0,0.0,4.8,4.0,35510912.6507987,1.0,0
41.00_80.00,2018-11-05,41.0,80.0,0.0,0.0,0.0,4.8,4.0,35510912.6507987,2.0,0
41.00_80.00,2018-11-12,41.0,80.0,0.0,0.0,0.0,4.8,4.0,35510912.6507987,3.0,1
41.00_80.00,2018-11-19,41.0,80.0,1.0,4.5,4.5,4.5,5.0,41134325.90270219,0.0,1
41.00_80.00,2018-11-26,41.0,80.0,1.0,4.3,4.3,4.5,6.0,43952708.83396664,1.0,0
41.00_80.00,2018-12-03,41.0,80.0,0.0,0.0,0.0,4.5,6.0,43952708.83396664,2.0,0
41.00_80.00,2018-12-10,41.0,80.0,0.0,0.0,0.0,4.5,6.0,43952708.83396664,3.0,0
41.00_80.00,2018-12-17,41.0,80.0,0.0,0.0,0.0,4.3,6.0,8441796.18316794,4.0,0
41.00_80.00,2018-12-24,41.0,80.0,0.0,0.0,0.0,0.0,6.0,8441796.18316794,5.0,1
41.00_80.00,2018-12-31,41.0,80.0,1.0,4.6,4.6,4.6,7.0,16385078.530410746,0.0,0
41.00_80.00,2019-01-07,41.0,80.0,0.0,0.0,0.0,4.6,7.0,16385078.530410746,1.0,0
41.00_80.00,2019-01-14,41.0,80.0,0.0,0.0,0.0,4.6,3.0,10761665.278507255,2.0,2
41.00_80.00,2019-01-21,41.0,80.0,2.0,4.7,4.5,4.7,5.0,24786880.142165948,0.0,0
41.00_80.00,2019-01-28,41.0,80.0,0.0,0.0,0.0,4.7,5.0,24786880.142165948,1.0,0
41.00_80.00,2019-02-04,41.0,80.0,0.0,0.0,0.0,4.7,5.0,24786880.142165948,2.0,0
41.00_80.00,2019-02-11,41.0,80.0,0.0,0.0,0.0,4.7,4.0,24786880.142165948,3.0,0
41.00_80.00,2019-02-18,41.0,80.0,0.0,0.0,0.0,0.0,3.0,24786880.142165948,4.0,0
41.00_80.00,2019-02-25,41.0,80.0,0.0,0.0,0.0,0.0,3.0,16843597.79492314,5.0,0
41.00_80.00,2019-03-04,41.0,80.0,0.0,0.0,0.0,0.0,3.0,16843597.79492314,6.0,0
41.00_80.00,2019-03-11,41.0,80.0,0.0,0.0,0.0,0.0,3.0,16843597.79492314,7.0,0
41.00_80.00,2019-03-18,41.0,80.0,0.0,0.0,0.0,0.0,3.0,0.0,8.0,0
41.00_80.00,2019-03-25,41.0,80.0,0.0,0.0,0.0,0.0,2.0,0.0,9.0,0
41.00_80.00,2019-04-01,41.0,80.0,0.0,0.0,0.0,0.0,2.0,0.0,10.0,0
41.00_80.00,2019-04-08,41.0,80.0,0.0,0.0,0.0,0.0,2.0,0.0,11.0,0
41.00_80.00,2019-04-15,41.0,80.0,0.0,0.0,0.0,0.0,0.0,0.0,12.0,0
41.00_80.00,2019-04-22,41.0,80.0,0.0,0.0,0.0,0.0,0.0,0.0,13.0,0
41.00_80.00,2019-04-29,41.0,80.0,0.0,0.0,0.0,0.0,0.0,0.0,14.0,0
41.00_80.00,2019-05-06,41.0,80.0,0.0,0.0,0.0,0.0,0.0,0.0,15.0,0
41.00_80.00,2019-05-13,41.0,80.0,0.0,0.0,0.0,0.0,0.0,0.0,16.0,0
41.00_80.00,2019-05-20,41.0,80.0,0.0,0.0,0.0,0.0,0.0,0.0,17.0,0
41.00_80.00,2019-05-27,41.0,80.0,0.0,0.0,0.0,0.0,0.0,0.0,18.0,0
41.00_80.00,2019-06-03,41.0,80.0,0.0,0.0,0.0,0.0,0.0,0.0,19.0,1
41.00_80.00,2019-06-10,41.0,80.0,1.0,4.6,4.6,4.6,1.0,7943282.347242805,0.0,0
41.00_80.00,2019-06-17,41.0,80.0,0.0,0.0,0.0,4.6,1.0,7943282.347242805,1.0,0
41.00_80.00,2019-06-24,41.0,80.0,0.0,0.0,0.0,4.6,1.0,7943282.347242805,2.0,0
41.00_80.00,2019-07-01,41.0,80.0,0.0,0.0,0.0,4.6,1.0,7943282.347242805,3.0,0
41.00_80.00,2019-07-08,41.0,80.0,0.0,0.0,0.0,0.0,1.0,7943282.347242805,4.0,0
41.00_80.00,2019-07-15,41.0,80.0,0.0,0.0,0.0,0.0,1.0,7943282.347242805,5.0,0
41.00_80.00,2019-07-22,41.0,80.0,0.0,0.0,0.0,0.0,1.0,7943282.347242805,6.0,0
41.00_80.00,2019-07-29,41.0,80.0,0.0,0.0,0.0,0.0,1.0,7943282.347242805,7.0,0
41.00_80.00,2019-08-05,41.0,80.0,0.0,0.0,0.0,0.0,1.0,0.0,8.0,0
41.00_80.00,2019-08-12,41.0,80.0,0.0,0.0,0.0,0.0,1.0,0.0,9.0,0
41.00_80.00,2019-08-19,41.0,80.0,0.0,0.0,0.0,0.0,1.0,0.0,10.0,0
41.00_80.00,2019-08-26,41.0,80.0,0.0,0.0,0.0,0.0,1.0,0.0,11.0,0
41.00_80.00,2019-09-02,41.0,80.0,0.0,0.0,0.0,0.0,0.0,0.0,12.0,0
41.00_80.00,2019-09-09,41.0,80.0,0.0,0.0,0.0,0.0,0.0,0.0,13.0,0
41.00_80.00,2019-09-16,41.0,80.0,0.0,0.0,0.0,0.0,0.0,0.0,14.0,0
41.00_80.00,2019-09-23,41.0,80.0,0.0,0.0,0.0,0.0,0.0,0.0,15.0,0
41.00_80.00,2019-09-30,41.0,80.0,0.0,0.0,0.0,0.0,0.0,0.0,16.0,0
41.00_80.00,2019-10-07,41.0,80.0,0.0,0.0,0.0,0.0,0.0,0.0,17.0,0
41.00_80.00,2019-10-14,41.0,80.0,0.0,0.0,0.0,0.0,0.0,0.0,18.0,0
41.00_80.00,2019-10-21,41.0,80.0,0.0,0.0,0.0,0.0,0.0,0.0,19.0,0
41.00_80.00,2019-10-28,41.0,80.0,0.0,0.0,0.0,0.0,0.0,0.0,20.0,0
41.00_80.00,2019-11-04,41.0,80.0,0.0,0.0,0.0,0.0,0.0,0.0,21.0,0
41.00_80.00,2019-11-11,41.0,80.0,0.0,0.0,0.0,0.0,0.0,0.0,22.0,0
41.00_80.00,2019-11-18,41.0,80.0,0.0,0.0,0.0,0.0,0.0,0.0,23.0,0
41.00_80.00,2019-11-25,41.0,80.0,0.0,0.0,0.0,0.0,0.0,0.0,24.0,0
41.00_80.00,2019-12-02,41.0,80.0,0.0,0.0,0.0,0.0,0.0,0.0,25.0,2
41.00_80.00,2019-12-09,41.0,80.0,2.0,4.8,4.6,4.8,2.0,23792214.271853913,0.0,0
41.00_80.00,2019-12-16,41.0,80.0,0.0,0.0,0.0,4.8,2.0,23792214.271853913,1.0,0
41.00_80.00,2019-12-23,41.0,80.0,0.0,0.0,0.0,4.8,2.0,23792214.271853913,2.0,0
41.00_80.00,2019-12-30,41.0,80.0,0.0,0.0,0.0,4.8,2.0,23792214.271853913,3.0,0
41.00_80.00,2020-01-06,41.0,80.0,0.0,0.0,0.0,0.0,2.0,23792214.271853913,4.0,0
41.00_80.00,2020-01-13,41.0,80.0,0.0,0.0,0.0,0.0,2.0,23792214.271853913,5.0,0
41.00_80.00,2020-01-20,41.0,80.0,0.0,0.0,0.0,0.0,2.0,23792214.271853913,6.0,1
41.00_80.00,2020-01-27,41.0,80.0,1.0,4.5,4.5,4.5,3.0,29415627.523757406,0.0,0
41.00_80.00,2020-02-03,41.0,80.0,0.0,0.0,0.0,4.5,3.0,5623413.251903491,1.0,0
41.00_80.00,2020-02-10,41.0,80.0,0.0,0.0,0.0,4.5,3.0,5623413.251903491,2.0,0
41.00_80.00,2020-02-17,41.0,80.0,0.0,0.0,0.0,4.5,3.0,5623413.251903491,3.0,0
41.00_80.00,2020-02-24,41.0,80.0,0.0,0.0,0.0,0.0,3.0,5623413.251903491,4.0,1
41.00_80.00,2020-03-02,41.0,80.0,1.0,4.9,4.9,4.9,2.0,28010624.637586914,0.0,0
41.00_80.00,2020-03-09,41.0,80.0,0.0,0.0,0.0,4.9,2.0,28010624.637586914,1.0,1
41.00_80.00,2020-03-16,41.0,80.0,1.0,4.2,4.2,4.9,3.0,30005886.952555798,2.0,1
41.00_80.00,2020-03-23,41.0,80.0,1.0,5.1,5.1,5.1,4.0,69050832.91574857,0.0,0
41.00_80.00,2020-03-30,41.0,80.0,0.0,0.0,0.0,5.1,4.0,69050832.91574857,1.0,0
41.00_80.00,2020-04-06,41.0,80.0,0.0,0.0,0.0,5.1,4.0,69050832.91574857,2.0,0
41.00_80.00,2020-04-13,41.0,80.0,0.0,0.0,0.0,5.1,4.0,69050832.91574857,3.0,0
41.00_80.00,2020-04-20,41.0,80.0,0.0,0.0,0.0,0.0,3.0,69050832.91574857,4.0,0
41.00_80.00,2020-04-27,41.0,80.0,0.0,0.0,0.0,0.0,3.0,46663621.53006514,5.0,0
41.00_80.00,2020-05-04,41.0,80.0,0.0,0.0,0.0,0.0,3.0,46663621.53006514,6.0,2
41.00_80.00,2020-05-11,41.0,80.0,2.0,4.6,4.2,4.6,5.0,54606903.877307944,0.0,0
41.00_80.00,2020-05-18,41.0,80.0,0.0,0.0,0.0,4.6,5.0,9938544.662211688,1.0,0
41.00_80.00,2020-05-25,41.0,80.0,0.0,0.0,0.0,4.6,4.0,9938544.662211688,2.0,0
41.00_80.00,2020-06-01,41.0,80.0,0.0,0.0,0.0,4.6,4.0,9938544.662211688,3.0,0
41.00_80.00,2020-06-08,41.0,80.0,0.0,0.0,0.0,0.0,3.0,9938544.662211688,4.0,0
41.00_80.00,2020-06-15,41.0,80.0,0.0,0.0,0.0,0.0,2.0,9938544.662211688,5.0,0
41.00_80.00,2020-06-22,41.0,80.0,0.0,0.0,0.0,0.0,2.0,9938544.662211688,6.0,0
41.00_80.00,2020-06-29,41.0,80.0,0.0,0.0,0.0,0.0,2.0,9938544.662211688,7.0,1
41.00_80.00,2020-07-06,41.0,80.0,1.0,4.6,4.6,4.6,3.0,7943282.347242805,0.0,0
41.00_80.00,2020-07-13,41.0,80.0,0.0,0.0,0.0,4.6,3.0,7943282.347242805,1.0,0
41.00_80.00,2020-07-20,41.0,80.0,0.0,0.0,0.0,4.6,3.0,7943282.347242805,2.0,0
41.00_80.00,2020-07-27,41.0,80.0,0.0,0.0,0.0,4.6,3.0,7943282.347242805,3.0,0
41.00_80.00,2020-08-03,41.0,80.0,0.0,0.0,0.0,0.0,1.0,7943282.347242805,4.0,0
41.00_80.00,2020-08-10,41.0,80.0,0.0,0.0,0.0,0.0,1.0,7943282.347242805,5.0,0
41.00_80.00,2020-08-17,41.0,80.0,0.0,0.0,0.0,0.0,1.0,7943282.347242805,6.0,0
41.00_80.00,2020-08-24,41.0,80.0,0.0,0.0,0.0,0.0,1.0,7943282.347242805,7.0,0
41.00_80.00,2020-08-31,41.0,80.0,0.0,0.0,0.0,0.0,1.0,0.0,8.0,0
41.00_80.00,2020-09-07,41.0,80.0,0.0,0.0,0.0,0.0,1.0,0.0,9.0,0
41.00_80.00,2020-09-14,41.0,80.0,0.0,0.0,0.0,0.0,1.0,0.0,10.0,1
41.00_80.00,2020-09-21,41.0,80.0,1.0,4.7,4.7,4.7,2.0,11220184.543019652,0.0,1
41.00_80.00,2020-09-28,41.0,80.0,1.0,4.5,4.5,4.7,2.0,16843597.79492314,0.0,0
41.00_80.00,2020-10-05,41.0,80.0,0.0,0.0,0.0,4.7,2.0,16843597.79492314,1.0,0
41.00_80.00,2020-10-12,41.0,80.0,0.0,0.0,0.0,4.7,2.0,16843597.79492314,2.0,0
41.00_80.00,2020-10-19,41.0,80.0,0.0,0.0,0.0,4.5,2.0,16843597.79492314,3.0,0
41.00_80.00,2020-10-26,41.0,80.0,0.0,0.0,0.0,0.0,2.0,16843597.79492314,4.0,0
41.00_80.00,2020-11-02,41.0,80.0,0.0,0.0,0.0,0.0,2.0,16843597.79492314,5.0,0
41.00_80.00,2020-11-09,41.0,80.0,0.0,0.0,0.0,0.0,2.0,16843597.79492314,6.0,1
41.00_80.00,2020-11-16,41.0,80.0,1.0,4.0,4.0,4.0,3.0,6623413.251903491,7.0,0
41.00_80.00,2020-11-23,41.0,80.0,0.0,0.0,0.0,4.0,3.0,1000000.0,8.0,0
41.00_80.00,2020-11-30,41.0,80.0,0.0,0.0,0.0,4.0,3.0,1000000.0,9.0,0
41.00_80.00,2020-12-07,41.0,80.0,0.0,0.0,0.0,4.0,3.0,1000000.0,10.0,0
41.00_80.00,2020-12-14,41.0,80.0,0.0,0.0,0.0,0.0,2.0,1000000.0,11.0,0
41.00_80.00,2020-12-21,41.0,80.0,0.0,0.0,0.0,0.0,1.0,1000000.0,12.0,0
41.00_80.00,2020-12-28,41.0,80.0,0.0,0.0,0.0,0.0,1.0,1000000.0,13.0,0
41.00_80.00,2021-01-04,41.0,80.0,0.0,0.0,0.0,0.0,1.0,1000000.0,14.0,3
41.00_80.00,2021-01-11,41.0,80.0,3.0,5.0,4.0,5.0,4.0,43842961.14470345,0.0,0
41.00_80.00,2021-01-18,41.0,80.0,0.0,0.0,0.0,5.0,4.0,43842961.14470345,1.0,0
41.00_80.00,2021-01-25,41.0,80.0,0.0,0.0,0.0,5.0,4.0,43842961.14470345,2.0,0
41.00_80.00,2021-02-01,41.0,80.0,0.0,0.0,0.0,5.0,4.0,43842961.14470345,3.0,0
41.00_80.00,2021-02-08,41.0,80.0,0.0,0.0,0.0,0.0,3.0,43842961.14470345,4.0,0
41.00_80.00,2021-02-15,41.0,80.0,0.0,0.0,0.0,0.0,3.0,43842961.14470345,5.0,0
41.00_80.00,2021-02-22,41.0,80.0,0.0,0.0,0.0,0.0,3.0,43842961.14470345,6.0,0
41.00_80.00,2021-03-01,41.0,80.0,0.0,0.0,0.0,0.0,3.0,43842961.14470345,7.0,0
41.00_80.00,2021-03-08,41.0,80.0,0.0,0.0,0.0,0.0,3.0,0.0,8.0,1
41.00_80.00,2021-03-15,41.0,80.0,1.0,4.9,4.9,4.9,4.0,22387211.385683425,0.0,0
41.00_80.00,2021-03-22,41.0,80.0,0.0,0.0,0.0,4.9,4.0,22387211.385683425,1.0,3
41.00_80.00,2021-03-29,41.0,80.0,3.0,5.3,4.0,5.3,7.0,115330688.13032228,0.0,0
41.00_80.00,2021-04-05,41.0,80.0,0.0,0.0,0.0,5.3,4.0,115330688.13032226,1.0,0
41.00_80.00,2021-04-12,41.0,80.0,0.0,0.0,0.0,5.3,4.0,115330688.13032226,2.0,0
41.00_80.00,2021-04-19,41.0,80.0,0.0,0.0,0.0,5.3,4.0,115330688.13032226,3.0,0
41.00_80.00,2021-04-26,41.0,80.0,0.0,0.0,0.0,0.0,4.0,115330688.13032226,4.0,0
41.00_80.00,2021-05-03,41.0,80.0,0.0,0.0,0.0,0.0,4.0,115330688.13032226,5.0,0
41.00_80.00,2021-05-10,41.0,80.0,0.0,0.0,0.0,0.0,4.0,92943476.74463883,6.0,0
41.00_80.00,2021-05-17,41.0,80.0,0.0,0.0,0.0,0.0,4.0,92943476.74463883,7.0,0
41.00_80.00,2021-05-24,41.0,80.0,0.0,0.0,0.0,0.0,4.0,0.0,8.0,0
41.00_80.00,2021-05-31,41.0,80.0,0.0,0.0,0.0,0.0,4.0,0.0,9.0,0
41.00_80.00,2021-06-07,41.0,80.0,0.0,0.0,0.0,0.0,3.0,0.0,10.0,0
41.00_80.00,2021-06-14,41.0,80.0,0.0,0.0,0.0,0.0,3.0,0.0,11.0,1
41.00_80.00,2021-06-21,41.0,80.0,1.0,4.4,4.4,4.4,1.0,3981071.7055349774,12.0,0
41.00_80.00,2021-06-28,41.0,80.0,0.0,0.0,0.0,4.4,1.0,3981071.7055349774,13.0,1
41.00_80.00,2021-07-05,41.0,80.0,1.0,4.7,4.7,4.7,2.0,15201256.24855463,0.0,1
41.00_80.00,2021-07-12,41.0,80.0,1.0,4.8,4.8,4.8,3.0,31050188.17316574,0.0,0
41.00_80.00,2021-07-19,41.0,80.0,0.0,0.0,0.0,4.8,3.0,31050188.17316574,1.0,1
41.00_80.00,2021-07-26,41.0,80.0,1.0,4.3,4.3,4.8,4.0,33868571.10443019,2.0,0
41.00_80.00,2021-08-02,41.0,80.0,0.0,0.0,0.0,4.8,4.0,33868571.10443019,3.0,0
41.00_80.00,2021-08-09,41.0,80.0,0.0,0.0,0.0,4.3,4.0,33868571.10443019,4.0,0
41.00_80.00,2021-08-16,41.0,80.0,0.0,0.0,0.0,4.3,4.0,29887499.39889521,5.0,0
41.00_80.00,2021-08-23,41.0,80.0,0.0,0.0,0.0,0.0,4.0,29887499.39889521,6.0,0
41.00_80.00,2021-08-30,41.0,80.0,0.0,0.0,0.0,0.0,4.0,18667314.85587556,7.0,0
41.00_80.00,2021-09-06,41.0,80.0,0.0,0.0,0.0,0.0,4.0,2818382.9312644494,8.0,0
41.00_80.00,2021-09-13,41.0,80.0,0.0,0.0,0.0,0.0,3.0,2818382.9312644494,9.0,1
41.00_80.00,2021-09-20,41.0,80.0,1.0,4.2,4.2,4.2,4.0,1995262.3149688828,10.0,2
41.00_80.00,2021-09-27,41.0,80.0,2.0,4.6,4.2,4.6,5.0,11933806.97718057,0.0,0
41.00_80.00,2021-10-04,41.0,80.0,0.0,0.0,0.0,4.6,4.0,11933806.97718057,1.0,0
41.00_80.00,2021-10-11,41.0,80.0,0.0,0.0,0.0,4.6,4.0,11933806.97718057,2.0,0
41.00_80.00,2021-10-18,41.0,80.0,0.0,0.0,0.0,4.6,3.0,11933806.97718057,3.0,0
41.00_80.00,2021-10-25,41.0,80.0,0.0,0.0,0.0,0.0,3.0,11933806.97718057,4.0,0
41.00_80.00,2021-11-01,41.0,80.0,0.0,0.0,0.0,0.0,3.0,11933806.97718057,5.0,0
41.00_80.00,2021-11-08,41.0,80.0,0.0,0.0,0.0,0.0,3.0,11933806.97718057,6.0,0
41.00_80.00,2021-11-15,41.0,80.0,0.0,0.0,0.0,0.0,3.0,9938544.662211688,7.0,0
41.00_80.00,2021-11-22,41.0,80.0,0.0,0.0,0.0,0.0,3.0,0.0,8.0,0
41.00_80.00,2021-11-29,41.0,80.0,0.0,0.0,0.0,0.0,3.0,0.0,9.0,1
41.00_80.00,2021-12-06,41.0,80.0,1.0,4.3,4.3,4.3,4.0,2818382.9312644494,10.0,0
41.00_80.00,2021-12-13,41.0,80.0,0.0,0.0,0.0,4.3,3.0,2818382.9312644494,11.0,0
41.00_80.00,2021-12-20,41.0,80.0,0.0,0.0,0.0,4.3,1.0,2818382.9312644494,12.0,0
41.00_80.00,2021-12-27,41.0,80.0,0.0,0.0,0.0,4.3,1.0,2818382.9312644494,13.0,0
41.00_80.00,2022-01-03,41.0,80.0,0.0,0.0,0.0,0.0,1.0,2818382.9312644494,14.0,1
41.00_80.00,2022-01-10,41.0,80.0,1.0,4.9,4.9,4.9,2.0,25205594.316947874,0.0,0
41.00_80.00,2022-01-17,41.0,80.0,0.0,0.0,0.0,4.9,2.0,25205594.316947874,1.0,0
41.00_80.00,2022-01-24,41.0,80.0,0.0,0.0,0.0,4.9,2.0,25205594.316947874,2.0,1
41.00_80.00,2022-01-31,41.0,80.0,1.0,4.4,4.4,4.9,3.0,26368283.0912184,3.0,0
41.00_80.00,2022-02-07,41.0,80.0,0.0,0.0,0.0,4.4,3.0,26368283.0912184,4.0,0
41.00_80.00,2022-02-14,41.0,80.0,0.0,0.0,0.0,4.4,3.0,26368283.0912184,5.0,1
41.00_80.00,2022-02-21,41.0,80.0,1.0,4.4,4.4,4.4,4.0,30349354.79675338,6.0,0
41.00_80.00,2022-02-28,41.0,80.0,0.0,0.0,0.0,4.4,3.0,30349354.79675338,7.0,0
41.00_80.00,2022-03-07,41.0,80.0,0.0,0.0,0.0,4.4,3.0,7962143.411069955,8.0,0
41.00_80.00,2022-03-14,41.0,80.0,0.0,0.0,0.0,4.4,3.0,7962143.411069955,9.0,0
41.00_80.00,2022-03-21,41.0,80.0,0.0,0.0,0.0,0.0,3.0,7962143.411069955,10.0,0
41.00_80.00,2022-03-28,41.0,80.0,0.0,0.0,0.0,0.0,3.0,3981071.7055349774,11.0,0
41.00_80.00,2022-04-04,41.0,80.0,0.0,0.0,0.0,0.0,2.0,3981071.7055349774,12.0,0
41.00_80.00,2022-04-11,41.0,80.0,0.0,0.0,0.0,0.0,2.0,3981071.7055349774,13.0,0
41.00_80.00,2022-04-18,41.0,80.0,0.0,0.0,0.0,0.0,2.0,0.0,14.0,0
41.00_80.00,2022-04-25,41.0,80.0,0.0,0.0,0.0,0.0,1.0,0.0,15.0,0
41.00_80.00,2022-05-02,41.0,80.0,0.0,0.0,0.0,0.0,1.0,0.0,16.0,0
41.00_80.00,2022-05-09,41.0,80.0,0.0,0.0,0.0,0.0,1.0,0.0,17.0,0
41.00_80.00,2022-05-16,41.0,80.0,0.0,0.0,0.0,0.0,0.0,0.0,18.0,0
41.00_80.00,2022-05-23,41.0,80.0,0.0,0.0,0.0,0.0,0.0,0.0,19.0,0
41.00_80.00,2022-05-30,41.0,80.0,0.0,0.0,0.0,0.0,0.0,0.0,20.0,0
41.00_80.00,2022-06-06,41.0,80.0,0.0,0.0,0.0,0.0,0.0,0.0,21.0,0
41.00_80.00,2022-06-13,41.0,80.0,0.0,0.0,0.0,0.0,0.0,0.0,22.0,1
41.00_80.00,2022-06-20,41.0,80.0,1.0,4.2,4.2,4.2,1.0,1995262.3149688828,23.0,0
41.00_80.00,2022-06-27,41.0,80.0,0.0,0.0,0.0,4.2,1.0,1995262.3149688828,24.0,1
41.00_80.00,2022-07-04,41.0,80.0,1.0,4.4,4.4,4.4,2.0,5976334.02050386,25.0,3
41.00_80.00,2022-07-11,41.0,80.0,3.0,4.5,4.3,4.5,5.0,18399201.909206778,0.0,0
41.00_80.00,2022-07-18,41.0,80.0,0.0,0.0,0.0,4.5,5.0,18399201.909206778,1.0,0
41.00_80.00,2022-07-25,41.0,80.0,0.0,0.0,0.0,4.5,5.0,18399201.909206778,2.0,1
41.00_80.00,2022-08-01,41.0,80.0,1.0,4.2,4.2,4.5,6.0,20394464.22417566,3.0,0
41.00_80.00,2022-08-08,41.0,80.0,0.0,0.0,0.0,4.2,6.0,20394464.22417566,4.0,0
41.00_80.00,2022-08-15,41.0,80.0,0.0,0.0,0.0,4.2,6.0,18399201.909206778,5.0,0
41.00_80.00,2022-08-22,41.0,80.0,0.0,0.0,0.0,4.2,6.0,18399201.909206778,6.0,4
41.00_80.00,2022-08-29,41.0,80.0,4.0,4.3,4.0,4.3,10.0,22467433.610823452,7.0,0
41.00_80.00,2022-09-05,41.0,80.0,0.0,0.0,0.0,4.3,10.0,10044565.722120535,8.0,1
41.00_80.00,2022-09-12,41.0,80.0,1.0,4.2,4.2,4.3,10.0,12039828.037089417,9.0,0
41.00_80.00,2022-09-19,41.0,80.0,0.0,0.0,0.0,4.3,10.0,12039828.037089417,10.0,0
41.00_80.00,2022-09-26,41.0,80.0,0.0,0.0,0.0,4.2,9.0,10044565.722120535,11.0,2
41.00_80.00,2022-10-03,41.0,80.0,2.0,4.4,3.9,4.4,8.0,14733583.21203965,12.0,0
41.00_80.00,2022-10-10,41.0,80.0,0.0,0.0,0.0,4.4,8.0,14733583.21203965,13.0,1
41.00_80.00,2022-10-17,41.0,80.0,1.0,4.3,4.3,4.4,9.0,17551966.1433041,14.0,0
41.00_80.00,2022-10-24,41.0,80.0,0.0,0.0,0.0,4.4,8.0,9502662.736152448,15.0,0
41.00_80.00,2022-10-31,41.0,80.0,0.0,0.0,0.0,4.3,8.0,9502662.736152448,16.0,0
41.00_80.00,2022-11-07,41.0,80.0,0.0,0.0,0.0,4.3,8.0,7507400.421183564,17.0,0
41.00_80.00,2022-11-14,41.0,80.0,0.0,0.0,0.0,0.0,8.0,7507400.421183564,18.0,0
41.00_80.00,2022-11-21,41.0,80.0,0.0,0.0,0.0,0.0,4.0,7507400.421183564,19.0,1
41.00_80.00,2022-11-28,41.0,80.0,1.0,4.3,4.3,4.3,5.0,5636765.862528899,20.0,0
41.00_80.00,2022-12-05,41.0,80.0,0.0,0.0,0.0,4.3,4.0,5636765.862528899,21.0,0
41.00_80.00,2022-12-12,41.0,80.0,0.0,0.0,0.0,4.3,4.0,2818382.9312644494,22.0,0
41.00_80.00,2022-12-19,41.0,80.0,0.0,0.0,0.0,4.3,4.0,2818382.9312644494,23.0,0
41.00_80.00,2022-12-26,41.0,80.0,0.0,0.0,0.0,0.0,2.0,2818382.9312644494,24.0,0
41.00_80.00,2023-01-02,41.0,80.0,0.0,0.0,0.0,0.0,2.0,2818382.9312644494,25.0,1
41.00_80.00,2023-01-09,41.0,80.0,1.0,4.2,4.2,4.2,2.0,4813645.246233332,26.0,0
41.00_80.00,2023-01-16,41.0,80.0,0.0,0.0,0.0,4.2,2.0,4813645.246233332,27.0,0
41.00_80.00,2023-01-23,41.0,80.0,0.0,0.0,0.0,4.2,2.0,1995262.3149688828,28.0,0
41.00_80.00,2023-01-30,41.0,80.0,0.0,0.0,0.0,4.2,2.0,1995262.3149688828,29.0,0
41.00_80.00,2023-02-06,41.0,80.0,0.0,0.0,0.0,0.0,2.0,1995262.3149688828,30.0,0
41.00_80.00,2023-02-13,41.0,80.0,0.0,0.0,0.0,0.0,2.0,1995262.3149688828,31.0,0
41.00_80.00,2023-02-20,41.0,80.0,0.0,0.0,0.0,0.0,1.0,1995262.3149688828,32.0,1
41.00_80.00,2023-02-27,41.0,80.0,1.0,4.8,4.8,4.8,2.0,17844194.23957999,0.0,0
41.00_80.00,2023-03-06,41.0,80.0,0.0,0.0,0.0,4.8,2.0,15848931.924611108,1.0,0
41.00_80.00,2023-03-13,41.0,80.0,0.0,0.0,0.0,4.8,2.0,15848931.924611108,2.0,0
41.00_80.00,2023-03-20,41.0,80.0,0.0,0.0,0.0,4.8,2.0,15848931.924611108,3.0,0
41.00_80.00,2023-03-27,41.0,80.0,0.0,0.0,0.0,0.0,2.0,15848931.924611108,4.0,0
41.00_80.00,2023-04-03,41.0,80.0,0.0,0.0,0.0,0.0,1.0,15848931.924611108,5.0,2
41.00_80.00,2023-04-10,41.0,80.0,2.0,5.0,4.2,5.0,3.0,49466970.84126378,0.0,0
41.00_80.00,2023-04-17,41.0,80.0,0.0,0.0,0.0,5.0,3.0,49466970.84126378,1.0,1
41.00_80.00,2023-04-24,41.0,80.0,1.0,4.2,4.2,5.0,4.0,35613301.231621556,2.0,0
41.00_80.00,2023-05-01,41.0,80.0,0.0,0.0,0.0,5.0,4.0,35613301.231621556,3.0,0
41.00_80.00,2023-05-08,41.0,80.0,0.0,0.0,0.0,4.2,4.0,35613301.231621556,4.0,0
41.00_80.00,2023-05-15,41.0,80.0,0.0,0.0,0.0,4.2,4.0,35613301.231621556,5.0,1
41.00_80.00,2023-05-22,41.0,80.0,1.0,4.7,4.7,4.7,4.0,46833485.77464121,0.0,2
41.00_80.00,2023-05-29,41.0,80.0,2.0,4.7,4.5,4.7,6.0,63677083.56956435,0.0,0
41.00_80.00,2023-06-05,41.0,80.0,0.0,0.0,0.0,4.7,6.0,30059044.652911678,1.0,0
41.00_80.00,2023-06-12,41.0,80.0,0.0,0.0,0.0,4.7,6.0,30059044.652911678,2.0,1
41.00_80.00,2023-06-19,41.0,80.0,1.0,4.7,4.7,4.7,7.0,39283966.88096245,0.0,0
41.00_80.00,2023-06-26,41.0,80.0,0.0,0.0,0.0,4.7,7.0,39283966.88096245,1.0,1
41.00_80.00,2023-07-03,41.0,80.0,1.0,4.3,4.3,4.7,6.0,42102349.8122269,2.0,0
41.00_80.00,2023-07-10,41.0,80.0,0.0,0.0,0.0,4.7,6.0,42102349.8122269,3.0,0
41.00_80.00,2023-07-17,41.0,80.0,0.0,0.0,0.0,4.3,5.0,30882165.269207243,4.0,0
41.00_80.00,2023-07-24,41.0,80.0,0.0,0.0,0.0,4.3,5.0,14038567.474284101,5.0,0
41.00_80.00,2023-07-31,41.0,80.0,0.0,0.0,0.0,0.0,5.0,14038567.474284101,6.0,0
41.00_80.00,2023-08-07,41.0,80.0,0.0,0.0,0.0,0.0,5.0,14038567.474284101,7.0,0
41.00_80.00,2023-08-14,41.0,80.0,0.0,0.0,0.0,0.0,4.0,2818382.9312644494,8.0,0
41.00_80.00,2023-08-21,41.0,80.0,0.0,0.0,0.0,0.0,2.0,2818382.9312644494,9.0,0
41.00_80.00,2023-08-28,41.0,80.0,0.0,0.0,0.0,0.0,2.0,0.0,10.0,0
41.00_80.00,2023-09-04,41.0,80.0,0.0,0.0,0.0,0.0,2.0,0.0,11.0,0
41.00_80.00,2023-09-11,41.0,80.0,0.0,0.0,0.0,0.0,1.0,0.0,12.0,0
41.00_80.00,2023-09-18,41.0,80.0,0.0,0.0,0.0,0.0,1.0,0.0,13.0,0
41.00_80.00,2023-09-25,41.0,80.0,0.0,0.0,0.0,0.0,0.0,0.0,14.0,1
41.00_80.00,2023-10-02,41.0,80.0,1.0,4.5,4.5,4.5,1.0,5623413.251903491,0.0,4
41.00_80.00,2023-10-09,41.0,80.0,4.0,4.8,4.4,4.8,5.0,47893785.96808888,0.0,0
41.00_80.00,2023-10-16,41.0,80.0,0.0,0.0,0.0,4.8,5.0,47893785.96808888,1.0,0
41.00_80.00,2023-10-23,41.0,80.0,0.0,0.0,0.0,4.8,5.0,47893785.96808888,2.0,0
41.00_80.00,2023-10-30,41.0,80.0,0.0,0.0,0.0,4.8,5.0,47893785.96808888,3.0,0
41.00_80.00,2023-11-06,41.0,80.0,0.0,0.0,0.0,0.0,5.0,47893785.96808888,4.0,0
41.00_80.00,2023-11-13,41.0,80.0,0.0,0.0,0.0,0.0,5.0,47893785.96808888,5.0,0
41.00_80.00,2023-11-20,41.0,80.0,0.0,0.0,0.0,0.0,5.0,47893785.96808888,6.0,0
41.00_80.00,2023-11-27,41.0,80.0,0.0,0.0,0.0,0.0,5.0,42270372.71618539,7.0,0
41.00_80.00,2023-12-04,41.0,80.0,0.0,0.0,0.0,0.0,5.0,0.0,8.0,0
41.00_80.00,2023-12-11,41.0,80.0,0.0,0.0,0.0,0.0,5.0,0.0,9.0,0
41.00_80.00,2023-12-18,41.0,80.0,0.0,0.0,0.0,0.0,5.0,0.0,10.0,0
41.00_80.00,2023-12-25,41.0,80.0,0.0,0.0,0.0,0.0,4.0,0.0,11.0,0
41.00_83.00,2010-03-22,41.0,83.0,0.0,0.0,0.0,0.0,0.0,0.0,500.0,0
41.00_83.00,2010-03-29,41.0,83.0,0.0,0.0,0.0,0.0,0.0,0.0,500.0,0
41.00_83.00,2010-04-05,41.0,83.0,0.0,0.0,0.0,0.0,0.0,0.0,500.0,0
41.00_83.00,2010-04-12,41.0,83.0,0.0,0.0,0.0,0.0,0.0,0.0,500.0,0
41.00_83.00,2010-04-19,41.0,83.0,0.0,0.0,0.0,0.0,0.0,0.0,500.0,0
41.00_83.00,2010-04-26,41.0,83.0,0.0,0.0,0.0,0.0,0.0,0.0,500.0,0
41.00_83.00,2010-05-03,41.0,83.0,0.0,0.0,0.0,0.0,0.0,0.0,500.0,0
41.00_83.00,2010-05-10,41.0,83.0,0.0,0.0,0.0,0.0,0.0,0.0,500.0,0
41.00_83.00,2010-05-17,41.0,83.0,0.0,0.0,0.0,0.0,0.0,0.0,500.0,0
41.00_83.00,2010-05-24,41.0,83.0,0.0,0.0,0.0,0.0,0.0,0.0,500.0,0
41.00_83.00,2010-05-31,41.0,83.0,0.0,0.0,0.0,0.0,0.0,0.0,500.0,0
41.00_83.00,2010-06-07,41.0,83.0,0.0,0.0,0.0,0.0,0.0,0.0,500.0,0
41.00_83.00,2010-06-14,41.0,83.0,0.0,0.0,0.0,0.0,0.0,0.0,500.0,0
41.00_83.00,2010-06-21,41.0,83.0,0.0,0.0,0.0,0.0,0.0,0.0,500.0,0
41.00_83.00,2010-06-28,41.0,83.0,0.0,0.0,0.0,0.0,0.0,0.0,500.0,0
41.00_83.00,2010-07-05,41.0,83.0,0.0,0.0,0.0,0.0,0.0,0.0,500.0,0
41.00_83.00,2010-07-12,41.0,83.0,0.0,0.0,0.0,0.0,0.0,0.0,500.0,0
41.00_83.00,2010-07-19,41.0,83.0,0.0,0.0,0.0,0.0,0.0,0.0,500.0,0
41.00_83.00,2010-07-26,41.0,83.0,0.0,0.0,0.0,0.0,0.0,0.0,500.0,0
41.00_83.00,2010-08-02,41.0,83.0,0.0,0.0,0.0,0.0,0.0,0.0,500.0,0
41.00_83.00,2010-08-09,41.0,83.0,0.0,0.0,0.0,0.0,0.0,0.0,500.0,0
41.00_83.00,2010-08-16,41.0,83.0,0.0,0.0,0.0,0.0,0.0,0.0,500.0,0
41.00_83.00,2010-08-23,41.0,83.0,0.0,0.0,0.0,0.0,0.0,0.0,500.0,0
41.00_83.00,2010-08-30,41.0,83.0,0.0,0.0,0.0,0.0,0.0,0.0,500.0,0
41.00_83.00,2010-09-06,41.0,83.0,0.0,0.0,0.0,0.0,0.0,0.0,500.0,0
41.00_83.00,2010-09-13,41.0,83.0,0.0,0.0,0.0,0.0,0.0,0.0,500.0,0
41.00_83.00,2010-09-20,41.0,83.0,0.0,0.0,0.0,0.0,0.0,0.0,500.0,1
41.00_83.00,2010-09-27,41.0,83.0,1.0,4.8,4.8,4.8,1.0,15848931.924611108,0.0,0
41.00_83.00,2010-10-04,41.0,83.0,0.0,0.0,0.0,4.8,1.0,15848931.924611108,1.0,0
41.00_83.00,2010-10-11,41.0,83.0,0.0,0.0,0.0,4.8,1.0,15848931.924611108,2.0,0
41.00_83.00,2010-10-18,41.0,83.0,0.0,0.0,0.0,4.8,1.0,15848931.924611108,3.0,0
41.00_83.00,2010-10-25,41.0,83.0,0.0,0.0,0.0,0.0,1.0,15848931.924611108,4.0,0
41.00_83.00,2010-11-01,41.0,83.0,0.0,0.0,0.0,0.0,1.0,15848931.924611108,5.0,0
41.00_83.00,2010-11-08,41.0,83.0,0.0,0.0,0.0,0.0,1.0,15848931.924611108,6.0,0
41.00_83.00,2010-11-15,41.0,83.0,0.0,0.0,0.0,0.0,1.0,15848931.924611108,7.0,0
41.00_83.00,2010-11-22,41.0,83.0,0.0,0.0,0.0,0.0,1.0,0.0,8.0,0
41.00_83.00,2010-11-29,41.0,83.0,0.0,0.0,0.0,0.0,1.0,0.0,9.0,0
41.00_83.00,2010-12-06,41.0,83.0,0.0,0.0,0.0,0.0,1.0,0.0,10.0,0
41.00_83.00,2010-12-13,41.0,83.0,0.0,0.0,0.0,0.0,1.0,0.0,11.0,1
41.00_83.00,2010-12-20,41.0,83.0,1.0,4.0,4.0,4.0,1.0,1000000.0,12.0,0
41.00_83.00,2010-12-27,41.0,83.0,0.0,0.0,0.0,4.0,1.0,1000000.0,13.0,0
41.00_83.00,2011-01-03,41.0,83.0,0.0,0.0,0.0,4.0,1.0,1000000.0,14.0,1
41.00_83.00,2011-01-10,41.0,83.0,1.0,4.7,4.7,4.7,2.0,12220184.543019652,0.0,0
41.00_83.00,2011-01-17,41.0,83.0,0.0,0.0,0.0,4.7,2.0,12220184.543019652,1.0,0
41.00_83.00,2011-01-24,41.0,83.0,0.0,0.0,0.0,4.7,2.0,12220184.543019652,2.0,0
41.00_83.00,2011-01-31,41.0,83.0,0.0,0.0,0.0,4.7,2.0,12220184.543019652,3.0,0
41.00_83.00,2011-02-07,41.0,83.0,0.0,0.0,0.0,0.0,2.0,12220184.543019652,4.0,0
41.00_83.00,2011-02-14,41.0,83.0,0.0,0.0,0.0,0.0,2.0,11220184.543019652,5.0,0
41.00_83.00,2011-02-21,41.0,83.0,0.0,0.0,0.0,0.0,2.0,11220184.543019652,6.0,0
41.00_83.00,2011-02-28,41.0,83.0,0.0,0.0,0.0,0.0,2.0,11220184.543019652,7.0,0
41.00_83.00,2011-03-07,41.0,83.0,0.0,0.0,0.0,0.0,2.0,0.0,8.0,0
41.00_83.00,2011-03-14,41.0,83.0,0.0,0.0,0.0,0.0,1.0,0.0,9.0,0
41.00_83.00,2011-03-21,41.0,83.0,0.0,0.0,0.0,0.0,1.0,0.0,10.0,0
41.00_83.00,2011-03-28,41.0,83.0,0.0,0.0,0.0,0.0,1.0,0.0,11.0,0
41.00_83.00,2011-04-04,41.0,83.0,0.0,0.0,0.0,0.0,0.0,0.0,12.0,0
41.00_83.00,2011-04-11,41.0,83.0,0.0,0.0,0.0,0.0,0.0,0.0,13.0,0
41.00_83.00,2011-04-18,41.0,83.0,0.0,0.0,0.0,0.0,0.0,0.0,14.0,0
41.00_83.00,2011-04-25,41.0,83.0,0.0,0.0,0.0,0.0,0.0,0.0,15.0,0
41.00_83.00,2011-05-02,41.0,83.0,0.0,0.0,0.0,0.0,0.0,0.0,16.0,1
41.00_83.00,2011-05-09,41.0,83.0,1.0,4.3,4.3,4.3,1.0,2818382.9312644494,17.0,0
41.00_83.00,2011-05-16,41.0,83.0,0.0,0.0,0.0,4.3,1.0,2818382.9312644494,18.0,0
41.00_83.00,2011-05-23,41.0,83.0,0.0,0.0,0.0,4.3,1.0,2818382.9312644494,19.0,0
41.00_83.00,2011-05-30,41.0,83.0,0.0,0.0,0.0,4.3,1.0,2818382.9312644494,20.0,0
41.00_83.00,2011-06-06,41.0,83.0,0.0,0.0,0.0,0.0,1.0,2818382.9312644494,21.0,0
41.00_83.00,2011-06-13,41.0,83.0,0.0,0.0,0.0,0.0,1.0,2818382.9312644494,22.0,0
41.00_83.00,2011-06-20,41.0,83.0,0.0,0.0,0.0,0.0,1.0,2818382.9312644494,23.0,0
41.00_83.00,2011-06-27,41.0,83.0,0.0,0.0,0.0,0.0,1.0,2818382.9312644494,24.0,0
41.00_83.00,2011-07-04,41.0,83.0,0.0,0.0,0.0,0.0,1.0,0.0,25.0,0
41.00_83.00,2011-07-11,41.0,83.0,0.0,0.0,0.0,0.0,1.0,0.0,26.0,0
41.00_83.00,2011-07-18,41.0,83.0,0.0,0.0,0.0,0.0,1.0,0.0,27.0,0
41.00_83.00,2011-07-25,41.0,83.0,0.0,0.0,0.0,0.0,1.0,0.0,28.0,0
41.00_83.00,2011-08-01,41.0,83.0,0.0,0.0,0.0,0.0,0.0,0.0,29.0,0
41.00_83.00,2011-08-08,41.0,83.0,0.0,0.0,0.0,0.0,0.0,0.0,30.0,0
41.00_83.00,2011-08-15,41.0,83.0,0.0,0.0,0.0,0.0,0.0,0.0,31.0,0
41.00_83.00,2011-08-22,41.0,83.0,0.0,0.0,0.0,0.0,0.0,0.0,32.0,0
41.00_83.00,2011-08-29,41.0,83.0,0.0,0.0,0.0,0.0,0.0,0.0,33.0,0
41.00_83.00,2011-09-05,41.0,83.0,0.0,0.0,0.0,0.0,0.0,0.0,34.0,0
41.00_83.00,2011-09-12,41.0,83.0,0.0,0.0,0.0,0.0,0.0,0.0,35.0,0
41.00_83.00,2011-09-19,41.0,83.0,0.0,0.0,0.0,0.0,0.0,0.0,36.0,0
41.00_83.00,2011-09-26,41.0,83.0,0.0,0.0,0.0,0.0,0.0,0.0,37.0,0
41.00_83.00,2011-10-03,41.0,83.0,0.0,0.0,0.0,0.0,0.0,0.0,38.0,0
41.00_83.00,2011-10-10,41.0,83.0,0.0,0.0,0.0,0.0,0.0,0.0,39.0,0
41.00_83.00,2011-10-17,41.0,83.0,0.0,0.0,0.0,0.0,0.0,0.0,40.0,0
41.00_83.00,2011-10-24,41.0,83.0,0.0,0.0,0.0,0.0,0.0,0.0,41.0,0
41.00_83.00,2011-10-31,41.0,83.0,0.0,0.0,0.0,0.0,0.0,0.0,42.0,0
41.00_83.00,2011-11-07,41.0,83.0,0.0,0.0,0.0,0.0,0.0,0.0,43.0,0
41.00_83.00,2011-11-14,41.0,83.0,0.0,0.0,0.0,0.0,0.0,0.0,44.0,0
41.00_83.00,2011-11-21,41.0,83.0,0.0,0.0,0.0,0.0,0.0,0.0,45.0,0
41.00_83.00,2011-11-28,41.0,83.0,0.0,0.0,0.0,0.0,0.0,0.0,46.0,0
41.00_83.00,2011-12-05,41.0,83.0,0.0,0.0,0.0,0.0,0.0,0.0,47.0,0
41.00_83.00,2011-12-12,41.0,83.0,0.0,0.0,0.0,0.0,0.0,0.0,48.0,0
41.00_83.00,2011-12-19,41.0,83.0,0.0,0.0,0.0,0.0,0.0,0.0,49.0,0
41.00_83.00,2011-12-26,41.0,83.0,0.0,0.0,0.0,0.0,0.0,0.0,50.0,0
41.00_83.00,2012-01-02,41.0,83.0,0.0,0.0,0.0,0.0,0.0,0.0,51.0,1
41.00_83.00,2012-01-09,41.0,83.0,1.0,4.4,4.4,4.4,1.0,3981071.7055349774,52.0,0
41.00_83.00,2012-01-16,41.0,83.0,0.0,0.0,0.0,4.4,1.0,3981071.7055349774,53.0,0
41.00_83.00,2012-01-23,41.0,83.0,0.0,0.0,0.0,4.4,1.0,3981071.7055349774,54.0,0
41.00_83.00,2012-01-30,41.0,83.0,0.0,0.0,0.0,4.4,1.0,3981071.7055349774,55.0,0
41.00_83.00,2012-02-06,41.0,83.0,0.0,0.0,0.0,0.0,1.0,3981071.7055349774,56.0,0
41.00_83.00,2012-02-13,41.0,83.0,0.0,0.0,0.0,0.0,1.0,3981071.7055349774,57.0,0
41.00_83.00,2012-02-20,41.0,83.0,0.0,0.0,0.0,0.0,1.0,3981071.7055349774,58.0,0
41.00_83.00,2012-02-27,41.0,83.0,0.0,0.0,0.0,0.0,1.0,3981071.7055349774,59.0,0
41.00_83.00,2012-03-05,41.0,83.0,0.0,0.0,0.0,0.0,1.0,0.0,60.0,0
41.00_83.00,2012-03-12,41.0,83.0,0.0,0.0,0.0,0.0,1.0,0.0,61.0,0
41.00_83.00,2012-03-19,41.0,83.0,0.0,0.0,0.0,0.0,1.0,0.0,62.0,0
41.00_83.00,2012-03-26,41.0,83.0,0.0,0.0,0.0,0.0,1.0,0.0,63.0,0
41.00_83.00,2012-04-02,41.0,83.0,0.0,0.0,0.0,0.0,0.0,0.0,64.0,0
41.00_83.00,2012-04-09,41.0,83.0,0.0,0.0,0.0,0.0,0.0,0.0,65.0,0
41.00_83.00,2012-04-16,41.0,83.0,0.0,0.0,0.0,0.0,0.0,0.0,66.0,0
41.00_83.00,2012-04-23,41.0,83.0,0.0,0.0,0.0,0.0,0.0,0.0,67.0,0
41.00_83.00,2012-04-30,41.0,83.0,0.0,0.0,0.0,0.0,0.0,0.0,68.0,0
41.00_83.00,2012-05-07,41.0,83.0,0.0,0.0,0.0,0.0,0.0,0.0,69.0,0
41.00_83.00,2012-05-14,41.0,83.0,0.0,0.0,0.0,0.0,0.0,0.0,70.0,0
41.00_83.00,2012-05-21,41.0,83.0,0.0,0.0,0.0,0.0,0.0,0.0,71.0,0
41.00_83.00,2012-05-28,41.0,83.0,0.0,0.0,0.0,0.0,0.0,0.0,72.0,0
41.00_83.00,2012-06-04,41.0,83.0,0.0,0.0,0.0,0.0,0.0,0.0,73.0,0
41.00_83.00,2012-06-11,41.0,83.0,0.0,0.0,0.0,0.0,0.0,0.0,74.0,1
41.00_83.00,2012-06-18,41.0,83.0,1.0,5.2,5.2,5.2,1.0,63095734.44801943,0.0,0
41.00_83.00,2012-06-25,41.0,83.0,0.0,0.0,0.0,5.2,1.0,63095734.44801943,1.0,7
41.00_83.00,2012-07-02,41.0,83.0,7.0,6.3,4.0,6.3,8.0,2907396443.5184493,0.0,0
41.00_83.00,2012-07-09,41.0,83.0,0.0,0.0,0.0,6.3,8.0,2907396443.5184493,1.0,0
41.00_83.00,2012-07-16,41.0,83.0,0.0,0.0,0.0,6.3,8.0,2907396443.5184493,2.0,0
41.00_83.00,2012-07-23,41.0,83.0,0.0,0.0,0.0,6.3,8.0,2907396443.5184493,3.0,0
41.00_83.00,2012-07-30,41.0,83.0,0.0,0.0,0.0,0.0,8.0,2907396443.5184493,4.0,0
41.00_83.00,2012-08-06,41.0,83.0,0.0,0.0,0.0,0.0,8.0,2907396443.5184493,5.0,0
41.00_83.00,2012-08-13,41.0,83.0,0.0,0.0,0.0,0.0,8.0,2844300709.07043,6.0,0
41.00_83.00,2012-08-20,41.0,83.0,0.0,0.0,0.0,0.0,8.0,2844300709.07043,7.0,0
41.00_83.00,2012-08-27,41.0,83.0,0.0,0.0,0.0,0.0,8.0,0.0,8.0,1
41.00_83.00,2012-09-03,41.0,83.0,1.0,4.4,4.4,4.4,9.0,3981071.7055349774,9.0,0
41.00_83.00,2012-09-10,41.0,83.0,0.0,0.0,0.0,4.4,8.0,3981071.7055349774,10.0,0
41.00_83.00,2012-09-17,41.0,83.0,0.0,0.0,0.0,4.4,8.0,3981071.7055349774,11.0,0
41.00_83.00,2012-09-24,41.0,83.0,0.0,0.0,0.0,4.4,1.0,3981071.7055349774,12.0,0
41.00_83.00,2012-10-01,41.0,83.0,0.0,0.0,0.0,0.0,1.0,3981071.7055349774,13.0,0
41.00_83.00,2012-10-08,41.0,83.0,0.0,0.0,0.0,0.0,1.0,3981071.7055349774,14.0,0
41.00_83.00,2012-10-15,41.0,83.0,0.0,0.0,0.0,0.0,1.0,3981071.7055349774,15.0,0
41.00_83.00,2012-10-22,41.0,83.0,0.0,0.0,0.0,0.0,1.0,3981071.7055349774,16.0,0
41.00_83.00,2012-10-29,41.0,83.0,0.0,0.0,0.0,0.0,1.0,0.0,17.0,0
41.00_83.00,2012-11-05,41.0,83.0,0.0,0.0,0.0,0.0,1.0,0.0,18.0,0
41.00_83.00,2012-11-12,41.0,83.0,0.0,0.0,0.0,0.0,1.0,0.0,19.0,0
41.00_83.00,2012-11-19,41.0,83.0,0.0,0.0,0.0,0.0,1.0,0.0,20.0,0
41.00_83.00,2012-11-26,41.0,83.0,0.0,0.0,0.0,0.0,0.0,0.0,21.0,0
41.00_83.00,2012-12-03,41.0,83.0,0.0,0.0,0.0,0.0,0.0,0.0,22.0,0
41.00_83.00,2012-12-10,41.0,83.0,0.0,0.0,0.0,0.0,0.0,0.0,23.0,0
41.00_83.00,2012-12-17,41.0,83.0,0.0,0.0,0.0,0.0,0.0,0.0,24.0,0
41.00_83.00,2012-12-24,41.0,83.0,0.0,0.0,0.0,0.0,0.0,0.0,25.0,0
41.00_83.00,2012-12-31,41.0,83.0,0.0,0.0,0.0,0.0,0.0,0.0,26.0,0
41.00_83.00,2013-01-07,41.0,83.0,0.0,0.0,0.0,0.0,0.0,0.0,27.0,0
41.00_83.00,2013-01-14,41.0,83.0,0.0,0.0,0.0,0.0,0.0,0.0,28.0,0
41.00_83.00,2013-01-21,41.0,83.0,0.0,0.0,0.0,0.0,0.0,0.0,29.0,0
41.00_83.00,2013-01-28,41.0,83.0,0.0,0.0,0.0,0.0,0.0,0.0,30.0,0
41.00_83.00,2013-02-04,41.0,83.0,0.0,0.0,0.0,0.0,0.0,0.0,31.0,0
41.00_83.00,2013-02-11,41.0,83.0,0.0,0.0,0.0,0.0,0.0,0.0,32.0,0
41.00_83.00,2013-02-18,41.0,83.0,0.0,0.0,0.0,0.0,0.0,0.0,33.0,0
41.00_83.00,2013-02-25,41.0,83.0,0.0,0.0,0.0,0.0,0.0,0.0,34.0,0
41.00_83.00,2013-03-04,41.0,83.0,0.0,0.0,0.0,0.0,0.0,0.0,35.0,0
41.00_83.00,2013-03-11,41.0,83.0,0.0,0.0,0.0,0.0,0.0,0.0,36.0,0
41.00_83.00,2013-03-18,41.0,83.0,0.0,0.0,0.0,0.0,0.0,0.0,37.0,0
41.00_83.00,2013-03-25,41.0,83.0,0.0,0.0,0.0,0.0,0.0,0.0,38.0,0
41.00_83.00,2013-04-01,41.0,83.0,0.0,0.0,0.0,0.0,0.0,0.0,39.0,0
41.00_83.00,2013-04-08,41.0,83.0,0.0,0.0,0.0,0.0,0.0,0.0,40.0,0
41.00_83.00,2013-04-15,41.0,83.0,0.0,0.0,0.0,0.0,0.0,0.0,41.0,0
41.00_83.00,2013-04-22,41.0,83.0,0.0,0.0,0.0,0.0,0.0,0.0,42.0,0
41.00_83.00,2013-04-29,41.0,83.0,0.0,0.0,0.0,0.0,0.0,0.0,43.0,0
41.00_83.00,2013-05-06,41.0,83.0,0.0,0.0,0.0,0.0,0.0,0.0,44.0,0
41.00_83.00,2013-05-13,41.0,83.0,0.0,0.0,0.0,0.0,0.0,0.0,45.0,0
41.00_83.00,2013-05-20,41.0,83.0,0.0,0.0,0.0,0.0,0.0,0.0,46.0,0
41.00_83.00,2013-05-27,41.0,83.0,0.0,0.0,0.0,0.0,0.0,0.0,47.0,0
41.00_83.00,2013-06-03,41.0,83.0,0.0,0.0,0.0,0.0,0.0,0.0,48.0,0
41.00_83.00,2013-06-10,41.0,83.0,0.0,0.0,0.0,0.0,0.0,0.0,49.0,0
41.00_83.00,2013-06-17,41.0,83.0,0.0,0.0,0.0,0.0,0.0,0.0,50.0,0
41.00_83.00,2013-06-24,41.0,83.0,0.0,0.0,0.0,0.0,0.0,0.0,51.0,0
41.00_83.00,2013-07-01,41.0,83.0,0.0,0.0,0.0,0.0,0.0,0.0,52.0,0
41.00_83.00,2013-07-08,41.0,83.0,0.0,0.0,0.0,0.0,0.0,0.0,53.0,0
41.00_83.00,2013-07-15,41.0,83.0,0.0,0.0,0.0,0.0,0.0,0.0,54.0,0
41.00_83.00,2013-07-22,41.0,83.0,0.0,0.0,0.0,0.0,0.0,0.0,55.0,0
41.00_83.00,2013-07-29,41.0,83.0,0.0,0.0,0.0,0.0,0.0,0.0,56.0,0
41.00_83.00,2013-08-05,41.0,83.0,0.0,0.0,0.0,0.0,0.0,0.0,57.0,0
41.00_83.00,2013-08-12,41.0,83.0,0.0,0.0,0.0,0.0,0.0,0.0,58.0,0
41.00_83.00,2013-08-19,41.0,83.0,0.0,0.0,0.0,0.0,0.0,0.0,59.0,0
41.00_83.00,2013-08-26,41.0,83.0,0.0,0.0,0.0,0.0,0.0,0.0,60.0,0
41.00_83.00,2013-09-02,41.0,83.0,0.0,0.0,0.0,0.0,0.0,0.0,61.0,0
41.00_83.00,2013-09-09,41.0,83.0,0.0,0.0,0.0,0.0,0.0,0.0,62.0,0
41.00_83.00,2013-09-16,41.0,83.0,0.0,0.0,0.0,0.0,0.0,0.0,63.0,1
41.00_83.00,2013-09-23,41.0,83.0,1.0,4.5,4.5,4.5,1.0,5623413.251903491,0.0,1
41.00_83.00,2013-09-30,41.0,83.0,1.0,4.7,4.7,4.7,2.0,16843597.79492314,0.0,0
41.00_83.00,2013-10-07,41.0,83.0,0.0,0.0,0.0,4.7,2.0,16843597.79492314,1.0,0
41.00_83.00,2013-10-14,41.0,83.0,0.0,0.0,0.0,4.7,2.0,16843597.79492314,2.0,0
41.00_83.00,2013-10-21,41.0,83.0,0.0,0.0,0.0,4.7,2.0,16843597.79492314,3.0,0
41.00_83.00,2013-10-28,41.0,83.0,0.0,0.0,0.0,0.0,2.0,16843597.79492314,4.0,0
41.00_83.00,2013-11-04,41.0,83.0,0.0,0.0,0.0,0.0,2.0,16843597.79492314,5.0,0
41.00_83.00,2013-11-11,41.0,83.0,0.0,0.0,0.0,0.0,2.0,16843597.79492314,6.0,0
41.00_83.00,2013-11-18,41.0,83.0,0.0,0.0,0.0,0.0,2.0,11220184.543019652,7.0,0
41.00_83.00,2013-11-25,41.0,83.0,0.0,0.0,0.0,0.0,2.0,0.0,8.0,0
41.00_83.00,2013-12-02,41.0,83.0,0.0,0.0,0.0,0.0,2.0,0.0,9.0,0
41.00_83.00,2013-12-09,41.0,83.0,0.0,0.0,0.0,0.0,2.0,0.0,10.0,0
41.00_83.00,2013-12-16,41.0,83.0,0.0,0.0,0.0,0.0,1.0,0.0,11.0,0
41.00_83.00,2013-12-23,41.0,83.0,0.0,0.0,0.0,0.0,0.0,0.0,12.0,0
41.00_83.00,2013-12-30,41.0,83.0,0.0,0.0,0.0,0.0,0.0,0.0,13.0,0
41.00_83.00,2014-01-06,41.0,83.0,0.0,0.0,0.0,0.0,0.0,0.0,14.0,0
41.00_83.00,2014-01-13,41.0,83.0,0.0,0.0,0.0,0.0,0.0,0.0,15.0,0
41.00_83.00,2014-01-20,41.0,83.0,0.0,0.0,0.0,0.0,0.0,0.0,16.0,0
41.00_83.00,2014-01-27,41.0,83.0,0.0,0.0,0.0,0.0,0.0,0.0,17.0,0
41.00_83.00,2014-02-03,41.0,83.0,0.0,0.0,0.0,0.0,0.0,0.0,18.0,0
41.00_83.00,2014-02-10,41.0,83.0,0.0,0.0,0.0,0.0,0.0,0.0,19.0,0
41.00_83.00,2014-02-17,41.0,83.0,0.0,0.0,0.0,0.0,0.0,0.0,20.0,0
41.00_83.00,2014-02-24,41.0,83.0,0.0,0.0,0.0,0.0,0.0,0.0,21.0,0
41.00_83.00,2014-03-03,41.0,83.0,0.0,0.0,0.0,0.0,0.0,0.0,22.0,0
41.00_83.00,2014-03-10,41.0,83.0,0.0,0.0,0.0,0.0,0.0,0.0,23.0,0
41.00_83.00,2014-03-17,41.0,83.0,0.0,0.0,0.0,0.0,0.0,0.0,24.0,0
41.00_83.00,2014-03-24,41.0,83.0,0.0,0.0,0.0,0.0,0.0,0.0,25.0,0
41.00_83.00,2014-03-31,41.0,83.0,0.0,0.0,0.0,0.0,0.0,0.0,26.0,0
41.00_83.00,2014-04-07,41.0,83.0,0.0,0.0,0.0,0.0,0.0,0.0,27.0,1
41.00_83.00,2014-04-14,41.0,83.0,1.0,4.1,4.1,4.1,1.0,1412537.5446227526,28.0,0
41.00_83.00,2014-04-21,41.0,83.0,0.0,0.0,0.0,4.1,1.0,1412537.5446227526,29.0,0
41.00_83.00,2014-04-28,41.0,83.0,0.0,0.0,0.0,4.1,1.0,1412537.5446227526,30.0,0
41.00_83.00,2014-05-05,41.0,83.0,0.0,0.0,0.0,4.1,1.0,1412537.5446227526,31.0,0
41.00_83.00,2014-05-12,41.0,83.0,0.0,0.0,0.0,0.0,1.0,1412537.5446227526,32.0,0
41.00_83.00,2014-05-19,41.0,83.0,0.0,0.0,0.0,0.0,1.0,1412537.5446227526,33.0,0
41.00_83.00,2014-05-26,41.0,83.0,0.0,0.0,0.0,0.0,1.0,1412537.5446227526,34.0,0
41.00_83.00,2014-06-02,41.0,83.0,0.0,0.0,0.0,0.0,1.0,1412537.5446227526,35.0,0
41.00_83.00,2014-06-09,41.0,83.0,0.0,0.0,0.0,0.0,1.0,0.0,36.0,0
41.00_83.00,2014-06-16,41.0,83.0,0.0,0.0,0.0,0.0,1.0,0.0,37.0,0
41.00_83.00,2014-06-23,41.0,83.0,0.0,0.0,0.0,0.0,1.0,0.0,38.0,0
41.00_83.00,2014-06-30,41.0,83.0,0.0,0.0,0.0,0.0,1.0,0.0,39.0,0
41.00_83.00,2014-07-07,41.0,83.0,0.0,0.0,0.0,0.0,0.0,0.0,40.0,0
41.00_83.00,2014-07-14,41.0,83.0,0.0,0.0,0.0,0.0,0.0,0.0,41.0,0
41.00_83.00,2014-07-21,41.0,83.0,0.0,0.0,0.0,0.0,0.0,0.0,42.0,0
41.00_83.00,2014-07-28,41.0,83.0,0.0,0.0,0.0,0.0,0.0,0.0,43.0,0
41.00_83.00,2014-08-04,41.0,83.0,0.0,0.0,0.0,0.0,0.0,0.0,44.0,0
41.00_83.00,2014-08-11,41.0,83.0,0.0,0.0,0.0,0.0,0.0,0.0,45.0,0
41.00_83.00,2014-08-18,41.0,83.0,0.0,0.0,0.0,0.0,0.0,0.0,46.0,0
41.00_83.00,2014-08-25,41.0,83.0,0.0,0.0,0.0,0.0,0.0,0.0,47.0,0
41.00_83.00,2014-09-01,41.0,83.0,0.0,0.0,0.0,0.0,0.0,0.0,48.0,0
41.00_83.00,2014-09-08,41.0,83.0,0.0,0.0,0.0,0.0,0.0,0.0,49.0,0
41.00_83.00,2014-09-15,41.0,83.0,0.0,0.0,0.0,0.0,0.0,0.0,50.0,0
41.00_83.00,2014-09-22,41.0,83.0,0.0,0.0,0.0,0.0,0.0,0.0,51.0,0
41.00_83.00,2014-09-29,41.0,83.0,0.0,0.0,0.0,0.0,0.0,0.0,52.0,0
41.00_83.00,2014-10-06,41.0,83.0,0.0,0.0,0.0,0.0,0.0,0.0,53.0,0
41.00_83.00,2014-10-13,41.0,83.0,0.0,0.0,0.0,0.0,0.0,0.0,54.0,0
41.00_83.00,2014-10-20,41.0,83.0,0.0,0.0,0.0,0.0,0.0,0.0,55.0,0
41.00_83.00,2014-10-27,41.0,83.0,0.0,0.0,0.0,0.0,0.0,0.0,56.0,0
41.00_83.00,2014-11-03,41.0,83.0,0.0,0.0,0.0,0.0,0.0,0.0,57.0,0
41.00_83.00,2014-11-10,41.0,83.0,0.0,0.0,0.0,0.0,0.0,0.0,58.0,0
41.00_83.00,2014-11-17,41.0,83.0,0.0,0.0,0.0,0.0,0.0,0.0,59.0,1
41.00_83.00,2014-11-24,41.0,83.0,1.0,4.6,4.6,4.6,1.0,7943282.347242805,0.0,0
41.00_83.00,2014-12-01,41.0,83.0,0.0,0.0,0.0,4.6,1.0,7943282.347242805,1.0,0
41.00_83.00,2014-12-08,41.0,83.0,0.0,0.0,0.0,4.6,1.0,7943282.347242805,2.0,0
41.00_83.00,2014-12-15,41.0,83.0,0.0,0.0,0.0,4.6,1.0,7943282.347242805,3.0,0
41.00_83.00,2014-12-22,41.0,83.0,0.0,0.0,0.0,0.0,1.0,7943282.347242805,4.0,0
41.00_83.00,2014-12-29,41.0,83.0,0.0,0.0,0.0,0.0,1.0,7943282.347242805,5.0,0
41.00_83.00,2015-01-05,41.0,83.0,0.0,0.0,0.0,0.0,1.0,7943282.347242805,6.0,0
41.00_83.00,2015-01-12,41.0,83.0,0.0,0.0,0.0,0.0,1.0,7943282.347242805,7.0,0
41.00_83.00,2015-01-19,41.0,83.0,0.0,0.0,0.0,0.0,1.0,0.0,8.0,1
41.00_83.00,2015-01-26,41.0,83.0,1.0,4.8,4.8,4.8,2.0,15848931.924611108,0.0,0
41.00_83.00,2015-02-02,41.0,83.0,0.0,0.0,0.0,4.8,2.0,15848931.924611108,1.0,0
41.00_83.00,2015-02-09,41.0,83.0,0.0,0.0,0.0,4.8,2.0,15848931.924611108,2.0,0
41.00_83.00,2015-02-16,41.0,83.0,0.0,0.0,0.0,4.8,1.0,15848931.924611108,3.0,1
41.00_83.00,2015-02-23,41.0,83.0,1.0,4.5,4.5,4.5,2.0,21472345.1765146,0.0,0
41.00_83.00,2015-03-02,41.0,83.0,0.0,0.0,0.0,4.5,2.0,21472345.1765146,1.0,0
41.00_83.00,2015-03-09,41.0,83.0,0.0,0.0,0.0,4.5,2.0,21472345.1765146,2.0,0
41.00_83.00,2015-03-16,41.0,83.0,0.0,0.0,0.0,4.5,2.0,21472345.1765146,3.0,0
41.00_83.00,2015-03-23,41.0,83.0,0.0,0.0,0.0,0.0,2.0,5623413.251903491,4.0,0
41.00_83.00,2015-03-30,41.0,83.0,0.0,0.0,0.0,0.0,2.0,5623413.251903491,5.0,0
41.00_83.00,2015-04-06,41.0,83.0,0.0,0.0,0.0,0.0,2.0,5623413.251903491,6.0,0
41.00_83.00,2015-04-13,41.0,83.0,0.0,0.0,0.0,0.0,2.0,5623413.251903491,7.0,0
41.00_83.00,2015-04-20,41.0,83.0,0.0,0.0,0.0,0.0,1.0,0.0,8.0,0
41.00_83.00,2015-04-27,41.0,83.0,0.0,0.0,0.0,0.0,1.0,0.0,9.0,0
41.00_83.00,2015-05-04,41.0,83.0,0.0,0.0,0.0,0.0,1.0,0.0,10.0,0
41.00_83.00,2015-05-11,41.0,83.0,0.0,0.0,0.0,0.0,1.0,0.0,11.0,0
41.00_83.00,2015-05-18,41.0,83.0,0.0,0.0,0.0,0.0,0.0,0.0,12.0,0
41.00_83.00,2015-05-25,41.0,83.0,0.0,0.0,0.0,0.0,0.0,0.0,13.0,0
41.00_83.00,2015-06-01,41.0,83.0,0.0,0.0,0.0,0.0,0.0,0.0,14.0,0
41.00_83.00,2015-06-08,41.0,83.0,0.0,0.0,0.0,0.0,0.0,0.0,15.0,0
41.00_83.00,2015-06-15,41.0,83.0,0.0,0.0,0.0,0.0,0.0,0.0,16.0,0
41.00_83.00,2015-06-22,41.0,83.0,0.0,0.0,0.0,0.0,0.0,0.0,17.0,0
41.00_83.00,2015-06-29,41.0,83.0,0.0,0.0,0.0,0.0,0.0,0.0,18.0,0
41.00_83.00,2015-07-06,41.0,83.0,0.0,0.0,0.0,0.0,0.0,0.0,19.0,0
41.00_83.00,2015-07-13,41.0,83.0,0.0,0.0,0.0,0.0,0.0,0.0,20.0,0
41.00_83.00,2015-07-20,41.0,83.0,0.0,0.0,0.0,0.0,0.0,0.0,21.0,0
41.00_83.00,2015-07-27,41.0,83.0,0.0,0.0,0.0,0.0,0.0,0.0,22.0,0
41.00_83.00,2015-08-03,41.0,83.0,0.0,0.0,0.0,0.0,0.0,0.0,23.0,0
41.00_83.00,2015-08-10,41.0,83.0,0.0,0.0,0.0,0.0,0.0,0.0,24.0,0
41.00_83.00,2015-08-17,41.0,83.0,0.0,0.0,0.0,0.0,0.0,0.0,25.0,1
41.00_83.00,2015-08-24,41.0,83.0,1.0,4.7,4.7,4.7,1.0,11220184.543019652,0.0,2
41.00_83.00,2015-08-31,41.0,83.0,2.0,4.8,4.4,4.8,3.0,31050188.17316574,0.0,0
41.00_83.00,2015-09-07,41.0,83.0,0.0,0.0,0.0,4.8,3.0,31050188.17316574,1.0,0
41.00_83.00,2015-09-14,41.0,83.0,0.0,0.0,0.0,4.8,3.0,31050188.17316574,2.0,0
41.00_83.00,2015-09-21,41.0,83.0,0.0,0.0,0.0,4.8,3.0,31050188.17316574,3.0,0
41.00_83.00,2015-09-28,41.0,83.0,0.0,0.0,0.0,0.0,3.0,31050188.17316574,4.0,0
41.00_83.00,2015-10-05,41.0,83.0,0.0,0.0,0.0,0.0,3.0,31050188.17316574,5.0,0
41.00_83.00,2015-10-12,41.0,83.0,0.0,0.0,0.0,0.0,3.0,31050188.17316574,6.0,0
41.00_83.00,2015-10-19,41.0,83.0,0.0,0.0,0.0,0.0,3.0,19830003.630146086,7.0,0
41.00_83.00,2015-10-26,41.0,83.0,0.0,0.0,0.0,0.0,3.0,0.0,8.0,0
41.00_83.00,2015-11-02,41.0,83.0,0.0,0.0,0.0,0.0,3.0,0.0,9.0,0
41.00_83.00,2015-11-09,41.0,83.0,0.0,0.0,0.0,0.0,3.0,0.0,10.0,0
41.00_83.00,2015-11-16,41.0,83.0,0.0,0.0,0.0,0.0,2.0,0.0,11.0,0
41.00_83.00,2015-11-23,41.0,83.0,0.0,0.0,0.0,0.0,0.0,0.0,12.0,0
41.00_83.00,2015-11-30,41.0,83.0,0.0,0.0,0.0,0.0,0.0,0.0,13.0,0
41.00_83.00,2015-12-07,41.0,83.0,0.0,0.0,0.0,0.0,0.0,0.0,14.0,0
41.00_83.00,2015-12-14,41.0,83.0,0.0,0.0,0.0,0.0,0.0,0.0,15.0,0
41.00_83.00,2015-12-21,41.0,83.0,0.0,0.0,0.0,0.0,0.0,0.0,16.0,0
41.00_83.00,2015-12-28,41.0,83.0,0.0,0.0,0.0,0.0,0.0,0.0,17.0,0
41.00_83.00,2016-01-04,41.0,83.0,0.0,0.0,0.0,0.0,0.0,0.0,18.0,1
41.00_83.00,2016-01-11,41.0,83.0,1.0,4.7,4.7,4.7,1.0,11220184.543019652,0.0,2
41.00_83.00,2016-01-18,41.0,83.0,2.0,5.1,4.0,5.1,3.0,56888543.75811591,0.0,1
41.00_83.00,2016-01-25,41.0,83.0,1.0,4.6,4.6,5.1,4.0,64831826.10535871,0.0,0
41.00_83.00,2016-02-01,41.0,83.0,0.0,0.0,0.0,5.1,4.0,64831826.10535871,1.0,0
41.00_83.00,2016-02-08,41.0,83.0,0.0,0.0,0.0,5.1,4.0,64831826.10535871,2.0,0
41.00_83.00,2016-02-15,41.0,83.0,0.0,0.0,0.0,4.6,4.0,64831826.10535871,3.0,0
41.00_83.00,2016-02-22,41.0,83.0,0.0,0.0,0.0,0.0,4.0,64831826.10535871,4.0,0
41.00_83.00,2016-02-29,41.0,83.0,0.0,0.0,0.0,0.0,4.0,64831826.10535871,5.0,0
41.00_83.00,2016-03-07,41.0,83.0,0.0,0.0,0.0,0.0,4.0,53611641.56233906,6.0,0
41.00_83.00,2016-03-14,41.0,83.0,0.0,0.0,0.0,0.0,4.0,7943282.347242805,7.0,0
41.00_83.00,2016-03-21,41.0,83.0,0.0,0.0,0.0,0.0,4.0,0.0,8.0,0
41.00_83.00,2016-03-28,41.0,83.0,0.0,0.0,0.0,0.0,4.0,0.0,9.0,0
41.00_83.00,2016-04-04,41.0,83.0,0.0,0.0,0.0,0.0,3.0,0.0,10.0,0
41.00_83.00,2016-04-11,41.0,83.0,0.0,0.0,0.0,0.0,1.0,0.0,11.0,0
41.00_83.00,2016-04-18,41.0,83.0,0.0,0.0,0.0,0.0,0.0,0.0,12.0,0
41.00_83.00,2016-04-25,41.0,83.0,0.0,0.0,0.0,0.0,0.0,0.0,13.0,0
41.00_83.00,2016-05-02,41.0,83.0,0.0,0.0,0.0,0.0,0.0,0.0,14.0,0
41.00_83.00,2016-05-09,41.0,83.0,0.0,0.0,0.0,0.0,0.0,0.0,15.0,0
41.00_83.00,2016-05-16,41.0,83.0,0.0,0.0,0.0,0.0,0.0,0.0,16.0,0
41.00_83.00,2016-05-23,41.0,83.0,0.0,0.0,0.0,0.0,0.0,0.0,17.0,0
41.00_83.00,2016-05-30,41.0,83.0,0.0,0.0,0.0,0.0,0.0,0.0,18.0,0
41.00_83.00,2016-06-06,41.0,83.0,0.0,0.0,0.0,0.0,0.0,0.0,19.0,0
41.00_83.00,2016-06-13,41.0,83.0,0.0,0.0,0.0,0.0,0.0,0.0,20.0,0
41.00_83.00,2016-06-20,41.0,83.0,0.0,0.0,0.0,0.0,0.0,0.0,21.0,0
41.00_83.00,2016-06-27,41.0,83.0,0.0,0.0,0.0,0.0,0.0,0.0,22.0,0
41.00_83.00,2016-07-04,41.0,83.0,0.0,0.0,0.0,0.0,0.0,0.0,23.0,0
41.00_83.00,2016-07-11,41.0,83.0,0.0,0.0,0.0,0.0,0.0,0.0,24.0,1
41.00_83.00,2016-07-18,41.0,83.0,1.0,4.3,4.3,4.3,1.0,2818382.9312644494,25.0,0
41.00_83.00,2016-07-25,41.0,83.0,0.0,0.0,0.0,4.3,1.0,2818382.9312644494,26.0,0
41.00_83.00,2016-08-01,41.0,83.0,0.0,0.0,0.0,4.3,1.0,2818382.9312644494,27.0,0
41.00_83.00,2016-08-08,41.0,83.0,0.0,0.0,0.0,4.3,1.0,2818382.9312644494,28.0,0
41.00_83.00,2016-08-15,41.0,83.0,0.0,0.0,0.0,0.0,1.0,2818382.9312644494,29.0,0
41.00_83.00,2016-08-22,41.0,83.0,0.0,0.0,0.0,0.0,1.0,2818382.9312644494,30.0,0
41.00_83.00,2016-08-29,41.0,83.0,0.0,0.0,0.0,0.0,1.0,2818382.9312644494,31.0,0
41.00_83.00,2016-09-05,41.0,83.0,0.0,0.0,0.0,0.0,1.0,2818382.9312644494,32.0,0
41.00_83.00,2016-09-12,41.0,83.0,0.0,0.0,0.0,0.0,1.0,0.0,33.0,0
41.00_83.00,2016-09-19,41.0,83.0,0.0,0.0,0.0,0.0,1.0,0.0,34.0,0
41.00_83.00,2016-09-26,41.0,83.0,0.0,0.0,0.0,0.0,1.0,0.0,35.0,0
41.00_83.00,2016-10-03,41.0,83.0,0.0,0.0,0.0,0.0,1.0,0.0,36.0,0
41.00_83.00,2016-10-10,41.0,83.0,0.0,0.0,0.0,0.0,0.0,0.0,37.0,0
41.00_83.00,2016-10-17,41.0,83.0,0.0,0.0,0.0,0.0,0.0,0.0,38.0,0
41.00_83.00,2016-10-24,41.0,83.0,0.0,0.0,0.0,0.0,0.0,0.0,39.0,0
41.00_83.00,2016-10-31,41.0,83.0,0.0,0.0,0.0,0.0,0.0,0.0,40.0,0
41.00_83.00,2016-11-07,41.0,83.0,0.0,0.0,0.0,0.0,0.0,0.0,41.0,0
41.00_83.00,2016-11-14,41.0,83.0,0.0,0.0,0.0,0.0,0.0,0.0,42.0,0
41.00_83.00,2016-11-21,41.0,83.0,0.0,0.0,0.0,0.0,0.0,0.0,43.0,0
41.00_83.00,2016-11-28,41.0,83.0,0.0,0.0,0.0,0.0,0.0,0.0,44.0,0
41.00_83.00,2016-12-05,41.0,83.0,0.0,0.0,0.0,0.0,0.0,0.0,45.0,0
41.00_83.00,2016-12-12,41.0,83.0,0.0,0.0,0.0,0.0,0.0,0.0,46.0,0
41.00_83.00,2016-12-19,41.0,83.0,0.0,0.0,0.0,0.0,0.0,0.0,47.0,0
41.00_83.00,2016-12-26,41.0,83.0,0.0,0.0,0.0,0.0,0.0,0.0,48.0,0
41.00_83.00,2017-01-02,41.0,83.0,0.0,0.0,0.0,0.0,0.0,0.0,49.0,0
41.00_83.00,2017-01-09,41.0,83.0,0.0,0.0,0.0,0.0,0.0,0.0,50.0,0
41.00_83.00,2017-01-16,41.0,83.0,0.0,0.0,0.0,0.0,0.0,0.0,51.0,0
41.00_83.00,2017-01-23,41.0,83.0,0.0,0.0,0.0,0.0,0.0,0.0,52.0,0
41.00_83.00,2017-01-30,41.0,83.0,0.0,0.0,0.0,0.0,0.0,0.0,53.0,0
41.00_83.00,2017-02-06,41.0,83.0,0.0,0.0,0.0,0.0,0.0,0.0,54.0,0
41.00_83.00,2017-02-13,41.0,83.0,0.0,0.0,0.0,0.0,0.0,0.0,55.0,0
41.00_83.00,2017-02-20,41.0,83.0,0.0,0.0,0.0,0.0,0.0,0.0,56.0,0
41.00_83.00,2017-02-27,41.0,83.0,0.0,0.0,0.0,0.0,0.0,0.0,57.0,0
41.00_83.00,2017-03-06,41.0,83.0,0.0,0.0,0.0,0.0,0.0,0.0,58.0,0
41.00_83.00,2017-03-13,41.0,83.0,0.0,0.0,0.0,0.0,0.0,0.0,59.0,0
41.00_83.00,2017-03-20,41.0,83.0,0.0,0.0,0.0,0.0,0.0,0.0,60.0,0
41.00_83.00,2017-03-27,41.0,83.0,0.0,0.0,0.0,0.0,0.0,0.0,61.0,0
41.00_83.00,2017-04-03,41.0,83.0,0.0,0.0,0.0,0.0,0.0,0.0,62.0,0
41.00_83.00,2017-04-10,41.0,83.0,0.0,0.0,0.0,0.0,0.0,0.0,63.0,0
41.00_83.00,2017-04-17,41.0,83.0,0.0,0.0,0.0,0.0,0.0,0.0,64.0,0
41.00_83.00,2017-04-24,41.0,83.0,0.0,0.0,0.0,0.0,0.0,0.0,65.0,0
41.00_83.00,2017-05-01,41.0,83.0,0.0,0.0,0.0,0.0,0.0,0.0,66.0,0
41.00_83.00,2017-05-08,41.0,83.0,0.0,0.0,0.0,0.0,0.0,0.0,67.0,0
41.00_83.00,2017-05-15,41.0,83.0,0.0,0.0,0.0,0.0,0.0,0.0,68.0,0
41.00_83.00,2017-05-22,41.0,83.0,0.0,0.0,0.0,0.0,0.0,0.0,69.0,0
41.00_83.00,2017-05-29,41.0,83.0,0.0,0.0,0.0,0.0,0.0,0.0,70.0,0
41.00_83.00,2017-06-05,41.0,83.0,0.0,0.0,0.0,0.0,0.0,0.0,71.0,0
41.00_83.00,2017-06-12,41.0,83.0,0.0,0.0,0.0,0.0,0.0,0.0,72.0,0
41.00_83.00,2017-06-19,41.0,83.0,0.0,0.0,0.0,0.0,0.0,0.0,73.0,0
41.00_83.00,2017-06-26,41.0,83.0,0.0,0.0,0.0,0.0,0.0,0.0,74.0,0
41.00_83.00,2017-07-03,41.0,83.0,0.0,0.0,0.0,0.0,0.0,0.0,75.0,0
41.00_83.00,2017-07-10,41.0,83.0,0.0,0.0,0.0,0.0,0.0,0.0,76.0,0
41.00_83.00,2017-07-17,41.0,83.0,0.0,0.0,0.0,0.0,0.0,0.0,77.0,0
41.00_83.00,2017-07-24,41.0,83.0,0.0,0.0,0.0,0.0,0.0,0.0,78.0,0
41.00_83.00,2017-07-31,41.0,83.0,0.0,0.0,0.0,0.0,0.0,0.0,79.0,0
41.00_83.00,2017-08-07,41.0,83.0,0.0,0.0,0.0,0.0,0.0,0.0,80.0,0
41.00_83.00,2017-08-14,41.0,83.0,0.0,0.0,0.0,0.0,0.0,0.0,81.0,1
41.00_83.00,2017-08-21,41.0,83.0,1.0,4.4,4.4,4.4,1.0,3981071.7055349774,82.0,0
41.00_83.00,2017-08-28,41.0,83.0,0.0,0.0,0.0,4.4,1.0,3981071.7055349774,83.0,0
41.00_83.00,2017-09-04,41.0,83.0,0.0,0.0,0.0,4.4,1.0,3981071.7055349774,84.0,0
41.00_83.00,2017-09-11,41.0,83.0,0.0,0.0,0.0,4.4,1.0,3981071.7055349774,85.0,1
41.00_83.00,2017-09-18,41.0,83.0,1.0,5.4,5.4,5.4,2.0,129873612.88495211,0.0,0
41.00_83.00,2017-09-25,41.0,83.0,0.0,0.0,0.0,5.4,2.0,129873612.88495211,1.0,1
41.00_83.00,2017-10-02,41.0,83.0,1.0,4.5,4.5,5.4,3.0,135497026.1368556,0.0,0
41.00_83.00,2017-10-09,41.0,83.0,0.0,0.0,0.0,5.4,3.0,135497026.1368556,1.0,0
41.00_83.00,2017-10-16,41.0,83.0,0.0,0.0,0.0,4.5,3.0,131515954.43132062,2.0,0
41.00_83.00,2017-10-23,41.0,83.0,0.0,0.0,0.0,4.5,3.0,131515954.43132062,3.0,0
41.00_83.00,2017-10-30,41.0,83.0,0.0,0.0,0.0,0.0,3.0,131515954.43132062,4.0,0
41.00_83.00,2017-11-06,41.0,83.0,0.0,0.0,0.0,0.0,3.0,131515954.43132062,5.0,0
41.00_83.00,2017-11-13,41.0,83.0,0.0,0.0,0.0,0.0,2.0,5623413.251903491,6.0,0
41.00_83.00,2017-11-20,41.0,83.0,0.0,0.0,0.0,0.0,2.0,5623413.251903491,7.0,0
41.00_83.00,2017-11-27,41.0,83.0,0.0,0.0,0.0,0.0,2.0,0.0,8.0,0
41.00_83.00,2017-12-04,41.0,83.0,0.0,0.0,0.0,0.0,2.0,0.0,9.0,0
41.00_83.00,2017-12-11,41.0,83.0,0.0,0.0,0.0,0.0,1.0,0.0,10.0,0
41.00_83.00,2017-12-18,41.0,83.0,0.0,0.0,0.0,0.0,1.0,0.0,11.0,0
41.00_83.00,2017-12-25,41.0,83.0,0.0,0.0,0.0,0.0,0.0,0.0,12.0,0
41.00_83.00,2018-01-01,41.0,83.0,0.0,0.0,0.0,0.0,0.0,0.0,13.0,0
41.00_83.00,2018-01-08,41.0,83.0,0.0,0.0,0.0,0.0,0.0,0.0,14.0,0
41.00_83.00,2018-01-15,41.0,83.0,0.0,0.0,0.0,0.0,0.0,0.0,15.0,0
41.00_83.00,2018-01-22,41.0,83.0,0.0,0.0,0.0,0.0,0.0,0.0,16.0,0
41.00_83.00,2018-01-29,41.0,83.0,0.0,0.0,0.0,0.0,0.0,0.0,17.0,0
41.00_83.00,2018-02-05,41.0,83.0,0.0,0.0,0.0,0.0,0.0,0.0,18.0,0
41.00_83.00,2018-02-12,41.0,83.0,0.0,0.0,0.0,0.0,0.0,0.0,19.0,0
41.00_83.00,2018-02-19,41.0,83.0,0.0,0.0,0.0,0.0,0.0,0.0,20.0,0
41.00_83.00,2018-02-26,41.0,83.0,0.0,0.0,0.0,0.0,0.0,0.0,21.0,0
41.00_83.00,2018-03-05,41.0,83.0,0.0,0.0,0.0,0.0,0.0,0.0,22.0,0
41.00_83.00,2018-03-12,41.0,83.0,0.0,0.0,0.0,0.0,0.0,0.0,23.0,0
41.00_83.00,2018-03-19,41.0,83.0,0.0,0.0,0.0,0.0,0.0,0.0,24.0,0
41.00_83.00,2018-03-26,41.0,83.0,0.0,0.0,0.0,0.0,0.0,0.0,25.0,0
41.00_83.00,2018-04-02,41.0,83.0,0.0,0.0,0.0,0.0,0.0,0.0,26.0,0
41.00_83.00,2018-04-09,41.0,83.0,0.0,0.0,0.0,0.0,0.0,0.0,27.0,0
41.00_83.00,2018-04-16,41.0,83.0,0.0,0.0,0.0,0.0,0.0,0.0,28.0,0
41.00_83.00,2018-04-23,41.0,83.0,0.0,0.0,0.0,0.0,0.0,0.0,29.0,0
41.00_83.00,2018-04-30,41.0,83.0,0.0,0.0,0.0,0.0,0.0,0.0,30.0,0
41.00_83.00,2018-05-07,41.0,83.0,0.0,0.0,0.0,0.0,0.0,0.0,31.0,0
41.00_83.00,2018-05-14,41.0,83.0,0.0,0.0,0.0,0.0,0.0,0.0,32.0,0
41.00_83.00,2018-05-21,41.0,83.0,0.0,0.0,0.0,0.0,0.0,0.0,33.0,0
41.00_83.00,2018-05-28,41.0,83.0,0.0,0.0,0.0,0.0,0.0,0.0,34.0,0
41.00_83.00,2018-06-04,41.0,83.0,0.0,0.0,0.0,0.0,0.0,0.0,35.0,0
41.00_83.00,2018-06-11,41.0,83.0,0.0,0.0,0.0,0.0,0.0,0.0,36.0,0
41.00_83.00,2018-06-18,41.0,83.0,0.0,0.0,0.0,0.0,0.0,0.0,37.0,0
41.00_83.00,2018-06-25,41.0,83.0,0.0,0.0,0.0,0.0,0.0,0.0,38.0,0
41.00_83.00,2018-07-02,41.0,83.0,0.0,0.0,0.0,0.0,0.0,0.0,39.0,0
41.00_83.00,2018-07-09,41.0,83.0,0.0,0.0,0.0,0.0,0.0,0.0,40.0,0
41.00_83.00,2018-07-16,41.0,83.0,0.0,0.0,0.0,0.0,0.0,0.0,41.0,0
41.00_83.00,2018-07-23,41.0,83.0,0.0,0.0,0.0,0.0,0.0,0.0,42.0,0
41.00_83.00,2018-07-30,41.0,83.0,0.0,0.0,0.0,0.0,0.0,0.0,43.0,0
41.00_83.00,2018-08-06,41.0,83.0,0.0,0.0,0.0,0.0,0.0,0.0,44.0,0
41.00_83.00,2018-08-13,41.0,83.0,0.0,0.0,0.0,0.0,0.0,0.0,45.0,0
41.00_83.00,2018-08-20,41.0,83.0,0.0,0.0,0.0,0.0,0.0,0.0,46.0,0
41.00_83.00,2018-08-27,41.0,83.0,0.0,0.0,0.0,0.0,0.0,0.0,47.0,0
41.00_83.00,2018-09-03,41.0,83.0,0.0,0.0,0.0,0.0,0.0,0.0,48.0,0
41.00_83.00,2018-09-10,41.0,83.0,0.0,0.0,0.0,0.0,0.0,0.0,49.0,0
41.00_83.00,2018-09-17,41.0,83.0,0.0,0.0,0.0,0.0,0.0,0.0,50.0,0
41.00_83.00,2018-09-24,41.0,83.0,0.0,0.0,0.0,0.0,0.0,0.0,51.0,0
41.00_83.00,2018-10-01,41.0,83.0,0.0,0.0,0.0,0.0,0.0,0.0,52.0,0
41.00_83.00,2018-10-08,41.0,83.0,0.0,0.0,0.0,0.0,0.0,0.0,53.0,0
41.00_83.00,2018-10-15,41.0,83.0,0.0,0.0,0.0,0.0,0.0,0.0,54.0,0
41.00_83.00,2018-10-22,41.0,83.0,0.0,0.0,0.0,0.0,0.0,0.0,55.0,0
41.00_83.00,2018-10-29,41.0,83.0,0.0,0.0,0.0,0.0,0.0,0.0,56.0,0
41.00_83.00,2018-11-05,41.0,83.0,0.0,0.0,0.0,0.0,0.0,0.0,57.0,0
41.00_83.00,2018-11-12,41.0,83.0,0.0,0.0,0.0,0.0,0.0,0.0,58.0,0
41.00_83.00,2018-11-19,41.0,83.0,0.0,0.0,0.0,0.0,0.0,0.0,59.0,1
41.00_83.00,2018-11-26,41.0,83.0,1.0,4.4,4.4,4.4,1.0,3981071.7055349774,60.0,0
41.00_83.00,2018-12-03,41.0,83.0,0.0,0.0,0.0,4.4,1.0,3981071.7055349774,61.0,0
41.00_83.00,2018-12-10,41.0,83.0,0.0,0.0,0.0,4.4,1.0,3981071.7055349774,62.0,0
41.00_83.00,2018-12-17,41.0,83.0,0.0,0.0,0.0,4.4,1.0,3981071.7055349774,63.0,0
41.00_83.00,2018-12-24,41.0,83.0,0.0,0.0,0.0,0.0,1.0,3981071.7055349774,64.0,0
41.00_83.00,2018-12-31,41.0,83.0,0.0,0.0,0.0,0.0,1.0,3981071.7055349774,65.0,0
41.00_83.00,2019-01-07,41.0,83.0,0.0,0.0,0.0,0.0,1.0,3981071.7055349774,66.0,0
41.00_83.00,2019-01-14,41.0,83.0,0.0,0.0,0.0,0.0,1.0,3981071.7055349774,67.0,0
41.00_83.00,2019-01-21,41.0,83.0,0.0,0.0,0.0,0.0,1.0,0.0,68.0,0
41.00_83.00,2019-01-28,41.0,83.0,0.0,0.0,0.0,0.0,1.0,0.0,69.0,0
41.00_83.00,2019-02-04,41.0,83.0,0.0,0.0,0.0,0.0,1.0,0.0,70.0,0
41.00_83.00,2019-02-11,41.0,83.0,0.0,0.0,0.0,0.0,1.0,0.0,71.0,0
41.00_83.00,2019-02-18,41.0,83.0,0.0,0.0,0.0,0.0,0.0,0.0,72.0,0
41.00_83.00,2019-02-25,41.0,83.0,0.0,0.0,0.0,0.0,0.0,0.0,73.0,0
41.00_83.00,2019-03-04,41.0,83.0,0.0,0.0,0.0,0.0,0.0,0.0,74.0,0
41.00_83.00,2019-03-11,41.0,83.0,0.0,0.0,0.0,0.0,0.0,0.0,75.0,1
41.00_83.00,2019-03-18,41.0,83.0,1.0,4.0,4.0,4.0,1.0,1000000.0,76.0,0
41.00_83.00,2019-03-25,41.0,83.0,0.0,0.0,0.0,4.0,1.0,1000000.0,77.0,0
41.00_83.00,2019-04-01,41.0,83.0,0.0,0.0,0.0,4.0,1.0,1000000.0,78.0,0
41.00_83.00,2019-04-08,41.0,83.0,0.0,0.0,0.0,4.0,1.0,1000000.0,79.0,0
41.00_83.00,2019-04-15,41.0,83.0,0.0,0.0,0.0,0.0,1.0,1000000.0,80.0,0
41.00_83.00,2019-04-22,41.0,83.0,0.0,0.0,0.0,0.0,1.0,1000000.0,81.0,0
41.00_83.00,2019-04-29,41.0,83.0,0.0,0.0,0.0,0.0,1.0,1000000.0,82.0,0
41.00_83.00,2019-05-06,41.0,83.0,0.0,0.0,0.0,0.0,1.0,1000000.0,83.0,0
41.00_83.00,2019-05-13,41.0,83.0,0.0,0.0,0.0,0.0,1.0,0.0,84.0,0
41.00_83.00,2019-05-20,41.0,83.0,0.0,0.0,0.0,0.0,1.0,0.0,85.0,0
41.00_83.00,2019-05-27,41.0,83.0,0.0,0.0,0.0,0.0,1.0,0.0,86.0,0
41.00_83.00,2019-06-03,41.0,83.0,0.0,0.0,0.0,0.0,1.0,0.0,87.0,0
41.00_83.00,2019-06-10,41.0,83.0,0.0,0.0,0.0,0.0,0.0,0.0,88.0,0
41.00_83.00,2019-06-17,41.0,83.0,0.0,0.0,0.0,0.0,0.0,0.0,89.0,0
41.00_83.00,2019-06-24,41.0,83.0,0.0,0.0,0.0,0.0,0.0,0.0,90.0,0
41.00_83.00,2019-07-01,41.0,83.0,0.0,0.0,0.0,0.0,0.0,0.0,91.0,0
41.00_83.00,2019-07-08,41.0,83.0,0.0,0.0,0.0,0.0,0.0,0.0,92.0,0
41.00_83.00,2019-07-15,41.0,83.0,0.0,0.0,0.0,0.0,0.0,0.0,93.0,0
41.00_83.00,2019-07-22,41.0,83.0,0.0,0.0,0.0,0.0,0.0,0.0,94.0,0
41.00_83.00,2019-07-29,41.0,83.0,0.0,0.0,0.0,0.0,0.0,0.0,95.0,0
41.00_83.00,2019-08-05,41.0,83.0,0.0,0.0,0.0,0.0,0.0,0.0,96.0,0
41.00_83.00,2019-08-12,41.0,83.0,0.0,0.0,0.0,0.0,0.0,0.0,97.0,0
41.00_83.00,2019-08-19,41.0,83.0,0.0,0.0,0.0,0.0,0.0,0.0,98.0,0
41.00_83.00,2019-08-26,41.0,83.0,0.0,0.0,0.0,0.0,0.0,0.0,99.0,0
41.00_83.00,2019-09-02,41.0,83.0,0.0,0.0,0.0,0.0,0.0,0.0,100.0,0
41.00_83.00,2019-09-09,41.0,83.0,0.0,0.0,0.0,0.0,0.0,0.0,101.0,2
41.00_83.00,2019-09-16,41.0,83.0,2.0,4.5,4.5,4.5,2.0,11246826.503806982,0.0,1
41.00_83.00,2019-09-23,41.0,83.0,1.0,4.5,4.5,4.5,3.0,16870239.755710475,0.0,0
41.00_83.00,2019-09-30,41.0,83.0,0.0,0.0,0.0,4.5,3.0,16870239.755710475,1.0,0
41.00_83.00,2019-10-07,41.0,83.0,0.0,0.0,0.0,4.5,3.0,16870239.755710475,2.0,0
41.00_83.00,2019-10-14,41.0,83.0,0.0,0.0,0.0,4.5,3.0,16870239.755710475,3.0,0
41.00_83.00,2019-10-21,41.0,83.0,0.0,0.0,0.0,0.0,3.0,16870239.755710475,4.0,1
41.00_83.00,2019-10-28,41.0,83.0,1.0,5.1,5.1,5.1,4.0,61538598.97080673,0.0,0
41.00_83.00,2019-11-04,41.0,83.0,0.0,0.0,0.0,5.1,4.0,61538598.97080673,1.0,0
41.00_83.00,2019-11-11,41.0,83.0,0.0,0.0,0.0,5.1,4.0,50291772.466999754,2.0,0
41.00_83.00,2019-11-18,41.0,83.0,0.0,0.0,0.0,5.1,4.0,44668359.21509626,3.0,0
41.00_83.00,2019-11-25,41.0,83.0,0.0,0.0,0.0,0.0,4.0,44668359.21509626,4.0,0
41.00_83.00,2019-12-02,41.0,83.0,0.0,0.0,0.0,0.0,4.0,44668359.21509626,5.0,0
41.00_83.00,2019-12-09,41.0,83.0,0.0,0.0,0.0,0.0,2.0,44668359.21509626,6.0,1
41.00_83.00,2019-12-16,41.0,83.0,1.0,4.3,4.3,4.3,2.0,47486742.14636071,7.0,0
41.00_83.00,2019-12-23,41.0,83.0,0.0,0.0,0.0,4.3,2.0,2818382.9312644494,8.0,0
41.00_83.00,2019-12-30,41.0,83.0,0.0,0.0,0.0,4.3,2.0,2818382.9312644494,9.0,0
41.00_83.00,2020-01-06,41.0,83.0,0.0,0.0,0.0,4.3,2.0,2818382.9312644494,10.0,0
41.00_83.00,2020-01-13,41.0,83.0,0.0,0.0,0.0,0.0,2.0,2818382.9312644494,11.0,1
41.00_83.00,2020-01-20,41.0,83.0,1.0,5.2,5.2,5.2,2.0,65914117.37928388,0.0,0
41.00_83.00,2020-01-27,41.0,83.0,0.0,0.0,0.0,5.2,2.0,65914117.37928388,1.0,0
41.00_83.00,2020-02-03,41.0,83.0,0.0,0.0,0.0,5.2,2.0,65914117.37928388,2.0,0
41.00_83.00,2020-02-10,41.0,83.0,0.0,0.0,0.0,5.2,2.0,63095734.44801943,3.0,0
41.00_83.00,2020-02-17,41.0,83.0,0.0,0.0,0.0,0.0,2.0,63095734.44801943,4.0,0
41.00_83.00,2020-02-24,41.0,83.0,0.0,0.0,0.0,0.0,2.0,63095734.44801943,5.0,0
41.00_83.00,2020-03-02,41.0,83.0,0.0,0.0,0.0,0.0,2.0,63095734.44801943,6.0,0
41.00_83.00,2020-03-09,41.0,83.0,0.0,0.0,0.0,0.0,1.0,63095734.44801943,7.0,0
41.00_83.00,2020-03-16,41.0,83.0,0.0,0.0,0.0,0.0,1.0,0.0,8.0,0
41.00_83.00,2020-03-23,41.0,83.0,0.0,0.0,0.0,0.0,1.0,0.0,9.0,0
41.00_83.00,2020-03-30,41.0,83.0,0.0,0.0,0.0,0.0,1.0,0.0,10.0,0
41.00_83.00,2020-04-06,41.0,83.0,0.0,0.0,0.0,0.0,1.0,0.0,11.0,0
41.00_83.00,2020-04-13,41.0,83.0,0.0,0.0,0.0,0.0,0.0,0.0,12.0,1
41.00_83.00,2020-04-20,41.0,83.0,1.0,4.3,4.3,4.3,1.0,2818382.9312644494,13.0,0
41.00_83.00,2020-04-27,41.0,83.0,0.0,0.0,0.0,4.3,1.0,2818382.9312644494,14.0,0
41.00_83.00,2020-05-04,41.0,83.0,0.0,0.0,0.0,4.3,1.0,2818382.9312644494,15.0,0
41.00_83.00,2020-05-11,41.0,83.0,0.0,0.0,0.0,4.3,1.0,2818382.9312644494,16.0,0
41.00_83.00,2020-05-18,41.0,83.0,0.0,0.0,0.0,0.0,1.0,2818382.9312644494,17.0,0
41.00_83.00,2020-05-25,41.0,83.0,0.0,0.0,0.0,0.0,1.0,2818382.9312644494,18.0,0
41.00_83.00,2020-06-01,41.0,83.0,0.0,0.0,0.0,0.0,1.0,2818382.9312644494,19.0,0
41.00_83.00,2020-06-08,41.0,83.0,0.0,0.0,0.0,0.0,1.0,2818382.9312644494,20.0,0
41.00_83.00,2020-06-15,41.0,83.0,0.0,0.0,0.0,0.0,1.0,0.0,21.0,0
41.00_83.00,2020-06-22,41.0,83.0,0.0,0.0,0.0,0.0,1.0,0.0,22.0,0
41.00_83.00,2020-06-29,41.0,83.0,0.0,0.0,0.0,0.0,1.0,0.0,23.0,0
41.00_83.00,2020-07-06,41.0,83.0,0.0,0.0,0.0,0.0,1.0,0.0,24.0,0
41.00_83.00,2020-07-13,41.0,83.0,0.0,0.0,0.0,0.0,0.0,0.0,25.0,0
41.00_83.00,2020-07-20,41.0,83.0,0.0,0.0,0.0,0.0,0.0,0.0,26.0,0
41.00_83.00,2020-07-27,41.0,83.0,0.0,0.0,0.0,0.0,0.0,0.0,27.0,0
41.00_83.00,2020-08-03,41.0,83.0,0.0,0.0,0.0,0.0,0.0,0.0,28.0,0
41.00_83.00,2020-08-10,41.0,83.0,0.0,0.0,0.0,0.0,0.0,0.0,29.0,0
41.00_83.00,2020-08-17,41.0,83.0,0.0,0.0,0.0,0.0,0.0,0.0,30.0,0
41.00_83.00,2020-08-24,41.0,83.0,0.0,0.0,0.0,0.0,0.0,0.0,31.0,0
41.00_83.00,2020-08-31,41.0,83.0,0.0,0.0,0.0,0.0,0.0,0.0,32.0,0
41.00_83.00,2020-09-07,41.0,83.0,0.0,0.0,0.0,0.0,0.0,0.0,33.0,1
41.00_83.00,2020-09-14,41.0,83.0,1.0,4.6,4.6,4.6,1.0,7943282.347242805,0.0,2
41.00_83.00,2020-09-21,41.0,83.0,2.0,4.6,4.5,4.6,3.0,21509977.9463891,0.0,0
41.00_83.00,2020-09-28,41.0,83.0,0.0,0.0,0.0,4.6,3.0,21509977.9463891,1.0,0
41.00_83.00,2020-10-05,41.0,83.0,0.0,0.0,0.0,4.6,3.0,21509977.9463891,2.0,0
41.00_83.00,2020-10-12,41.0,83.0,0.0,0.0,0.0,4.6,3.0,21509977.9463891,3.0,0
41.00_83.00,2020-10-19,41.0,83.0,0.0,0.0,0.0,0.0,3.0,21509977.9463891,4.0,0
41.00_83.00,2020-10-26,41.0,83.0,0.0,0.0,0.0,0.0,3.0,21509977.9463891,5.0,0
41.00_83.00,2020-11-02,41.0,83.0,0.0,0.0,0.0,0.0,3.0,21509977.9463891,6.0,0
41.00_83.00,2020-11-09,41.0,83.0,0.0,0.0,0.0,0.0,3.0,13566695.599146295,7.0,0
41.00_83.00,2020-11-16,41.0,83.0,0.0,0.0,0.0,0.0,3.0,0.0,8.0,0
41.00_83.00,2020-11-23,41.0,83.0,0.0,0.0,0.0,0.0,3.0,0.0,9.0,0
41.00_83.00,2020-11-30,41.0,83.0,0.0,0.0,0.0,0.0,3.0,0.0,10.0,0
41.00_83.00,2020-12-07,41.0,83.0,0.0,0.0,0.0,0.0,2.0,0.0,11.0,1
41.00_83.00,2020-12-14,41.0,83.0,1.0,4.6,4.6,4.6,1.0,7943282.347242805,0.0,0
41.00_83.00,2020-12-21,41.0,83.0,0.0,0.0,0.0,4.6,1.0,7943282.347242805,1.0,0
41.00_83.00,2020-12-28,41.0,83.0,0.0,0.0,0.0,4.6,1.0,7943282.347242805,2.0,0
41.00_83.00,2021-01-04,41.0,83.0,0.0,0.0,0.0,4.6,1.0,7943282.347242805,3.0,0
41.00_83.00,2021-01-11,41.0,83.0,0.0,0.0,0.0,0.0,1.0,7943282.347242805,4.0,0
41.00_83.00,2021-01-18,41.0,83.0,0.0,0.0,0.0,0.0,1.0,7943282.347242805,5.0,0
41.00_83.00,2021-01-25,41.0,83.0,0.0,0.0,0.0,0.0,1.0,7943282.347242805,6.0,0
41.00_83.00,2021-02-01,41.0,83.0,0.0,0.0,0.0,0.0,1.0,7943282.347242805,7.0,1
41.00_83.00,2021-02-08,41.0,83.0,1.0,4.4,4.4,4.4,2.0,3981071.7055349774,8.0,0
41.00_83.00,2021-02-15,41.0,83.0,0.0,0.0,0.0,4.4,2.0,3981071.7055349774,9.0,0
41.00_83.00,2021-02-22,41.0,83.0,0.0,0.0,0.0,4.4,2.0,3981071.7055349774,10.0,0
41.00_83.00,2021-03-01,41.0,83.0,0.0,0.0,0.0,4.4,2.0,3981071.7055349774,11.0,0
41.00_83.00,2021-03-08,41.0,83.0,0.0,0.0,0.0,0.0,1.0,3981071.7055349774,12.0,1
41.00_83.00,2021-03-15,41.0,83.0,1.0,4.5,4.5,4.5,2.0,9604484.957438469,0.0,0
41.00_83.00,2021-03-22,41.0,83.0,0.0,0.0,0.0,4.5,2.0,9604484.957438469,1.0,0
41.00_83.00,2021-03-29,41.0,83.0,0.0,0.0,0.0,4.5,2.0,9604484.957438469,2.0,0
41.00_83.00,2021-04-05,41.0,83.0,0.0,0.0,0.0,4.5,2.0,5623413.251903491,3.0,0
41.00_83.00,2021-04-12,41.0,83.0,0.0,0.0,0.0,0.0,2.0,5623413.251903491,4.0,0
41.00_83.00,2021-04-19,41.0,83.0,0.0,0.0,0.0,0.0,2.0,5623413.251903491,5.0,0
41.00_83.00,2021-04-26,41.0,83.0,0.0,0.0,0.0,0.0,2.0,5623413.251903491,6.0,0
41.00_83.00,2021-05-03,41.0,83.0,0.0,0.0,0.0,0.0,1.0,5623413.251903491,7.0,0
41.00_83.00,2021-05-10,41.0,83.0,0.0,0.0,0.0,0.0,1.0,0.0,8.0,0
41.00_83.00,2021-05-17,41.0,83.0,0.0,0.0,0.0,0.0,1.0,0.0,9.0,0
41.00_83.00,2021-05-24,41.0,83.0,0.0,0.0,0.0,0.0,1.0,0.0,10.0,0
41.00_83.00,2021-05-31,41.0,83.0,0.0,0.0,0.0,0.0,1.0,0.0,11.0,0
41.00_83.00,2021-06-07,41.0,83.0,0.0,0.0,0.0,0.0,0.0,0.0,12.0,0
41.00_83.00,2021-06-14,41.0,83.0,0.0,0.0,0.0,0.0,0.0,0.0,13.0,0
41.00_83.00,2021-06-21,41.0,83.0,0.0,0.0,0.0,0.0,0.0,0.0,14.0,2
41.00_83.00,2021-06-28,41.0,83.0,2.0,4.5,4.0,4.5,2.0,6623413.251903491,0.0,1
41.00_83.00,2021-07-05,41.0,83.0,1.0,4.3,4.3,4.5,3.0,9441796.18316794,1.0,0
41.00_83.00,2021-07-12,41.0,83.0,0.0,0.0,0.0,4.5,3.0,9441796.18316794,2.0,0
41.00_83.00,2021-07-19,41.0,83.0,0.0,0.0,0.0,4.5,3.0,9441796.18316794,3.0,1
41.00_83.00,2021-07-26,41.0,83.0,1.0,4.5,4.5,4.5,4.0,15065209.435071431,0.0,0
41.00_83.00,2021-08-02,41.0,83.0,0.0,0.0,0.0,4.5,4.0,15065209.435071431,1.0,0
41.00_83.00,2021-08-09,41.0,83.0,0.0,0.0,0.0,4.5,4.0,15065209.435071431,2.0,0
41.00_83.00,2021-08-16,41.0,83.0,0.0,0.0,0.0,4.5,4.0,15065209.435071431,3.0,0
41.00_83.00,2021-08-23,41.0,83.0,0.0,0.0,0.0,0.0,4.0,8441796.18316794,4.0,1
41.00_83.00,2021-08-30,41.0,83.0,1.0,4.4,4.4,4.4,5.0,9604484.957438469,5.0,0
41.00_83.00,2021-09-06,41.0,83.0,0.0,0.0,0.0,4.4,5.0,9604484.957438469,6.0,0
41.00_83.00,2021-09-13,41.0,83.0,0.0,0.0,0.0,4.4,5.0,9604484.957438469,7.0,0
41.00_83.00,2021-09-20,41.0,83.0,0.0,0.0,0.0,4.4,3.0,3981071.7055349774,8.0,0
41.00_83.00,2021-09-27,41.0,83.0,0.0,0.0,0.0,0.0,2.0,3981071.7055349774,9.0,0
41.00_83.00,2021-10-04,41.0,83.0,0.0,0.0,0.0,0.0,2.0,3981071.7055349774,10.0,1
41.00_83.00,2021-10-11,41.0,83.0,1.0,4.5,4.5,4.5,3.0,9604484.957438469,0.0,1
41.00_83.00,2021-10-18,41.0,83.0,1.0,4.4,4.4,4.5,3.0,13585556.662973447,1.0,1
41.00_83.00,2021-10-25,41.0,83.0,1.0,4.6,4.6,4.6,4.0,17547767.30468127,0.0,1
41.00_83.00,2021-11-01,41.0,83.0,1.0,4.7,4.7,4.7,5.0,28767951.847700924,0.0,0
41.00_83.00,2021-11-08,41.0,83.0,0.0,0.0,0.0,4.7,5.0,28767951.847700924,1.0,0
41.00_83.00,2021-11-15,41.0,83.0,0.0,0.0,0.0,4.7,5.0,28767951.847700924,2.0,0
41.00_83.00,2021-11-22,41.0,83.0,0.0,0.0,0.0,4.7,4.0,28767951.847700924,3.0,0
41.00_83.00,2021-11-29,41.0,83.0,0.0,0.0,0.0,0.0,4.0,28767951.847700924,4.0,1
41.00_83.00,2021-12-06,41.0,83.0,1.0,4.2,4.2,4.2,5.0,25139800.91076632,5.0,0
41.00_83.00,2021-12-13,41.0,83.0,0.0,0.0,0.0,4.2,5.0,21158729.20523134,6.0,0
41.00_83.00,2021-12-20,41.0,83.0,0.0,0.0,0.0,4.2,5.0,13215446.857988534,7.0,0
41.00_83.00,2021-12-27,41.0,83.0,0.0,0.0,0.0,4.2,5.0,1995262.3149688828,8.0,0
41.00_83.00,2022-01-03,41.0,83.0,0.0,0.0,0.0,0.0,4.0,1995262.3149688828,9.0,0
41.00_83.00,2022-01-10,41.0,83.0,0.0,0.0,0.0,0.0,3.0,1995262.3149688828,10.0,0
41.00_83.00,2022-01-17,41.0,83.0,0.0,0.0,0.0,0.0,2.0,1995262.3149688828,11.0,0
41.00_83.00,2022-01-24,41.0,83.0,0.0,0.0,0.0,0.0,1.0,1995262.3149688828,12.0,0
41.00_83.00,2022-01-31,41.0,83.0,0.0,0.0,0.0,0.0,1.0,0.0,13.0,0
41.00_83.00,2022-02-07,41.0,83.0,0.0,0.0,0.0,0.0,1.0,0.0,14.0,0
41.00_83.00,2022-02-14,41.0,83.0,0.0,0.0,0.0,0.0,1.0,0.0,15.0,2
41.00_83.00,2022-02-21,41.0,83.0,2.0,4.2,4.1,4.2,3.0,3407799.8595916354,16.0,0
41.00_83.00,2022-02-28,41.0,83.0,0.0,0.0,0.0,4.2,2.0,3407799.8595916354,17.0,0
41.00_83.00,2022-03-07,41.0,83.0,0.0,0.0,0.0,4.2,2.0,3407799.8595916354,18.0,0
41.00_83.00,2022-03-14,41.0,83.0,0.0,0.0,0.0,4.2,2.0,3407799.8595916354,19.0,0
41.00_83.00,2022-03-21,41.0,83.0,0.0,0.0,0.0,0.0,2.0,3407799.8595916354,20.0,0
41.00_83.00,2022-03-28,41.0,83.0,0.0,0.0,0.0,0.0,2.0,3407799.8595916354,21.0,0
41.00_83.00,2022-04-04,41.0,83.0,0.0,0.0,0.0,0.0,2.0,3407799.8595916354,22.0,0
41.00_83.00,2022-04-11,41.0,83.0,0.0,0.0,0.0,0.0,2.0,3407799.8595916354,23.0,0
41.00_83.00,2022-04-18,41.0,83.0,0.0,0.0,0.0,0.0,2.0,0.0,24.0,0
41.00_83.00,2022-04-25,41.0,83.0,0.0,0.0,0.0,0.0,2.0,0.0,25.0,0
41.00_83.00,2022-05-02,41.0,83.0,0.0,0.0,0.0,0.0,2.0,0.0,26.0,1
41.00_83.00,2022-05-09,41.0,83.0,1.0,4.2,4.2,4.2,3.0,1995262.3149688828,27.0,0
41.00_83.00,2022-05-16,41.0,83.0,0.0,0.0,0.0,4.2,1.0,1995262.3149688828,28.0,0
41.00_83.00,2022-05-23,41.0,83.0,0.0,0.0,0.0,4.2,1.0,1995262.3149688828,29.0,0
41.00_83.00,2022-05-30,41.0,83.0,0.0,0.0,0.0,4.2,1.0,1995262.3149688828,30.0,0
41.00_83.00,2022-06-06,41.0,83.0,0.0,0.0,0.0,0.0,1.0,1995262.3149688828,31.0,0
41.00_83.00,2022-06-13,41.0,83.0,0.0,0.0,0.0,0.0,1.0,1995262.3149688828,32.0,0
41.00_83.00,2022-06-20,41.0,83.0,0.0,0.0,0.0,0.0,1.0,1995262.3149688828,33.0,0
41.00_83.00,2022-06-27,41.0,83.0,0.0,0.0,0.0,0.0,1.0,1995262.3149688828,34.0,0
41.00_83.00,2022-07-04,41.0,83.0,0.0,0.0,0.0,0.0,1.0,0.0,35.0,0
41.00_83.00,2022-07-11,41.0,83.0,0.0,0.0,0.0,0.0,1.0,0.0,36.0,0
41.00_83.00,2022-07-18,41.0,83.0,0.0,0.0,0.0,0.0,1.0,0.0,37.0,0
41.00_83.00,2022-07-25,41.0,83.0,0.0,0.0,0.0,0.0,1.0,0.0,38.0,1
41.00_83.00,2022-08-01,41.0,83.0,1.0,4.0,4.0,4.0,1.0,1000000.0,39.0,0
41.00_83.00,2022-08-08,41.0,83.0,0.0,0.0,0.0,4.0,1.0,1000000.0,40.0,0
41.00_83.00,2022-08-15,41.0,83.0,0.0,0.0,0.0,4.0,1.0,1000000.0,41.0,0
41.00_83.00,2022-08-22,41.0,83.0,0.0,0.0,0.0,4.0,1.0,1000000.0,42.0,0
41.00_83.00,2022-08-29,41.0,83.0,0.0,0.0,0.0,0.0,1.0,1000000.0,43.0,0
41.00_83.00,2022-09-05,41.0,83.0,0.0,0.0,0.0,0.0,1.0,1000000.0,44.0,0
41.00_83.00,2022-09-12,41.0,83.0,0.0,0.0,0.0,0.0,1.0,1000000.0,45.0,0
41.00_83.00,2022-09-19,41.0,83.0,0.0,0.0,0.0,0.0,1.0,1000000.0,46.0,0
41.00_83.00,2022-09-26,41.0,83.0,0.0,0.0,0.0,0.0,1.0,0.0,47.0,0
41.00_83.00,2022-10-03,41.0,83.0,0.0,0.0,0.0,0.0,1.0,0.0,48.0,0
41.00_83.00,2022-10-10,41.0,83.0,0.0,0.0,0.0,0.0,1.0,0.0,49.0,0
41.00_83.00,2022-10-17,41.0,83.0,0.0,0.0,0.0,0.0,1.0,0.0,50.0,0
41.00_83.00,2022-10-24,41.0,83.0,0.0,0.0,0.0,0.0,0.0,0.0,51.0,0
41.00_83.00,2022-10-31,41.0,83.0,0.0,0.0,0.0,0.0,0.0,0.0,52.0,0
41.00_83.00,2022-11-07,41.0,83.0,0.0,0.0,0.0,0.0,0.0,0.0,53.0,0
41.00_83.00,2022-11-14,41.0,83.0,0.0,0.0,0.0,0.0,0.0,0.0,54.0,1
41.00_83.00,2022-11-21,41.0,83.0,1.0,4.3,4.3,4.3,1.0,2818382.9312644494,55.0,0
41.00_83.00,2022-11-28,41.0,83.0,0.0,0.0,0.0,4.3,1.0,2818382.9312644494,56.0,0
41.00_83.00,2022-12-05,41.0,83.0,0.0,0.0,0.0,4.3,1.0,2818382.9312644494,57.0,0
41.00_83.00,2022-12-12,41.0,83.0,0.0,0.0,0.0,4.3,1.0,2818382.9312644494,58.0,0
41.00_83.00,2022-12-19,41.0,83.0,0.0,0.0,0.0,0.0,1.0,2818382.9312644494,59.0,0
41.00_83.00,2022-12-26,41.0,83.0,0.0,0.0,0.0,0.0,1.0,2818382.9312644494,60.0,0
41.00_83.00,2023-01-02,41.0,83.0,0.0,0.0,0.0,0.0,1.0,2818382.9312644494,61.0,0
41.00_83.00,2023-01-09,41.0,83.0,0.0,0.0,0.0,0.0,1.0,2818382.9312644494,62.0,0
41.00_83.00,2023-01-16,41.0,83.0,0.0,0.0,0.0,0.0,1.0,0.0,63.0,0
41.00_83.00,2023-01-23,41.0,83.0,0.0,0.0,0.0,0.0,1.0,0.0,64.0,1
41.00_83.00,2023-01-30,41.0,83.0,1.0,4.6,4.6,4.6,2.0,7943282.347242805,0.0,0
41.00_83.00,2023-02-06,41.0,83.0,0.0,0.0,0.0,4.6,2.0,7943282.347242805,1.0,0
41.00_83.00,2023-02-13,41.0,83.0,0.0,0.0,0.0,4.6,1.0,7943282.347242805,2.0,0
41.00_83.00,2023-02-20,41.0,83.0,0.0,0.0,0.0,4.6,1.0,7943282.347242805,3.0,0
41.00_83.00,2023-02-27,41.0,83.0,0.0,0.0,0.0,0.0,1.0,7943282.347242805,4.0,0
41.00_83.00,2023-03-06,41.0,83.0,0.0,0.0,0.0,0.0,1.0,7943282.347242805,5.0,0
41.00_83.00,2023-03-13,41.0,83.0,0.0,0.0,0.0,0.0,1.0,7943282.347242805,6.0,0
41.00_83.00,2023-03-20,41.0,83.0,0.0,0.0,0.0,0.0,1.0,7943282.347242805,7.0,0
41.00_83.00,2023-03-27,41.0,83.0,0.0,0.0,0.0,0.0,1.0,0.0,8.0,0
41.00_83.00,2023-04-03,41.0,83.0,0.0,0.0,0.0,0.0,1.0,0.0,9.0,1
41.00_83.00,2023-04-10,41.0,83.0,1.0,4.2,4.2,4.2,2.0,1995262.3149688828,10.0,0
41.00_83.00,2023-04-17,41.0,83.0,0.0,0.0,0.0,4.2,2.0,1995262.3149688828,11.0,0
41.00_83.00,2023-04-24,41.0,83.0,0.0,0.0,0.0,4.2,1.0,1995262.3149688828,12.0,2
41.00_83.00,2023-05-01,41.0,83.0,2.0,4.5,4.4,4.5,3.0,11599747.272407351,0.0,0
41.00_83.00,2023-05-08,41.0,83.0,0.0,0.0,0.0,4.5,3.0,11599747.272407351,1.0,0
41.00_83.00,2023-05-15,41.0,83.0,0.0,0.0,0.0,4.5,3.0,11599747.272407351,2.0,0
41.00_83.00,2023-05-22,41.0,83.0,0.0,0.0,0.0,4.5,3.0,11599747.272407351,3.0,0
41.00_83.00,2023-05-29,41.0,83.0,0.0,0.0,0.0,0.0,3.0,11599747.272407351,4.0,0
41.00_83.00,2023-06-05,41.0,83.0,0.0,0.0,0.0,0.0,3.0,9604484.957438469,5.0,0
41.00_83.00,2023-06-12,41.0,83.0,0.0,0.0,0.0,0.0,3.0,9604484.957438469,6.0,0
41.00_83.00,2023-06-19,41.0,83.0,0.0,0.0,0.0,0.0,3.0,9604484.957438469,7.0,0
41.00_83.00,2023-06-26,41.0,83.0,0.0,0.0,0.0,0.0,3.0,0.0,8.0,0
41.00_83.00,2023-07-03,41.0,83.0,0.0,0.0,0.0,0.0,2.0,0.0,9.0,0
41.00_83.00,2023-07-10,41.0,83.0,0.0,0.0,0.0,0.0,2.0,0.0,10.0,0
41.00_83.00,2023-07-17,41.0,83.0,0.0,0.0,0.0,0.0,2.0,0.0,11.0,0
41.00_83.00,2023-07-24,41.0,83.0,0.0,0.0,0.0,0.0,0.0,0.0,12.0,0
41.00_83.00,2023-07-31,41.0,83.0,0.0,0.0,0.0,0.0,0.0,0.0,13.0,0
41.00_83.00,2023-08-07,41.0,83.0,0.0,0.0,0.0,0.0,0.0,0.0,14.0,0
41.00_83.00,2023-08-14,41.0,83.0,0.0,0.0,0.0,0.0,0.0,0.0,15.0,0
41.00_83.00,2023-08-21,41.0,83.0,0.0,0.0,0.0,0.0,0.0,0.0,16.0,0
41.00_83.00,2023-08-28,41.0,83.0,0.0,0.0,0.0,0.0,0.0,0.0,17.0,1
41.00_83.00,2023-09-04,41.0,83.0,1.0,4.1,4.1,4.1,1.0,1412537.5446227526,18.0,2
41.00_83.00,2023-09-11,41.0,83.0,2.0,4.5,4.3,4.5,3.0,9854333.727790693,0.0,0
41.00_83.00,2023-09-18,41.0,83.0,0.0,0.0,0.0,4.5,3.0,9854333.727790693,1.0,0
41.00_83.00,2023-09-25,41.0,83.0,0.0,0.0,0.0,4.5,3.0,9854333.727790693,2.0,0
41.00_83.00,2023-10-02,41.0,83.0,0.0,0.0,0.0,4.5,3.0,9854333.727790693,3.0,0
41.00_83.00,2023-10-09,41.0,83.0,0.0,0.0,0.0,0.0,3.0,9854333.727790693,4.0,0
41.00_83.00,2023-10-16,41.0,83.0,0.0,0.0,0.0,0.0,3.0,9854333.727790693,5.0,0
41.00_83.00,2023-10-23,41.0,83.0,0.0,0.0,0.0,0.0,3.0,9854333.727790693,6.0,1
41.00_83.00,2023-10-30,41.0,83.0,1.0,4.3,4.3,4.3,4.0,11260179.114432389,7.0,0
41.00_83.00,2023-11-06,41.0,83.0,0.0,0.0,0.0,4.3,4.0,2818382.9312644494,8.0,0
41.00_83.00,2023-11-13,41.0,83.0,0.0,0.0,0.0,4.3,4.0,2818382.9312644494,9.0,0
41.00_83.00,2023-11-20,41.0,83.0,0.0,0.0,0.0,4.3,4.0,2818382.9312644494,10.0,0
41.00_83.00,2023-11-27,41.0,83.0,0.0,0.0,0.0,0.0,3.0,2818382.9312644494,11.0,0
41.00_83.00,2023-12-04,41.0,83.0,0.0,0.0,0.0,0.0,1.0,2818382.9312644494,12.0,0
41.00_83.00,2023-12-11,41.0,83.0,0.0,0.0,0.0,0.0,1.0,2818382.9312644494,13.0,0
41.00_83.00,2023-12-18,41.0,83.0,0.0,0.0,0.0,0.0,1.0,2818382.9312644494,14.0,0
41.00_83.00,2023-12-25,41.0,83.0,0.0,0.0,0.0,0.0,1.0,0.0,15.0,0
44.00_77.00,2010-03-22,44.0,77.0,0.0,0.0,0.0,0.0,0.0,0.0,500.0,0
44.00_77.00,2010-03-29,44.0,77.0,0.0,0.0,0.0,0.0,0.0,0.0,500.0,0
44.00_77.00,2010-04-05,44.0,77.0,0.0,0.0,0.0,0.0,0.0,0.0,500.0,0
44.00_77.00,2010-04-12,44.0,77.0,0.0,0.0,0.0,0.0,0.0,0.0,500.0,0
44.00_77.00,2010-04-19,44.0,77.0,0.0,0.0,0.0,0.0,0.0,0.0,500.0,0
44.00_77.00,2010-04-26,44.0,77.0,0.0,0.0,0.0,0.0,0.0,0.0,500.0,0
44.00_77.00,2010-05-03,44.0,77.0,0.0,0.0,0.0,0.0,0.0,0.0,500.0,0
44.00_77.00,2010-05-10,44.0,77.0,0.0,0.0,0.0,0.0,0.0,0.0,500.0,0
44.00_77.00,2010-05-17,44.0,77.0,0.0,0.0,0.0,0.0,0.0,0.0,500.0,0
44.00_77.00,2010-05-24,44.0,77.0,0.0,0.0,0.0,0.0,0.0,0.0,500.0,0
44.00_77.00,2010-05-31,44.0,77.0,0.0,0.0,0.0,0.0,0.0,0.0,500.0,0
44.00_77.00,2010-06-07,44.0,77.0,0.0,0.0,0.0,0.0,0.0,0.0,500.0,0
44.00_77.00,2010-06-14,44.0,77.0,0.0,0.0,0.0,0.0,0.0,0.0,500.0,0
44.00_77.00,2010-06-21,44.0,77.0,0.0,0.0,0.0,0.0,0.0,0.0,500.0,0
44.00_77.00,2010-06-28,44.0,77.0,0.0,0.0,0.0,0.0,0.0,0.0,500.0,0
44.00_77.00,2010-07-05,44.0,77.0,0.0,0.0,0.0,0.0,0.0,0.0,500.0,0
44.00_77.00,2010-07-12,44.0,77.0,0.0,0.0,0.0,0.0,0.0,0.0,500.0,0
44.00_77.00,2010-07-19,44.0,77.0,0.0,0.0,0.0,0.0,0.0,0.0,500.0,0
44.00_77.00,2010-07-26,44.0,77.0,0.0,0.0,0.0,0.0,0.0,0.0,500.0,0
44.00_77.00,2010-08-02,44.0,77.0,0.0,0.0,0.0,0.0,0.0,0.0,500.0,0
44.00_77.00,2010-08-09,44.0,77.0,0.0,0.0,0.0,0.0,0.0,0.0,500.0,0
44.00_77.00,2010-08-16,44.0,77.0,0.0,0.0,0.0,0.0,0.0,0.0,500.0,0
44.00_77.00,2010-08-23,44.0,77.0,0.0,0.0,0.0,0.0,0.0,0.0,500.0,0
44.00_77.00,2010-08-30,44.0,77.0,0.0,0.0,0.0,0.0,0.0,0.0,500.0,0
44.00_77.00,2010-09-06,44.0,77.0,0.0,0.0,0.0,0.0,0.0,0.0,500.0,0
44.00_77.00,2010-09-13,44.0,77.0,0.0,0.0,0.0,0.0,0.0,0.0,500.0,0
44.00_77.00,2010-09-20,44.0,77.0,0.0,0.0,0.0,0.0,0.0,0.0,500.0,0
44.00_77.00,2010-09-27,44.0,77.0,0.0,0.0,0.0,0.0,0.0,0.0,500.0,0
44.00_77.00,2010-10-04,44.0,77.0,0.0,0.0,0.0,0.0,0.0,0.0,500.0,0
44.00_77.00,2010-10-11,44.0,77.0,0.0,0.0,0.0,0.0,0.0,0.0,500.0,0
44.00_77.00,2010-10-18,44.0,77.0,0.0,0.0,0.0,0.0,0.0,0.0,500.0,0
44.00_77.00,2010-10-25,44.0,77.0,0.0,0.0,0.0,0.0,0.0,0.0,500.0,0
44.00_77.00,2010-11-01,44.0,77.0,0.0,0.0,0.0,0.0,0.0,0.0,500.0,0
44.00_77.00,2010-11-08,44.0,77.0,0.0,0.0,0.0,0.0,0.0,0.0,500.0,0
44.00_77.00,2010-11-15,44.0,77.0,0.0,0.0,0.0,0.0,0.0,0.0,500.0,0
44.00_77.00,2010-11-22,44.0,77.0,0.0,0.0,0.0,0.0,0.0,0.0,500.0,0
44.00_77.00,2010-11-29,44.0,77.0,0.0,0.0,0.0,0.0,0.0,0.0,500.0,0
44.00_77.00,2010-12-06,44.0,77.0,0.0,0.0,0.0,0.0,0.0,0.0,500.0,0
44.00_77.00,2010-12-13,44.0,77.0,0.0,0.0,0.0,0.0,0.0,0.0,500.0,0
44.00_77.00,2010-12-20,44.0,77.0,0.0,0.0,0.0,0.0,0.0,0.0,500.0,0
44.00_77.00,2010-12-27,44.0,77.0,0.0,0.0,0.0,0.0,0.0,0.0,500.0,0
44.00_77.00,2011-01-03,44.0,77.0,0.0,0.0,0.0,0.0,0.0,0.0,500.0,0
44.00_77.00,2011-01-10,44.0,77.0,0.0,0.0,0.0,0.0,0.0,0.0,500.0,0
44.00_77.00,2011-01-17,44.0,77.0,0.0,0.0,0.0,0.0,0.0,0.0,500.0,0
44.00_77.00,2011-01-24,44.0,77.0,0.0,0.0,0.0,0.0,0.0,0.0,500.0,0
44.00_77.00,2011-01-31,44.0,77.0,0.0,0.0,0.0,0.0,0.0,0.0,500.0,0
44.00_77.00,2011-02-07,44.0,77.0,0.0,0.0,0.0,0.0,0.0,0.0,500.0,0
44.00_77.00,2011-02-14,44.0,77.0,0.0,0.0,0.0,0.0,0.0,0.0,500.0,0
44.00_77.00,2011-02-21,44.0,77.0,0.0,0.0,0.0,0.0,0.0,0.0,500.0,0
44.00_77.00,2011-02-28,44.0,77.0,0.0,0.0,0.0,0.0,0.0,0.0,500.0,0
44.00_77.00,2011-03-07,44.0,77.0,0.0,0.0,0.0,0.0,0.0,0.0,500.0,0
44.00_77.00,2011-03-14,44.0,77.0,0.0,0.0,0.0,0.0,0.0,0.0,500.0,0
44.00_77.00,2011-03-21,44.0,77.0,0.0,0.0,0.0,0.0,0.0,0.0,500.0,0
44.00_77.00,2011-03-28,44.0,77.0,0.0,0.0,0.0,0.0,0.0,0.0,500.0,0
44.00_77.00,2011-04-04,44.0,77.0,0.0,0.0,0.0,0.0,0.0,0.0,500.0,0
44.00_77.00,2011-04-11,44.0,77.0,0.0,0.0,0.0,0.0,0.0,0.0,500.0,0
44.00_77.00,2011-04-18,44.0,77.0,0.0,0.0,0.0,0.0,0.0,0.0,500.0,0
44.00_77.00,2011-04-25,44.0,77.0,0.0,0.0,0.0,0.0,0.0,0.0,500.0,0
44.00_77.00,2011-05-02,44.0,77.0,0.0,0.0,0.0,0.0,0.0,0.0,500.0,0
44.00_77.00,2011-05-09,44.0,77.0,0.0,0.0,0.0,0.0,0.0,0.0,500.0,0
44.00_77.00,2011-05-16,44.0,77.0,0.0,0.0,0.0,0.0,0.0,0.0,500.0,0
44.00_77.00,2011-05-23,44.0,77.0,0.0,0.0,0.0,0.0,0.0,0.0,500.0,0
44.00_77.00,2011-05-30,44.0,77.0,0.0,0.0,0.0,0.0,0.0,0.0,500.0,0
44.00_77.00,2011-06-06,44.0,77.0,0.0,0.0,0.0,0.0,0.0,0.0,500.0,0
44.00_77.00,2011-06-13,44.0,77.0,0.0,0.0,0.0,0.0,0.0,0.0,500.0,0
44.00_77.00,2011-06-20,44.0,77.0,0.0,0.0,0.0,0.0,0.0,0.0,500.0,0
44.00_77.00,2011-06-27,44.0,77.0,0.0,0.0,0.0,0.0,0.0,0.0,500.0,0
44.00_77.00,2011-07-04,44.0,77.0,0.0,0.0,0.0,0.0,0.0,0.0,500.0,0
44.00_77.00,2011-07-11,44.0,77.0,0.0,0.0,0.0,0.0,0.0,0.0,500.0,0
44.00_77.00,2011-07-18,44.0,77.0,0.0,0.0,0.0,0.0,0.0,0.0,500.0,0
44.00_77.00,2011-07-25,44.0,77.0,0.0,0.0,0.0,0.0,0.0,0.0,500.0,0
44.00_77.00,2011-08-01,44.0,77.0,0.0,0.0,0.0,0.0,0.0,0.0,500.0,0
44.00_77.00,2011-08-08,44.0,77.0,0.0,0.0,0.0,0.0,0.0,0.0,500.0,0
44.00_77.00,2011-08-15,44.0,77.0,0.0,0.0,0.0,0.0,0.0,0.0,500.0,0
44.00_77.00,2011-08-22,44.0,77.0,0.0,0.0,0.0,0.0,0.0,0.0,500.0,0
44.00_77.00,2011-08-29,44.0,77.0,0.0,0.0,0.0,0.0,0.0,0.0,500.0,0
44.00_77.00,2011-09-05,44.0,77.0,0.0,0.0,0.0,0.0,0.0,0.0,500.0,0
44.00_77.00,2011-09-12,44.0,77.0,0.0,0.0,0.0,0.0,0.0,0.0,500.0,1
44.00_77.00,2011-09-19,44.0,77.0,1.0,4.4,4.4,4.4,1.0,3981071.7055349774,500.0,0
44.00_77.00,2011-09-26,44.0,77.0,0.0,0.0,0.0,4.4,1.0,3981071.7055349774,500.0,0
44.00_77.00,2011-10-03,44.0,77.0,0.0,0.0,0.0,4.4,1.0,3981071.7055349774,500.0,0
44.00_77.00,2011-10-10,44.0,77.0,0.0,0.0,0.0,4.4,1.0,3981071.7055349774,500.0,0
44.00_77.00,2011-10-17,44.0,77.0,0.0,0.0,0.0,0.0,1.0,3981071.7055349774,500.0,0
44.00_77.00,2011-10-24,44.0,77.0,0.0,0.0,0.0,0.0,1.0,3981071.7055349774,500.0,0
44.00_77.00,2011-10-31,44.0,77.0,0.0,0.0,0.0,0.0,1.0,3981071.7055349774,500.0,0
44.00_77.00,2011-11-07,44.0,77.0,0.0,0.0,0.0,0.0,1.0,3981071.7055349774,500.0,0
44.00_77.00,2011-11-14,44.0,77.0,0.0,0.0,0.0,0.0,1.0,0.0,500.0,0
44.00_77.00,2011-11-21,44.0,77.0,0.0,0.0,0.0,0.0,1.0,0.0,500.0,0
44.00_77.00,2011-11-28,44.0,77.0,0.0,0.0,0.0,0.0,1.0,0.0,500.0,0
44.00_77.00,2011-12-05,44.0,77.0,0.0,0.0,0.0,0.0,1.0,0.0,500.0,0
44.00_77.00,2011-12-12,44.0,77.0,0.0,0.0,0.0,0.0,0.0,0.0,500.0,0
44.00_77.00,2011-12-19,44.0,77.0,0.0,0.0,0.0,0.0,0.0,0.0,500.0,0
44.00_77.00,2011-12-26,44.0,77.0,0.0,0.0,0.0,0.0,0.0,0.0,500.0,0
44.00_77.00,2012-01-02,44.0,77.0,0.0,0.0,0.0,0.0,0.0,0.0,500.0,0
44.00_77.00,2012-01-09,44.0,77.0,0.0,0.0,0.0,0.0,0.0,0.0,500.0,0
44.00_77.00,2012-01-16,44.0,77.0,0.0,0.0,0.0,0.0,0.0,0.0,500.0,0
44.00_77.00,2012-01-23,44.0,77.0,0.0,0.0,0.0,0.0,0.0,0.0,500.0,0
44.00_77.00,2012-01-30,44.0,77.0,0.0,0.0,0.0,0.0,0.0,0.0,500.0,0
44.00_77.00,2012-02-06,44.0,77.0,0.0,0.0,0.0,0.0,0.0,0.0,500.0,0
44.00_77.00,2012-02-13,44.0,77.0,0.0,0.0,0.0,0.0,0.0,0.0,500.0,0
44.00_77.00,2012-02-20,44.0,77.0,0.0,0.0,0.0,0.0,0.0,0.0,500.0,0
44.00_77.00,2012-02-27,44.0,77.0,0.0,0.0,0.0,0.0,0.0,0.0,500.0,0
44.00_77.00,2012-03-05,44.0,77.0,0.0,0.0,0.0,0.0,0.0,0.0,500.0,0
44.00_77.00,2012-03-12,44.0,77.0,0.0,0.0,0.0,0.0,0.0,0.0,500.0,0
44.00_77.00,2012-03-19,44.0,77.0,0.0,0.0,0.0,0.0,0.0,0.0,500.0,0
44.00_77.00,2012-03-26,44.0,77.0,0.0,0.0,0.0,0.0,0.0,0.0,500.0,0
44.00_77.00,2012-04-02,44.0,77.0,0.0,0.0,0.0,0.0,0.0,0.0,500.0,0
44.00_77.00,2012-04-09,44.0,77.0,0.0,0.0,0.0,0.0,0.0,0.0,500.0,0
44.00_77.00,2012-04-16,44.0,77.0,0.0,0.0,0.0,0.0,0.0,0.0,500.0,0
44.00_77.00,2012-04-23,44.0,77.0,0.0,0.0,0.0,0.0,0.0,0.0,500.0,0
44.00_77.00,2012-04-30,44.0,77.0,0.0,0.0,0.0,0.0,0.0,0.0,500.0,0
44.00_77.00,2012-05-07,44.0,77.0,0.0,0.0,0.0,0.0,0.0,0.0,500.0,0
44.00_77.00,2012-05-14,44.0,77.0,0.0,0.0,0.0,0.0,0.0,0.0,500.0,0
44.00_77.00,2012-05-21,44.0,77.0,0.0,0.0,0.0,0.0,0.0,0.0,500.0,0
44.00_77.00,2012-05-28,44.0,77.0,0.0,0.0,0.0,0.0,0.0,0.0,500.0,0
44.00_77.00,2012-06-04,44.0,77.0,0.0,0.0,0.0,0.0,0.0,0.0,500.0,1
44.00_77.00,2012-06-11,44.0,77.0,1.0,4.5,4.5,4.5,1.0,5623413.251903491,0.0,0
44.00_77.00,2012-06-18,44.0,77.0,0.0,0.0,0.0,4.5,1.0,5623413.251903491,1.0,0
44.00_77.00,2012-06-25,44.0,77.0,0.0,0.0,0.0,4.5,1.0,5623413.251903491,2.0,0
44.00_77.00,2012-07-02,44.0,77.0,0.0,0.0,0.0,4.5,1.0,5623413.251903491,3.0,0
44.00_77.00,2012-07-09,44.0,77.0,0.0,0.0,0.0,0.0,1.0,5623413.251903491,4.0,0
44.00_77.00,2012-07-16,44.0,77.0,0.0,0.0,0.0,0.0,1.0,5623413.251903491,5.0,0
44.00_77.00,2012-07-23,44.0,77.0,0.0,0.0,0.0,0.0,1.0,5623413.251903491,6.0,0
44.00_77.00,2012-07-30,44.0,77.0,0.0,0.0,0.0,0.0,1.0,5623413.251903491,7.0,0
44.00_77.00,2012-08-06,44.0,77.0,0.0,0.0,0.0,0.0,1.0,0.0,8.0,0
44.00_77.00,2012-08-13,44.0,77.0,0.0,0.0,0.0,0.0,1.0,0.0,9.0,0
44.00_77.00,2012-08-20,44.0,77.0,0.0,0.0,0.0,0.0,1.0,0.0,10.0,0
44.00_77.00,2012-08-27,44.0,77.0,0.0,0.0,0.0,0.0,1.0,0.0,11.0,0
44.00_77.00,2012-09-03,44.0,77.0,0.0,0.0,0.0,0.0,0.0,0.0,12.0,0
44.00_77.00,2012-09-10,44.0,77.0,0.0,0.0,0.0,0.0,0.0,0.0,13.0,0
44.00_77.00,2012-09-17,44.0,77.0,0.0,0.0,0.0,0.0,0.0,0.0,14.0,0
44.00_77.00,2012-09-24,44.0,77.0,0.0,0.0,0.0,0.0,0.0,0.0,15.0,0
44.00_77.00,2012-10-01,44.0,77.0,0.0,0.0,0.0,0.0,0.0,0.0,16.0,0
44.00_77.00,2012-10-08,44.0,77.0,0.0,0.0,0.0,0.0,0.0,0.0,17.0,0
44.00_77.00,2012-10-15,44.0,77.0,0.0,0.0,0.0,0.0,0.0,0.0,18.0,0
44.00_77.00,2012-10-22,44.0,77.0,0.0,0.0,0.0,0.0,0.0,0.0,19.0,0
44.00_77.00,2012-10-29,44.0,77.0,0.0,0.0,0.0,0.0,0.0,0.0,20.0,0
44.00_77.00,2012-11-05,44.0,77.0,0.0,0.0,0.0,0.0,0.0,0.0,21.0,0
44.00_77.00,2012-11-12,44.0,77.0,0.0,0.0,0.0,0.0,0.0,0.0,22.0,0
44.00_77.00,2012-11-19,44.0,77.0,0.0,0.0,0.0,0.0,0.0,0.0,23.0,0
44.00_77.00,2012-11-26,44.0,77.0,0.0,0.0,0.0,0.0,0.0,0.0,24.0,0
44.00_77.00,2012-12-03,44.0,77.0,0.0,0.0,0.0,0.0,0.0,0.0,25.0,0
44.00_77.00,2012-12-10,44.0,77.0,0.0,0.0,0.0,0.0,0.0,0.0,26.0,0
44.00_77.00,2012-12-17,44.0,77.0,0.0,0.0,0.0,0.0,0.0,0.0,27.0,0
44.00_77.00,2012-12-24,44.0,77.0,0.0,0.0,0.0,0.0,0.0,0.0,28.0,0
44.00_77.00,2012-12-31,44.0,77.0,0.0,0.0,0.0,0.0,0.0,0.0,29.0,0
44.00_77.00,2013-01-07,44.0,77.0,0.0,0.0,0.0,0.0,0.0,0.0,30.0,0
44.00_77.00,2013-01-14,44.0,77.0,0.0,0.0,0.0,0.0,0.0,0.0,31.0,0
44.00_77.00,2013-01-21,44.0,77.0,0.0,0.0,0.0,0.0,0.0,0.0,32.0,0
44.00_77.00,2013-01-28,44.0,77.0,0.0,0.0,0.0,0.0,0.0,0.0,33.0,0
44.00_77.00,2013-02-04,44.0,77.0,0.0,0.0,0.0,0.0,0.0,0.0,34.0,0
44.00_77.00,2013-02-11,44.0,77.0,0.0,0.0,0.0,0.0,0.0,0.0,35.0,0
44.00_77.00,2013-02-18,44.0,77.0,0.0,0.0,0.0,0.0,0.0,0.0,36.0,0
44.00_77.00,2013-02-25,44.0,77.0,0.0,0.0,0.0,0.0,0.0,0.0,37.0,0
44.00_77.00,2013-03-04,44.0,77.0,0.0,0.0,0.0,0.0,0.0,0.0,38.0,0
44.00_77.00,2013-03-11,44.0,77.0,0.0,0.0,0.0,0.0,0.0,0.0,39.0,0
44.00_77.00,2013-03-18,44.0,77.0,0.0,0.0,0.0,0.0,0.0,0.0,40.0,0
44.00_77.00,2013-03-25,44.0,77.0,0.0,0.0,0.0,0.0,0.0,0.0,41.0,0
44.00_77.00,2013-04-01,44.0,77.0,0.0,0.0,0.0,0.0,0.0,0.0,42.0,0
44.00_77.00,2013-04-08,44.0,77.0,0.0,0.0,0.0,0.0,0.0,0.0,43.0,0
44.00_77.00,2013-04-15,44.0,77.0,0.0,0.0,0.0,0.0,0.0,0.0,44.0,0
44.00_77.00,2013-04-22,44.0,77.0,0.0,0.0,0.0,0.0,0.0,0.0,45.0,0
44.00_77.00,2013-04-29,44.0,77.0,0.0,0.0,0.0,0.0,0.0,0.0,46.0,0
44.00_77.00,2013-05-06,44.0,77.0,0.0,0.0,0.0,0.0,0.0,0.0,47.0,0
44.00_77.00,2013-05-13,44.0,77.0,0.0,0.0,0.0,0.0,0.0,0.0,48.0,0
44.00_77.00,2013-05-20,44.0,77.0,0.0,0.0,0.0,0.0,0.0,0.0,49.0,0
44.00_77.00,2013-05-27,44.0,77.0,0.0,0.0,0.0,0.0,0.0,0.0,50.0,0
44.00_77.00,2013-06-03,44.0,77.0,0.0,0.0,0.0,0.0,0.0,0.0,51.0,0
44.00_77.00,2013-06-10,44.0,77.0,0.0,0.0,0.0,0.0,0.0,0.0,52.0,0
44.00_77.00,2013-06-17,44.0,77.0,0.0,0.0,0.0,0.0,0.0,0.0,53.0,0
44.00_77.00,2013-06-24,44.0,77.0,0.0,0.0,0.0,0.0,0.0,0.0,54.0,0
44.00_77.00,2013-07-01,44.0,77.0,0.0,0.0,0.0,0.0,0.0,0.0,55.0,0
44.00_77.00,2013-07-08,44.0,77.0,0.0,0.0,0.0,0.0,0.0,0.0,56.0,0
44.00_77.00,2013-07-15,44.0,77.0,0.0,0.0,0.0,0.0,0.0,0.0,57.0,0
44.00_77.00,2013-07-22,44.0,77.0,0.0,0.0,0.0,0.0,0.0,0.0,58.0,0
44.00_77.00,2013-07-29,44.0,77.0,0.0,0.0,0.0,0.0,0.0,0.0,59.0,0
44.00_77.00,2013-08-05,44.0,77.0,0.0,0.0,0.0,0.0,0.0,0.0,60.0,0
44.00_77.00,2013-08-12,44.0,77.0,0.0,0.0,0.0,0.0,0.0,0.0,61.0,0
44.00_77.00,2013-08-19,44.0,77.0,0.0,0.0,0.0,0.0,0.0,0.0,62.0,0
44.00_77.00,2013-08-26,44.0,77.0,0.0,0.0,0.0,0.0,0.0,0.0,63.0,0
44.00_77.00,2013-09-02,44.0,77.0,0.0,0.0,0.0,0.0,0.0,0.0,64.0,0
44.00_77.00,2013-09-09,44.0,77.0,0.0,0.0,0.0,0.0,0.0,0.0,65.0,0
44.00_77.00,2013-09-16,44.0,77.0,0.0,0.0,0.0,0.0,0.0,0.0,66.0,0
44.00_77.00,2013-09-23,44.0,77.0,0.0,0.0,0.0,0.0,0.0,0.0,67.0,0
44.00_77.00,2013-09-30,44.0,77.0,0.0,0.0,0.0,0.0,0.0,0.0,68.0,0
44.00_77.00,2013-10-07,44.0,77.0,0.0,0.0,0.0,0.0,0.0,0.0,69.0,0
44.00_77.00,2013-10-14,44.0,77.0,0.0,0.0,0.0,0.0,0.0,0.0,70.0,0
44.00_77.00,2013-10-21,44.0,77.0,0.0,0.0,0.0,0.0,0.0,0.0,71.0,0
44.00_77.00,2013-10-28,44.0,77.0,0.0,0.0,0.0,0.0,0.0,0.0,72.0,0
44.00_77.00,2013-11-04,44.0,77.0,0.0,0.0,0.0,0.0,0.0,0.0,73.0,0
44.00_77.00,2013-11-11,44.0,77.0,0.0,0.0,0.0,0.0,0.0,0.0,74.0,0
44.00_77.00,2013-11-18,44.0,77.0,0.0,0.0,0.0,0.0,0.0,0.0,75.0,0
44.00_77.00,2013-11-25,44.0,77.0,0.0,0.0,0.0,0.0,0.0,0.0,76.0,0
44.00_77.00,2013-12-02,44.0,77.0,0.0,0.0,0.0,0.0,0.0,0.0,77.0,0
44.00_77.00,2013-12-09,44.0,77.0,0.0,0.0,0.0,0.0,0.0,0.0,78.0,0
44.00_77.00,2013-12-16,44.0,77.0,0.0,0.0,0.0,0.0,0.0,0.0,79.0,0
44.00_77.00,2013-12-23,44.0,77.0,0.0,0.0,0.0,0.0,0.0,0.0,80.0,0
44.00_77.00,2013-12-30,44.0,77.0,0.0,0.0,0.0,0.0,0.0,0.0,81.0,0
44.00_77.00,2014-01-06,44.0,77.0,0.0,0.0,0.0,0.0,0.0,0.0,82.0,0
44.00_77.00,2014-01-13,44.0,77.0,0.0,0.0,0.0,0.0,0.0,0.0,83.0,0
44.00_77.00,2014-01-20,44.0,77.0,0.0,0.0,0.0,0.0,0.0,0.0,84.0,0
44.00_77.00,2014-01-27,44.0,77.0,0.0,0.0,0.0,0.0,0.0,0.0,85.0,0
44.00_77.00,2014-02-03,44.0,77.0,0.0,0.0,0.0,0.0,0.0,0.0,86.0,0
44.00_77.00,2014-02-10,44.0,77.0,0.0,0.0,0.0,0.0,0.0,0.0,87.0,0
44.00_77.00,2014-02-17,44.0,77.0,0.0,0.0,0.0,0.0,0.0,0.0,88.0,0
44.00_77.00,2014-02-24,44.0,77.0,0.0,0.0,0.0,0.0,0.0,0.0,89.0,0
44.00_77.00,2014-03-03,44.0,77.0,0.0,0.0,0.0,0.0,0.0,0.0,90.0,0
44.00_77.00,2014-03-10,44.0,77.0,0.0,0.0,0.0,0.0,0.0,0.0,91.0,0
44.00_77.00,2014-03-17,44.0,77.0,0.0,0.0,0.0,0.0,0.0,0.0,92.0,0
44.00_77.00,2014-03-24,44.0,77.0,0.0,0.0,0.0,0.0,0.0,0.0,93.0,0
44.00_77.00,2014-03-31,44.0,77.0,0.0,0.0,0.0,0.0,0.0,0.0,94.0,0
44.00_77.00,2014-04-07,44.0,77.0,0.0,0.0,0.0,0.0,0.0,0.0,95.0,0
44.00_77.00,2014-04-14,44.0,77.0,0.0,0.0,0.0,0.0,0.0,0.0,96.0,0
44.00_77.00,2014-04-21,44.0,77.0,0.0,0.0,0.0,0.0,0.0,0.0,97.0,0
44.00_77.00,2014-04-28,44.0,77.0,0.0,0.0,0.0,0.0,0.0,0.0,98.0,0
44.00_77.00,2014-05-05,44.0,77.0,0.0,0.0,0.0,0.0,0.0,0.0,99.0,0
44.00_77.00,2014-05-12,44.0,77.0,0.0,0.0,0.0,0.0,0.0,0.0,100.0,0
44.00_77.00,2014-05-19,44.0,77.0,0.0,0.0,0.0,0.0,0.0,0.0,101.0,0
44.00_77.00,2014-05-26,44.0,77.0,0.0,0.0,0.0,0.0,0.0,0.0,102.0,0
44.00_77.00,2014-06-02,44.0,77.0,0.0,0.0,0.0,0.0,0.0,0.0,103.0,0
44.00_77.00,2014-06-09,44.0,77.0,0.0,0.0,0.0,0.0,0.0,0.0,104.0,0
44.00_77.00,2014-06-16,44.0,77.0,0.0,0.0,0.0,0.0,0.0,0.0,105.0,0
44.00_77.00,2014-06-23,44.0,77.0,0.0,0.0,0.0,0.0,0.0,0.0,106.0,0
44.00_77.00,2014-06-30,44.0,77.0,0.0,0.0,0.0,0.0,0.0,0.0,107.0,0
44.00_77.00,2014-07-07,44.0,77.0,0.0,0.0,0.0,0.0,0.0,0.0,108.0,0
44.00_77.00,2014-07-14,44.0,77.0,0.0,0.0,0.0,0.0,0.0,0.0,109.0,0
44.00_77.00,2014-07-21,44.0,77.0,0.0,0.0,0.0,0.0,0.0,0.0,110.0,0
44.00_77.00,2014-07-28,44.0,77.0,0.0,0.0,0.0,0.0,0.0,0.0,111.0,0
44.00_77.00,2014-08-04,44.0,77.0,0.0,0.0,0.0,0.0,0.0,0.0,112.0,0
44.00_77.00,2014-08-11,44.0,77.0,0.0,0.0,0.0,0.0,0.0,0.0,113.0,0
44.00_77.00,2014-08-18,44.0,77.0,0.0,0.0,0.0,0.0,0.0,0.0,114.0,0
44.00_77.00,2014-08-25,44.0,77.0,0.0,0.0,0.0,0.0,0.0,0.0,115.0,0
44.00_77.00,2014-09-01,44.0,77.0,0.0,0.0,0.0,0.0,0.0,0.0,116.0,0
44.00_77.00,2014-09-08,44.0,77.0,0.0,0.0,0.0,0.0,0.0,0.0,117.0,0
44.00_77.00,2014-09-15,44.0,77.0,0.0,0.0,0.0,0.0,0.0,0.0,118.0,0
44.00_77.00,2014-09-22,44.0,77.0,0.0,0.0,0.0,0.0,0.0,0.0,119.0,0
44.00_77.00,2014-09-29,44.0,77.0,0.0,0.0,0.0,0.0,0.0,0.0,120.0,0
44.00_77.00,2014-10-06,44.0,77.0,0.0,0.0,0.0,0.0,0.0,0.0,121.0,0
44.00_77.00,2014-10-13,44.0,77.0,0.0,0.0,0.0,0.0,0.0,0.0,122.0,0
44.00_77.00,2014-10-20,44.0,77.0,0.0,0.0,0.0,0.0,0.0,0.0,123.0,0
44.00_77.00,2014-10-27,44.0,77.0,0.0,0.0,0.0,0.0,0.0,0.0,124.0,0
44.00_77.00,2014-11-03,44.0,77.0,0.0,0.0,0.0,0.0,0.0,0.0,125.0,0
44.00_77.00,2014-11-10,44.0,77.0,0.0,0.0,0.0,0.0,0.0,0.0,126.0,0
44.00_77.00,2014-11-17,44.0,77.0,0.0,0.0,0.0,0.0,0.0,0.0,127.0,0
44.00_77.00,2014-11-24,44.0,77.0,0.0,0.0,0.0,0.0,0.0,0.0,128.0,0
44.00_77.00,2014-12-01,44.0,77.0,0.0,0.0,0.0,0.0,0.0,0.0,129.0,0
44.00_77.00,2014-12-08,44.0,77.0,0.0,0.0,0.0,0.0,0.0,0.0,130.0,0
44.00_77.00,2014-12-15,44.0,77.0,0.0,0.0,0.0,0.0,0.0,0.0,131.0,0
44.00_77.00,2014-12-22,44.0,77.0,0.0,0.0,0.0,0.0,0.0,0.0,132.0,0
44.00_77.00,2014-12-29,44.0,77.0,0.0,0.0,0.0,0.0,0.0,0.0,133.0,0
44.00_77.00,2015-01-05,44.0,77.0,0.0,0.0,0.0,0.0,0.0,0.0,134.0,0
44.00_77.00,2015-01-12,44.0,77.0,0.0,0.0,0.0,0.0,0.0,0.0,135.0,0
44.00_77.00,2015-01-19,44.0,77.0,0.0,0.0,0.0,0.0,0.0,0.0,136.0,0
44.00_77.00,2015-01-26,44.0,77.0,0.0,0.0,0.0,0.0,0.0,0.0,137.0,0
44.00_77.00,2015-02-02,44.0,77.0,0.0,0.0,0.0,0.0,0.0,0.0,138.0,0
44.00_77.00,2015-02-09,44.0,77.0,0.0,0.0,0.0,0.0,0.0,0.0,139.0,0
44.00_77.00,2015-02-16,44.0,77.0,0.0,0.0,0.0,0.0,0.0,0.0,140.0,0
44.00_77.00,2015-02-23,44.0,77.0,0.0,0.0,0.0,0.0,0.0,0.0,141.0,0
44.00_77.00,2015-03-02,44.0,77.0,0.0,0.0,0.0,0.0,0.0,0.0,142.0,0
44.00_77.00,2015-03-09,44.0,77.0,0.0,0.0,0.0,0.0,0.0,0.0,143.0,0
44.00_77.00,2015-03-16,44.0,77.0,0.0,0.0,0.0,0.0,0.0,0.0,144.0,0
44.00_77.00,2015-03-23,44.0,77.0,0.0,0.0,0.0,0.0,0.0,0.0,145.0,0
44.00_77.00,2015-03-30,44.0,77.0,0.0,0.0,0.0,0.0,0.0,0.0,146.0,0
44.00_77.00,2015-04-06,44.0,77.0,0.0,0.0,0.0,0.0,0.0,0.0,147.0,0
44.00_77.00,2015-04-13,44.0,77.0,0.0,0.0,0.0,0.0,0.0,0.0,148.0,0
44.00_77.00,2015-04-20,44.0,77.0,0.0,0.0,0.0,0.0,0.0,0.0,149.0,0
44.00_77.00,2015-04-27,44.0,77.0,0.0,0.0,0.0,0.0,0.0,0.0,150.0,0
44.00_77.00,2015-05-04,44.0,77.0,0.0,0.0,0.0,0.0,0.0,0.0,151.0,0
44.00_77.00,2015-05-11,44.0,77.0,0.0,0.0,0.0,0.0,0.0,0.0,152.0,0
44.00_77.00,2015-05-18,44.0,77.0,0.0,0.0,0.0,0.0,0.0,0.0,153.0,0
44.00_77.00,2015-05-25,44.0,77.0,0.0,0.0,0.0,0.0,0.0,0.0,154.0,0
44.00_77.00,2015-06-01,44.0,77.0,0.0,0.0,0.0,0.0,0.0,0.0,155.0,0
44.00_77.00,2015-06-08,44.0,77.0,0.0,0.0,0.0,0.0,0.0,0.0,156.0,0
44.00_77.00,2015-06-15,44.0,77.0,0.0,0.0,0.0,0.0,0.0,0.0,157.0,0
44.00_77.00,2015-06-22,44.0,77.0,0.0,0.0,0.0,0.0,0.0,0.0,158.0,0
44.00_77.00,2015-06-29,44.0,77.0,0.0,0.0,0.0,0.0,0.0,0.0,159.0,0
44.00_77.00,2015-07-06,44.0,77.0,0.0,0.0,0.0,0.0,0.0,0.0,160.0,0
44.00_77.00,2015-07-13,44.0,77.0,0.0,0.0,0.0,0.0,0.0,0.0,161.0,0
44.00_77.00,2015-07-20,44.0,77.0,0.0,0.0,0.0,0.0,0.0,0.0,162.0,0
44.00_77.00,2015-07-27,44.0,77.0,0.0,0.0,0.0,0.0,0.0,0.0,163.0,0
44.00_77.00,2015-08-03,44.0,77.0,0.0,0.0,0.0,0.0,0.0,0.0,164.0,0
44.00_77.00,2015-08-10,44.0,77.0,0.0,0.0,0.0,0.0,0.0,0.0,165.0,0
44.00_77.00,2015-08-17,44.0,77.0,0.0,0.0,0.0,0.0,0.0,0.0,166.0,0
44.00_77.00,2015-08-24,44.0,77.0,0.0,0.0,0.0,0.0,0.0,0.0,167.0,0
44.00_77.00,2015-08-31,44.0,77.0,0.0,0.0,0.0,0.0,0.0,0.0,168.0,0
44.00_77.00,2015-09-07,44.0,77.0,0.0,0.0,0.0,0.0,0.0,0.0,169.0,0
44.00_77.00,2015-09-14,44.0,77.0,0.0,0.0,0.0,0.0,0.0,0.0,170.0,0
44.00_77.00,2015-09-21,44.0,77.0,0.0,0.0,0.0,0.0,0.0,0.0,171.0,0
44.00_77.00,2015-09-28,44.0,77.0,0.0,0.0,0.0,0.0,0.0,0.0,172.0,0
44.00_77.00,2015-10-05,44.0,77.0,0.0,0.0,0.0,0.0,0.0,0.0,173.0,0
44.00_77.00,2015-10-12,44.0,77.0,0.0,0.0,0.0,0.0,0.0,0.0,174.0,0
44.00_77.00,2015-10-19,44.0,77.0,0.0,0.0,0.0,0.0,0.0,0.0,175.0,0
44.00_77.00,2015-10-26,44.0,77.0,0.0,0.0,0.0,0.0,0.0,0.0,176.0,0
44.00_77.00,2015-11-02,44.0,77.0,0.0,0.0,0.0,0.0,0.0,0.0,177.0,0
44.00_77.00,2015-11-09,44.0,77.0,0.0,0.0,0.0,0.0,0.0,0.0,178.0,0
44.00_77.00,2015-11-16,44.0,77.0,0.0,0.0,0.0,0.0,0.0,0.0,179.0,0
44.00_77.00,2015-11-23,44.0,77.0,0.0,0.0,0.0,0.0,0.0,0.0,180.0,0
44.00_77.00,2015-11-30,44.0,77.0,0.0,0.0,0.0,0.0,0.0,0.0,181.0,0
44.00_77.00,2015-12-07,44.0,77.0,0.0,0.0,0.0,0.0,0.0,0.0,182.0,0
44.00_77.00,2015-12-14,44.0,77.0,0.0,0.0,0.0,0.0,0.0,0.0,183.0,0
44.00_77.00,2015-12-21,44.0,77.0,0.0,0.0,0.0,0.0,0.0,0.0,184.0,0
44.00_77.00,2015-12-28,44.0,77.0,0.0,0.0,0.0,0.0,0.0,0.0,185.0,0
44.00_77.00,2016-01-04,44.0,77.0,0.0,0.0,0.0,0.0,0.0,0.0,186.0,0
44.00_77.00,2016-01-11,44.0,77.0,0.0,0.0,0.0,0.0,0.0,0.0,187.0,0
44.00_77.00,2016-01-18,44.0,77.0,0.0,0.0,0.0,0.0,0.0,0.0,188.0,0
44.00_77.00,2016-01-25,44.0,77.0,0.0,0.0,0.0,0.0,0.0,0.0,189.0,0
44.00_77.00,2016-02-01,44.0,77.0,0.0,0.0,0.0,0.0,0.0,0.0,190.0,0
44.00_77.00,2016-02-08,44.0,77.0,0.0,0.0,0.0,0.0,0.0,0.0,191.0,0
44.00_77.00,2016-02-15,44.0,77.0,0.0,0.0,0.0,0.0,0.0,0.0,192.0,0
44.00_77.00,2016-02-22,44.0,77.0,0.0,0.0,0.0,0.0,0.0,0.0,193.0,0
44.00_77.00,2016-02-29,44.0,77.0,0.0,0.0,0.0,0.0,0.0,0.0,194.0,0
44.00_77.00,2016-03-07,44.0,77.0,0.0,0.0,0.0,0.0,0.0,0.0,195.0,0
44.00_77.00,2016-03-14,44.0,77.0,0.0,0.0,0.0,0.0,0.0,0.0,196.0,0
44.00_77.00,2016-03-21,44.0,77.0,0.0,0.0,0.0,0.0,0.0,0.0,197.0,0
44.00_77.00,2016-03-28,44.0,77.0,0.0,0.0,0.0,0.0,0.0,0.0,198.0,0
44.00_77.00,2016-04-04,44.0,77.0,0.0,0.0,0.0,0.0,0.0,0.0,199.0,0
44.00_77.00,2016-04-11,44.0,77.0,0.0,0.0,0.0,0.0,0.0,0.0,200.0,0
44.00_77.00,2016-04-18,44.0,77.0,0.0,0.0,0.0,0.0,0.0,0.0,201.0,0
44.00_77.00,2016-04-25,44.0,77.0,0.0,0.0,0.0,0.0,0.0,0.0,202.0,0
44.00_77.00,2016-05-02,44.0,77.0,0.0,0.0,0.0,0.0,0.0,0.0,203.0,0
44.00_77.00,2016-05-09,44.0,77.0,0.0,0.0,0.0,0.0,0.0,0.0,204.0,0
44.00_77.00,2016-05-16,44.0,77.0,0.0,0.0,0.0,0.0,0.0,0.0,205.0,0
44.00_77.00,2016-05-23,44.0,77.0,0.0,0.0,0.0,0.0,0.0,0.0,206.0,0
44.00_77.00,2016-05-30,44.0,77.0,0.0,0.0,0.0,0.0,0.0,0.0,207.0,0
44.00_77.00,2016-06-06,44.0,77.0,0.0,0.0,0.0,0.0,0.0,0.0,208.0,0
44.00_77.00,2016-06-13,44.0,77.0,0.0,0.0,0.0,0.0,0.0,0.0,209.0,0
44.00_77.00,2016-06-20,44.0,77.0,0.0,0.0,0.0,0.0,0.0,0.0,210.0,0
44.00_77.00,2016-06-27,44.0,77.0,0.0,0.0,0.0,0.0,0.0,0.0,211.0,0
44.00_77.00,2016-07-04,44.0,77.0,0.0,0.0,0.0,0.0,0.0,0.0,212.0,0
44.00_77.00,2016-07-11,44.0,77.0,0.0,0.0,0.0,0.0,0.0,0.0,213.0,0
44.00_77.00,2016-07-18,44.0,77.0,0.0,0.0,0.0,0.0,0.0,0.0,214.0,0
44.00_77.00,2016-07-25,44.0,77.0,0.0,0.0,0.0,0.0,0.0,0.0,215.0,0
44.00_77.00,2016-08-01,44.0,77.0,0.0,0.0,0.0,0.0,0.0,0.0,216.0,0
44.00_77.00,2016-08-08,44.0,77.0,0.0,0.0,0.0,0.0,0.0,0.0,217.0,0
44.00_77.00,2016-08-15,44.0,77.0,0.0,0.0,0.0,0.0,0.0,0.0,218.0,0
44.00_77.00,2016-08-22,44.0,77.0,0.0,0.0,0.0,0.0,0.0,0.0,219.0,0
44.00_77.00,2016-08-29,44.0,77.0,0.0,0.0,0.0,0.0,0.0,0.0,220.0,0
44.00_77.00,2016-09-05,44.0,77.0,0.0,0.0,0.0,0.0,0.0,0.0,221.0,0
44.00_77.00,2016-09-12,44.0,77.0,0.0,0.0,0.0,0.0,0.0,0.0,222.0,0
44.00_77.00,2016-09-19,44.0,77.0,0.0,0.0,0.0,0.0,0.0,0.0,223.0,0
44.00_77.00,2016-09-26,44.0,77.0,0.0,0.0,0.0,0.0,0.0,0.0,224.0,0
44.00_77.00,2016-10-03,44.0,77.0,0.0,0.0,0.0,0.0,0.0,0.0,225.0,0
44.00_77.00,2016-10-10,44.0,77.0,0.0,0.0,0.0,0.0,0.0,0.0,226.0,0
44.00_77.00,2016-10-17,44.0,77.0,0.0,0.0,0.0,0.0,0.0,0.0,227.0,0
44.00_77.00,2016-10-24,44.0,77.0,0.0,0.0,0.0,0.0,0.0,0.0,228.0,0
44.00_77.00,2016-10-31,44.0,77.0,0.0,0.0,0.0,0.0,0.0,0.0,229.0,0
44.00_77.00,2016-11-07,44.0,77.0,0.0,0.0,0.0,0.0,0.0,0.0,230.0,0
44.00_77.00,2016-11-14,44.0,77.0,0.0,0.0,0.0,0.0,0.0,0.0,231.0,0
44.00_77.00,2016-11-21,44.0,77.0,0.0,0.0,0.0,0.0,0.0,0.0,232.0,0
44.00_77.00,2016-11-28,44.0,77.0,0.0,0.0,0.0,0.0,0.0,0.0,233.0,0
44.00_77.00,2016-12-05,44.0,77.0,0.0,0.0,0.0,0.0,0.0,0.0,234.0,0
44.00_77.00,2016-12-12,44.0,77.0,0.0,0.0,0.0,0.0,0.0,0.0,235.0,0
44.00_77.00,2016-12-19,44.0,77.0,0.0,0.0,0.0,0.0,0.0,0.0,236.0,0
44.00_77.00,2016-12-26,44.0,77.0,0.0,0.0,0.0,0.0,0.0,0.0,237.0,0
44.00_77.00,2017-01-02,44.0,77.0,0.0,0.0,0.0,0.0,0.0,0.0,238.0,0
44.00_77.00,2017-01-09,44.0,77.0,0.0,0.0,0.0,0.0,0.0,0.0,239.0,0
44.00_77.00,2017-01-16,44.0,77.0,0.0,0.0,0.0,0.0,0.0,0.0,240.0,0
44.00_77.00,2017-01-23,44.0,77.0,0.0,0.0,0.0,0.0,0.0,0.0,241.0,0
44.00_77.00,2017-01-30,44.0,77.0,0.0,0.0,0.0,0.0,0.0,0.0,242.0,0
44.00_77.00,2017-02-06,44.0,77.0,0.0,0.0,0.0,0.0,0.0,0.0,243.0,0
44.00_77.00,2017-02-13,44.0,77.0,0.0,0.0,0.0,0.0,0.0,0.0,244.0,0
44.00_77.00,2017-02-20,44.0,77.0,0.0,0.0,0.0,0.0,0.0,0.0,245.0,0
44.00_77.00,2017-02-27,44.0,77.0,0.0,0.0,0.0,0.0,0.0,0.0,246.0,0
44.00_77.00,2017-03-06,44.0,77.0,0.0,0.0,0.0,0.0,0.0,0.0,247.0,0
44.00_77.00,2017-03-13,44.0,77.0,0.0,0.0,0.0,0.0,0.0,0.0,248.0,0
44.00_77.00,2017-03-20,44.0,77.0,0.0,0.0,0.0,0.0,0.0,0.0,249.0,0
44.00_77.00,2017-03-27,44.0,77.0,0.0,0.0,0.0,0.0,0.0,0.0,250.0,0
44.00_77.00,2017-04-03,44.0,77.0,0.0,0.0,0.0,0.0,0.0,0.0,251.0,0
44.00_77.00,2017-04-10,44.0,77.0,0.0,0.0,0.0,0.0,0.0,0.0,252.0,0
44.00_77.00,2017-04-17,44.0,77.0,0.0,0.0,0.0,0.0,0.0,0.0,253.0,0
44.00_77.00,2017-04-24,44.0,77.0,0.0,0.0,0.0,0.0,0.0,0.0,254.0,0
44.00_77.00,2017-05-01,44.0,77.0,0.0,0.0,0.0,0.0,0.0,0.0,255.0,0
44.00_77.00,2017-05-08,44.0,77.0,0.0,0.0,0.0,0.0,0.0,0.0,256.0,0
44.00_77.00,2017-05-15,44.0,77.0,0.0,0.0,0.0,0.0,0.0,0.0,257.0,0
44.00_77.00,2017-05-22,44.0,77.0,0.0,0.0,0.0,0.0,0.0,0.0,258.0,0
44.00_77.00,2017-05-29,44.0,77.0,0.0,0.0,0.0,0.0,0.0,0.0,259.0,0
44.00_77.00,2017-06-05,44.0,77.0,0.0,0.0,0.0,0.0,0.0,0.0,260.0,0
44.00_77.00,2017-06-12,44.0,77.0,0.0,0.0,0.0,0.0,0.0,0.0,261.0,0
44.00_77.00,2017-06-19,44.0,77.0,0.0,0.0,0.0,0.0,0.0,0.0,262.0,0
44.00_77.00,2017-06-26,44.0,77.0,0.0,0.0,0.0,0.0,0.0,0.0,263.0,0
44.00_77.00,2017-07-03,44.0,77.0,0.0,0.0,0.0,0.0,0.0,0.0,264.0,0
44.00_77.00,2017-07-10,44.0,77.0,0.0,0.0,0.0,0.0,0.0,0.0,265.0,0
44.00_77.00,2017-07-17,44.0,77.0,0.0,0.0,0.0,0.0,0.0,0.0,266.0,0
44.00_77.00,2017-07-24,44.0,77.0,0.0,0.0,0.0,0.0,0.0,0.0,267.0,0
44.00_77.00,2017-07-31,44.0,77.0,0.0,0.0,0.0,0.0,0.0,0.0,268.0,0
44.00_77.00,2017-08-07,44.0,77.0,0.0,0.0,0.0,0.0,0.0,0.0,269.0,0
44.00_77.00,2017-08-14,44.0,77.0,0.0,0.0,0.0,0.0,0.0,0.0,270.0,0
44.00_77.00,2017-08-21,44.0,77.0,0.0,0.0,0.0,0.0,0.0,0.0,271.0,0
44.00_77.00,2017-08-28,44.0,77.0,0.0,0.0,0.0,0.0,0.0,0.0,272.0,0
44.00_77.00,2017-09-04,44.0,77.0,0.0,0.0,0.0,0.0,0.0,0.0,273.0,0
44.00_77.00,2017-09-11,44.0,77.0,0.0,0.0,0.0,0.0,0.0,0.0,274.0,0
44.00_77.00,2017-09-18,44.0,77.0,0.0,0.0,0.0,0.0,0.0,0.0,275.0,0
44.00_77.00,2017-09-25,44.0,77.0,0.0,0.0,0.0,0.0,0.0,0.0,276.0,0
44.00_77.00,2017-10-02,44.0,77.0,0.0,0.0,0.0,0.0,0.0,0.0,277.0,0
44.00_77.00,2017-10-09,44.0,77.0,0.0,0.0,0.0,0.0,0.0,0.0,278.0,0
44.00_77.00,2017-10-16,44.0,77.0,0.0,0.0,0.0,0.0,0.0,0.0,279.0,0
44.00_77.00,2017-10-23,44.0,77.0,0.0,0.0,0.0,0.0,0.0,0.0,280.0,0
44.00_77.00,2017-10-30,44.0,77.0,0.0,0.0,0.0,0.0,0.0,0.0,281.0,0
44.00_77.00,2017-11-06,44.0,77.0,0.0,0.0,0.0,0.0,0.0,0.0,282.0,0
44.00_77.00,2017-11-13,44.0,77.0,0.0,0.0,0.0,0.0,0.0,0.0,283.0,0
44.00_77.00,2017-11-20,44.0,77.0,0.0,0.0,0.0,0.0,0.0,0.0,284.0,0
44.00_77.00,2017-11-27,44.0,77.0,0.0,0.0,0.0,0.0,0.0,0.0,285.0,0
44.00_77.00,2017-12-04,44.0,77.0,0.0,0.0,0.0,0.0,0.0,0.0,286.0,0
44.00_77.00,2017-12-11,44.0,77.0,0.0,0.0,0.0,0.0,0.0,0.0,287.0,0
44.00_77.00,2017-12-18,44.0,77.0,0.0,0.0,0.0,0.0,0.0,0.0,288.0,0
44.00_77.00,2017-12-25,44.0,77.0,0.0,0.0,0.0,0.0,0.0,0.0,289.0,0
44.00_77.00,2018-01-01,44.0,77.0,0.0,0.0,0.0,0.0,0.0,0.0,290.0,0
44.00_77.00,2018-01-08,44.0,77.0,0.0,0.0,0.0,0.0,0.0,0.0,291.0,0
44.00_77.00,2018-01-15,44.0,77.0,0.0,0.0,0.0,0.0,0.0,0.0,292.0,0
44.00_77.00,2018-01-22,44.0,77.0,0.0,0.0,0.0,0.0,0.0,0.0,293.0,0
44.00_77.00,2018-01-29,44.0,77.0,0.0,0.0,0.0,0.0,0.0,0.0,294.0,0
44.00_77.00,2018-02-05,44.0,77.0,0.0,0.0,0.0,0.0,0.0,0.0,295.0,0
44.00_77.00,2018-02-12,44.0,77.0,0.0,0.0,0.0,0.0,0.0,0.0,296.0,0
44.00_77.00,2018-02-19,44.0,77.0,0.0,0.0,0.0,0.0,0.0,0.0,297.0,0
44.00_77.00,2018-02-26,44.0,77.0,0.0,0.0,0.0,0.0,0.0,0.0,298.0,0
44.00_77.00,2018-03-05,44.0,77.0,0.0,0.0,0.0,0.0,0.0,0.0,299.0,0
44.00_77.00,2018-03-12,44.0,77.0,0.0,0.0,0.0,0.0,0.0,0.0,300.0,0
44.00_77.00,2018-03-19,44.0,77.0,0.0,0.0,0.0,0.0,0.0,0.0,301.0,0
44.00_77.00,2018-03-26,44.0,77.0,0.0,0.0,0.0,0.0,0.0,0.0,302.0,0
44.00_77.00,2018-04-02,44.0,77.0,0.0,0.0,0.0,0.0,0.0,0.0,303.0,0
44.00_77.00,2018-04-09,44.0,77.0,0.0,0.0,0.0,0.0,0.0,0.0,304.0,0
44.00_77.00,2018-04-16,44.0,77.0,0.0,0.0,0.0,0.0,0.0,0.0,305.0,0
44.00_77.00,2018-04-23,44.0,77.0,0.0,0.0,0.0,0.0,0.0,0.0,306.0,0
44.00_77.00,2018-04-30,44.0,77.0,0.0,0.0,0.0,0.0,0.0,0.0,307.0,0
44.00_77.00,2018-05-07,44.0,77.0,0.0,0.0,0.0,0.0,0.0,0.0,308.0,0
44.00_77.00,2018-05-14,44.0,77.0,0.0,0.0,0.0,0.0,0.0,0.0,309.0,0
44.00_77.00,2018-05-21,44.0,77.0,0.0,0.0,0.0,0.0,0.0,0.0,310.0,0
44.00_77.00,2018-05-28,44.0,77.0,0.0,0.0,0.0,0.0,0.0,0.0,311.0,0
44.00_77.00,2018-06-04,44.0,77.0,0.0,0.0,0.0,0.0,0.0,0.0,312.0,0
44.00_77.00,2018-06-11,44.0,77.0,0.0,0.0,0.0,0.0,0.0,0.0,313.0,0
44.00_77.00,2018-06-18,44.0,77.0,0.0,0.0,0.0,0.0,0.0,0.0,314.0,0
44.00_77.00,2018-06-25,44.0,77.0,0.0,0.0,0.0,0.0,0.0,0.0,315.0,0
44.00_77.00,2018-07-02,44.0,77.0,0.0,0.0,0.0,0.0,0.0,0.0,316.0,0
44.00_77.00,2018-07-09,44.0,77.0,0.0,0.0,0.0,0.0,0.0,0.0,317.0,0
44.00_77.00,2018-07-16,44.0,77.0,0.0,0.0,0.0,0.0,0.0,0.0,318.0,0
44.00_77.00,2018-07-23,44.0,77.0,0.0,0.0,0.0,0.0,0.0,0.0,319.0,0
44.00_77.00,2018-07-30,44.0,77.0,0.0,0.0,0.0,0.0,0.0,0.0,320.0,0
44.00_77.00,2018-08-06,44.0,77.0,0.0,0.0,0.0,0.0,0.0,0.0,321.0,0
44.00_77.00,2018-08-13,44.0,77.0,0.0,0.0,0.0,0.0,0.0,0.0,322.0,0
44.00_77.00,2018-08-20,44.0,77.0,0.0,0.0,0.0,0.0,0.0,0.0,323.0,0
44.00_77.00,2018-08-27,44.0,77.0,0.0,0.0,0.0,0.0,0.0,0.0,324.0,0
44.00_77.00,2018-09-03,44.0,77.0,0.0,0.0,0.0,0.0,0.0,0.0,325.0,0
44.00_77.00,2018-09-10,44.0,77.0,0.0,0.0,0.0,0.0,0.0,0.0,326.0,0
44.00_77.00,2018-09-17,44.0,77.0,0.0,0.0,0.0,0.0,0.0,0.0,327.0,0
44.00_77.00,2018-09-24,44.0,77.0,0.0,0.0,0.0,0.0,0.0,0.0,328.0,0
44.00_77.00,2018-10-01,44.0,77.0,0.0,0.0,0.0,0.0,0.0,0.0,329.0,0
44.00_77.00,2018-10-08,44.0,77.0,0.0,0.0,0.0,0.0,0.0,0.0,330.0,0
44.00_77.00,2018-10-15,44.0,77.0,0.0,0.0,0.0,0.0,0.0,0.0,331.0,0
44.00_77.00,2018-10-22,44.0,77.0,0.0,0.0,0.0,0.0,0.0,0.0,332.0,0
44.00_77.00,2018-10-29,44.0,77.0,0.0,0.0,0.0,0.0,0.0,0.0,333.0,0
44.00_77.00,2018-11-05,44.0,77.0,0.0,0.0,0.0,0.0,0.0,0.0,334.0,0
44.00_77.00,2018-11-12,44.0,77.0,0.0,0.0,0.0,0.0,0.0,0.0,335.0,0
44.00_77.00,2018-11-19,44.0,77.0,0.0,0.0,0.0,0.0,0.0,0.0,336.0,0
44.00_77.00,2018-11-26,44.0,77.0,0.0,0.0,0.0,0.0,0.0,0.0,337.0,0
44.00_77.00,2018-12-03,44.0,77.0,0.0,0.0,0.0,0.0,0.0,0.0,338.0,0
44.00_77.00,2018-12-10,44.0,77.0,0.0,0.0,0.0,0.0,0.0,0.0,339.0,0
44.00_77.00,2018-12-17,44.0,77.0,0.0,0.0,0.0,0.0,0.0,0.0,340.0,0
44.00_77.00,2018-12-24,44.0,77.0,0.0,0.0,0.0,0.0,0.0,0.0,341.0,0
44.00_77.00,2018-12-31,44.0,77.0,0.0,0.0,0.0,0.0,0.0,0.0,342.0,0
44.00_77.00,2019-01-07,44.0,77.0,0.0,0.0,0.0,0.0,0.0,0.0,343.0,0
44.00_77.00,2019-01-14,44.0,77.0,0.0,0.0,0.0,0.0,0.0,0.0,344.0,0
44.00_77.00,2019-01-21,44.0,77.0,0.0,0.0,0.0,0.0,0.0,0.0,345.0,0
44.00_77.00,2019-01-28,44.0,77.0,0.0,0.0,0.0,0.0,0.0,0.0,346.0,0
44.00_77.00,2019-02-04,44.0,77.0,0.0,0.0,0.0,0.0,0.0,0.0,347.0,0
44.00_77.00,2019-02-11,44.0,77.0,0.0,0.0,0.0,0.0,0.0,0.0,348.0,0
44.00_77.00,2019-02-18,44.0,77.0,0.0,0.0,0.0,0.0,0.0,0.0,349.0,0
44.00_77.00,2019-02-25,44.0,77.0,0.0,0.0,0.0,0.0,0.0,0.0,350.0,0
44.00_77.00,2019-03-04,44.0,77.0,0.0,0.0,0.0,0.0,0.0,0.0,351.0,0
44.00_77.00,2019-03-11,44.0,77.0,0.0,0.0,0.0,0.0,0.0,0.0,352.0,0
44.00_77.00,2019-03-18,44.0,77.0,0.0,0.0,0.0,0.0,0.0,0.0,353.0,0
44.00_77.00,2019-03-25,44.0,77.0,0.0,0.0,0.0,0.0,0.0,0.0,354.0,0
44.00_77.00,2019-04-01,44.0,77.0,0.0,0.0,0.0,0.0,0.0,0.0,355.0,0
44.00_77.00,2019-04-08,44.0,77.0,0.0,0.0,0.0,0.0,0.0,0.0,356.0,0
44.00_77.00,2019-04-15,44.0,77.0,0.0,0.0,0.0,0.0,0.0,0.0,357.0,0
44.00_77.00,2019-04-22,44.0,77.0,0.0,0.0,0.0,0.0,0.0,0.0,358.0,0
44.00_77.00,2019-04-29,44.0,77.0,0.0,0.0,0.0,0.0,0.0,0.0,359.0,0
44.00_77.00,2019-05-06,44.0,77.0,0.0,0.0,0.0,0.0,0.0,0.0,360.0,0
44.00_77.00,2019-05-13,44.0,77.0,0.0,0.0,0.0,0.0,0.0,0.0,361.0,0
44.00_77.00,2019-05-20,44.0,77.0,0.0,0.0,0.0,0.0,0.0,0.0,362.0,0
44.00_77.00,2019-05-27,44.0,77.0,0.0,0.0,0.0,0.0,0.0,0.0,363.0,0
44.00_77.00,2019-06-03,44.0,77.0,0.0,0.0,0.0,0.0,0.0,0.0,364.0,0
44.00_77.00,2019-06-10,44.0,77.0,0.0,0.0,0.0,0.0,0.0,0.0,365.0,0
44.00_77.00,2019-06-17,44.0,77.0,0.0,0.0,0.0,0.0,0.0,0.0,366.0,0
44.00_77.00,2019-06-24,44.0,77.0,0.0,0.0,0.0,0.0,0.0,0.0,367.0,0
44.00_77.00,2019-07-01,44.0,77.0,0.0,0.0,0.0,0.0,0.0,0.0,368.0,0
44.00_77.00,2019-07-08,44.0,77.0,0.0,0.0,0.0,0.0,0.0,0.0,369.0,0
44.00_77.00,2019-07-15,44.0,77.0,0.0,0.0,0.0,0.0,0.0,0.0,370.0,0
44.00_77.00,2019-07-22,44.0,77.0,0.0,0.0,0.0,0.0,0.0,0.0,371.0,0
44.00_77.00,2019-07-29,44.0,77.0,0.0,0.0,0.0,0.0,0.0,0.0,372.0,1
44.00_77.00,2019-08-05,44.0,77.0,1.0,4.3,4.3,4.3,1.0,2818382.9312644494,373.0,0
44.00_77.00,2019-08-12,44.0,77.0,0.0,0.0,0.0,4.3,1.0,2818382.9312644494,374.0,1
44.00_77.00,2019-08-19,44.0,77.0,1.0,4.4,4.4,4.4,2.0,6799454.636799427,375.0,0
44.00_77.00,2019-08-26,44.0,77.0,0.0,0.0,0.0,4.4,2.0,6799454.636799427,376.0,0
44.00_77.00,2019-09-02,44.0,77.0,0.0,0.0,0.0,4.4,2.0,6799454.636799427,377.0,0
44.00_77.00,2019-09-09,44.0,77.0,0.0,0.0,0.0,4.4,2.0,6799454.636799427,378.0,0
44.00_77.00,2019-09-16,44.0,77.0,0.0,0.0,0.0,0.0,2.0,6799454.636799427,379.0,0
44.00_77.00,2019-09-23,44.0,77.0,0.0,0.0,0.0,0.0,2.0,6799454.636799427,380.0,0
44.00_77.00,2019-09-30,44.0,77.0,0.0,0.0,0.0,0.0,2.0,3981071.7055349774,381.0,0
44.00_77.00,2019-10-07,44.0,77.0,0.0,0.0,0.0,0.0,2.0,3981071.7055349774,382.0,0
44.00_77.00,2019-10-14,44.0,77.0,0.0,0.0,0.0,0.0,2.0,0.0,383.0,0
44.00_77.00,2019-10-21,44.0,77.0,0.0,0.0,0.0,0.0,2.0,0.0,384.0,0
44.00_77.00,2019-10-28,44.0,77.0,0.0,0.0,0.0,0.0,1.0,0.0,385.0,0
44.00_77.00,2019-11-04,44.0,77.0,0.0,0.0,0.0,0.0,1.0,0.0,386.0,0
44.00_77.00,2019-11-11,44.0,77.0,0.0,0.0,0.0,0.0,0.0,0.0,387.0,0
44.00_77.00,2019-11-18,44.0,77.0,0.0,0.0,0.0,0.0,0.0,0.0,388.0,0
44.00_77.00,2019-11-25,44.0,77.0,0.0,0.0,0.0,0.0,0.0,0.0,389.0,0
44.00_77.00,2019-12-02,44.0,77.0,0.0,0.0,0.0,0.0,0.0,0.0,390.0,0
44.00_77.00,2019-12-09,44.0,77.0,0.0,0.0,0.0,0.0,0.0,0.0,391.0,0
44.00_77.00,2019-12-16,44.0,77.0,0.0,0.0,0.0,0.0,0.0,0.0,392.0,0
44.00_77.00,2019-12-23,44.0,77.0,0.0,0.0,0.0,0.0,0.0,0.0,393.0,0
44.00_77.00,2019-12-30,44.0,77.0,0.0,0.0,0.0,0.0,0.0,0.0,394.0,0
44.00_77.00,2020-01-06,44.0,77.0,0.0,0.0,0.0,0.0,0.0,0.0,395.0,0
44.00_77.00,2020-01-13,44.0,77.0,0.0,0.0,0.0,0.0,0.0,0.0,396.0,0
44.00_77.00,2020-01-20,44.0,77.0,0.0,0.0,0.0,0.0,0.0,0.0,397.0,1
44.00_77.00,2020-01-27,44.0,77.0,1.0,4.5,4.5,4.5,1.0,5623413.251903491,0.0,0
44.00_77.00,2020-02-03,44.0,77.0,0.0,0.0,0.0,4.5,1.0,5623413.251903491,1.0,0
44.00_77.00,2020-02-10,44.0,77.0,0.0,0.0,0.0,4.5,1.0,5623413.251903491,2.0,0
44.00_77.00,2020-02-17,44.0,77.0,0.0,0.0,0.0,4.5,1.0,5623413.251903491,3.0,0
44.00_77.00,2020-02-24,44.0,77.0,0.0,0.0,0.0,0.0,1.0,5623413.251903491,4.0,0
44.00_77.00,2020-03-02,44.0,77.0,0.0,0.0,0.0,0.0,1.0,5623413.251903491,5.0,0
44.00_77.00,2020-03-09,44.0,77.0,0.0,0.0,0.0,0.0,1.0,5623413.251903491,6.0,0
44.00_77.00,2020-03-16,44.0,77.0,0.0,0.0,0.0,0.0,1.0,5623413.251903491,7.0,0
44.00_77.00,2020-03-23,44.0,77.0,0.0,0.0,0.0,0.0,1.0,0.0,8.0,0
44.00_77.00,2020-03-30,44.0,77.0,0.0,0.0,0.0,0.0,1.0,0.0,9.0,0
44.00_77.00,2020-04-06,44.0,77.0,0.0,0.0,0.0,0.0,1.0,0.0,10.0,0
44.00_77.00,2020-04-13,44.0,77.0,0.0,0.0,0.0,0.0,1.0,0.0,11.0,0
44.00_77.00,2020-04-20,44.0,77.0,0.0,0.0,0.0,0.0,0.0,0.0,12.0,0
44.00_77.00,2020-04-27,44.0,77.0,0.0,0.0,0.0,0.0,0.0,0.0,13.0,0
44.00_77.00,2020-05-04,44.0,77.0,0.0,0.0,0.0,0.0,0.0,0.0,14.0,0
44.00_77.00,2020-05-11,44.0,77.0,0.0,0.0,0.0,0.0,0.0,0.0,15.0,0
44.00_77.00,2020-05-18,44.0,77.0,0.0,0.0,0.0,0.0,0.0,0.0,16.0,0
44.00_77.00,2020-05-25,44.0,77.0,0.0,0.0,0.0,0.0,0.0,0.0,17.0,0
44.00_77.00,2020-06-01,44.0,77.0,0.0,0.0,0.0,0.0,0.0,0.0,18.0,1
44.00_77.00,2020-06-08,44.0,77.0,1.0,4.5,4.5,4.5,1.0,5623413.251903491,0.0,0
44.00_77.00,2020-06-15,44.0,77.0,0.0,0.0,0.0,4.5,1.0,5623413.251903491,1.0,0
44.00_77.00,2020-06-22,44.0,77.0,0.0,0.0,0.0,4.5,1.0,5623413.251903491,2.0,0
44.00_77.00,2020-06-29,44.0,77.0,0.0,0.0,0.0,4.5,1.0,5623413.251903491,3.0,0
44.00_77.00,2020-07-06,44.0,77.0,0.0,0.0,0.0,0.0,1.0,5623413.251903491,4.0,0
44.00_77.00,2020-07-13,44.0,77.0,0.0,0.0,0.0,0.0,1.0,5623413.251903491,5.0,0
44.00_77.00,2020-07-20,44.0,77.0,0.0,0.0,0.0,0.0,1.0,5623413.251903491,6.0,0
44.00_77.00,2020-07-27,44.0,77.0,0.0,0.0,0.0,0.0,1.0,5623413.251903491,7.0,0
44.00_77.00,2020-08-03,44.0,77.0,0.0,0.0,0.0,0.0,1.0,0.0,8.0,0
44.00_77.00,2020-08-10,44.0,77.0,0.0,0.0,0.0,0.0,1.0,0.0,9.0,0
44.00_77.00,2020-08-17,44.0,77.0,0.0,0.0,0.0,0.0,1.0,0.0,10.0,0
44.00_77.00,2020-08-24,44.0,77.0,0.0,0.0,0.0,0.0,1.0,0.0,11.0,0
44.00_77.00,2020-08-31,44.0,77.0,0.0,0.0,0.0,0.0,0.0,0.0,12.0,0
44.00_77.00,2020-09-07,44.0,77.0,0.0,0.0,0.0,0.0,0.0,0.0,13.0,0
44.00_77.00,2020-09-14,44.0,77.0,0.0,0.0,0.0,0.0,0.0,0.0,14.0,0
44.00_77.00,2020-09-21,44.0,77.0,0.0,0.0,0.0,0.0,0.0,0.0,15.0,0
44.00_77.00,2020-09-28,44.0,77.0,0.0,0.0,0.0,0.0,0.0,0.0,16.0,0
44.00_77.00,2020-10-05,44.0,77.0,0.0,0.0,0.0,0.0,0.0,0.0,17.0,0
44.00_77.00,2020-10-12,44.0,77.0,0.0,0.0,0.0,0.0,0.0,0.0,18.0,0
44.00_77.00,2020-10-19,44.0,77.0,0.0,0.0,0.0,0.0,0.0,0.0,19.0,0
44.00_77.00,2020-10-26,44.0,77.0,0.0,0.0,0.0,0.0,0.0,0.0,20.0,0
44.00_77.00,2020-11-02,44.0,77.0,0.0,0.0,0.0,0.0,0.0,0.0,21.0,0
44.00_77.00,2020-11-09,44.0,77.0,0.0,0.0,0.0,0.0,0.0,0.0,22.0,0
44.00_77.00,2020-11-16,44.0,77.0,0.0,0.0,0.0,0.0,0.0,0.0,23.0,0
44.00_77.00,2020-11-23,44.0,77.0,0.0,0.0,0.0,0.0,0.0,0.0,24.0,0
44.00_77.00,2020-11-30,44.0,77.0,0.0,0.0,0.0,0.0,0.0,0.0,25.0,0
44.00_77.00,2020-12-07,44.0,77.0,0.0,0.0,0.0,0.0,0.0,0.0,26.0,0
44.00_77.00,2020-12-14,44.0,77.0,0.0,0.0,0.0,0.0,0.0,0.0,27.0,0
44.00_77.00,2020-12-21,44.0,77.0,0.0,0.0,0.0,0.0,0.0,0.0,28.0,0
44.00_77.00,2020-12-28,44.0,77.0,0.0,0.0,0.0,0.0,0.0,0.0,29.0,0
44.00_77.00,2021-01-04,44.0,77.0,0.0,0.0,0.0,0.0,0.0,0.0,30.0,0
44.00_77.00,2021-01-11,44.0,77.0,0.0,0.0,0.0,0.0,0.0,0.0,31.0,0
44.00_77.00,2021-01-18,44.0,77.0,0.0,0.0,0.0,0.0,0.0,0.0,32.0,0
44.00_77.00,2021-01-25,44.0,77.0,0.0,0.0,0.0,0.0,0.0,0.0,33.0,0
44.00_77.00,2021-02-01,44.0,77.0,0.0,0.0,0.0,0.0,0.0,0.0,34.0,0
44.00_77.00,2021-02-08,44.0,77.0,0.0,0.0,0.0,0.0,0.0,0.0,35.0,0
44.00_77.00,2021-02-15,44.0,77.0,0.0,0.0,0.0,0.0,0.0,0.0,36.0,0
44.00_77.00,2021-02-22,44.0,77.0,0.0,0.0,0.0,0.0,0.0,0.0,37.0,0
44.00_77.00,2021-03-01,44.0,77.0,0.0,0.0,0.0,0.0,0.0,0.0,38.0,0
44.00_77.00,2021-03-08,44.0,77.0,0.0,0.0,0.0,0.0,0.0,0.0,39.0,0
44.00_77.00,2021-03-15,44.0,77.0,0.0,0.0,0.0,0.0,0.0,0.0,40.0,0
44.00_77.00,2021-03-22,44.0,77.0,0.0,0.0,0.0,0.0,0.0,0.0,41.0,0
44.00_77.00,2021-03-29,44.0,77.0,0.0,0.0,0.0,0.0,0.0,0.0,42.0,0
44.00_77.00,2021-04-05,44.0,77.0,0.0,0.0,0.0,0.0,0.0,0.0,43.0,0
44.00_77.00,2021-04-12,44.0,77.0,0.0,0.0,0.0,0.0,0.0,0.0,44.0,0
44.00_77.00,2021-04-19,44.0,77.0,0.0,0.0,0.0,0.0,0.0,0.0,45.0,0
44.00_77.00,2021-04-26,44.0,77.0,0.0,0.0,0.0,0.0,0.0,0.0,46.0,0
44.00_77.00,2021-05-03,44.0,77.0,0.0,0.0,0.0,0.0,0.0,0.0,47.0,0
44.00_77.00,2021-05-10,44.0,77.0,0.0,0.0,0.0,0.0,0.0,0.0,48.0,0
44.00_77.00,2021-05-17,44.0,77.0,0.0,0.0,0.0,0.0,0.0,0.0,49.0,0
44.00_77.00,2021-05-24,44.0,77.0,0.0,0.0,0.0,0.0,0.0,0.0,50.0,0
44.00_77.00,2021-05-31,44.0,77.0,0.0,0.0,0.0,0.0,0.0,0.0,51.0,0
44.00_77.00,2021-06-07,44.0,77.0,0.0,0.0,0.0,0.0,0.0,0.0,52.0,0
44.00_77.00,2021-06-14,44.0,77.0,0.0,0.0,0.0,0.0,0.0,0.0,53.0,0
44.00_77.00,2021-06-21,44.0,77.0,0.0,0.0,0.0,0.0,0.0,0.0,54.0,0
44.00_77.00,2021-06-28,44.0,77.0,0.0,0.0,0.0,0.0,0.0,0.0,55.0,0
44.00_77.00,2021-07-05,44.0,77.0,0.0,0.0,0.0,0.0,0.0,0.0,56.0,0
44.00_77.00,2021-07-12,44.0,77.0,0.0,0.0,0.0,0.0,0.0,0.0,57.0,0
44.00_77.00,2021-07-19,44.0,77.0,0.0,0.0,0.0,0.0,0.0,0.0,58.0,0
44.00_77.00,2021-07-26,44.0,77.0,0.0,0.0,0.0,0.0,0.0,0.0,59.0,0
44.00_77.00,2021-08-02,44.0,77.0,0.0,0.0,0.0,0.0,0.0,0.0,60.0,0
44.00_77.00,2021-08-09,44.0,77.0,0.0,0.0,0.0,0.0,0.0,0.0,61.0,0
44.00_77.00,2021-08-16,44.0,77.0,0.0,0.0,0.0,0.0,0.0,0.0,62.0,0
44.00_77.00,2021-08-23,44.0,77.0,0.0,0.0,0.0,0.0,0.0,0.0,63.0,0
44.00_77.00,2021-08-30,44.0,77.0,0.0,0.0,0.0,0.0,0.0,0.0,64.0,0
44.00_77.00,2021-09-06,44.0,77.0,0.0,0.0,0.0,0.0,0.0,0.0,65.0,0
44.00_77.00,2021-09-13,44.0,77.0,0.0,0.0,0.0,0.0,0.0,0.0,66.0,0
44.00_77.00,2021-09-20,44.0,77.0,0.0,0.0,0.0,0.0,0.0,0.0,67.0,0
44.00_77.00,2021-09-27,44.0,77.0,0.0,0.0,0.0,0.0,0.0,0.0,68.0,0
44.00_77.00,2021-10-04,44.0,77.0,0.0,0.0,0.0,0.0,0.0,0.0,69.0,0
44.00_77.00,2021-10-11,44.0,77.0,0.0,0.0,0.0,0.0,0.0,0.0,70.0,0
44.00_77.00,2021-10-18,44.0,77.0,0.0,0.0,0.0,0.0,0.0,0.0,71.0,0
44.00_77.00,2021-10-25,44.0,77.0,0.0,0.0,0.0,0.0,0.0,0.0,72.0,0
44.00_77.00,2021-11-01,44.0,77.0,0.0,0.0,0.0,0.0,0.0,0.0,73.0,0
44.00_77.00,2021-11-08,44.0,77.0,0.0,0.0,0.0,0.0,0.0,0.0,74.0,0
44.00_77.00,2021-11-15,44.0,77.0,0.0,0.0,0.0,0.0,0.0,0.0,75.0,0
44.00_77.00,2021-11-22,44.0,77.0,0.0,0.0,0.0,0.0,0.0,0.0,76.0,0
44.00_77.00,2021-11-29,44.0,77.0,0.0,0.0,0.0,0.0,0.0,0.0,77.0,0
44.00_77.00,2021-12-06,44.0,77.0,0.0,0.0,0.0,0.0,0.0,0.0,78.0,0
44.00_77.00,2021-12-13,44.0,77.0,0.0,0.0,0.0,0.0,0.0,0.0,79.0,0
44.00_77.00,2021-12-20,44.0,77.0,0.0,0.0,0.0,0.0,0.0,0.0,80.0,0
44.00_77.00,2021-12-27,44.0,77.0,0.0,0.0,0.0,0.0,0.0,0.0,81.0,0
44.00_77.00,2022-01-03,44.0,77.0,0.0,0.0,0.0,0.0,0.0,0.0,82.0,0
44.00_77.00,2022-01-10,44.0,77.0,0.0,0.0,0.0,0.0,0.0,0.0,83.0,0
44.00_77.00,2022-01-17,44.0,77.0,0.0,0.0,0.0,0.0,0.0,0.0,84.0,0
44.00_77.00,2022-01-24,44.0,77.0,0.0,0.0,0.0,0.0,0.0,0.0,85.0,0
44.00_77.00,2022-01-31,44.0,77.0,0.0,0.0,0.0,0.0,0.0,0.0,86.0,0
44.00_77.00,2022-02-07,44.0,77.0,0.0,0.0,0.0,0.0,0.0,0.0,87.0,0
44.00_77.00,2022-02-14,44.0,77.0,0.0,0.0,0.0,0.0,0.0,0.0,88.0,0
44.00_77.00,2022-02-21,44.0,77.0,0.0,0.0,0.0,0.0,0.0,0.0,89.0,0
44.00_77.00,2022-02-28,44.0,77.0,0.0,0.0,0.0,0.0,0.0,0.0,90.0,0
44.00_77.00,2022-03-07,44.0,77.0,0.0,0.0,0.0,0.0,0.0,0.0,91.0,0
44.00_77.00,2022-03-14,44.0,77.0,0.0,0.0,0.0,0.0,0.0,0.0,92.0,0
44.00_77.00,2022-03-21,44.0,77.0,0.0,0.0,0.0,0.0,0.0,0.0,93.0,0
44.00_77.00,2022-03-28,44.0,77.0,0.0,0.0,0.0,0.0,0.0,0.0,94.0,0
44.00_77.00,2022-04-04,44.0,77.0,0.0,0.0,0.0,0.0,0.0,0.0,95.0,0
44.00_77.00,2022-04-11,44.0,77.0,0.0,0.0,0.0,0.0,0.0,0.0,96.0,0
44.00_77.00,2022-04-18,44.0,77.0,0.0,0.0,0.0,0.0,0.0,0.0,97.0,0
44.00_77.00,2022-04-25,44.0,77.0,0.0,0.0,0.0,0.0,0.0,0.0,98.0,0
44.00_77.00,2022-05-02,44.0,77.0,0.0,0.0,0.0,0.0,0.0,0.0,99.0,0
44.00_77.00,2022-05-09,44.0,77.0,0.0,0.0,0.0,0.0,0.0,0.0,100.0,0
44.00_77.00,2022-05-16,44.0,77.0,0.0,0.0,0.0,0.0,0.0,0.0,101.0,0
44.00_77.00,2022-05-23,44.0,77.0,0.0,0.0,0.0,0.0,0.0,0.0,102.0,0
44.00_77.00,2022-05-30,44.0,77.0,0.0,0.0,0.0,0.0,0.0,0.0,103.0,0
44.00_77.00,2022-06-06,44.0,77.0,0.0,0.0,0.0,0.0,0.0,0.0,104.0,0
44.00_77.00,2022-06-13,44.0,77.0,0.0,0.0,0.0,0.0,0.0,0.0,105.0,0
44.00_77.00,2022-06-20,44.0,77.0,0.0,0.0,0.0,0.0,0.0,0.0,106.0,0
44.00_77.00,2022-06-27,44.0,77.0,0.0,0.0,0.0,0.0,0.0,0.0,107.0,0
44.00_77.00,2022-07-04,44.0,77.0,0.0,0.0,0.0,0.0,0.0,0.0,108.0,0
44.00_77.00,2022-07-11,44.0,77.0,0.0,0.0,0.0,0.0,0.0,0.0,109.0,0
44.00_77.00,2022-07-18,44.0,77.0,0.0,0.0,0.0,0.0,0.0,0.0,110.0,0
44.00_77.00,2022-07-25,44.0,77.0,0.0,0.0,0.0,0.0,0.0,0.0,111.0,0
44.00_77.00,2022-08-01,44.0,77.0,0.0,0.0,0.0,0.0,0.0,0.0,112.0,0
44.00_77.00,2022-08-08,44.0,77.0,0.0,0.0,0.0,0.0,0.0,0.0,113.0,0
44.00_77.00,2022-08-15,44.0,77.0,0.0,0.0,0.0,0.0,0.0,0.0,114.0,0
44.00_77.00,2022-08-22,44.0,77.0,0.0,0.0,0.0,0.0,0.0,0.0,115.0,0
44.00_77.00,2022-08-29,44.0,77.0,0.0,0.0,0.0,0.0,0.0,0.0,116.0,0
44.00_77.00,2022-09-05,44.0,77.0,0.0,0.0,0.0,0.0,0.0,0.0,117.0,0
44.00_77.00,2022-09-12,44.0,77.0,0.0,0.0,0.0,0.0,0.0,0.0,118.0,0
44.00_77.00,2022-09-19,44.0,77.0,0.0,0.0,0.0,0.0,0.0,0.0,119.0,0
44.00_77.00,2022-09-26,44.0,77.0,0.0,0.0,0.0,0.0,0.0,0.0,120.0,0
44.00_77.00,2022-10-03,44.0,77.0,0.0,0.0,0.0,0.0,0.0,0.0,121.0,0
44.00_77.00,2022-10-10,44.0,77.0,0.0,0.0,0.0,0.0,0.0,0.0,122.0,0
44.00_77.00,2022-10-17,44.0,77.0,0.0,0.0,0.0,0.0,0.0,0.0,123.0,0
44.00_77.00,2022-10-24,44.0,77.0,0.0,0.0,0.0,0.0,0.0,0.0,124.0,0
44.00_77.00,2022-10-31,44.0,77.0,0.0,0.0,0.0,0.0,0.0,0.0,125.0,0
44.00_77.00,2022-11-07,44.0,77.0,0.0,0.0,0.0,0.0,0.0,0.0,126.0,0
44.00_77.00,2022-11-14,44.0,77.0,0.0,0.0,0.0,0.0,0.0,0.0,127.0,1
44.00_77.00,2022-11-21,44.0,77.0,1.0,4.7,4.7,4.7,1.0,11220184.543019652,0.0,1
44.00_77.00,2022-11-28,44.0,77.0,1.0,4.2,4.2,4.7,2.0,13215446.857988534,1.0,0
44.00_77.00,2022-12-05,44.0,77.0,0.0,0.0,0.0,4.7,2.0,13215446.857988534,2.0,0
44.00_77.00,2022-12-12,44.0,77.0,0.0,0.0,0.0,4.7,2.0,13215446.857988534,3.0,0
44.00_77.00,2022-12-19,44.0,77.0,0.0,0.0,0.0,4.2,2.0,13215446.857988534,4.0,0
44.00_77.00,2022-12-26,44.0,77.0,0.0,0.0,0.0,0.0,2.0,13215446.857988534,5.0,0
44.00_77.00,2023-01-02,44.0,77.0,0.0,0.0,0.0,0.0,2.0,13215446.857988534,6.0,0
44.00_77.00,2023-01-09,44.0,77.0,0.0,0.0,0.0,0.0,2.0,13215446.857988534,7.0,1
44.00_77.00,2023-01-16,44.0,77.0,1.0,4.3,4.3,4.3,3.0,4813645.246233332,8.0,0
44.00_77.00,2023-01-23,44.0,77.0,0.0,0.0,0.0,4.3,3.0,2818382.931264449,9.0,0
44.00_77.00,2023-01-30,44.0,77.0,0.0,0.0,0.0,4.3,3.0,2818382.931264449,10.0,0
44.00_77.00,2023-02-06,44.0,77.0,0.0,0.0,0.0,4.3,3.0,2818382.931264449,11.0,0
44.00_77.00,2023-02-13,44.0,77.0,0.0,0.0,0.0,0.0,2.0,2818382.931264449,12.0,0
44.00_77.00,2023-02-20,44.0,77.0,0.0,0.0,0.0,0.0,1.0,2818382.931264449,13.0,0
44.00_77.00,2023-02-27,44.0,77.0,0.0,0.0,0.0,0.0,1.0,2818382.931264449,14.0,0
44.00_77.00,2023-03-06,44.0,77.0,0.0,0.0,0.0,0.0,1.0,2818382.931264449,15.0,0
44.00_77.00,2023-03-13,44.0,77.0,0.0,0.0,0.0,0.0,1.0,0.0,16.0,0
44.00_77.00,2023-03-20,44.0,77.0,0.0,0.0,0.0,0.0,1.0,0.0,17.0,0
44.00_77.00,2023-03-27,44.0,77.0,0.0,0.0,0.0,0.0,1.0,0.0,18.0,0
44.00_77.00,2023-04-03,44.0,77.0,0.0,0.0,0.0,0.0,1.0,0.0,19.0,0
44.00_77.00,2023-04-10,44.0,77.0,0.0,0.0,0.0,0.0,0.0,0.0,20.0,0
44.00_77.00,2023-04-17,44.0,77.0,0.0,0.0,0.0,0.0,0.0,0.0,21.0,0
44.00_77.00,2023-04-24,44.0,77.0,0.0,0.0,0.0,0.0,0.0,0.0,22.0,0
44.00_77.00,2023-05-01,44.0,77.0,0.0,0.0,0.0,0.0,0.0,0.0,23.0,0
44.00_77.00,2023-05-08,44.0,77.0,0.0,0.0,0.0,0.0,0.0,0.0,24.0,0
44.00_77.00,2023-05-15,44.0,77.0,0.0,0.0,0.0,0.0,0.0,0.0,25.0,0
44.00_77.00,2023-05-22,44.0,77.0,0.0,0.0,0.0,0.0,0.0,0.0,26.0,0
44.00_77.00,2023-05-29,44.0,77.0,0.0,0.0,0.0,0.0,0.0,0.0,27.0,0
44.00_77.00,2023-06-05,44.0,77.0,0.0,0.0,0.0,0.0,0.0,0.0,28.0,0
44.00_77.00,2023-06-12,44.0,77.0,0.0,0.0,0.0,0.0,0.0,0.0,29.0,0
44.00_77.00,2023-06-19,44.0,77.0,0.0,0.0,0.0,0.0,0.0,0.0,30.0,0
44.00_77.00,2023-06-26,44.0,77.0,0.0,0.0,0.0,0.0,0.0,0.0,31.0,0
44.00_77.00,2023-07-03,44.0,77.0,0.0,0.0,0.0,0.0,0.0,0.0,32.0,0
44.00_77.00,2023-07-10,44.0,77.0,0.0,0.0,0.0,0.0,0.0,0.0,33.0,0
44.00_77.00,2023-07-17,44.0,77.0,0.0,0.0,0.0,0.0,0.0,0.0,34.0,0
44.00_77.00,2023-07-24,44.0,77.0,0.0,0.0,0.0,0.0,0.0,0.0,35.0,0
44.00_77.00,2023-07-31,44.0,77.0,0.0,0.0,0.0,0.0,0.0,0.0,36.0,0
44.00_77.00,2023-08-07,44.0,77.0,0.0,0.0,0.0,0.0,0.0,0.0,37.0,0
44.00_77.00,2023-08-14,44.0,77.0,0.0,0.0,0.0,0.0,0.0,0.0,38.0,0
44.00_77.00,2023-08-21,44.0,77.0,0.0,0.0,0.0,0.0,0.0,0.0,39.0,0
44.00_77.00,2023-08-28,44.0,77.0,0.0,0.0,0.0,0.0,0.0,0.0,40.0,0
44.00_77.00,2023-09-04,44.0,77.0,0.0,0.0,0.0,0.0,0.0,0.0,41.0,0
44.00_77.00,2023-09-11,44.0,77.0,0.0,0.0,0.0,0.0,0.0,0.0,42.0,0
44.00_77.00,2023-09-18,44.0,77.0,0.0,0.0,0.0,0.0,0.0,0.0,43.0,0
44.00_77.00,2023-09-25,44.0,77.0,0.0,0.0,0.0,0.0,0.0,0.0,44.0,0
44.00_77.00,2023-10-02,44.0,77.0,0.0,0.0,0.0,0.0,0.0,0.0,45.0,0
44.00_77.00,2023-10-09,44.0,77.0,0.0,0.0,0.0,0.0,0.0,0.0,46.0,0
44.00_77.00,2023-10-16,44.0,77.0,0.0,0.0,0.0,0.0,0.0,0.0,47.0,0
44.00_77.00,2023-10-23,44.0,77.0,0.0,0.0,0.0,0.0,0.0,0.0,48.0,0
44.00_77.00,2023-10-30,44.0,77.0,0.0,0.0,0.0,0.0,0.0,0.0,49.0,0
44.00_77.00,2023-11-06,44.0,77.0,0.0,0.0,0.0,0.0,0.0,0.0,50.0,0
44.00_77.00,2023-11-13,44.0,77.0,0.0,0.0,0.0,0.0,0.0,0.0,51.0,0
44.00_77.00,2023-11-20,44.0,77.0,0.0,0.0,0.0,0.0,0.0,0.0,52.0,0
44.00_77.00,2023-11-27,44.0,77.0,0.0,0.0,0.0,0.0,0.0,0.0,53.0,0
44.00_77.00,2023-12-04,44.0,77.0,0.0,0.0,0.0,0.0,0.0,0.0,54.0,0
44.00_77.00,2023-12-11,44.0,77.0,0.0,0.0,0.0,0.0,0.0,0.0,55.0,0
44.00_77.00,2023-12-18,44.0,77.0,0.0,0.0,0.0,0.0,0.0,0.0,56.0,0
44.00_77.00,2023-12-25,44.0,77.0,0.0,0.0,0.0,0.0,0.0,0.0,57.0,0
44.00_80.00,2010-03-22,44.0,80.0,0.0,0.0,0.0,0.0,0.0,0.0,500.0,0
44.00_80.00,2010-03-29,44.0,80.0,0.0,0.0,0.0,0.0,0.0,0.0,500.0,0
44.00_80.00,2010-04-05,44.0,80.0,0.0,0.0,0.0,0.0,0.0,0.0,500.0,0
44.00_80.00,2010-04-12,44.0,80.0,0.0,0.0,0.0,0.0,0.0,0.0,500.0,0
44.00_80.00,2010-04-19,44.0,80.0,0.0,0.0,0.0,0.0,0.0,0.0,500.0,0
44.00_80.00,2010-04-26,44.0,80.0,0.0,0.0,0.0,0.0,0.0,0.0,500.0,0
44.00_80.00,2010-05-03,44.0,80.0,0.0,0.0,0.0,0.0,0.0,0.0,500.0,0
44.00_80.00,2010-05-10,44.0,80.0,0.0,0.0,0.0,0.0,0.0,0.0,500.0,0
44.00_80.00,2010-05-17,44.0,80.0,0.0,0.0,0.0,0.0,0.0,0.0,500.0,0
44.00_80.00,2010-05-24,44.0,80.0,0.0,0.0,0.0,0.0,0.0,0.0,500.0,0
44.00_80.00,2010-05-31,44.0,80.0,0.0,0.0,0.0,0.0,0.0,0.0,500.0,0
44.00_80.00,2010-06-07,44.0,80.0,0.0,0.0,0.0,0.0,0.0,0.0,500.0,0
44.00_80.00,2010-06-14,44.0,80.0,0.0,0.0,0.0,0.0,0.0,0.0,500.0,0
44.00_80.00,2010-06-21,44.0,80.0,0.0,0.0,0.0,0.0,0.0,0.0,500.0,0
44.00_80.00,2010-06-28,44.0,80.0,0.0,0.0,0.0,0.0,0.0,0.0,500.0,0
44.00_80.00,2010-07-05,44.0,80.0,0.0,0.0,0.0,0.0,0.0,0.0,500.0,0
44.00_80.00,2010-07-12,44.0,80.0,0.0,0.0,0.0,0.0,0.0,0.0,500.0,0
44.00_80.00,2010-07-19,44.0,80.0,0.0,0.0,0.0,0.0,0.0,0.0,500.0,0
44.00_80.00,2010-07-26,44.0,80.0,0.0,0.0,0.0,0.0,0.0,0.0,500.0,0
44.00_80.00,2010-08-02,44.0,80.0,0.0,0.0,0.0,0.0,0.0,0.0,500.0,0
44.00_80.00,2010-08-09,44.0,80.0,0.0,0.0,0.0,0.0,0.0,0.0,500.0,0
44.00_80.00,2010-08-16,44.0,80.0,0.0,0.0,0.0,0.0,0.0,0.0,500.0,0
44.00_80.00,2010-08-23,44.0,80.0,0.0,0.0,0.0,0.0,0.0,0.0,500.0,0
44.00_80.00,2010-08-30,44.0,80.0,0.0,0.0,0.0,0.0,0.0,0.0,500.0,0
44.00_80.00,2010-09-06,44.0,80.0,0.0,0.0,0.0,0.0,0.0,0.0,500.0,0
44.00_80.00,2010-09-13,44.0,80.0,0.0,0.0,0.0,0.0,0.0,0.0,500.0,0
44.00_80.00,2010-09-20,44.0,80.0,0.0,0.0,0.0,0.0,0.0,0.0,500.0,0
44.00_80.00,2010-09-27,44.0,80.0,0.0,0.0,0.0,0.0,0.0,0.0,500.0,0
44.00_80.00,2010-10-04,44.0,80.0,0.0,0.0,0.0,0.0,0.0,0.0,500.0,1
44.00_80.00,2010-10-11,44.0,80.0,1.0,4.5,4.5,4.5,1.0,5623413.251903491,0.0,0
44.00_80.00,2010-10-18,44.0,80.0,0.0,0.0,0.0,4.5,1.0,5623413.251903491,1.0,0
44.00_80.00,2010-10-25,44.0,80.0,0.0,0.0,0.0,4.5,1.0,5623413.251903491,2.0,0
44.00_80.00,2010-11-01,44.0,80.0,0.0,0.0,0.0,4.5,1.0,5623413.251903491,3.0,0
44.00_80.00,2010-11-08,44.0,80.0,0.0,0.0,0.0,0.0,1.0,5623413.251903491,4.0,0
44.00_80.00,2010-11-15,44.0,80.0,0.0,0.0,0.0,0.0,1.0,5623413.251903491,5.0,0
44.00_80.00,2010-11-22,44.0,80.0,0.0,0.0,0.0,0.0,1.0,5623413.251903491,6.0,0
44.00_80.00,2010-11-29,44.0,80.0,0.0,0.0,0.0,0.0,1.0,5623413.251903491,7.0,0
44.00_80.00,2010-12-06,44.0,80.0,0.0,0.0,0.0,0.0,1.0,0.0,8.0,0
44.00_80.00,2010-12-13,44.0,80.0,0.0,0.0,0.0,0.0,1.0,0.0,9.0,0
44.00_80.00,2010-12-20,44.0,80.0,0.0,0.0,0.0,0.0,1.0,0.0,10.0,0
44.00_80.00,2010-12-27,44.0,80.0,0.0,0.0,0.0,0.0,1.0,0.0,11.0,0
44.00_80.00,2011-01-03,44.0,80.0,0.0,0.0,0.0,0.0,0.0,0.0,12.0,1
44.00_80.00,2011-01-10,44.0,80.0,1.0,4.2,4.2,4.2,1.0,1995262.3149688828,13.0,0
44.00_80.00,2011-01-17,44.0,80.0,0.0,0.0,0.0,4.2,1.0,1995262.3149688828,14.0,0
44.00_80.00,2011-01-24,44.0,80.0,0.0,0.0,0.0,4.2,1.0,1995262.3149688828,15.0,0
44.00_80.00,2011-01-31,44.0,80.0,0.0,0.0,0.0,4.2,1.0,1995262.3149688828,16.0,0
44.00_80.00,2011-02-07,44.0,80.0,0.0,0.0,0.0,0.0,1.0,1995262.3149688828,17.0,0
44.00_80.00,2011-02-14,44.0,80.0,0.0,0.0,0.0,0.0,1.0,1995262.3149688828,18.0,0
44.00_80.00,2011-02-21,44.0,80.0,0.0,0.0,0.0,0.0,1.0,1995262.3149688828,19.0,0
44.00_80.00,2011-02-28,44.0,80.0,0.0,0.0,0.0,0.0,1.0,1995262.3149688828,20.0,0
44.00_80.00,2011-03-07,44.0,80.0,0.0,0.0,0.0,0.0,1.0,0.0,21.0,0
44.00_80.00,2011-03-14,44.0,80.0,0.0,0.0,0.0,0.0,1.0,0.0,22.0,0
44.00_80.00,2011-03-21,44.0,80.0,0.0,0.0,0.0,0.0,1.0,0.0,23.0,0
44.00_80.00,2011-03-28,44.0,80.0,0.0,0.0,0.0,0.0,1.0,0.0,24.0,0
44.00_80.00,2011-04-04,44.0,80.0,0.0,0.0,0.0,0.0,0.0,0.0,25.0,0
44.00_80.00,2011-04-11,44.0,80.0,0.0,0.0,0.0,0.0,0.0,0.0,26.0,0
44.00_80.00,2011-04-18,44.0,80.0,0.0,0.0,0.0,0.0,0.0,0.0,27.0,0
44.00_80.00,2011-04-25,44.0,80.0,0.0,0.0,0.0,0.0,0.0,0.0,28.0,0
44.00_80.00,2011-05-02,44.0,80.0,0.0,0.0,0.0,0.0,0.0,0.0,29.0,0
44.00_80.00,2011-05-09,44.0,80.0,0.0,0.0,0.0,0.0,0.0,0.0,30.0,0
44.00_80.00,2011-05-16,44.0,80.0,0.0,0.0,0.0,0.0,0.0,0.0,31.0,0
44.00_80.00,2011-05-23,44.0,80.0,0.0,0.0,0.0,0.0,0.0,0.0,32.0,0
44.00_80.00,2011-05-30,44.0,80.0,0.0,0.0,0.0,0.0,0.0,0.0,33.0,0
44.00_80.00,2011-06-06,44.0,80.0,0.0,0.0,0.0,0.0,0.0,0.0,34.0,0
44.00_80.00,2011-06-13,44.0,80.0,0.0,0.0,0.0,0.0,0.0,0.0,35.0,0
44.00_80.00,2011-06-20,44.0,80.0,0.0,0.0,0.0,0.0,0.0,0.0,36.0,0
44.00_80.00,2011-06-27,44.0,80.0,0.0,0.0,0.0,0.0,0.0,0.0,37.0,0
44.00_80.00,2011-07-04,44.0,80.0,0.0,0.0,0.0,0.0,0.0,0.0,38.0,0
44.00_80.00,2011-07-11,44.0,80.0,0.0,0.0,0.0,0.0,0.0,0.0,39.0,0
44.00_80.00,2011-07-18,44.0,80.0,0.0,0.0,0.0,0.0,0.0,0.0,40.0,0
44.00_80.00,2011-07-25,44.0,80.0,0.0,0.0,0.0,0.0,0.0,0.0,41.0,0
44.00_80.00,2011-08-01,44.0,80.0,0.0,0.0,0.0,0.0,0.0,0.0,42.0,0
44.00_80.00,2011-08-08,44.0,80.0,0.0,0.0,0.0,0.0,0.0,0.0,43.0,0
44.00_80.00,2011-08-15,44.0,80.0,0.0,0.0,0.0,0.0,0.0,0.0,44.0,0
44.00_80.00,2011-08-22,44.0,80.0,0.0,0.0,0.0,0.0,0.0,0.0,45.0,0
44.00_80.00,2011-08-29,44.0,80.0,0.0,0.0,0.0,0.0,0.0,0.0,46.0,0
44.00_80.00,2011-09-05,44.0,80.0,0.0,0.0,0.0,0.0,0.0,0.0,47.0,0
44.00_80.00,2011-09-12,44.0,80.0,0.0,0.0,0.0,0.0,0.0,0.0,48.0,0
44.00_80.00,2011-09-19,44.0,80.0,0.0,0.0,0.0,0.0,0.0,0.0,49.0,0
44.00_80.00,2011-09-26,44.0,80.0,0.0,0.0,0.0,0.0,0.0,0.0,50.0,0
44.00_80.00,2011-10-03,44.0,80.0,0.0,0.0,0.0,0.0,0.0,0.0,51.0,0
44.00_80.00,2011-10-10,44.0,80.0,0.0,0.0,0.0,0.0,0.0,0.0,52.0,1
44.00_80.00,2011-10-17,44.0,80.0,1.0,4.8,4.8,4.8,1.0,15848931.924611108,0.0,0
44.00_80.00,2011-10-24,44.0,80.0,0.0,0.0,0.0,4.8,1.0,15848931.924611108,1.0,0
44.00_80.00,2011-10-31,44.0,80.0,0.0,0.0,0.0,4.8,1.0,15848931.924611108,2.0,0
44.00_80.00,2011-11-07,44.0,80.0,0.0,0.0,0.0,4.8,1.0,15848931.924611108,3.0,0
44.00_80.00,2011-11-14,44.0,80.0,0.0,0.0,0.0,0.0,1.0,15848931.924611108,4.0,0
44.00_80.00,2011-11-21,44.0,80.0,0.0,0.0,0.0,0.0,1.0,15848931.924611108,5.0,0
44.00_80.00,2011-11-28,44.0,80.0,0.0,0.0,0.0,0.0,1.0,15848931.924611108,6.0,0
44.00_80.00,2011-12-05,44.0,80.0,0.0,0.0,0.0,0.0,1.0,15848931.924611108,7.0,0
44.00_80.00,2011-12-12,44.0,80.0,0.0,0.0,0.0,0.0,1.0,0.0,8.0,0
44.00_80.00,2011-12-19,44.0,80.0,0.0,0.0,0.0,0.0,1.0,0.0,9.0,0
44.00_80.00,2011-12-26,44.0,80.0,0.0,0.0,0.0,0.0,1.0,0.0,10.0,0
44.00_80.00,2012-01-02,44.0,80.0,0.0,0.0,0.0,0.0,1.0,0.0,11.0,0
44.00_80.00,2012-01-09,44.0,80.0,0.0,0.0,0.0,0.0,0.0,0.0,12.0,0
44.00_80.00,2012-01-16,44.0,80.0,0.0,0.0,0.0,0.0,0.0,0.0,13.0,0
44.00_80.00,2012-01-23,44.0,80.0,0.0,0.0,0.0,0.0,0.0,0.0,14.0,0
44.00_80.00,2012-01-30,44.0,80.0,0.0,0.0,0.0,0.0,0.0,0.0,15.0,0
44.00_80.00,2012-02-06,44.0,80.0,0.0,0.0,0.0,0.0,0.0,0.0,16.0,0
44.00_80.00,2012-02-13,44.0,80.0,0.0,0.0,0.0,0.0,0.0,0.0,17.0,0
44.00_80.00,2012-02-20,44.0,80.0,0.0,0.0,0.0,0.0,0.0,0.0,18.0,0
44.00_80.00,2012-02-27,44.0,80.0,0.0,0.0,0.0,0.0,0.0,0.0,19.0,0
44.00_80.00,2012-03-05,44.0,80.0,0.0,0.0,0.0,0.0,0.0,0.0,20.0,0
44.00_80.00,2012-03-12,44.0,80.0,0.0,0.0,0.0,0.0,0.0,0.0,21.0,0
44.00_80.00,2012-03-19,44.0,80.0,0.0,0.0,0.0,0.0,0.0,0.0,22.0,0
44.00_80.00,2012-03-26,44.0,80.0,0.0,0.0,0.0,0.0,0.0,0.0,23.0,0
44.00_80.00,2012-04-02,44.0,80.0,0.0,0.0,0.0,0.0,0.0,0.0,24.0,0
44.00_80.00,2012-04-09,44.0,80.0,0.0,0.0,0.0,0.0,0.0,0.0,25.0,0
44.00_80.00,2012-04-16,44.0,80.0,0.0,0.0,0.0,0.0,0.0,0.0,26.0,0
44.00_80.00,2012-04-23,44.0,80.0,0.0,0.0,0.0,0.0,0.0,0.0,27.0,0
44.00_80.00,2012-04-30,44.0,80.0,0.0,0.0,0.0,0.0,0.0,0.0,28.0,0
44.00_80.00,2012-05-07,44.0,80.0,0.0,0.0,0.0,0.0,0.0,0.0,29.0,0
44.00_80.00,2012-05-14,44.0,80.0,0.0,0.0,0.0,0.0,0.0,0.0,30.0,0
44.00_80.00,2012-05-21,44.0,80.0,0.0,0.0,0.0,0.0,0.0,0.0,31.0,0
44.00_80.00,2012-05-28,44.0,80.0,0.0,0.0,0.0,0.0,0.0,0.0,32.0,0
44.00_80.00,2012-06-04,44.0,80.0,0.0,0.0,0.0,0.0,0.0,0.0,33.0,0
44.00_80.00,2012-06-11,44.0,80.0,0.0,0.0,0.0,0.0,0.0,0.0,34.0,0
44.00_80.00,2012-06-18,44.0,80.0,0.0,0.0,0.0,0.0,0.0,0.0,35.0,0
44.00_80.00,2012-06-25,44.0,80.0,0.0,0.0,0.0,0.0,0.0,0.0,36.0,0
44.00_80.00,2012-07-02,44.0,80.0,0.0,0.0,0.0,0.0,0.0,0.0,37.0,0
44.00_80.00,2012-07-09,44.0,80.0,0.0,0.0,0.0,0.0,0.0,0.0,38.0,0
44.00_80.00,2012-07-16,44.0,80.0,0.0,0.0,0.0,0.0,0.0,0.0,39.0,0
44.00_80.00,2012-07-23,44.0,80.0,0.0,0.0,0.0,0.0,0.0,0.0,40.0,0
44.00_80.00,2012-07-30,44.0,80.0,0.0,0.0,0.0,0.0,0.0,0.0,41.0,0
44.00_80.00,2012-08-06,44.0,80.0,0.0,0.0,0.0,0.0,0.0,0.0,42.0,0
44.00_80.00,2012-08-13,44.0,80.0,0.0,0.0,0.0,0.0,0.0,0.0,43.0,0
44.00_80.00,2012-08-20,44.0,80.0,0.0,0.0,0.0,0.0,0.0,0.0,44.0,0
44.00_80.00,2012-08-27,44.0,80.0,0.0,0.0,0.0,0.0,0.0,0.0,45.0,0
44.00_80.00,2012-09-03,44.0,80.0,0.0,0.0,0.0,0.0,0.0,0.0,46.0,0
44.00_80.00,2012-09-10,44.0,80.0,0.0,0.0,0.0,0.0,0.0,0.0,47.0,0
44.00_80.00,2012-09-17,44.0,80.0,0.0,0.0,0.0,0.0,0.0,0.0,48.0,0
44.00_80.00,2012-09-24,44.0,80.0,0.0,0.0,0.0,0.0,0.0,0.0,49.0,0
44.00_80.00,2012-10-01,44.0,80.0,0.0,0.0,0.0,0.0,0.0,0.0,50.0,0
44.00_80.00,2012-10-08,44.0,80.0,0.0,0.0,0.0,0.0,0.0,0.0,51.0,0
44.00_80.00,2012-10-15,44.0,80.0,0.0,0.0,0.0,0.0,0.0,0.0,52.0,0
44.00_80.00,2012-10-22,44.0,80.0,0.0,0.0,0.0,0.0,0.0,0.0,53.0,0
44.00_80.00,2012-10-29,44.0,80.0,0.0,0.0,0.0,0.0,0.0,0.0,54.0,0
44.00_80.00,2012-11-05,44.0,80.0,0.0,0.0,0.0,0.0,0.0,0.0,55.0,0
44.00_80.00,2012-11-12,44.0,80.0,0.0,0.0,0.0,0.0,0.0,0.0,56.0,0
44.00_80.00,2012-11-19,44.0,80.0,0.0,0.0,0.0,0.0,0.0,0.0,57.0,0
44.00_80.00,2012-11-26,44.0,80.0,0.0,0.0,0.0,0.0,0.0,0.0,58.0,0
44.00_80.00,2012-12-03,44.0,80.0,0.0,0.0,0.0,0.0,0.0,0.0,59.0,0
44.00_80.00,2012-12-10,44.0,80.0,0.0,0.0,0.0,0.0,0.0,0.0,60.0,0
44.00_80.00,2012-12-17,44.0,80.0,0.0,0.0,0.0,0.0,0.0,0.0,61.0,0
44.00_80.00,2012-12-24,44.0,80.0,0.0,0.0,0.0,0.0,0.0,0.0,62.0,0
44.00_80.00,2012-12-31,44.0,80.0,0.0,0.0,0.0,0.0,0.0,0.0,63.0,0
44.00_80.00,2013-01-07,44.0,80.0,0.0,0.0,0.0,0.0,0.0,0.0,64.0,0
44.00_80.00,2013-01-14,44.0,80.0,0.0,0.0,0.0,0.0,0.0,0.0,65.0,0
44.00_80.00,2013-01-21,44.0,80.0,0.0,0.0,0.0,0.0,0.0,0.0,66.0,0
44.00_80.00,2013-01-28,44.0,80.0,0.0,0.0,0.0,0.0,0.0,0.0,67.0,0
44.00_80.00,2013-02-04,44.0,80.0,0.0,0.0,0.0,0.0,0.0,0.0,68.0,0
44.00_80.00,2013-02-11,44.0,80.0,0.0,0.0,0.0,0.0,0.0,0.0,69.0,0
44.00_80.00,2013-02-18,44.0,80.0,0.0,0.0,0.0,0.0,0.0,0.0,70.0,0
44.00_80.00,2013-02-25,44.0,80.0,0.0,0.0,0.0,0.0,0.0,0.0,71.0,0
44.00_80.00,2013-03-04,44.0,80.0,0.0,0.0,0.0,0.0,0.0,0.0,72.0,0
44.00_80.00,2013-03-11,44.0,80.0,0.0,0.0,0.0,0.0,0.0,0.0,73.0,0
44.00_80.00,2013-03-18,44.0,80.0,0.0,0.0,0.0,0.0,0.0,0.0,74.0,0
44.00_80.00,2013-03-25,44.0,80.0,0.0,0.0,0.0,0.0,0.0,0.0,75.0,0
44.00_80.00,2013-04-01,44.0,80.0,0.0,0.0,0.0,0.0,0.0,0.0,76.0,0
44.00_80.00,2013-04-08,44.0,80.0,0.0,0.0,0.0,0.0,0.0,0.0,77.0,0
44.00_80.00,2013-04-15,44.0,80.0,0.0,0.0,0.0,0.0,0.0,0.0,78.0,0
44.00_80.00,2013-04-22,44.0,80.0,0.0,0.0,0.0,0.0,0.0,0.0,79.0,0
44.00_80.00,2013-04-29,44.0,80.0,0.0,0.0,0.0,0.0,0.0,0.0,80.0,0
44.00_80.00,2013-05-06,44.0,80.0,0.0,0.0,0.0,0.0,0.0,0.0,81.0,0
44.00_80.00,2013-05-13,44.0,80.0,0.0,0.0,0.0,0.0,0.0,0.0,82.0,0
44.00_80.00,2013-05-20,44.0,80.0,0.0,0.0,0.0,0.0,0.0,0.0,83.0,0
44.00_80.00,2013-05-27,44.0,80.0,0.0,0.0,0.0,0.0,0.0,0.0,84.0,0
44.00_80.00,2013-06-03,44.0,80.0,0.0,0.0,0.0,0.0,0.0,0.0,85.0,0
44.00_80.00,2013-06-10,44.0,80.0,0.0,0.0,0.0,0.0,0.0,0.0,86.0,0
44.00_80.00,2013-06-17,44.0,80.0,0.0,0.0,0.0,0.0,0.0,0.0,87.0,0
44.00_80.00,2013-06-24,44.0,80.0,0.0,0.0,0.0,0.0,0.0,0.0,88.0,0
44.00_80.00,2013-07-01,44.0,80.0,0.0,0.0,0.0,0.0,0.0,0.0,89.0,0
44.00_80.00,2013-07-08,44.0,80.0,0.0,0.0,0.0,0.0,0.0,0.0,90.0,0
44.00_80.00,2013-07-15,44.0,80.0,0.0,0.0,0.0,0.0,0.0,0.0,91.0,0
44.00_80.00,2013-07-22,44.0,80.0,0.0,0.0,0.0,0.0,0.0,0.0,92.0,0
44.00_80.00,2013-07-29,44.0,80.0,0.0,0.0,0.0,0.0,0.0,0.0,93.0,1
44.00_80.00,2013-08-05,44.0,80.0,1.0,4.7,4.7,4.7,1.0,11220184.543019652,0.0,0
44.00_80.00,2013-08-12,44.0,80.0,0.0,0.0,0.0,4.7,1.0,11220184.543019652,1.0,0
44.00_80.00,2013-08-19,44.0,80.0,0.0,0.0,0.0,4.7,1.0,11220184.543019652,2.0,0
44.00_80.00,2013-08-26,44.0,80.0,0.0,0.0,0.0,4.7,1.0,11220184.543019652,3.0,0
44.00_80.00,2013-09-02,44.0,80.0,0.0,0.0,0.0,0.0,1.0,11220184.543019652,4.0,0
44.00_80.00,2013-09-09,44.0,80.0,0.0,0.0,0.0,0.0,1.0,11220184.543019652,5.0,0
44.00_80.00,2013-09-16,44.0,80.0,0.0,0.0,0.0,0.0,1.0,11220184.543019652,6.0,0
44.00_80.00,2013-09-23,44.0,80.0,0.0,0.0,0.0,0.0,1.0,11220184.543019652,7.0,0
44.00_80.00,2013-09-30,44.0,80.0,0.0,0.0,0.0,0.0,1.0,0.0,8.0,0
44.00_80.00,2013-10-07,44.0,80.0,0.0,0.0,0.0,0.0,1.0,0.0,9.0,0
44.00_80.00,2013-10-14,44.0,80.0,0.0,0.0,0.0,0.0,1.0,0.0,10.0,0
44.00_80.00,2013-10-21,44.0,80.0,0.0,0.0,0.0,0.0,1.0,0.0,11.0,0
44.00_80.00,2013-10-28,44.0,80.0,0.0,0.0,0.0,0.0,0.0,0.0,12.0,0
44.00_80.00,2013-11-04,44.0,80.0,0.0,0.0,0.0,0.0,0.0,0.0,13.0,0
44.00_80.00,2013-11-11,44.0,80.0,0.0,0.0,0.0,0.0,0.0,0.0,14.0,0
44.00_80.00,2013-11-18,44.0,80.0,0.0,0.0,0.0,0.0,0.0,0.0,15.0,0
44.00_80.00,2013-11-25,44.0,80.0,0.0,0.0,0.0,0.0,0.0,0.0,16.0,0
44.00_80.00,2013-12-02,44.0,80.0,0.0,0.0,0.0,0.0,0.0,0.0,17.0,0
44.00_80.00,2013-12-09,44.0,80.0,0.0,0.0,0.0,0.0,0.0,0.0,18.0,0
44.00_80.00,2013-12-16,44.0,80.0,0.0,0.0,0.0,0.0,0.0,0.0,19.0,0
44.00_80.00,2013-12-23,44.0,80.0,0.0,0.0,0.0,0.0,0.0,0.0,20.0,0
44.00_80.00,2013-12-30,44.0,80.0,0.0,0.0,0.0,0.0,0.0,0.0,21.0,0
44.00_80.00,2014-01-06,44.0,80.0,0.0,0.0,0.0,0.0,0.0,0.0,22.0,0
44.00_80.00,2014-01-13,44.0,80.0,0.0,0.0,0.0,0.0,0.0,0.0,23.0,0
44.00_80.00,2014-01-20,44.0,80.0,0.0,0.0,0.0,0.0,0.0,0.0,24.0,0
44.00_80.00,2014-01-27,44.0,80.0,0.0,0.0,0.0,0.0,0.0,0.0,25.0,0
44.00_80.00,2014-02-03,44.0,80.0,0.0,0.0,0.0,0.0,0.0,0.0,26.0,0
44.00_80.00,2014-02-10,44.0,80.0,0.0,0.0,0.0,0.0,0.0,0.0,27.0,0
44.00_80.00,2014-02-17,44.0,80.0,0.0,0.0,0.0,0.0,0.0,0.0,28.0,0
44.00_80.00,2014-02-24,44.0,80.0,0.0,0.0,0.0,0.0,0.0,0.0,29.0,0
44.00_80.00,2014-03-03,44.0,80.0,0.0,0.0,0.0,0.0,0.0,0.0,30.0,0
44.00_80.00,2014-03-10,44.0,80.0,0.0,0.0,0.0,0.0,0.0,0.0,31.0,0
44.00_80.00,2014-03-17,44.0,80.0,0.0,0.0,0.0,0.0,0.0,0.0,32.0,0
44.00_80.00,2014-03-24,44.0,80.0,0.0,0.0,0.0,0.0,0.0,0.0,33.0,0
44.00_80.00,2014-03-31,44.0,80.0,0.0,0.0,0.0,0.0,0.0,0.0,34.0,0
44.00_80.00,2014-04-07,44.0,80.0,0.0,0.0,0.0,0.0,0.0,0.0,35.0,0
44.00_80.00,2014-04-14,44.0,80.0,0.0,0.0,0.0,0.0,0.0,0.0,36.0,0
44.00_80.00,2014-04-21,44.0,80.0,0.0,0.0,0.0,0.0,0.0,0.0,37.0,0
44.00_80.00,2014-04-28,44.0,80.0,0.0,0.0,0.0,0.0,0.0,0.0,38.0,0
44.00_80.00,2014-05-05,44.0,80.0,0.0,0.0,0.0,0.0,0.0,0.0,39.0,0
44.00_80.00,2014-05-12,44.0,80.0,0.0,0.0,0.0,0.0,0.0,0.0,40.0,0
44.00_80.00,2014-05-19,44.0,80.0,0.0,0.0,0.0,0.0,0.0,0.0,41.0,0
44.00_80.00,2014-05-26,44.0,80.0,0.0,0.0,0.0,0.0,0.0,0.0,42.0,0
44.00_80.00,2014-06-02,44.0,80.0,0.0,0.0,0.0,0.0,0.0,0.0,43.0,0
44.00_80.00,2014-06-09,44.0,80.0,0.0,0.0,0.0,0.0,0.0,0.0,44.0,1
44.00_80.00,2014-06-16,44.0,80.0,1.0,4.8,4.8,4.8,1.0,15848931.924611108,0.0,0
44.00_80.00,2014-06-23,44.0,80.0,0.0,0.0,0.0,4.8,1.0,15848931.924611108,1.0,0
44.00_80.00,2014-06-30,44.0,80.0,0.0,0.0,0.0,4.8,1.0,15848931.924611108,2.0,0
44.00_80.00,2014-07-07,44.0,80.0,0.0,0.0,0.0,4.8,1.0,15848931.924611108,3.0,0
44.00_80.00,2014-07-14,44.0,80.0,0.0,0.0,0.0,0.0,1.0,15848931.924611108,4.0,0
44.00_80.00,2014-07-21,44.0,80.0,0.0,0.0,0.0,0.0,1.0,15848931.924611108,5.0,0
44.00_80.00,2014-07-28,44.0,80.0,0.0,0.0,0.0,0.0,1.0,15848931.924611108,6.0,0
44.00_80.00,2014-08-04,44.0,80.0,0.0,0.0,0.0,0.0,1.0,15848931.924611108,7.0,0
44.00_80.00,2014-08-11,44.0,80.0,0.0,0.0,0.0,0.0,1.0,0.0,8.0,0
44.00_80.00,2014-08-18,44.0,80.0,0.0,0.0,0.0,0.0,1.0,0.0,9.0,0
44.00_80.00,2014-08-25,44.0,80.0,0.0,0.0,0.0,0.0,1.0,0.0,10.0,0
44.00_80.00,2014-09-01,44.0,80.0,0.0,0.0,0.0,0.0,1.0,0.0,11.0,0
44.00_80.00,2014-09-08,44.0,80.0,0.0,0.0,0.0,0.0,0.0,0.0,12.0,0
44.00_80.00,2014-09-15,44.0,80.0,0.0,0.0,0.0,0.0,0.0,0.0,13.0,0
44.00_80.00,2014-09-22,44.0,80.0,0.0,0.0,0.0,0.0,0.0,0.0,14.0,0
44.00_80.00,2014-09-29,44.0,80.0,0.0,0.0,0.0,0.0,0.0,0.0,15.0,0
44.00_80.00,2014-10-06,44.0,80.0,0.0,0.0,0.0,0.0,0.0,0.0,16.0,0
44.00_80.00,2014-10-13,44.0,80.0,0.0,0.0,0.0,0.0,0.0,0.0,17.0,0
44.00_80.00,2014-10-20,44.0,80.0,0.0,0.0,0.0,0.0,0.0,0.0,18.0,0
44.00_80.00,2014-10-27,44.0,80.0,0.0,0.0,0.0,0.0,0.0,0.0,19.0,0
44.00_80.00,2014-11-03,44.0,80.0,0.0,0.0,0.0,0.0,0.0,0.0,20.0,0
44.00_80.00,2014-11-10,44.0,80.0,0.0,0.0,0.0,0.0,0.0,0.0,21.0,0
44.00_80.00,2014-11-17,44.0,80.0,0.0,0.0,0.0,0.0,0.0,0.0,22.0,0
44.00_80.00,2014-11-24,44.0,80.0,0.0,0.0,0.0,0.0,0.0,0.0,23.0,0
44.00_80.00,2014-12-01,44.0,80.0,0.0,0.0,0.0,0.0,0.0,0.0,24.0,0
44.00_80.00,2014-12-08,44.0,80.0,0.0,0.0,0.0,0.0,0.0,0.0,25.0,0
44.00_80.00,2014-12-15,44.0,80.0,0.0,0.0,0.0,0.0,0.0,0.0,26.0,0
44.00_80.00,2014-12-22,44.0,80.0,0.0,0.0,0.0,0.0,0.0,0.0,27.0,0
44.00_80.00,2014-12-29,44.0,80.0,0.0,0.0,0.0,0.0,0.0,0.0,28.0,0
44.00_80.00,2015-01-05,44.0,80.0,0.0,0.0,0.0,0.0,0.0,0.0,29.0,0
44.00_80.00,2015-01-12,44.0,80.0,0.0,0.0,0.0,0.0,0.0,0.0,30.0,0
44.00_80.00,2015-01-19,44.0,80.0,0.0,0.0,0.0,0.0,0.0,0.0,31.0,0
44.00_80.00,2015-01-26,44.0,80.0,0.0,0.0,0.0,0.0,0.0,0.0,32.0,0
44.00_80.00,2015-02-02,44.0,80.0,0.0,0.0,0.0,0.0,0.0,0.0,33.0,0
44.00_80.00,2015-02-09,44.0,80.0,0.0,0.0,0.0,0.0,0.0,0.0,34.0,0
44.00_80.00,2015-02-16,44.0,80.0,0.0,0.0,0.0,0.0,0.0,0.0,35.0,0
44.00_80.00,2015-02-23,44.0,80.0,0.0,0.0,0.0,0.0,0.0,0.0,36.0,0
44.00_80.00,2015-03-02,44.0,80.0,0.0,0.0,0.0,0.0,0.0,0.0,37.0,0
44.00_80.00,2015-03-09,44.0,80.0,0.0,0.0,0.0,0.0,0.0,0.0,38.0,0
44.00_80.00,2015-03-16,44.0,80.0,0.0,0.0,0.0,0.0,0.0,0.0,39.0,0
44.00_80.00,2015-03-23,44.0,80.0,0.0,0.0,0.0,0.0,0.0,0.0,40.0,0
44.00_80.00,2015-03-30,44.0,80.0,0.0,0.0,0.0,0.0,0.0,0.0,41.0,0
44.00_80.00,2015-04-06,44.0,80.0,0.0,0.0,0.0,0.0,0.0,0.0,42.0,0
44.00_80.00,2015-04-13,44.0,80.0,0.0,0.0,0.0,0.0,0.0,0.0,43.0,0
44.00_80.00,2015-04-20,44.0,80.0,0.0,0.0,0.0,0.0,0.0,0.0,44.0,0
44.00_80.00,2015-04-27,44.0,80.0,0.0,0.0,0.0,0.0,0.0,0.0,45.0,0
44.00_80.00,2015-05-04,44.0,80.0,0.0,0.0,0.0,0.0,0.0,0.0,46.0,0
44.00_80.00,2015-05-11,44.0,80.0,0.0,0.0,0.0,0.0,0.0,0.0,47.0,0
44.00_80.00,2015-05-18,44.0,80.0,0.0,0.0,0.0,0.0,0.0,0.0,48.0,0
44.00_80.00,2015-05-25,44.0,80.0,0.0,0.0,0.0,0.0,0.0,0.0,49.0,0
44.00_80.00,2015-06-01,44.0,80.0,0.0,0.0,0.0,0.0,0.0,0.0,50.0,0
44.00_80.00,2015-06-08,44.0,80.0,0.0,0.0,0.0,0.0,0.0,0.0,51.0,0
44.00_80.00,2015-06-15,44.0,80.0,0.0,0.0,0.0,0.0,0.0,0.0,52.0,0
44.00_80.00,2015-06-22,44.0,80.0,0.0,0.0,0.0,0.0,0.0,0.0,53.0,0
44.00_80.00,2015-06-29,44.0,80.0,0.0,0.0,0.0,0.0,0.0,0.0,54.0,0
44.00_80.00,2015-07-06,44.0,80.0,0.0,0.0,0.0,0.0,0.0,0.0,55.0,0
44.00_80.00,2015-07-13,44.0,80.0,0.0,0.0,0.0,0.0,0.0,0.0,56.0,0
44.00_80.00,2015-07-20,44.0,80.0,0.0,0.0,0.0,0.0,0.0,0.0,57.0,0
44.00_80.00,2015-07-27,44.0,80.0,0.0,0.0,0.0,0.0,0.0,0.0,58.0,0
44.00_80.00,2015-08-03,44.0,80.0,0.0,0.0,0.0,0.0,0.0,0.0,59.0,0
44.00_80.00,2015-08-10,44.0,80.0,0.0,0.0,0.0,0.0,0.0,0.0,60.0,0
44.00_80.00,2015-08-17,44.0,80.0,0.0,0.0,0.0,0.0,0.0,0.0,61.0,0
44.00_80.00,2015-08-24,44.0,80.0,0.0,0.0,0.0,0.0,0.0,0.0,62.0,0
44.00_80.00,2015-08-31,44.0,80.0,0.0,0.0,0.0,0.0,0.0,0.0,63.0,0
44.00_80.00,2015-09-07,44.0,80.0,0.0,0.0,0.0,0.0,0.0,0.0,64.0,0
44.00_80.00,2015-09-14,44.0,80.0,0.0,0.0,0.0,0.0,0.0,0.0,65.0,0
44.00_80.00,2015-09-21,44.0,80.0,0.0,0.0,0.0,0.0,0.0,0.0,66.0,0
44.00_80.00,2015-09-28,44.0,80.0,0.0,0.0,0.0,0.0,0.0,0.0,67.0,0
44.00_80.00,2015-10-05,44.0,80.0,0.0,0.0,0.0,0.0,0.0,0.0,68.0,0
44.00_80.00,2015-10-12,44.0,80.0,0.0,0.0,0.0,0.0,0.0,0.0,69.0,0
44.00_80.00,2015-10-19,44.0,80.0,0.0,0.0,0.0,0.0,0.0,0.0,70.0,0
44.00_80.00,2015-10-26,44.0,80.0,0.0,0.0,0.0,0.0,0.0,0.0,71.0,0
44.00_80.00,2015-11-02,44.0,80.0,0.0,0.0,0.0,0.0,0.0,0.0,72.0,0
44.00_80.00,2015-11-09,44.0,80.0,0.0,0.0,0.0,0.0,0.0,0.0,73.0,0
44.00_80.00,2015-11-16,44.0,80.0,0.0,0.0,0.0,0.0,0.0,0.0,74.0,0
44.00_80.00,2015-11-23,44.0,80.0,0.0,0.0,0.0,0.0,0.0,0.0,75.0,0
44.00_80.00,2015-11-30,44.0,80.0,0.0,0.0,0.0,0.0,0.0,0.0,76.0,0
44.00_80.00,2015-12-07,44.0,80.0,0.0,0.0,0.0,0.0,0.0,0.0,77.0,0
44.00_80.00,2015-12-14,44.0,80.0,0.0,0.0,0.0,0.0,0.0,0.0,78.0,0
44.00_80.00,2015-12-21,44.0,80.0,0.0,0.0,0.0,0.0,0.0,0.0,79.0,0
44.00_80.00,2015-12-28,44.0,80.0,0.0,0.0,0.0,0.0,0.0,0.0,80.0,0
44.00_80.00,2016-01-04,44.0,80.0,0.0,0.0,0.0,0.0,0.0,0.0,81.0,0
44.00_80.00,2016-01-11,44.0,80.0,0.0,0.0,0.0,0.0,0.0,0.0,82.0,0
44.00_80.00,2016-01-18,44.0,80.0,0.0,0.0,0.0,0.0,0.0,0.0,83.0,0
44.00_80.00,2016-01-25,44.0,80.0,0.0,0.0,0.0,0.0,0.0,0.0,84.0,0
44.00_80.00,2016-02-01,44.0,80.0,0.0,0.0,0.0,0.0,0.0,0.0,85.0,0
44.00_80.00,2016-02-08,44.0,80.0,0.0,0.0,0.0,0.0,0.0,0.0,86.0,0
44.00_80.00,2016-02-15,44.0,80.0,0.0,0.0,0.0,0.0,0.0,0.0,87.0,0
44.00_80.00,2016-02-22,44.0,80.0,0.0,0.0,0.0,0.0,0.0,0.0,88.0,1
44.00_80.00,2016-02-29,44.0,80.0,1.0,4.5,4.5,4.5,1.0,5623413.251903491,0.0,0
44.00_80.00,2016-03-07,44.0,80.0,0.0,0.0,0.0,4.5,1.0,5623413.251903491,1.0,0
44.00_80.00,2016-03-14,44.0,80.0,0.0,0.0,0.0,4.5,1.0,5623413.251903491,2.0,0
44.00_80.00,2016-03-21,44.0,80.0,0.0,0.0,0.0,4.5,1.0,5623413.251903491,3.0,0
44.00_80.00,2016-03-28,44.0,80.0,0.0,0.0,0.0,0.0,1.0,5623413.251903491,4.0,0
44.00_80.00,2016-04-04,44.0,80.0,0.0,0.0,0.0,0.0,1.0,5623413.251903491,5.0,0
44.00_80.00,2016-04-11,44.0,80.0,0.0,0.0,0.0,0.0,1.0,5623413.251903491,6.0,0
44.00_80.00,2016-04-18,44.0,80.0,0.0,0.0,0.0,0.0,1.0,5623413.251903491,7.0,0
44.00_80.00,2016-04-25,44.0,80.0,0.0,0.0,0.0,0.0,1.0,0.0,8.0,0
44.00_80.00,2016-05-02,44.0,80.0,0.0,0.0,0.0,0.0,1.0,0.0,9.0,0
44.00_80.00,2016-05-09,44.0,80.0,0.0,0.0,0.0,0.0,1.0,0.0,10.0,0
44.00_80.00,2016-05-16,44.0,80.0,0.0,0.0,0.0,0.0,1.0,0.0,11.0,0
44.00_80.00,2016-05-23,44.0,80.0,0.0,0.0,0.0,0.0,0.0,0.0,12.0,0
44.00_80.00,2016-05-30,44.0,80.0,0.0,0.0,0.0,0.0,0.0,0.0,13.0,0
44.00_80.00,2016-06-06,44.0,80.0,0.0,0.0,0.0,0.0,0.0,0.0,14.0,0
44.00_80.00,2016-06-13,44.0,80.0,0.0,0.0,0.0,0.0,0.0,0.0,15.0,0
44.00_80.00,2016-06-20,44.0,80.0,0.0,0.0,0.0,0.0,0.0,0.0,16.0,0
44.00_80.00,2016-06-27,44.0,80.0,0.0,0.0,0.0,0.0,0.0,0.0,17.0,0
44.00_80.00,2016-07-04,44.0,80.0,0.0,0.0,0.0,0.0,0.0,0.0,18.0,0
44.00_80.00,2016-07-11,44.0,80.0,0.0,0.0,0.0,0.0,0.0,0.0,19.0,0
44.00_80.00,2016-07-18,44.0,80.0,0.0,0.0,0.0,0.0,0.0,0.0,20.0,0
44.00_80.00,2016-07-25,44.0,80.0,0.0,0.0,0.0,0.0,0.0,0.0,21.0,0
44.00_80.00,2016-08-01,44.0,80.0,0.0,0.0,0.0,0.0,0.0,0.0,22.0,0
44.00_80.00,2016-08-08,44.0,80.0,0.0,0.0,0.0,0.0,0.0,0.0,23.0,0
44.00_80.00,2016-08-15,44.0,80.0,0.0,0.0,0.0,0.0,0.0,0.0,24.0,0
44.00_80.00,2016-08-22,44.0,80.0,0.0,0.0,0.0,0.0,0.0,0.0,25.0,0
44.00_80.00,2016-08-29,44.0,80.0,0.0,0.0,0.0,0.0,0.0,0.0,26.0,0
44.00_80.00,2016-09-05,44.0,80.0,0.0,0.0,0.0,0.0,0.0,0.0,27.0,0
44.00_80.00,2016-09-12,44.0,80.0,0.0,0.0,0.0,0.0,0.0,0.0,28.0,0
44.00_80.00,2016-09-19,44.0,80.0,0.0,0.0,0.0,0.0,0.0,0.0,29.0,0
44.00_80.00,2016-09-26,44.0,80.0,0.0,0.0,0.0,0.0,0.0,0.0,30.0,0
44.00_80.00,2016-10-03,44.0,80.0,0.0,0.0,0.0,0.0,0.0,0.0,31.0,0
44.00_80.00,2016-10-10,44.0,80.0,0.0,0.0,0.0,0.0,0.0,0.0,32.0,0
44.00_80.00,2016-10-17,44.0,80.0,0.0,0.0,0.0,0.0,0.0,0.0,33.0,0
44.00_80.00,2016-10-24,44.0,80.0,0.0,0.0,0.0,0.0,0.0,0.0,34.0,0
44.00_80.00,2016-10-31,44.0,80.0,0.0,0.0,0.0,0.0,0.0,0.0,35.0,0
44.00_80.00,2016-11-07,44.0,80.0,0.0,0.0,0.0,0.0,0.0,0.0,36.0,0
44.00_80.00,2016-11-14,44.0,80.0,0.0,0.0,0.0,0.0,0.0,0.0,37.0,0
44.00_80.00,2016-11-21,44.0,80.0,0.0,0.0,0.0,0.0,0.0,0.0,38.0,0
44.00_80.00,2016-11-28,44.0,80.0,0.0,0.0,0.0,0.0,0.0,0.0,39.0,0
44.00_80.00,2016-12-05,44.0,80.0,0.0,0.0,0.0,0.0,0.0,0.0,40.0,0
44.00_80.00,2016-12-12,44.0,80.0,0.0,0.0,0.0,0.0,0.0,0.0,41.0,0
44.00_80.00,2016-12-19,44.0,80.0,0.0,0.0,0.0,0.0,0.0,0.0,42.0,0
44.00_80.00,2016-12-26,44.0,80.0,0.0,0.0,0.0,0.0,0.0,0.0,43.0,0
44.00_80.00,2017-01-02,44.0,80.0,0.0,0.0,0.0,0.0,0.0,0.0,44.0,0
44.00_80.00,2017-01-09,44.0,80.0,0.0,0.0,0.0,0.0,0.0,0.0,45.0,0
44.00_80.00,2017-01-16,44.0,80.0,0.0,0.0,0.0,0.0,0.0,0.0,46.0,0
44.00_80.00,2017-01-23,44.0,80.0,0.0,0.0,0.0,0.0,0.0,0.0,47.0,0
44.00_80.00,2017-01-30,44.0,80.0,0.0,0.0,0.0,0.0,0.0,0.0,48.0,0
44.00_80.00,2017-02-06,44.0,80.0,0.0,0.0,0.0,0.0,0.0,0.0,49.0,0
44.00_80.00,2017-02-13,44.0,80.0,0.0,0.0,0.0,0.0,0.0,0.0,50.0,0
44.00_80.00,2017-02-20,44.0,80.0,0.0,0.0,0.0,0.0,0.0,0.0,51.0,0
44.00_80.00,2017-02-27,44.0,80.0,0.0,0.0,0.0,0.0,0.0,0.0,52.0,0
44.00_80.00,2017-03-06,44.0,80.0,0.0,0.0,0.0,0.0,0.0,0.0,53.0,0
44.00_80.00,2017-03-13,44.0,80.0,0.0,0.0,0.0,0.0,0.0,0.0,54.0,0
44.00_80.00,2017-03-20,44.0,80.0,0.0,0.0,0.0,0.0,0.0,0.0,55.0,0
44.00_80.00,2017-03-27,44.0,80.0,0.0,0.0,0.0,0.0,0.0,0.0,56.0,0
44.00_80.00,2017-04-03,44.0,80.0,0.0,0.0,0.0,0.0,0.0,0.0,57.0,0
44.00_80.00,2017-04-10,44.0,80.0,0.0,0.0,0.0,0.0,0.0,0.0,58.0,0
44.00_80.00,2017-04-17,44.0,80.0,0.0,0.0,0.0,0.0,0.0,0.0,59.0,0
44.00_80.00,2017-04-24,44.0,80.0,0.0,0.0,0.0,0.0,0.0,0.0,60.0,0
44.00_80.00,2017-05-01,44.0,80.0,0.0,0.0,0.0,0.0,0.0,0.0,61.0,0
44.00_80.00,2017-05-08,44.0,80.0,0.0,0.0,0.0,0.0,0.0,0.0,62.0,0
44.00_80.00,2017-05-15,44.0,80.0,0.0,0.0,0.0,0.0,0.0,0.0,63.0,0
44.00_80.00,2017-05-22,44.0,80.0,0.0,0.0,0.0,0.0,0.0,0.0,64.0,0
44.00_80.00,2017-05-29,44.0,80.0,0.0,0.0,0.0,0.0,0.0,0.0,65.0,0
44.00_80.00,2017-06-05,44.0,80.0,0.0,0.0,0.0,0.0,0.0,0.0,66.0,0
44.00_80.00,2017-06-12,44.0,80.0,0.0,0.0,0.0,0.0,0.0,0.0,67.0,0
44.00_80.00,2017-06-19,44.0,80.0,0.0,0.0,0.0,0.0,0.0,0.0,68.0,0
44.00_80.00,2017-06-26,44.0,80.0,0.0,0.0,0.0,0.0,0.0,0.0,69.0,0
44.00_80.00,2017-07-03,44.0,80.0,0.0,0.0,0.0,0.0,0.0,0.0,70.0,0
44.00_80.00,2017-07-10,44.0,80.0,0.0,0.0,0.0,0.0,0.0,0.0,71.0,0
44.00_80.00,2017-07-17,44.0,80.0,0.0,0.0,0.0,0.0,0.0,0.0,72.0,0
44.00_80.00,2017-07-24,44.0,80.0,0.0,0.0,0.0,0.0,0.0,0.0,73.0,0
44.00_80.00,2017-07-31,44.0,80.0,0.0,0.0,0.0,0.0,0.0,0.0,74.0,0
44.00_80.00,2017-08-07,44.0,80.0,0.0,0.0,0.0,0.0,0.0,0.0,75.0,7
44.00_80.00,2017-08-14,44.0,80.0,7.0,6.3,4.4,6.3,7.0,2995409500.731836,0.0,1
44.00_80.00,2017-08-21,44.0,80.0,1.0,4.6,4.6,6.3,8.0,3003352783.0790787,0.0,0
44.00_80.00,2017-08-28,44.0,80.0,0.0,0.0,0.0,6.3,8.0,3003352783.0790787,1.0,0
44.00_80.00,2017-09-04,44.0,80.0,0.0,0.0,0.0,6.3,8.0,3003352783.0790787,2.0,1
44.00_80.00,2017-09-11,44.0,80.0,1.0,4.4,4.4,4.6,9.0,3007333854.7846136,3.0,0
44.00_80.00,2017-09-18,44.0,80.0,0.0,0.0,0.0,4.4,9.0,3007333854.7846136,4.0,0
44.00_80.00,2017-09-25,44.0,80.0,0.0,0.0,0.0,4.4,9.0,3007333854.7846136,5.0,0
44.00_80.00,2017-10-02,44.0,80.0,0.0,0.0,0.0,4.4,9.0,3007333854.7846136,6.0,0
44.00_80.00,2017-10-09,44.0,80.0,0.0,0.0,0.0,0.0,9.0,11924354.052777782,7.0,0
44.00_80.00,2017-10-16,44.0,80.0,0.0,0.0,0.0,0.0,9.0,3981071.7055349774,8.0,0
44.00_80.00,2017-10-23,44.0,80.0,0.0,0.0,0.0,0.0,9.0,3981071.7055349774,9.0,0
44.00_80.00,2017-10-30,44.0,80.0,0.0,0.0,0.0,0.0,9.0,3981071.7055349774,10.0,0
44.00_80.00,2017-11-06,44.0,80.0,0.0,0.0,0.0,0.0,2.0,0.0,11.0,0
44.00_80.00,2017-11-13,44.0,80.0,0.0,0.0,0.0,0.0,1.0,0.0,12.0,0
44.00_80.00,2017-11-20,44.0,80.0,0.0,0.0,0.0,0.0,1.0,0.0,13.0,0
44.00_80.00,2017-11-27,44.0,80.0,0.0,0.0,0.0,0.0,1.0,0.0,14.0,0
44.00_80.00,2017-12-04,44.0,80.0,0.0,0.0,0.0,0.0,0.0,0.0,15.0,0
44.00_80.00,2017-12-11,44.0,80.0,0.0,0.0,0.0,0.0,0.0,0.0,16.0,0
44.00_80.00,2017-12-18,44.0,80.0,0.0,0.0,0.0,0.0,0.0,0.0,17.0,0
44.00_80.00,2017-12-25,44.0,80.0,0.0,0.0,0.0,0.0,0.0,0.0,18.0,0
44.00_80.00,2018-01-01,44.0,80.0,0.0,0.0,0.0,0.0,0.0,0.0,19.0,0
44.00_80.00,2018-01-08,44.0,80.0,0.0,0.0,0.0,0.0,0.0,0.0,20.0,0
44.00_80.00,2018-01-15,44.0,80.0,0.0,0.0,0.0,0.0,0.0,0.0,21.0,0
44.00_80.00,2018-01-22,44.0,80.0,0.0,0.0,0.0,0.0,0.0,0.0,22.0,0
44.00_80.00,2018-01-29,44.0,80.0,0.0,0.0,0.0,0.0,0.0,0.0,23.0,0
44.00_80.00,2018-02-05,44.0,80.0,0.0,0.0,0.0,0.0,0.0,0.0,24.0,0
44.00_80.00,2018-02-12,44.0,80.0,0.0,0.0,0.0,0.0,0.0,0.0,25.0,0
44.00_80.00,2018-02-19,44.0,80.0,0.0,0.0,0.0,0.0,0.0,0.0,26.0,0
44.00_80.00,2018-02-26,44.0,80.0,0.0,0.0,0.0,0.0,0.0,0.0,27.0,0
44.00_80.00,2018-03-05,44.0,80.0,0.0,0.0,0.0,0.0,0.0,0.0,28.0,0
44.00_80.00,2018-03-12,44.0,80.0,0.0,0.0,0.0,0.0,0.0,0.0,29.0,0
44.00_80.00,2018-03-19,44.0,80.0,0.0,0.0,0.0,0.0,0.0,0.0,30.0,0
44.00_80.00,2018-03-26,44.0,80.0,0.0,0.0,0.0,0.0,0.0,0.0,31.0,0
44.00_80.00,2018-04-02,44.0,80.0,0.0,0.0,0.0,0.0,0.0,0.0,32.0,0
44.00_80.00,2018-04-09,44.0,80.0,0.0,0.0,0.0,0.0,0.0,0.0,33.0,0
44.00_80.00,2018-04-16,44.0,80.0,0.0,0.0,0.0,0.0,0.0,0.0,34.0,0
44.00_80.00,2018-04-23,44.0,80.0,0.0,0.0,0.0,0.0,0.0,0.0,35.0,0
44.00_80.00,2018-04-30,44.0,80.0,0.0,0.0,0.0,0.0,0.0,0.0,36.0,0
44.00_80.00,2018-05-07,44.0,80.0,0.0,0.0,0.0,0.0,0.0,0.0,37.0,0
44.00_80.00,2018-05-14,44.0,80.0,0.0,0.0,0.0,0.0,0.0,0.0,38.0,0
44.00_80.00,2018-05-21,44.0,80.0,0.0,0.0,0.0,0.0,0.0,0.0,39.0,0
44.00_80.00,2018-05-28,44.0,80.0,0.0,0.0,0.0,0.0,0.0,0.0,40.0,0
44.00_80.00,2018-06-04,44.0,80.0,0.0,0.0,0.0,0.0,0.0,0.0,41.0,0
44.00_80.00,2018-06-11,44.0,80.0,0.0,0.0,0.0,0.0,0.0,0.0,42.0,0
44.00_80.00,2018-06-18,44.0,80.0,0.0,0.0,0.0,0.0,0.0,0.0,43.0,0
44.00_80.00,2018-06-25,44.0,80.0,0.0,0.0,0.0,0.0,0.0,0.0,44.0,0
44.00_80.00,2018-07-02,44.0,80.0,0.0,0.0,0.0,0.0,0.0,0.0,45.0,0
44.00_80.00,2018-07-09,44.0,80.0,0.0,0.0,0.0,0.0,0.0,0.0,46.0,0
44.00_80.00,2018-07-16,44.0,80.0,0.0,0.0,0.0,0.0,0.0,0.0,47.0,0
44.00_80.00,2018-07-23,44.0,80.0,0.0,0.0,0.0,0.0,0.0,0.0,48.0,0
44.00_80.00,2018-07-30,44.0,80.0,0.0,0.0,0.0,0.0,0.0,0.0,49.0,0
44.00_80.00,2018-08-06,44.0,80.0,0.0,0.0,0.0,0.0,0.0,0.0,50.0,0
44.00_80.00,2018-08-13,44.0,80.0,0.0,0.0,0.0,0.0,0.0,0.0,51.0,0
44.00_80.00,2018-08-20,44.0,80.0,0.0,0.0,0.0,0.0,0.0,0.0,52.0,1
44.00_80.00,2018-08-27,44.0,80.0,1.0,4.0,4.0,4.0,1.0,1000000.0,53.0,0
44.00_80.00,2018-09-03,44.0,80.0,0.0,0.0,0.0,4.0,1.0,1000000.0,54.0,0
44.00_80.00,2018-09-10,44.0,80.0,0.0,0.0,0.0,4.0,1.0,1000000.0,55.0,0
44.00_80.00,2018-09-17,44.0,80.0,0.0,0.0,0.0,4.0,1.0,1000000.0,56.0,0
44.00_80.00,2018-09-24,44.0,80.0,0.0,0.0,0.0,0.0,1.0,1000000.0,57.0,0
44.00_80.00,2018-10-01,44.0,80.0,0.0,0.0,0.0,0.0,1.0,1000000.0,58.0,0
44.00_80.00,2018-10-08,44.0,80.0,0.0,0.0,0.0,0.0,1.0,1000000.0,59.0,0
44.00_80.00,2018-10-15,44.0,80.0,0.0,0.0,0.0,0.0,1.0,1000000.0,60.0,1
44.00_80.00,2018-10-22,44.0,80.0,1.0,5.2,5.2,5.2,2.0,63095734.44801943,0.0,1
44.00_80.00,2018-10-29,44.0,80.0,1.0,5.1,5.1,5.2,3.0,107764093.66311568,0.0,0
44.00_80.00,2018-11-05,44.0,80.0,0.0,0.0,0.0,5.2,3.0,107764093.66311568,1.0,1
44.00_80.00,2018-11-12,44.0,80.0,1.0,4.5,4.5,5.2,4.0,113387506.91501918,0.0,0
44.00_80.00,2018-11-19,44.0,80.0,0.0,0.0,0.0,5.1,3.0,113387506.91501918,1.0,1
44.00_80.00,2018-11-26,44.0,80.0,1.0,5.0,5.0,5.0,4.0,145010283.51670298,0.0,0
44.00_80.00,2018-12-03,44.0,80.0,0.0,0.0,0.0,5.0,4.0,145010283.51670298,1.0,0
44.00_80.00,2018-12-10,44.0,80.0,0.0,0.0,0.0,5.0,4.0,145010283.51670298,2.0,0
44.00_80.00,2018-12-17,44.0,80.0,0.0,0.0,0.0,5.0,4.0,81914549.06868353,3.0,0
44.00_80.00,2018-12-24,44.0,80.0,0.0,0.0,0.0,0.0,4.0,37246189.853587285,4.0,0
44.00_80.00,2018-12-31,44.0,80.0,0.0,0.0,0.0,0.0,4.0,37246189.853587285,5.0,0
44.00_80.00,2019-01-07,44.0,80.0,0.0,0.0,0.0,0.0,4.0,31622776.601683795,6.0,0
44.00_80.00,2019-01-14,44.0,80.0,0.0,0.0,0.0,0.0,3.0,31622776.601683795,7.0,0
44.00_80.00,2019-01-21,44.0,80.0,0.0,0.0,0.0,0.0,2.0,0.0,8.0,0
44.00_80.00,2019-01-28,44.0,80.0,0.0,0.0,0.0,0.0,2.0,0.0,9.0,0
44.00_80.00,2019-02-04,44.0,80.0,0.0,0.0,0.0,0.0,1.0,0.0,10.0,0
44.00_80.00,2019-02-11,44.0,80.0,0.0,0.0,0.0,0.0,1.0,0.0,11.0,0
44.00_80.00,2019-02-18,44.0,80.0,0.0,0.0,0.0,0.0,0.0,0.0,12.0,0
44.00_80.00,2019-02-25,44.0,80.0,0.0,0.0,0.0,0.0,0.0,0.0,13.0,0
44.00_80.00,2019-03-04,44.0,80.0,0.0,0.0,0.0,0.0,0.0,0.0,14.0,0
44.00_80.00,2019-03-11,44.0,80.0,0.0,0.0,0.0,0.0,0.0,0.0,15.0,0
44.00_80.00,2019-03-18,44.0,80.0,0.0,0.0,0.0,0.0,0.0,0.0,16.0,0
44.00_80.00,2019-03-25,44.0,80.0,0.0,0.0,0.0,0.0,0.0,0.0,17.0,0
44.00_80.00,2019-04-01,44.0,80.0,0.0,0.0,0.0,0.0,0.0,0.0,18.0,0
44.00_80.00,2019-04-08,44.0,80.0,0.0,0.0,0.0,0.0,0.0,0.0,19.0,1
44.00_80.00,2019-04-15,44.0,80.0,1.0,4.0,4.0,4.0,1.0,1000000.0,20.0,0
44.00_80.00,2019-04-22,44.0,80.0,0.0,0.0,0.0,4.0,1.0,1000000.0,21.0,0
44.00_80.00,2019-04-29,44.0,80.0,0.0,0.0,0.0,4.0,1.0,1000000.0,22.0,0
44.00_80.00,2019-05-06,44.0,80.0,0.0,0.0,0.0,4.0,1.0,1000000.0,23.0,0
44.00_80.00,2019-05-13,44.0,80.0,0.0,0.0,0.0,0.0,1.0,1000000.0,24.0,0
44.00_80.00,2019-05-20,44.0,80.0,0.0,0.0,0.0,0.0,1.0,1000000.0,25.0,0
44.00_80.00,2019-05-27,44.0,80.0,0.0,0.0,0.0,0.0,1.0,1000000.0,26.0,0
44.00_80.00,2019-06-03,44.0,80.0,0.0,0.0,0.0,0.0,1.0,1000000.0,27.0,0
44.00_80.00,2019-06-10,44.0,80.0,0.0,0.0,0.0,0.0,1.0,0.0,28.0,0
44.00_80.00,2019-06-17,44.0,80.0,0.0,0.0,0.0,0.0,1.0,0.0,29.0,0
44.00_80.00,2019-06-24,44.0,80.0,0.0,0.0,0.0,0.0,1.0,0.0,30.0,0
44.00_80.00,2019-07-01,44.0,80.0,0.0,0.0,0.0,0.0,1.0,0.0,31.0,0
44.00_80.00,2019-07-08,44.0,80.0,0.0,0.0,0.0,0.0,0.0,0.0,32.0,0
44.00_80.00,2019-07-15,44.0,80.0,0.0,0.0,0.0,0.0,0.0,0.0,33.0,0
44.00_80.00,2019-07-22,44.0,80.0,0.0,0.0,0.0,0.0,0.0,0.0,34.0,0
44.00_80.00,2019-07-29,44.0,80.0,0.0,0.0,0.0,0.0,0.0,0.0,35.0,0
44.00_80.00,2019-08-05,44.0,80.0,0.0,0.0,0.0,0.0,0.0,0.0,36.0,0
44.00_80.00,2019-08-12,44.0,80.0,0.0,0.0,0.0,0.0,0.0,0.0,37.0,0
44.00_80.00,2019-08-19,44.0,80.0,0.0,0.0,0.0,0.0,0.0,0.0,38.0,0
44.00_80.00,2019-08-26,44.0,80.0,0.0,0.0,0.0,0.0,0.0,0.0,39.0,0
44.00_80.00,2019-09-02,44.0,80.0,0.0,0.0,0.0,0.0,0.0,0.0,40.0,0
44.00_80.00,2019-09-09,44.0,80.0,0.0,0.0,0.0,0.0,0.0,0.0,41.0,0
44.00_80.00,2019-09-16,44.0,80.0,0.0,0.0,0.0,0.0,0.0,0.0,42.0,0
44.00_80.00,2019-09-23,44.0,80.0,0.0,0.0,0.0,0.0,0.0,0.0,43.0,0
44.00_80.00,2019-09-30,44.0,80.0,0.0,0.0,0.0,0.0,0.0,0.0,44.0,0
44.00_80.00,2019-10-07,44.0,80.0,0.0,0.0,0.0,0.0,0.0,0.0,45.0,0
44.00_80.00,2019-10-14,44.0,80.0,0.0,0.0,0.0,0.0,0.0,0.0,46.0,0
44.00_80.00,2019-10-21,44.0,80.0,0.0,0.0,0.0,0.0,0.0,0.0,47.0,0
44.00_80.00,2019-10-28,44.0,80.0,0.0,0.0,0.0,0.0,0.0,0.0,48.0,0
44.00_80.00,2019-11-04,44.0,80.0,0.0,0.0,0.0,0.0,0.0,0.0,49.0,0
44.00_80.00,2019-11-11,44.0,80.0,0.0,0.0,0.0,0.0,0.0,0.0,50.0,0
44.00_80.00,2019-11-18,44.0,80.0,0.0,0.0,0.0,0.0,0.0,0.0,51.0,0
44.00_80.00,2019-11-25,44.0,80.0,0.0,0.0,0.0,0.0,0.0,0.0,52.0,0
44.00_80.00,2019-12-02,44.0,80.0,0.0,0.0,0.0,0.0,0.0,0.0,53.0,0
44.00_80.00,2019-12-09,44.0,80.0,0.0,0.0,0.0,0.0,0.0,0.0,54.0,0
44.00_80.00,2019-12-16,44.0,80.0,0.0,0.0,0.0,0.0,0.0,0.0,55.0,0
44.00_80.00,2019-12-23,44.0,80.0,0.0,0.0,0.0,0.0,0.0,0.0,56.0,0
44.00_80.00,2019-12-30,44.0,80.0,0.0,0.0,0.0,0.0,0.0,0.0,57.0,0
44.00_80.00,2020-01-06,44.0,80.0,0.0,0.0,0.0,0.0,0.0,0.0,58.0,0
44.00_80.00,2020-01-13,44.0,80.0,0.0,0.0,0.0,0.0,0.0,0.0,59.0,0
44.00_80.00,2020-01-20,44.0,80.0,0.0,0.0,0.0,0.0,0.0,0.0,60.0,0
44.00_80.00,2020-01-27,44.0,80.0,0.0,0.0,0.0,0.0,0.0,0.0,61.0,0
44.00_80.00,2020-02-03,44.0,80.0,0.0,0.0,0.0,0.0,0.0,0.0,62.0,0
44.00_80.00,2020-02-10,44.0,80.0,0.0,0.0,0.0,0.0,0.0,0.0,63.0,0
44.00_80.00,2020-02-17,44.0,80.0,0.0,0.0,0.0,0.0,0.0,0.0,64.0,0
44.00_80.00,2020-02-24,44.0,80.0,0.0,0.0,0.0,0.0,0.0,0.0,65.0,0
44.00_80.00,2020-03-02,44.0,80.0,0.0,0.0,0.0,0.0,0.0,0.0,66.0,0
44.00_80.00,2020-03-09,44.0,80.0,0.0,0.0,0.0,0.0,0.0,0.0,67.0,0
44.00_80.00,2020-03-16,44.0,80.0,0.0,0.0,0.0,0.0,0.0,0.0,68.0,0
44.00_80.00,2020-03-23,44.0,80.0,0.0,0.0,0.0,0.0,0.0,0.0,69.0,0
44.00_80.00,2020-03-30,44.0,80.0,0.0,0.0,0.0,0.0,0.0,0.0,70.0,0
44.00_80.00,2020-04-06,44.0,80.0,0.0,0.0,0.0,0.0,0.0,0.0,71.0,0
44.00_80.00,2020-04-13,44.0,80.0,0.0,0.0,0.0,0.0,0.0,0.0,72.0,0
44.00_80.00,2020-04-20,44.0,80.0,0.0,0.0,0.0,0.0,0.0,0.0,73.0,0
44.00_80.00,2020-04-27,44.0,80.0,0.0,0.0,0.0,0.0,0.0,0.0,74.0,0
44.00_80.00,2020-05-04,44.0,80.0,0.0,0.0,0.0,0.0,0.0,0.0,75.0,0
44.00_80.00,2020-05-11,44.0,80.0,0.0,0.0,0.0,0.0,0.0,0.0,76.0,0
44.00_80.00,2020-05-18,44.0,80.0,0.0,0.0,0.0,0.0,0.0,0.0,77.0,0
44.00_80.00,2020-05-25,44.0,80.0,0.0,0.0,0.0,0.0,0.0,0.0,78.0,0
44.00_80.00,2020-06-01,44.0,80.0,0.0,0.0,0.0,0.0,0.0,0.0,79.0,1
44.00_80.00,2020-06-08,44.0,80.0,1.0,4.2,4.2,4.2,1.0,1995262.3149688828,80.0,0
44.00_80.00,2020-06-15,44.0,80.0,0.0,0.0,0.0,4.2,1.0,1995262.3149688828,81.0,0
44.00_80.00,2020-06-22,44.0,80.0,0.0,0.0,0.0,4.2,1.0,1995262.3149688828,82.0,0
44.00_80.00,2020-06-29,44.0,80.0,0.0,0.0,0.0,4.2,1.0,1995262.3149688828,83.0,0
44.00_80.00,2020-07-06,44.0,80.0,0.0,0.0,0.0,0.0,1.0,1995262.3149688828,84.0,0
44.00_80.00,2020-07-13,44.0,80.0,0.0,0.0,0.0,0.0,1.0,1995262.3149688828,85.0,1
44.00_80.00,2020-07-20,44.0,80.0,1.0,4.5,4.5,4.5,2.0,7618675.566872374,0.0,0
44.00_80.00,2020-07-27,44.0,80.0,0.0,0.0,0.0,4.5,2.0,7618675.566872374,1.0,0
44.00_80.00,2020-08-03,44.0,80.0,0.0,0.0,0.0,4.5,2.0,5623413.251903491,2.0,0
44.00_80.00,2020-08-10,44.0,80.0,0.0,0.0,0.0,4.5,2.0,5623413.251903491,3.0,0
44.00_80.00,2020-08-17,44.0,80.0,0.0,0.0,0.0,0.0,2.0,5623413.251903491,4.0,0
44.00_80.00,2020-08-24,44.0,80.0,0.0,0.0,0.0,0.0,2.0,5623413.251903491,5.0,0
44.00_80.00,2020-08-31,44.0,80.0,0.0,0.0,0.0,0.0,1.0,5623413.251903491,6.0,0
44.00_80.00,2020-09-07,44.0,80.0,0.0,0.0,0.0,0.0,1.0,5623413.251903491,7.0,0
44.00_80.00,2020-09-14,44.0,80.0,0.0,0.0,0.0,0.0,1.0,0.0,8.0,0
44.00_80.00,2020-09-21,44.0,80.0,0.0,0.0,0.0,0.0,1.0,0.0,9.0,0
44.00_80.00,2020-09-28,44.0,80.0,0.0,0.0,0.0,0.0,1.0,0.0,10.0,0
44.00_80.00,2020-10-05,44.0,80.0,0.0,0.0,0.0,0.0,1.0,0.0,11.0,0
44.00_80.00,2020-10-12,44.0,80.0,0.0,0.0,0.0,0.0,0.0,0.0,12.0,0
44.00_80.00,2020-10-19,44.0,80.0,0.0,0.0,0.0,0.0,0.0,0.0,13.0,0
44.00_80.00,2020-10-26,44.0,80.0,0.0,0.0,0.0,0.0,0.0,0.0,14.0,0
44.00_80.00,2020-11-02,44.0,80.0,0.0,0.0,0.0,0.0,0.0,0.0,15.0,0
44.00_80.00,2020-11-09,44.0,80.0,0.0,0.0,0.0,0.0,0.0,0.0,16.0,0
44.00_80.00,2020-11-16,44.0,80.0,0.0,0.0,0.0,0.0,0.0,0.0,17.0,0
44.00_80.00,2020-11-23,44.0,80.0,0.0,0.0,0.0,0.0,0.0,0.0,18.0,0
44.00_80.00,2020-11-30,44.0,80.0,0.0,0.0,0.0,0.0,0.0,0.0,19.0,0
44.00_80.00,2020-12-07,44.0,80.0,0.0,0.0,0.0,0.0,0.0,0.0,20.0,0
44.00_80.00,2020-12-14,44.0,80.0,0.0,0.0,0.0,0.0,0.0,0.0,21.0,0
44.00_80.00,2020-12-21,44.0,80.0,0.0,0.0,0.0,0.0,0.0,0.0,22.0,0
44.00_80.00,2020-12-28,44.0,80.0,0.0,0.0,0.0,0.0,0.0,0.0,23.0,0
44.00_80.00,2021-01-04,44.0,80.0,0.0,0.0,0.0,0.0,0.0,0.0,24.0,0
44.00_80.00,2021-01-11,44.0,80.0,0.0,0.0,0.0,0.0,0.0,0.0,25.0,1
44.00_80.00,2021-01-18,44.0,80.0,1.0,4.4,4.4,4.4,1.0,3981071.7055349774,26.0,0
44.00_80.00,2021-01-25,44.0,80.0,0.0,0.0,0.0,4.4,1.0,3981071.7055349774,27.0,0
44.00_80.00,2021-02-01,44.0,80.0,0.0,0.0,0.0,4.4,1.0,3981071.7055349774,28.0,0
44.00_80.00,2021-02-08,44.0,80.0,0.0,0.0,0.0,4.4,1.0,3981071.7055349774,29.0,0
44.00_80.00,2021-02-15,44.0,80.0,0.0,0.0,0.0,0.0,1.0,3981071.7055349774,30.0,0
44.00_80.00,2021-02-22,44.0,80.0,0.0,0.0,0.0,0.0,1.0,3981071.7055349774,31.0,0
44.00_80.00,2021-03-01,44.0,80.0,0.0,0.0,0.0,0.0,1.0,3981071.7055349774,32.0,0
44.00_80.00,2021-03-08,44.0,80.0,0.0,0.0,0.0,0.0,1.0,3981071.7055349774,33.0,0
44.00_80.00,2021-03-15,44.0,80.0,0.0,0.0,0.0,0.0,1.0,0.0,34.0,1
44.00_80.00,2021-03-22,44.0,80.0,1.0,4.5,4.5,4.5,2.0,5623413.251903491,0.0,0
44.00_80.00,2021-03-29,44.0,80.0,0.0,0.0,0.0,4.5,2.0,5623413.251903491,1.0,0
44.00_80.00,2021-04-05,44.0,80.0,0.0,0.0,0.0,4.5,2.0,5623413.251903491,2.0,0
44.00_80.00,2021-04-12,44.0,80.0,0.0,0.0,0.0,4.5,1.0,5623413.251903491,3.0,0
44.00_80.00,2021-04-19,44.0,80.0,0.0,0.0,0.0,0.0,1.0,5623413.251903491,4.0,0
44.00_80.00,2021-04-26,44.0,80.0,0.0,0.0,0.0,0.0,1.0,5623413.251903491,5.0,0
44.00_80.00,2021-05-03,44.0,80.0,0.0,0.0,0.0,0.0,1.0,5623413.251903491,6.0,0
44.00_80.00,2021-05-10,44.0,80.0,0.0,0.0,0.0,0.0,1.0,5623413.251903491,7.0,0
44.00_80.00,2021-05-17,44.0,80.0,0.0,0.0,0.0,0.0,1.0,0.0,8.0,0
44.00_80.00,2021-05-24,44.0,80.0,0.0,0.0,0.0,0.0,1.0,0.0,9.0,0
44.00_80.00,2021-05-31,44.0,80.0,0.0,0.0,0.0,0.0,1.0,0.0,10.0,0
44.00_80.00,2021-06-07,44.0,80.0,0.0,0.0,0.0,0.0,1.0,0.0,11.0,0
44.00_80.00,2021-06-14,44.0,80.0,0.0,0.0,0.0,0.0,0.0,0.0,12.0,0
44.00_80.00,2021-06-21,44.0,80.0,0.0,0.0,0.0,0.0,0.0,0.0,13.0,0
44.00_80.00,2021-06-28,44.0,80.0,0.0,0.0,0.0,0.0,0.0,0.0,14.0,0
44.00_80.00,2021-07-05,44.0,80.0,0.0,0.0,0.0,0.0,0.0,0.0,15.0,0
44.00_80.00,2021-07-12,44.0,80.0,0.0,0.0,0.0,0.0,0.0,0.0,16.0,0
44.00_80.00,2021-07-19,44.0,80.0,0.0,0.0,0.0,0.0,0.0,0.0,17.0,0
44.00_80.00,2021-07-26,44.0,80.0,0.0,0.0,0.0,0.0,0.0,0.0,18.0,0
44.00_80.00,2021-08-02,44.0,80.0,0.0,0.0,0.0,0.0,0.0,0.0,19.0,0
44.00_80.00,2021-08-09,44.0,80.0,0.0,0.0,0.0,0.0,0.0,0.0,20.0,0
44.00_80.00,2021-08-16,44.0,80.0,0.0,0.0,0.0,0.0,0.0,0.0,21.0,0
44.00_80.00,2021-08-23,44.0,80.0,0.0,0.0,0.0,0.0,0.0,0.0,22.0,0
44.00_80.00,2021-08-30,44.0,80.0,0.0,0.0,0.0,0.0,0.0,0.0,23.0,0
44.00_80.00,2021-09-06,44.0,80.0,0.0,0.0,0.0,0.0,0.0,0.0,24.0,0
44.00_80.00,2021-09-13,44.0,80.0,0.0,0.0,0.0,0.0,0.0,0.0,25.0,0
44.00_80.00,2021-09-20,44.0,80.0,0.0,0.0,0.0,0.0,0.0,0.0,26.0,0
44.00_80.00,2021-09-27,44.0,80.0,0.0,0.0,0.0,0.0,0.0,0.0,27.0,0
44.00_80.00,2021-10-04,44.0,80.0,0.0,0.0,0.0,0.0,0.0,0.0,28.0,0
44.00_80.00,2021-10-11,44.0,80.0,0.0,0.0,0.0,0.0,0.0,0.0,29.0,0
44.00_80.00,2021-10-18,44.0,80.0,0.0,0.0,0.0,0.0,0.0,0.0,30.0,0
44.00_80.00,2021-10-25,44.0,80.0,0.0,0.0,0.0,0.0,0.0,0.0,31.0,0
44.00_80.00,2021-11-01,44.0,80.0,0.0,0.0,0.0,0.0,0.0,0.0,32.0,0
44.00_80.00,2021-11-08,44.0,80.0,0.0,0.0,0.0,0.0,0.0,0.0,33.0,0
44.00_80.00,2021-11-15,44.0,80.0,0.0,0.0,0.0,0.0,0.0,0.0,34.0,0
44.00_80.00,2021-11-22,44.0,80.0,0.0,0.0,0.0,0.0,0.0,0.0,35.0,0
44.00_80.00,2021-11-29,44.0,80.0,0.0,0.0,0.0,0.0,0.0,0.0,36.0,0
44.00_80.00,2021-12-06,44.0,80.0,0.0,0.0,0.0,0.0,0.0,0.0,37.0,0
44.00_80.00,2021-12-13,44.0,80.0,0.0,0.0,0.0,0.0,0.0,0.0,38.0,0
44.00_80.00,2021-12-20,44.0,80.0,0.0,0.0,0.0,0.0,0.0,0.0,39.0,0
44.00_80.00,2021-12-27,44.0,80.0,0.0,0.0,0.0,0.0,0.0,0.0,40.0,0
44.00_80.00,2022-01-03,44.0,80.0,0.0,0.0,0.0,0.0,0.0,0.0,41.0,1
44.00_80.00,2022-01-10,44.0,80.0,1.0,4.4,4.4,4.4,1.0,3981071.7055349774,42.0,0
44.00_80.00,2022-01-17,44.0,80.0,0.0,0.0,0.0,4.4,1.0,3981071.7055349774,43.0,0
44.00_80.00,2022-01-24,44.0,80.0,0.0,0.0,0.0,4.4,1.0,3981071.7055349774,44.0,0
44.00_80.00,2022-01-31,44.0,80.0,0.0,0.0,0.0,4.4,1.0,3981071.7055349774,45.0,0
44.00_80.00,2022-02-07,44.0,80.0,0.0,0.0,0.0,0.0,1.0,3981071.7055349774,46.0,0
44.00_80.00,2022-02-14,44.0,80.0,0.0,0.0,0.0,0.0,1.0,3981071.7055349774,47.0,0
44.00_80.00,2022-02-21,44.0,80.0,0.0,0.0,0.0,0.0,1.0,3981071.7055349774,48.0,0
44.00_80.00,2022-02-28,44.0,80.0,0.0,0.0,0.0,0.0,1.0,3981071.7055349774,49.0,0
44.00_80.00,2022-03-07,44.0,80.0,0.0,0.0,0.0,0.0,1.0,0.0,50.0,0
44.00_80.00,2022-03-14,44.0,80.0,0.0,0.0,0.0,0.0,1.0,0.0,51.0,0
44.00_80.00,2022-03-21,44.0,80.0,0.0,0.0,0.0,0.0,1.0,0.0,52.0,0
44.00_80.00,2022-03-28,44.0,80.0,0.0,0.0,0.0,0.0,1.0,0.0,53.0,0
44.00_80.00,2022-04-04,44.0,80.0,0.0,0.0,0.0,0.0,0.0,0.0,54.0,0
44.00_80.00,2022-04-11,44.0,80.0,0.0,0.0,0.0,0.0,0.0,0.0,55.0,0
44.00_80.00,2022-04-18,44.0,80.0,0.0,0.0,0.0,0.0,0.0,0.0,56.0,0
44.00_80.00,2022-04-25,44.0,80.0,0.0,0.0,0.0,0.0,0.0,0.0,57.0,0
44.00_80.00,2022-05-02,44.0,80.0,0.0,0.0,0.0,0.0,0.0,0.0,58.0,0
44.00_80.00,2022-05-09,44.0,80.0,0.0,0.0,0.0,0.0,0.0,0.0,59.0,0
44.00_80.00,2022-05-16,44.0,80.0,0.0,0.0,0.0,0.0,0.0,0.0,60.0,0
44.00_80.00,2022-05-23,44.0,80.0,0.0,0.0,0.0,0.0,0.0,0.0,61.0,0
44.00_80.00,2022-05-30,44.0,80.0,0.0,0.0,0.0,0.0,0.0,0.0,62.0,0
44.00_80.00,2022-06-06,44.0,80.0,0.0,0.0,0.0,0.0,0.0,0.0,63.0,0
44.00_80.00,2022-06-13,44.0,80.0,0.0,0.0,0.0,0.0,0.0,0.0,64.0,0
44.00_80.00,2022-06-20,44.0,80.0,0.0,0.0,0.0,0.0,0.0,0.0,65.0,0
44.00_80.00,2022-06-27,44.0,80.0,0.0,0.0,0.0,0.0,0.0,0.0,66.0,0
44.00_80.00,2022-07-04,44.0,80.0,0.0,0.0,0.0,0.0,0.0,0.0,67.0,0
44.00_80.00,2022-07-11,44.0,80.0,0.0,0.0,0.0,0.0,0.0,0.0,68.0,0
44.00_80.00,2022-07-18,44.0,80.0,0.0,0.0,0.0,0.0,0.0,0.0,69.0,0
44.00_80.00,2022-07-25,44.0,80.0,0.0,0.0,0.0,0.0,0.0,0.0,70.0,0
44.00_80.00,2022-08-01,44.0,80.0,0.0,0.0,0.0,0.0,0.0,0.0,71.0,0
44.00_80.00,2022-08-08,44.0,80.0,0.0,0.0,0.0,0.0,0.0,0.0,72.0,0
44.00_80.00,2022-08-15,44.0,80.0,0.0,0.0,0.0,0.0,0.0,0.0,73.0,0
44.00_80.00,2022-08-22,44.0,80.0,0.0,0.0,0.0,0.0,0.0,0.0,74.0,0
44.00_80.00,2022-08-29,44.0,80.0,0.0,0.0,0.0,0.0,0.0,0.0,75.0,0
44.00_80.00,2022-09-05,44.0,80.0,0.0,0.0,0.0,0.0,0.0,0.0,76.0,0
44.00_80.00,2022-09-12,44.0,80.0,0.0,0.0,0.0,0.0,0.0,0.0,77.0,0
44.00_80.00,2022-09-19,44.0,80.0,0.0,0.0,0.0,0.0,0.0,0.0,78.0,0
44.00_80.00,2022-09-26,44.0,80.0,0.0,0.0,0.0,0.0,0.0,0.0,79.0,0
44.00_80.00,2022-10-03,44.0,80.0,0.0,0.0,0.0,0.0,0.0,0.0,80.0,0
44.00_80.00,2022-10-10,44.0,80.0,0.0,0.0,0.0,0.0,0.0,0.0,81.0,0
44.00_80.00,2022-10-17,44.0,80.0,0.0,0.0,0.0,0.0,0.0,0.0,82.0,0
44.00_80.00,2022-10-24,44.0,80.0,0.0,0.0,0.0,0.0,0.0,0.0,83.0,0
44.00_80.00,2022-10-31,44.0,80.0,0.0,0.0,0.0,0.0,0.0,0.0,84.0,0
44.00_80.00,2022-11-07,44.0,80.0,0.0,0.0,0.0,0.0,0.0,0.0,85.0,0
44.00_80.00,2022-11-14,44.0,80.0,0.0,0.0,0.0,0.0,0.0,0.0,86.0,0
44.00_80.00,2022-11-21,44.0,80.0,0.0,0.0,0.0,0.0,0.0,0.0,87.0,0
44.00_80.00,2022-11-28,44.0,80.0,0.0,0.0,0.0,0.0,0.0,0.0,88.0,0
44.00_80.00,2022-12-05,44.0,80.0,0.0,0.0,0.0,0.0,0.0,0.0,89.0,0
44.00_80.00,2022-12-12,44.0,80.0,0.0,0.0,0.0,0.0,0.0,0.0,90.0,1
44.00_80.00,2022-12-19,44.0,80.0,1.0,4.3,4.3,4.3,1.0,2818382.9312644494,91.0,0
44.00_80.00,2022-12-26,44.0,80.0,0.0,0.0,0.0,4.3,1.0,2818382.9312644494,92.0,0
44.00_80.00,2023-01-02,44.0,80.0,0.0,0.0,0.0,4.3,1.0,2818382.9312644494,93.0,0
44.00_80.00,2023-01-09,44.0,80.0,0.0,0.0,0.0,4.3,1.0,2818382.9312644494,94.0,0
44.00_80.00,2023-01-16,44.0,80.0,0.0,0.0,0.0,0.0,1.0,2818382.9312644494,95.0,0
44.00_80.00,2023-01-23,44.0,80.0,0.0,0.0,0.0,0.0,1.0,2818382.9312644494,96.0,1
44.00_80.00,2023-01-30,44.0,80.0,1.0,4.1,4.1,4.1,2.0,4230920.475887202,97.0,0
44.00_80.00,2023-02-06,44.0,80.0,0.0,0.0,0.0,4.1,2.0,4230920.475887202,98.0,0
44.00_80.00,2023-02-13,44.0,80.0,0.0,0.0,0.0,4.1,2.0,1412537.5446227526,99.0,0
44.00_80.00,2023-02-20,44.0,80.0,0.0,0.0,0.0,4.1,2.0,1412537.5446227526,100.0,0
44.00_80.00,2023-02-27,44.0,80.0,0.0,0.0,0.0,0.0,2.0,1412537.5446227526,101.0,0
44.00_80.00,2023-03-06,44.0,80.0,0.0,0.0,0.0,0.0,2.0,1412537.5446227526,102.0,0
44.00_80.00,2023-03-13,44.0,80.0,0.0,0.0,0.0,0.0,1.0,1412537.5446227526,103.0,0
44.00_80.00,2023-03-20,44.0,80.0,0.0,0.0,0.0,0.0,1.0,1412537.5446227526,104.0,0
44.00_80.00,2023-03-27,44.0,80.0,0.0,0.0,0.0,0.0,1.0,0.0,105.0,0
44.00_80.00,2023-04-03,44.0,80.0,0.0,0.0,0.0,0.0,1.0,0.0,106.0,0
44.00_80.00,2023-04-10,44.0,80.0,0.0,0.0,0.0,0.0,1.0,0.0,107.0,0
44.00_80.00,2023-04-17,44.0,80.0,0.0,0.0,0.0,0.0,1.0,0.0,108.0,0
44.00_80.00,2023-04-24,44.0,80.0,0.0,0.0,0.0,0.0,0.0,0.0,109.0,0
44.00_80.00,2023-05-01,44.0,80.0,0.0,0.0,0.0,0.0,0.0,0.0,110.0,0
44.00_80.00,2023-05-08,44.0,80.0,0.0,0.0,0.0,0.0,0.0,0.0,111.0,0
44.00_80.00,2023-05-15,44.0,80.0,0.0,0.0,0.0,0.0,0.0,0.0,112.0,0
44.00_80.00,2023-05-22,44.0,80.0,0.0,0.0,0.0,0.0,0.0,0.0,113.0,0
44.00_80.00,2023-05-29,44.0,80.0,0.0,0.0,0.0,0.0,0.0,0.0,114.0,0
44.00_80.00,2023-06-05,44.0,80.0,0.0,0.0,0.0,0.0,0.0,0.0,115.0,0
44.00_80.00,2023-06-12,44.0,80.0,0.0,0.0,0.0,0.0,0.0,0.0,116.0,0
44.00_80.00,2023-06-19,44.0,80.0,0.0,0.0,0.0,0.0,0.0,0.0,117.0,0
44.00_80.00,2023-06-26,44.0,80.0,0.0,0.0,0.0,0.0,0.0,0.0,118.0,0
44.00_80.00,2023-07-03,44.0,80.0,0.0,0.0,0.0,0.0,0.0,0.0,119.0,0
44.00_80.00,2023-07-10,44.0,80.0,0.0,0.0,0.0,0.0,0.0,0.0,120.0,0
44.00_80.00,2023-07-17,44.0,80.0,0.0,0.0,0.0,0.0,0.0,0.0,121.0,0
44.00_80.00,2023-07-24,44.0,80.0,0.0,0.0,0.0,0.0,0.0,0.0,122.0,0
44.00_80.00,2023-07-31,44.0,80.0,0.0,0.0,0.0,0.0,0.0,0.0,123.0,0
44.00_80.00,2023-08-07,44.0,80.0,0.0,0.0,0.0,0.0,0.0,0.0,124.0,0
44.00_80.00,2023-08-14,44.0,80.0,0.0,0.0,0.0,0.0,0.0,0.0,125.0,0
44.00_80.00,2023-08-21,44.0,80.0,0.0,0.0,0.0,0.0,0.0,0.0,126.0,0
44.00_80.00,2023-08-28,44.0,80.0,0.0,0.0,0.0,0.0,0.0,0.0,127.0,0
44.00_80.00,2023-09-04,44.0,80.0,0.0,0.0,0.0,0.0,0.0,0.0,128.0,0
44.00_80.00,2023-09-11,44.0,80.0,0.0,0.0,0.0,0.0,0.0,0.0,129.0,0
44.00_80.00,2023-09-18,44.0,80.0,0.0,0.0,0.0,0.0,0.0,0.0,130.0,0
44.00_80.00,2023-09-25,44.0,80.0,0.0,0.0,0.0,0.0,0.0,0.0,131.0,0
44.00_80.00,2023-10-02,44.0,80.0,0.0,0.0,0.0,0.0,0.0,0.0,132.0,0
44.00_80.00,2023-10-09,44.0,80.0,0.0,0.0,0.0,0.0,0.0,0.0,133.0,0
44.00_80.00,2023-10-16,44.0,80.0,0.0,0.0,0.0,0.0,0.0,0.0,134.0,0
44.00_80.00,2023-10-23,44.0,80.0,0.0,0.0,0.0,0.0,0.0,0.0,135.0,0
44.00_80.00,2023-10-30,44.0,80.0,0.0,0.0,0.0,0.0,0.0,0.0,136.0,0
44.00_80.00,2023-11-06,44.0,80.0,0.0,0.0,0.0,0.0,0.0,0.0,137.0,0
44.00_80.00,2023-11-13,44.0,80.0,0.0,0.0,0.0,0.0,0.0,0.0,138.0,1
44.00_80.00,2023-11-20,44.0,80.0,1.0,4.4,4.4,4.4,1.0,3981071.7055349774,139.0,0
44.00_80.00,2023-11-27,44.0,80.0,0.0,0.0,0.0,4.4,1.0,3981071.7055349774,140.0,0
44.00_80.00,2023-12-04,44.0,80.0,0.0,0.0,0.0,4.4,1.0,3981071.7055349774,141.0,0
44.00_80.00,2023-12-11,44.0,80.0,0.0,0.0,0.0,4.4,1.0,3981071.7055349774,142.0,0
44.00_80.00,2023-12-18,44.0,80.0,0.0,0.0,0.0,0.0,1.0,3981071.7055349774,143.0,0
44.00_80.00,2023-12-25,44.0,80.0,0.0,0.0,0.0,0.0,1.0,3981071.7055349774,144.0,0
44.00_83.00,2010-03-22,44.0,83.0,0.0,0.0,0.0,0.0,0.0,0.0,500.0,0
44.00_83.00,2010-03-29,44.0,83.0,0.0,0.0,0.0,0.0,0.0,0.0,500.0,0
44.00_83.00,2010-04-05,44.0,83.0,0.0,0.0,0.0,0.0,0.0,0.0,500.0,0
44.00_83.00,2010-04-12,44.0,83.0,0.0,0.0,0.0,0.0,0.0,0.0,500.0,0
44.00_83.00,2010-04-19,44.0,83.0,0.0,0.0,0.0,0.0,0.0,0.0,500.0,0
44.00_83.00,2010-04-26,44.0,83.0,0.0,0.0,0.0,0.0,0.0,0.0,500.0,0
44.00_83.00,2010-05-03,44.0,83.0,0.0,0.0,0.0,0.0,0.0,0.0,500.0,0
44.00_83.00,2010-05-10,44.0,83.0,0.0,0.0,0.0,0.0,0.0,0.0,500.0,0
44.00_83.00,2010-05-17,44.0,83.0,0.0,0.0,0.0,0.0,0.0,0.0,500.0,0
44.00_83.00,2010-05-24,44.0,83.0,0.0,0.0,0.0,0.0,0.0,0.0,500.0,0
44.00_83.00,2010-05-31,44.0,83.0,0.0,0.0,0.0,0.0,0.0,0.0,500.0,0
44.00_83.00,2010-06-07,44.0,83.0,0.0,0.0,0.0,0.0,0.0,0.0,500.0,1
44.00_83.00,2010-06-14,44.0,83.0,1.0,4.5,4.5,4.5,1.0,5623413.251903491,0.0,0
44.00_83.00,2010-06-21,44.0,83.0,0.0,0.0,0.0,4.5,1.0,5623413.251903491,1.0,0
44.00_83.00,2010-06-28,44.0,83.0,0.0,0.0,0.0,4.5,1.0,5623413.251903491,2.0,0
44.00_83.00,2010-07-05,44.0,83.0,0.0,0.0,0.0,4.5,1.0,5623413.251903491,3.0,0
44.00_83.00,2010-07-12,44.0,83.0,0.0,0.0,0.0,0.0,1.0,5623413.251903491,4.0,0
44.00_83.00,2010-07-19,44.0,83.0,0.0,0.0,0.0,0.0,1.0,5623413.251903491,5.0,0
44.00_83.00,2010-07-26,44.0,83.0,0.0,0.0,0.0,0.0,1.0,5623413.251903491,6.0,0
44.00_83.00,2010-08-02,44.0,83.0,0.0,0.0,0.0,0.0,1.0,5623413.251903491,7.0,0
44.00_83.00,2010-08-09,44.0,83.0,0.0,0.0,0.0,0.0,1.0,0.0,8.0,0
44.00_83.00,2010-08-16,44.0,83.0,0.0,0.0,0.0,0.0,1.0,0.0,9.0,0
44.00_83.00,2010-08-23,44.0,83.0,0.0,0.0,0.0,0.0,1.0,0.0,10.0,0
44.00_83.00,2010-08-30,44.0,83.0,0.0,0.0,0.0,0.0,1.0,0.0,11.0,0
44.00_83.00,2010-09-06,44.0,83.0,0.0,0.0,0.0,0.0,0.0,0.0,12.0,0
44.00_83.00,2010-09-13,44.0,83.0,0.0,0.0,0.0,0.0,0.0,0.0,13.0,0
44.00_83.00,2010-09-20,44.0,83.0,0.0,0.0,0.0,0.0,0.0,0.0,14.0,0
44.00_83.00,2010-09-27,44.0,83.0,0.0,0.0,0.0,0.0,0.0,0.0,15.0,0
44.00_83.00,2010-10-04,44.0,83.0,0.0,0.0,0.0,0.0,0.0,0.0,16.0,0
44.00_83.00,2010-10-11,44.0,83.0,0.0,0.0,0.0,0.0,0.0,0.0,17.0,0
44.00_83.00,2010-10-18,44.0,83.0,0.0,0.0,0.0,0.0,0.0,0.0,18.0,0
44.00_83.00,2010-10-25,44.0,83.0,0.0,0.0,0.0,0.0,0.0,0.0,19.0,0
44.00_83.00,2010-11-01,44.0,83.0,0.0,0.0,0.0,0.0,0.0,0.0,20.0,0
44.00_83.00,2010-11-08,44.0,83.0,0.0,0.0,0.0,0.0,0.0,0.0,21.0,0
44.00_83.00,2010-11-15,44.0,83.0,0.0,0.0,0.0,0.0,0.0,0.0,22.0,0
44.00_83.00,2010-11-22,44.0,83.0,0.0,0.0,0.0,0.0,0.0,0.0,23.0,0
44.00_83.00,2010-11-29,44.0,83.0,0.0,0.0,0.0,0.0,0.0,0.0,24.0,0
44.00_83.00,2010-12-06,44.0,83.0,0.0,0.0,0.0,0.0,0.0,0.0,25.0,0
44.00_83.00,2010-12-13,44.0,83.0,0.0,0.0,0.0,0.0,0.0,0.0,26.0,0
44.00_83.00,2010-12-20,44.0,83.0,0.0,0.0,0.0,0.0,0.0,0.0,27.0,0
44.00_83.00,2010-12-27,44.0,83.0,0.0,0.0,0.0,0.0,0.0,0.0,28.0,0
44.00_83.00,2011-01-03,44.0,83.0,0.0,0.0,0.0,0.0,0.0,0.0,29.0,0
44.00_83.00,2011-01-10,44.0,83.0,0.0,0.0,0.0,0.0,0.0,0.0,30.0,0
44.00_83.00,2011-01-17,44.0,83.0,0.0,0.0,0.0,0.0,0.0,0.0,31.0,0
44.00_83.00,2011-01-24,44.0,83.0,0.0,0.0,0.0,0.0,0.0,0.0,32.0,0
44.00_83.00,2011-01-31,44.0,83.0,0.0,0.0,0.0,0.0,0.0,0.0,33.0,0
44.00_83.00,2011-02-07,44.0,83.0,0.0,0.0,0.0,0.0,0.0,0.0,34.0,0
44.00_83.00,2011-02-14,44.0,83.0,0.0,0.0,0.0,0.0,0.0,0.0,35.0,0
44.00_83.00,2011-02-21,44.0,83.0,0.0,0.0,0.0,0.0,0.0,0.0,36.0,0
44.00_83.00,2011-02-28,44.0,83.0,0.0,0.0,0.0,0.0,0.0,0.0,37.0,0
44.00_83.00,2011-03-07,44.0,83.0,0.0,0.0,0.0,0.0,0.0,0.0,38.0,0
44.00_83.00,2011-03-14,44.0,83.0,0.0,0.0,0.0,0.0,0.0,0.0,39.0,0
44.00_83.00,2011-03-21,44.0,83.0,0.0,0.0,0.0,0.0,0.0,0.0,40.0,0
44.00_83.00,2011-03-28,44.0,83.0,0.0,0.0,0.0,0.0,0.0,0.0,41.0,0
44.00_83.00,2011-04-04,44.0,83.0,0.0,0.0,0.0,0.0,0.0,0.0,42.0,0
44.00_83.00,2011-04-11,44.0,83.0,0.0,0.0,0.0,0.0,0.0,0.0,43.0,0
44.00_83.00,2011-04-18,44.0,83.0,0.0,0.0,0.0,0.0,0.0,0.0,44.0,0
44.00_83.00,2011-04-25,44.0,83.0,0.0,0.0,0.0,0.0,0.0,0.0,45.0,0
44.00_83.00,2011-05-02,44.0,83.0,0.0,0.0,0.0,0.0,0.0,0.0,46.0,0
44.00_83.00,2011-05-09,44.0,83.0,0.0,0.0,0.0,0.0,0.0,0.0,47.0,0
44.00_83.00,2011-05-16,44.0,83.0,0.0,0.0,0.0,0.0,0.0,0.0,48.0,0
44.00_83.00,2011-05-23,44.0,83.0,0.0,0.0,0.0,0.0,0.0,0.0,49.0,0
44.00_83.00,2011-05-30,44.0,83.0,0.0,0.0,0.0,0.0,0.0,0.0,50.0,0
44.00_83.00,2011-06-06,44.0,83.0,0.0,0.0,0.0,0.0,0.0,0.0,51.0,0
44.00_83.00,2011-06-13,44.0,83.0,0.0,0.0,0.0,0.0,0.0,0.0,52.0,0
44.00_83.00,2011-06-20,44.0,83.0,0.0,0.0,0.0,0.0,0.0,0.0,53.0,0
44.00_83.00,2011-06-27,44.0,83.0,0.0,0.0,0.0,0.0,0.0,0.0,54.0,0
44.00_83.00,2011-07-04,44.0,83.0,0.0,0.0,0.0,0.0,0.0,0.0,55.0,0
44.00_83.00,2011-07-11,44.0,83.0,0.0,0.0,0.0,0.0,0.0,0.0,56.0,0
44.00_83.00,2011-07-18,44.0,83.0,0.0,0.0,0.0,0.0,0.0,0.0,57.0,0
44.00_83.00,2011-07-25,44.0,83.0,0.0,0.0,0.0,0.0,0.0,0.0,58.0,0
44.00_83.00,2011-08-01,44.0,83.0,0.0,0.0,0.0,0.0,0.0,0.0,59.0,0
44.00_83.00,2011-08-08,44.0,83.0,0.0,0.0,0.0,0.0,0.0,0.0,60.0,0
44.00_83.00,2011-08-15,44.0,83.0,0.0,0.0,0.0,0.0,0.0,0.0,61.0,0
44.00_83.00,2011-08-22,44.0,83.0,0.0,0.0,0.0,0.0,0.0,0.0,62.0,0
44.00_83.00,2011-08-29,44.0,83.0,0.0,0.0,0.0,0.0,0.0,0.0,63.0,0
44.00_83.00,2011-09-05,44.0,83.0,0.0,0.0,0.0,0.0,0.0,0.0,64.0,0
44.00_83.00,2011-09-12,44.0,83.0,0.0,0.0,0.0,0.0,0.0,0.0,65.0,0
44.00_83.00,2011-09-19,44.0,83.0,0.0,0.0,0.0,0.0,0.0,0.0,66.0,0
44.00_83.00,2011-09-26,44.0,83.0,0.0,0.0,0.0,0.0,0.0,0.0,67.0,0
44.00_83.00,2011-10-03,44.0,83.0,0.0,0.0,0.0,0.0,0.0,0.0,68.0,0
44.00_83.00,2011-10-10,44.0,83.0,0.0,0.0,0.0,0.0,0.0,0.0,69.0,0
44.00_83.00,2011-10-17,44.0,83.0,0.0,0.0,0.0,0.0,0.0,0.0,70.0,0
44.00_83.00,2011-10-24,44.0,83.0,0.0,0.0,0.0,0.0,0.0,0.0,71.0,0
44.00_83.00,2011-10-31,44.0,83.0,0.0,0.0,0.0,0.0,0.0,0.0,72.0,0
44.00_83.00,2011-11-07,44.0,83.0,0.0,0.0,0.0,0.0,0.0,0.0,73.0,0
44.00_83.00,2011-11-14,44.0,83.0,0.0,0.0,0.0,0.0,0.0,0.0,74.0,0
44.00_83.00,2011-11-21,44.0,83.0,0.0,0.0,0.0,0.0,0.0,0.0,75.0,0
44.00_83.00,2011-11-28,44.0,83.0,0.0,0.0,0.0,0.0,0.0,0.0,76.0,0
44.00_83.00,2011-12-05,44.0,83.0,0.0,0.0,0.0,0.0,0.0,0.0,77.0,0
44.00_83.00,2011-12-12,44.0,83.0,0.0,0.0,0.0,0.0,0.0,0.0,78.0,0
44.00_83.00,2011-12-19,44.0,83.0,0.0,0.0,0.0,0.0,0.0,0.0,79.0,0
44.00_83.00,2011-12-26,44.0,83.0,0.0,0.0,0.0,0.0,0.0,0.0,80.0,0
44.00_83.00,2012-01-02,44.0,83.0,0.0,0.0,0.0,0.0,0.0,0.0,81.0,0
44.00_83.00,2012-01-09,44.0,83.0,0.0,0.0,0.0,0.0,0.0,0.0,82.0,0
44.00_83.00,2012-01-16,44.0,83.0,0.0,0.0,0.0,0.0,0.0,0.0,83.0,0
44.00_83.00,2012-01-23,44.0,83.0,0.0,0.0,0.0,0.0,0.0,0.0,84.0,0
44.00_83.00,2012-01-30,44.0,83.0,0.0,0.0,0.0,0.0,0.0,0.0,85.0,0
44.00_83.00,2012-02-06,44.0,83.0,0.0,0.0,0.0,0.0,0.0,0.0,86.0,1
44.00_83.00,2012-02-13,44.0,83.0,1.0,4.7,4.7,4.7,1.0,11220184.543019652,0.0,0
44.00_83.00,2012-02-20,44.0,83.0,0.0,0.0,0.0,4.7,1.0,11220184.543019652,1.0,0
44.00_83.00,2012-02-27,44.0,83.0,0.0,0.0,0.0,4.7,1.0,11220184.543019652,2.0,0
44.00_83.00,2012-03-05,44.0,83.0,0.0,0.0,0.0,4.7,1.0,11220184.543019652,3.0,0
44.00_83.00,2012-03-12,44.0,83.0,0.0,0.0,0.0,0.0,1.0,11220184.543019652,4.0,0
44.00_83.00,2012-03-19,44.0,83.0,0.0,0.0,0.0,0.0,1.0,11220184.543019652,5.0,0
44.00_83.00,2012-03-26,44.0,83.0,0.0,0.0,0.0,0.0,1.0,11220184.543019652,6.0,0
44.00_83.00,2012-04-02,44.0,83.0,0.0,0.0,0.0,0.0,1.0,11220184.543019652,7.0,0
44.00_83.00,2012-04-09,44.0,83.0,0.0,0.0,0.0,0.0,1.0,0.0,8.0,0
44.00_83.00,2012-04-16,44.0,83.0,0.0,0.0,0.0,0.0,1.0,0.0,9.0,0
44.00_83.00,2012-04-23,44.0,83.0,0.0,0.0,0.0,0.0,1.0,0.0,10.0,0
44.00_83.00,2012-04-30,44.0,83.0,0.0,0.0,0.0,0.0,1.0,0.0,11.0,0
44.00_83.00,2012-05-07,44.0,83.0,0.0,0.0,0.0,0.0,0.0,0.0,12.0,0
44.00_83.00,2012-05-14,44.0,83.0,0.0,0.0,0.0,0.0,0.0,0.0,13.0,0
44.00_83.00,2012-05-21,44.0,83.0,0.0,0.0,0.0,0.0,0.0,0.0,14.0,0
44.00_83.00,2012-05-28,44.0,83.0,0.0,0.0,0.0,0.0,0.0,0.0,15.0,0
44.00_83.00,2012-06-04,44.0,83.0,0.0,0.0,0.0,0.0,0.0,0.0,16.0,0
44.00_83.00,2012-06-11,44.0,83.0,0.0,0.0,0.0,0.0,0.0,0.0,17.0,0
44.00_83.00,2012-06-18,44.0,83.0,0.0,0.0,0.0,0.0,0.0,0.0,18.0,0
44.00_83.00,2012-06-25,44.0,83.0,0.0,0.0,0.0,0.0,0.0,0.0,19.0,0
44.00_83.00,2012-07-02,44.0,83.0,0.0,0.0,0.0,0.0,0.0,0.0,20.0,0
44.00_83.00,2012-07-09,44.0,83.0,0.0,0.0,0.0,0.0,0.0,0.0,21.0,0
44.00_83.00,2012-07-16,44.0,83.0,0.0,0.0,0.0,0.0,0.0,0.0,22.0,0
44.00_83.00,2012-07-23,44.0,83.0,0.0,0.0,0.0,0.0,0.0,0.0,23.0,0
44.00_83.00,2012-07-30,44.0,83.0,0.0,0.0,0.0,0.0,0.0,0.0,24.0,0
44.00_83.00,2012-08-06,44.0,83.0,0.0,0.0,0.0,0.0,0.0,0.0,25.0,0
44.00_83.00,2012-08-13,44.0,83.0,0.0,0.0,0.0,0.0,0.0,0.0,26.0,0
44.00_83.00,2012-08-20,44.0,83.0,0.0,0.0,0.0,0.0,0.0,0.0,27.0,0
44.00_83.00,2012-08-27,44.0,83.0,0.0,0.0,0.0,0.0,0.0,0.0,28.0,0
44.00_83.00,2012-09-03,44.0,83.0,0.0,0.0,0.0,0.0,0.0,0.0,29.0,0
44.00_83.00,2012-09-10,44.0,83.0,0.0,0.0,0.0,0.0,0.0,0.0,30.0,0
44.00_83.00,2012-09-17,44.0,83.0,0.0,0.0,0.0,0.0,0.0,0.0,31.0,0
44.00_83.00,2012-09-24,44.0,83.0,0.0,0.0,0.0,0.0,0.0,0.0,32.0,0
44.00_83.00,2012-10-01,44.0,83.0,0.0,0.0,0.0,0.0,0.0,0.0,33.0,0
44.00_83.00,2012-10-08,44.0,83.0,0.0,0.0,0.0,0.0,0.0,0.0,34.0,0
44.00_83.00,2012-10-15,44.0,83.0,0.0,0.0,0.0,0.0,0.0,0.0,35.0,0
44.00_83.00,2012-10-22,44.0,83.0,0.0,0.0,0.0,0.0,0.0,0.0,36.0,0
44.00_83.00,2012-10-29,44.0,83.0,0.0,0.0,0.0,0.0,0.0,0.0,37.0,0
44.00_83.00,2012-11-05,44.0,83.0,0.0,0.0,0.0,0.0,0.0,0.0,38.0,0
44.00_83.00,2012-11-12,44.0,83.0,0.0,0.0,0.0,0.0,0.0,0.0,39.0,0
44.00_83.00,2012-11-19,44.0,83.0,0.0,0.0,0.0,0.0,0.0,0.0,40.0,0
44.00_83.00,2012-11-26,44.0,83.0,0.0,0.0,0.0,0.0,0.0,0.0,41.0,0
44.00_83.00,2012-12-03,44.0,83.0,0.0,0.0,0.0,0.0,0.0,0.0,42.0,0
44.00_83.00,2012-12-10,44.0,83.0,0.0,0.0,0.0,0.0,0.0,0.0,43.0,0
44.00_83.00,2012-12-17,44.0,83.0,0.0,0.0,0.0,0.0,0.0,0.0,44.0,0
44.00_83.00,2012-12-24,44.0,83.0,0.0,0.0,0.0,0.0,0.0,0.0,45.0,0
44.00_83.00,2012-12-31,44.0,83.0,0.0,0.0,0.0,0.0,0.0,0.0,46.0,0
44.00_83.00,2013-01-07,44.0,83.0,0.0,0.0,0.0,0.0,0.0,0.0,47.0,0
44.00_83.00,2013-01-14,44.0,83.0,0.0,0.0,0.0,0.0,0.0,0.0,48.0,0
44.00_83.00,2013-01-21,44.0,83.0,0.0,0.0,0.0,0.0,0.0,0.0,49.0,0
44.00_83.00,2013-01-28,44.0,83.0,0.0,0.0,0.0,0.0,0.0,0.0,50.0,0
44.00_83.00,2013-02-04,44.0,83.0,0.0,0.0,0.0,0.0,0.0,0.0,51.0,0
44.00_83.00,2013-02-11,44.0,83.0,0.0,0.0,0.0,0.0,0.0,0.0,52.0,0
44.00_83.00,2013-02-18,44.0,83.0,0.0,0.0,0.0,0.0,0.0,0.0,53.0,0
44.00_83.00,2013-02-25,44.0,83.0,0.0,0.0,0.0,0.0,0.0,0.0,54.0,0
44.00_83.00,2013-03-04,44.0,83.0,0.0,0.0,0.0,0.0,0.0,0.0,55.0,0
44.00_83.00,2013-03-11,44.0,83.0,0.0,0.0,0.0,0.0,0.0,0.0,56.0,0
44.00_83.00,2013-03-18,44.0,83.0,0.0,0.0,0.0,0.0,0.0,0.0,57.0,0
44.00_83.00,2013-03-25,44.0,83.0,0.0,0.0,0.0,0.0,0.0,0.0,58.0,0
44.00_83.00,2013-04-01,44.0,83.0,0.0,0.0,0.0,0.0,0.0,0.0,59.0,0
44.00_83.00,2013-04-08,44.0,83.0,0.0,0.0,0.0,0.0,0.0,0.0,60.0,0
44.00_83.00,2013-04-15,44.0,83.0,0.0,0.0,0.0,0.0,0.0,0.0,61.0,0
44.00_83.00,2013-04-22,44.0,83.0,0.0,0.0,0.0,0.0,0.0,0.0,62.0,0
44.00_83.00,2013-04-29,44.0,83.0,0.0,0.0,0.0,0.0,0.0,0.0,63.0,0
44.00_83.00,2013-05-06,44.0,83.0,0.0,0.0,0.0,0.0,0.0,0.0,64.0,0
44.00_83.00,2013-05-13,44.0,83.0,0.0,0.0,0.0,0.0,0.0,0.0,65.0,0
44.00_83.00,2013-05-20,44.0,83.0,0.0,0.0,0.0,0.0,0.0,0.0,66.0,0
44.00_83.00,2013-05-27,44.0,83.0,0.0,0.0,0.0,0.0,0.0,0.0,67.0,0
44.00_83.00,2013-06-03,44.0,83.0,0.0,0.0,0.0,0.0,0.0,0.0,68.0,0
44.00_83.00,2013-06-10,44.0,83.0,0.0,0.0,0.0,0.0,0.0,0.0,69.0,0
44.00_83.00,2013-06-17,44.0,83.0,0.0,0.0,0.0,0.0,0.0,0.0,70.0,0
44.00_83.00,2013-06-24,44.0,83.0,0.0,0.0,0.0,0.0,0.0,0.0,71.0,2
44.00_83.00,2013-07-01,44.0,83.0,2.0,4.7,4.5,4.7,2.0,16843597.79492314,0.0,0
44.00_83.00,2013-07-08,44.0,83.0,0.0,0.0,0.0,4.7,2.0,16843597.79492314,1.0,0
44.00_83.00,2013-07-15,44.0,83.0,0.0,0.0,0.0,4.7,2.0,16843597.79492314,2.0,0
44.00_83.00,2013-07-22,44.0,83.0,0.0,0.0,0.0,4.7,2.0,16843597.79492314,3.0,0
44.00_83.00,2013-07-29,44.0,83.0,0.0,0.0,0.0,0.0,2.0,16843597.79492314,4.0,1
44.00_83.00,2013-08-05,44.0,83.0,1.0,4.9,4.9,4.9,3.0,39230809.18060657,0.0,0
44.00_83.00,2013-08-12,44.0,83.0,0.0,0.0,0.0,4.9,3.0,39230809.18060657,1.0,0
44.00_83.00,2013-08-19,44.0,83.0,0.0,0.0,0.0,4.9,3.0,39230809.18060657,2.0,0
44.00_83.00,2013-08-26,44.0,83.0,0.0,0.0,0.0,4.9,3.0,22387211.385683425,3.0,0
44.00_83.00,2013-09-02,44.0,83.0,0.0,0.0,0.0,0.0,3.0,22387211.385683425,4.0,0
44.00_83.00,2013-09-09,44.0,83.0,0.0,0.0,0.0,0.0,3.0,22387211.385683425,5.0,0
44.00_83.00,2013-09-16,44.0,83.0,0.0,0.0,0.0,0.0,3.0,22387211.385683425,6.0,0
44.00_83.00,2013-09-23,44.0,83.0,0.0,0.0,0.0,0.0,1.0,22387211.385683425,7.0,0
44.00_83.00,2013-09-30,44.0,83.0,0.0,0.0,0.0,0.0,1.0,0.0,8.0,0
44.00_83.00,2013-10-07,44.0,83.0,0.0,0.0,0.0,0.0,1.0,0.0,9.0,0
44.00_83.00,2013-10-14,44.0,83.0,0.0,0.0,0.0,0.0,1.0,0.0,10.0,0
44.00_83.00,2013-10-21,44.0,83.0,0.0,0.0,0.0,0.0,1.0,0.0,11.0,0
44.00_83.00,2013-10-28,44.0,83.0,0.0,0.0,0.0,0.0,0.0,0.0,12.0,0
44.00_83.00,2013-11-04,44.0,83.0,0.0,0.0,0.0,0.0,0.0,0.0,13.0,0
44.00_83.00,2013-11-11,44.0,83.0,0.0,0.0,0.0,0.0,0.0,0.0,14.0,0
44.00_83.00,2013-11-18,44.0,83.0,0.0,0.0,0.0,0.0,0.0,0.0,15.0,0
44.00_83.00,2013-11-25,44.0,83.0,0.0,0.0,0.0,0.0,0.0,0.0,16.0,0
44.00_83.00,2013-12-02,44.0,83.0,0.0,0.0,0.0,0.0,0.0,0.0,17.0,0
44.00_83.00,2013-12-09,44.0,83.0,0.0,0.0,0.0,0.0,0.0,0.0,18.0,0
44.00_83.00,2013-12-16,44.0,83.0,0.0,0.0,0.0,0.0,0.0,0.0,19.0,0
44.00_83.00,2013-12-23,44.0,83.0,0.0,0.0,0.0,0.0,0.0,0.0,20.0,0
44.00_83.00,2013-12-30,44.0,83.0,0.0,0.0,0.0,0.0,0.0,0.0,21.0,0
44.00_83.00,2014-01-06,44.0,83.0,0.0,0.0,0.0,0.0,0.0,0.0,22.0,0
44.00_83.00,2014-01-13,44.0,83.0,0.0,0.0,0.0,0.0,0.0,0.0,23.0,0
44.00_83.00,2014-01-20,44.0,83.0,0.0,0.0,0.0,0.0,0.0,0.0,24.0,0
44.00_83.00,2014-01-27,44.0,83.0,0.0,0.0,0.0,0.0,0.0,0.0,25.0,0
44.00_83.00,2014-02-03,44.0,83.0,0.0,0.0,0.0,0.0,0.0,0.0,26.0,0
44.00_83.00,2014-02-10,44.0,83.0,0.0,0.0,0.0,0.0,0.0,0.0,27.0,0
44.00_83.00,2014-02-17,44.0,83.0,0.0,0.0,0.0,0.0,0.0,0.0,28.0,0
44.00_83.00,2014-02-24,44.0,83.0,0.0,0.0,0.0,0.0,0.0,0.0,29.0,0
44.00_83.00,2014-03-03,44.0,83.0,0.0,0.0,0.0,0.0,0.0,0.0,30.0,0
44.00_83.00,2014-03-10,44.0,83.0,0.0,0.0,0.0,0.0,0.0,0.0,31.0,0
44.00_83.00,2014-03-17,44.0,83.0,0.0,0.0,0.0,0.0,0.0,0.0,32.0,0
44.00_83.00,2014-03-24,44.0,83.0,0.0,0.0,0.0,0.0,0.0,0.0,33.0,0
44.00_83.00,2014-03-31,44.0,83.0,0.0,0.0,0.0,0.0,0.0,0.0,34.0,0
44.00_83.00,2014-04-07,44.0,83.0,0.0,0.0,0.0,0.0,0.0,0.0,35.0,0
44.00_83.00,2014-04-14,44.0,83.0,0.0,0.0,0.0,0.0,0.0,0.0,36.0,0
44.00_83.00,2014-04-21,44.0,83.0,0.0,0.0,0.0,0.0,0.0,0.0,37.0,0
44.00_83.00,2014-04-28,44.0,83.0,0.0,0.0,0.0,0.0,0.0,0.0,38.0,0
44.00_83.00,2014-05-05,44.0,83.0,0.0,0.0,0.0,0.0,0.0,0.0,39.0,0
44.00_83.00,2014-05-12,44.0,83.0,0.0,0.0,0.0,0.0,0.0,0.0,40.0,0
44.00_83.00,2014-05-19,44.0,83.0,0.0,0.0,0.0,0.0,0.0,0.0,41.0,0
44.00_83.00,2014-05-26,44.0,83.0,0.0,0.0,0.0,0.0,0.0,0.0,42.0,0
44.00_83.00,2014-06-02,44.0,83.0,0.0,0.0,0.0,0.0,0.0,0.0,43.0,0
44.00_83.00,2014-06-09,44.0,83.0,0.0,0.0,0.0,0.0,0.0,0.0,44.0,0
44.00_83.00,2014-06-16,44.0,83.0,0.0,0.0,0.0,0.0,0.0,0.0,45.0,0
44.00_83.00,2014-06-23,44.0,83.0,0.0,0.0,0.0,0.0,0.0,0.0,46.0,0
44.00_83.00,2014-06-30,44.0,83.0,0.0,0.0,0.0,0.0,0.0,0.0,47.0,0
44.00_83.00,2014-07-07,44.0,83.0,0.0,0.0,0.0,0.0,0.0,0.0,48.0,0
44.00_83.00,2014-07-14,44.0,83.0,0.0,0.0,0.0,0.0,0.0,0.0,49.0,0
44.00_83.00,2014-07-21,44.0,83.0,0.0,0.0,0.0,0.0,0.0,0.0,50.0,0
44.00_83.00,2014-07-28,44.0,83.0,0.0,0.0,0.0,0.0,0.0,0.0,51.0,0
44.00_83.00,2014-08-04,44.0,83.0,0.0,0.0,0.0,0.0,0.0,0.0,52.0,0
44.00_83.00,2014-08-11,44.0,83.0,0.0,0.0,0.0,0.0,0.0,0.0,53.0,0
44.00_83.00,2014-08-18,44.0,83.0,0.0,0.0,0.0,0.0,0.0,0.0,54.0,0
44.00_83.00,2014-08-25,44.0,83.0,0.0,0.0,0.0,0.0,0.0,0.0,55.0,0
44.00_83.00,2014-09-01,44.0,83.0,0.0,0.0,0.0,0.0,0.0,0.0,56.0,0
44.00_83.00,2014-09-08,44.0,83.0,0.0,0.0,0.0,0.0,0.0,0.0,57.0,0
44.00_83.00,2014-09-15,44.0,83.0,0.0,0.0,0.0,0.0,0.0,0.0,58.0,0
44.00_83.00,2014-09-22,44.0,83.0,0.0,0.0,0.0,0.0,0.0,0.0,59.0,0
44.00_83.00,2014-09-29,44.0,83.0,0.0,0.0,0.0,0.0,0.0,0.0,60.0,0
44.00_83.00,2014-10-06,44.0,83.0,0.0,0.0,0.0,0.0,0.0,0.0,61.0,0
44.00_83.00,2014-10-13,44.0,83.0,0.0,0.0,0.0,0.0,0.0,0.0,62.0,0
44.00_83.00,2014-10-20,44.0,83.0,0.0,0.0,0.0,0.0,0.0,0.0,63.0,0
44.00_83.00,2014-10-27,44.0,83.0,0.0,0.0,0.0,0.0,0.0,0.0,64.0,0
44.00_83.00,2014-11-03,44.0,83.0,0.0,0.0,0.0,0.0,0.0,0.0,65.0,2
44.00_83.00,2014-11-10,44.0,83.0,2.0,4.6,4.4,4.6,2.0,11924354.052777782,0.0,0
44.00_83.00,2014-11-17,44.0,83.0,0.0,0.0,0.0,4.6,2.0,11924354.052777782,1.0,0
44.00_83.00,2014-11-24,44.0,83.0,0.0,0.0,0.0,4.6,2.0,11924354.052777782,2.0,0
44.00_83.00,2014-12-01,44.0,83.0,0.0,0.0,0.0,4.6,2.0,11924354.052777782,3.0,0
44.00_83.00,2014-12-08,44.0,83.0,0.0,0.0,0.0,0.0,2.0,11924354.052777782,4.0,0
44.00_83.00,2014-12-15,44.0,83.0,0.0,0.0,0.0,0.0,2.0,11924354.052777782,5.0,0
44.00_83.00,2014-12-22,44.0,83.0,0.0,0.0,0.0,0.0,2.0,11924354.052777782,6.0,0
44.00_83.00,2014-12-29,44.0,83.0,0.0,0.0,0.0,0.0,2.0,11924354.052777782,7.0,0
44.00_83.00,2015-01-05,44.0,83.0,0.0,0.0,0.0,0.0,2.0,0.0,8.0,0
44.00_83.00,2015-01-12,44.0,83.0,0.0,0.0,0.0,0.0,2.0,0.0,9.0,0
44.00_83.00,2015-01-19,44.0,83.0,0.0,0.0,0.0,0.0,2.0,0.0,10.0,1
44.00_83.00,2015-01-26,44.0,83.0,1.0,4.8,4.8,4.8,3.0,15848931.924611108,0.0,0
44.00_83.00,2015-02-02,44.0,83.0,0.0,0.0,0.0,4.8,1.0,15848931.924611108,1.0,0
44.00_83.00,2015-02-09,44.0,83.0,0.0,0.0,0.0,4.8,1.0,15848931.924611108,2.0,0
44.00_83.00,2015-02-16,44.0,83.0,0.0,0.0,0.0,4.8,1.0,15848931.924611108,3.0,0
44.00_83.00,2015-02-23,44.0,83.0,0.0,0.0,0.0,0.0,1.0,15848931.924611108,4.0,0
44.00_83.00,2015-03-02,44.0,83.0,0.0,0.0,0.0,0.0,1.0,15848931.924611108,5.0,0
44.00_83.00,2015-03-09,44.0,83.0,0.0,0.0,0.0,0.0,1.0,15848931.924611108,6.0,0
44.00_83.00,2015-03-16,44.0,83.0,0.0,0.0,0.0,0.0,1.0,15848931.924611108,7.0,0
44.00_83.00,2015-03-23,44.0,83.0,0.0,0.0,0.0,0.0,1.0,0.0,8.0,0
44.00_83.00,2015-03-30,44.0,83.0,0.0,0.0,0.0,0.0,1.0,0.0,9.0,0
44.00_83.00,2015-04-06,44.0,83.0,0.0,0.0,0.0,0.0,1.0,0.0,10.0,0
44.00_83.00,2015-04-13,44.0,83.0,0.0,0.0,0.0,0.0,1.0,0.0,11.0,0
44.00_83.00,2015-04-20,44.0,83.0,0.0,0.0,0.0,0.0,0.0,0.0,12.0,0
44.00_83.00,2015-04-27,44.0,83.0,0.0,0.0,0.0,0.0,0.0,0.0,13.0,0
44.00_83.00,2015-05-04,44.0,83.0,0.0,0.0,0.0,0.0,0.0,0.0,14.0,0
44.00_83.00,2015-05-11,44.0,83.0,0.0,0.0,0.0,0.0,0.0,0.0,15.0,0
44.00_83.00,2015-05-18,44.0,83.0,0.0,0.0,0.0,0.0,0.0,0.0,16.0,0
44.00_83.00,2015-05-25,44.0,83.0,0.0,0.0,0.0,0.0,0.0,0.0,17.0,0
44.00_83.00,2015-06-01,44.0,83.0,0.0,0.0,0.0,0.0,0.0,0.0,18.0,0
44.00_83.00,2015-06-08,44.0,83.0,0.0,0.0,0.0,0.0,0.0,0.0,19.0,0
44.00_83.00,2015-06-15,44.0,83.0,0.0,0.0,0.0,0.0,0.0,0.0,20.0,0
44.00_83.00,2015-06-22,44.0,83.0,0.0,0.0,0.0,0.0,0.0,0.0,21.0,0
44.00_83.00,2015-06-29,44.0,83.0,0.0,0.0,0.0,0.0,0.0,0.0,22.0,0
44.00_83.00,2015-07-06,44.0,83.0,0.0,0.0,0.0,0.0,0.0,0.0,23.0,0
44.00_83.00,2015-07-13,44.0,83.0,0.0,0.0,0.0,0.0,0.0,0.0,24.0,0
44.00_83.00,2015-07-20,44.0,83.0,0.0,0.0,0.0,0.0,0.0,0.0,25.0,0
44.00_83.00,2015-07-27,44.0,83.0,0.0,0.0,0.0,0.0,0.0,0.0,26.0,0
44.00_83.00,2015-08-03,44.0,83.0,0.0,0.0,0.0,0.0,0.0,0.0,27.0,0
44.00_83.00,2015-08-10,44.0,83.0,0.0,0.0,0.0,0.0,0.0,0.0,28.0,0
44.00_83.00,2015-08-17,44.0,83.0,0.0,0.0,0.0,0.0,0.0,0.0,29.0,0
44.00_83.00,2015-08-24,44.0,83.0,0.0,0.0,0.0,0.0,0.0,0.0,30.0,0
44.00_83.00,2015-08-31,44.0,83.0,0.0,0.0,0.0,0.0,0.0,0.0,31.0,0
44.00_83.00,2015-09-07,44.0,83.0,0.0,0.0,0.0,0.0,0.0,0.0,32.0,0
44.00_83.00,2015-09-14,44.0,83.0,0.0,0.0,0.0,0.0,0.0,0.0,33.0,0
44.00_83.00,2015-09-21,44.0,83.0,0.0,0.0,0.0,0.0,0.0,0.0,34.0,0
44.00_83.00,2015-09-28,44.0,83.0,0.0,0.0,0.0,0.0,0.0,0.0,35.0,0
44.00_83.00,2015-10-05,44.0,83.0,0.0,0.0,0.0,0.0,0.0,0.0,36.0,0
44.00_83.00,2015-10-12,44.0,83.0,0.0,0.0,0.0,0.0,0.0,0.0,37.0,0
44.00_83.00,2015-10-19,44.0,83.0,0.0,0.0,0.0,0.0,0.0,0.0,38.0,0
44.00_83.00,2015-10-26,44.0,83.0,0.0,0.0,0.0,0.0,0.0,0.0,39.0,0
44.00_83.00,2015-11-02,44.0,83.0,0.0,0.0,0.0,0.0,0.0,0.0,40.0,0
44.00_83.00,2015-11-09,44.0,83.0,0.0,0.0,0.0,0.0,0.0,0.0,41.0,0
44.00_83.00,2015-11-16,44.0,83.0,0.0,0.0,0.0,0.0,0.0,0.0,42.0,0
44.00_83.00,2015-11-23,44.0,83.0,0.0,0.0,0.0,0.0,0.0,0.0,43.0,0
44.00_83.00,2015-11-30,44.0,83.0,0.0,0.0,0.0,0.0,0.0,0.0,44.0,0
44.00_83.00,2015-12-07,44.0,83.0,0.0,0.0,0.0,0.0,0.0,0.0,45.0,0
44.00_83.00,2015-12-14,44.0,83.0,0.0,0.0,0.0,0.0,0.0,0.0,46.0,0
44.00_83.00,2015-12-21,44.0,83.0,0.0,0.0,0.0,0.0,0.0,0.0,47.0,0
44.00_83.00,2015-12-28,44.0,83.0,0.0,0.0,0.0,0.0,0.0,0.0,48.0,0
44.00_83.00,2016-01-04,44.0,83.0,0.0,0.0,0.0,0.0,0.0,0.0,49.0,0
44.00_83.00,2016-01-11,44.0,83.0,0.0,0.0,0.0,0.0,0.0,0.0,50.0,0
44.00_83.00,2016-01-18,44.0,83.0,0.0,0.0,0.0,0.0,0.0,0.0,51.0,0
44.00_83.00,2016-01-25,44.0,83.0,0.0,0.0,0.0,0.0,0.0,0.0,52.0,0
44.00_83.00,2016-02-01,44.0,83.0,0.0,0.0,0.0,0.0,0.0,0.0,53.0,0
44.00_83.00,2016-02-08,44.0,83.0,0.0,0.0,0.0,0.0,0.0,0.0,54.0,0
44.00_83.00,2016-02-15,44.0,83.0,0.0,0.0,0.0,0.0,0.0,0.0,55.0,0
44.00_83.00,2016-02-22,44.0,83.0,0.0,0.0,0.0,0.0,0.0,0.0,56.0,0
44.00_83.00,2016-02-29,44.0,83.0,0.0,0.0,0.0,0.0,0.0,0.0,57.0,0
44.00_83.00,2016-03-07,44.0,83.0,0.0,0.0,0.0,0.0,0.0,0.0,58.0,0
44.00_83.00,2016-03-14,44.0,83.0,0.0,0.0,0.0,0.0,0.0,0.0,59.0,0
44.00_83.00,2016-03-21,44.0,83.0,0.0,0.0,0.0,0.0,0.0,0.0,60.0,0
44.00_83.00,2016-03-28,44.0,83.0,0.0,0.0,0.0,0.0,0.0,0.0,61.0,0
44.00_83.00,2016-04-04,44.0,83.0,0.0,0.0,0.0,0.0,0.0,0.0,62.0,0
44.00_83.00,2016-04-11,44.0,83.0,0.0,0.0,0.0,0.0,0.0,0.0,63.0,0
44.00_83.00,2016-04-18,44.0,83.0,0.0,0.0,0.0,0.0,0.0,0.0,64.0,0
44.00_83.00,2016-04-25,44.0,83.0,0.0,0.0,0.0,0.0,0.0,0.0,65.0,0
44.00_83.00,2016-05-02,44.0,83.0,0.0,0.0,0.0,0.0,0.0,0.0,66.0,0
44.00_83.00,2016-05-09,44.0,83.0,0.0,0.0,0.0,0.0,0.0,0.0,67.0,0
44.00_83.00,2016-05-16,44.0,83.0,0.0,0.0,0.0,0.0,0.0,0.0,68.0,0
44.00_83.00,2016-05-23,44.0,83.0,0.0,0.0,0.0,0.0,0.0,0.0,69.0,0
44.00_83.00,2016-05-30,44.0,83.0,0.0,0.0,0.0,0.0,0.0,0.0,70.0,0
44.00_83.00,2016-06-06,44.0,83.0,0.0,0.0,0.0,0.0,0.0,0.0,71.0,0
44.00_83.00,2016-06-13,44.0,83.0,0.0,0.0,0.0,0.0,0.0,0.0,72.0,0
44.00_83.00,2016-06-20,44.0,83.0,0.0,0.0,0.0,0.0,0.0,0.0,73.0,0
44.00_83.00,2016-06-27,44.0,83.0,0.0,0.0,0.0,0.0,0.0,0.0,74.0,0
44.00_83.00,2016-07-04,44.0,83.0,0.0,0.0,0.0,0.0,0.0,0.0,75.0,0
44.00_83.00,2016-07-11,44.0,83.0,0.0,0.0,0.0,0.0,0.0,0.0,76.0,0
44.00_83.00,2016-07-18,44.0,83.0,0.0,0.0,0.0,0.0,0.0,0.0,77.0,0
44.00_83.00,2016-07-25,44.0,83.0,0.0,0.0,0.0,0.0,0.0,0.0,78.0,0
44.00_83.00,2016-08-01,44.0,83.0,0.0,0.0,0.0,0.0,0.0,0.0,79.0,0
44.00_83.00,2016-08-08,44.0,83.0,0.0,0.0,0.0,0.0,0.0,0.0,80.0,0
44.00_83.00,2016-08-15,44.0,83.0,0.0,0.0,0.0,0.0,0.0,0.0,81.0,0
44.00_83.00,2016-08-22,44.0,83.0,0.0,0.0,0.0,0.0,0.0,0.0,82.0,0
44.00_83.00,2016-08-29,44.0,83.0,0.0,0.0,0.0,0.0,0.0,0.0,83.0,0
44.00_83.00,2016-09-05,44.0,83.0,0.0,0.0,0.0,0.0,0.0,0.0,84.0,0
44.00_83.00,2016-09-12,44.0,83.0,0.0,0.0,0.0,0.0,0.0,0.0,85.0,0
44.00_83.00,2016-09-19,44.0,83.0,0.0,0.0,0.0,0.0,0.0,0.0,86.0,0
44.00_83.00,2016-09-26,44.0,83.0,0.0,0.0,0.0,0.0,0.0,0.0,87.0,0
44.00_83.00,2016-10-03,44.0,83.0,0.0,0.0,0.0,0.0,0.0,0.0,88.0,0
44.00_83.00,2016-10-10,44.0,83.0,0.0,0.0,0.0,0.0,0.0,0.0,89.0,0
44.00_83.00,2016-10-17,44.0,83.0,0.0,0.0,0.0,0.0,0.0,0.0,90.0,0
44.00_83.00,2016-10-24,44.0,83.0,0.0,0.0,0.0,0.0,0.0,0.0,91.0,0
44.00_83.00,2016-10-31,44.0,83.0,0.0,0.0,0.0,0.0,0.0,0.0,92.0,0
44.00_83.00,2016-11-07,44.0,83.0,0.0,0.0,0.0,0.0,0.0,0.0,93.0,0
44.00_83.00,2016-11-14,44.0,83.0,0.0,0.0,0.0,0.0,0.0,0.0,94.0,0
44.00_83.00,2016-11-21,44.0,83.0,0.0,0.0,0.0,0.0,0.0,0.0,95.0,0
44.00_83.00,2016-11-28,44.0,83.0,0.0,0.0,0.0,0.0,0.0,0.0,96.0,0
44.00_83.00,2016-12-05,44.0,83.0,0.0,0.0,0.0,0.0,0.0,0.0,97.0,0
44.00_83.00,2016-12-12,44.0,83.0,0.0,0.0,0.0,0.0,0.0,0.0,98.0,0
44.00_83.00,2016-12-19,44.0,83.0,0.0,0.0,0.0,0.0,0.0,0.0,99.0,0
44.00_83.00,2016-12-26,44.0,83.0,0.0,0.0,0.0,0.0,0.0,0.0,100.0,0
44.00_83.00,2017-01-02,44.0,83.0,0.0,0.0,0.0,0.0,0.0,0.0,101.0,0
44.00_83.00,2017-01-09,44.0,83.0,0.0,0.0,0.0,0.0,0.0,0.0,102.0,0
44.00_83.00,2017-01-16,44.0,83.0,0.0,0.0,0.0,0.0,0.0,0.0,103.0,0
44.00_83.00,2017-01-23,44.0,83.0,0.0,0.0,0.0,0.0,0.0,0.0,104.0,0
44.00_83.00,2017-01-30,44.0,83.0,0.0,0.0,0.0,0.0,0.0,0.0,105.0,0
44.00_83.00,2017-02-06,44.0,83.0,0.0,0.0,0.0,0.0,0.0,0.0,106.0,0
44.00_83.00,2017-02-13,44.0,83.0,0.0,0.0,0.0,0.0,0.0,0.0,107.0,0
44.00_83.00,2017-02-20,44.0,83.0,0.0,0.0,0.0,0.0,0.0,0.0,108.0,0
44.00_83.00,2017-02-27,44.0,83.0,0.0,0.0,0.0,0.0,0.0,0.0,109.0,0
44.00_83.00,2017-03-06,44.0,83.0,0.0,0.0,0.0,0.0,0.0,0.0,110.0,0
44.00_83.00,2017-03-13,44.0,83.0,0.0,0.0,0.0,0.0,0.0,0.0,111.0,0
44.00_83.00,2017-03-20,44.0,83.0,0.0,0.0,0.0,0.0,0.0,0.0,112.0,0
44.00_83.00,2017-03-27,44.0,83.0,0.0,0.0,0.0,0.0,0.0,0.0,113.0,0
44.00_83.00,2017-04-03,44.0,83.0,0.0,0.0,0.0,0.0,0.0,0.0,114.0,0
44.00_83.00,2017-04-10,44.0,83.0,0.0,0.0,0.0,0.0,0.0,0.0,115.0,0
44.00_83.00,2017-04-17,44.0,83.0,0.0,0.0,0.0,0.0,0.0,0.0,116.0,0
44.00_83.00,2017-04-24,44.0,83.0,0.0,0.0,0.0,0.0,0.0,0.0,117.0,0
44.00_83.00,2017-05-01,44.0,83.0,0.0,0.0,0.0,0.0,0.0,0.0,118.0,0
44.00_83.00,2017-05-08,44.0,83.0,0.0,0.0,0.0,0.0,0.0,0.0,119.0,0
44.00_83.00,2017-05-15,44.0,83.0,0.0,0.0,0.0,0.0,0.0,0.0,120.0,0
44.00_83.00,2017-05-22,44.0,83.0,0.0,0.0,0.0,0.0,0.0,0.0,121.0,0
44.00_83.00,2017-05-29,44.0,83.0,0.0,0.0,0.0,0.0,0.0,0.0,122.0,0
44.00_83.00,2017-06-05,44.0,83.0,0.0,0.0,0.0,0.0,0.0,0.0,123.0,0
44.00_83.00,2017-06-12,44.0,83.0,0.0,0.0,0.0,0.0,0.0,0.0,124.0,0
44.00_83.00,2017-06-19,44.0,83.0,0.0,0.0,0.0,0.0,0.0,0.0,125.0,0
44.00_83.00,2017-06-26,44.0,83.0,0.0,0.0,0.0,0.0,0.0,0.0,126.0,0
44.00_83.00,2017-07-03,44.0,83.0,0.0,0.0,0.0,0.0,0.0,0.0,127.0,0
44.00_83.00,2017-07-10,44.0,83.0,0.0,0.0,0.0,0.0,0.0,0.0,128.0,0
44.00_83.00,2017-07-17,44.0,83.0,0.0,0.0,0.0,0.0,0.0,0.0,129.0,0
44.00_83.00,2017-07-24,44.0,83.0,0.0,0.0,0.0,0.0,0.0,0.0,130.0,0
44.00_83.00,2017-07-31,44.0,83.0,0.0,0.0,0.0,0.0,0.0,0.0,131.0,0
44.00_83.00,2017-08-07,44.0,83.0,0.0,0.0,0.0,0.0,0.0,0.0,132.0,0
44.00_83.00,2017-08-14,44.0,83.0,0.0,0.0,0.0,0.0,0.0,0.0,133.0,0
44.00_83.00,2017-08-21,44.0,83.0,0.0,0.0,0.0,0.0,0.0,0.0,134.0,0
44.00_83.00,2017-08-28,44.0,83.0,0.0,0.0,0.0,0.0,0.0,0.0,135.0,0
44.00_83.00,2017-09-04,44.0,83.0,0.0,0.0,0.0,0.0,0.0,0.0,136.0,0
44.00_83.00,2017-09-11,44.0,83.0,0.0,0.0,0.0,0.0,0.0,0.0,137.0,0
44.00_83.00,2017-09-18,44.0,83.0,0.0,0.0,0.0,0.0,0.0,0.0,138.0,0
44.00_83.00,2017-09-25,44.0,83.0,0.0,0.0,0.0,0.0,0.0,0.0,139.0,0
44.00_83.00,2017-10-02,44.0,83.0,0.0,0.0,0.0,0.0,0.0,0.0,140.0,0
44.00_83.00,2017-10-09,44.0,83.0,0.0,0.0,0.0,0.0,0.0,0.0,141.0,0
44.00_83.00,2017-10-16,44.0,83.0,0.0,0.0,0.0,0.0,0.0,0.0,142.0,0
44.00_83.00,2017-10-23,44.0,83.0,0.0,0.0,0.0,0.0,0.0,0.0,143.0,0
44.00_83.00,2017-10-30,44.0,83.0,0.0,0.0,0.0,0.0,0.0,0.0,144.0,0
44.00_83.00,2017-11-06,44.0,83.0,0.0,0.0,0.0,0.0,0.0,0.0,145.0,0
44.00_83.00,2017-11-13,44.0,83.0,0.0,0.0,0.0,0.0,0.0,0.0,146.0,0
44.00_83.00,2017-11-20,44.0,83.0,0.0,0.0,0.0,0.0,0.0,0.0,147.0,0
44.00_83.00,2017-11-27,44.0,83.0,0.0,0.0,0.0,0.0,0.0,0.0,148.0,0
44.00_83.00,2017-12-04,44.0,83.0,0.0,0.0,0.0,0.0,0.0,0.0,149.0,0
44.00_83.00,2017-12-11,44.0,83.0,0.0,0.0,0.0,0.0,0.0,0.0,150.0,0
44.00_83.00,2017-12-18,44.0,83.0,0.0,0.0,0.0,0.0,0.0,0.0,151.0,0
44.00_83.00,2017-12-25,44.0,83.0,0.0,0.0,0.0,0.0,0.0,0.0,152.0,0
44.00_83.00,2018-01-01,44.0,83.0,0.0,0.0,0.0,0.0,0.0,0.0,153.0,0
44.00_83.00,2018-01-08,44.0,83.0,0.0,0.0,0.0,0.0,0.0,0.0,154.0,0
44.00_83.00,2018-01-15,44.0,83.0,0.0,0.0,0.0,0.0,0.0,0.0,155.0,0
44.00_83.00,2018-01-22,44.0,83.0,0.0,0.0,0.0,0.0,0.0,0.0,156.0,0
44.00_83.00,2018-01-29,44.0,83.0,0.0,0.0,0.0,0.0,0.0,0.0,157.0,0
44.00_83.00,2018-02-05,44.0,83.0,0.0,0.0,0.0,0.0,0.0,0.0,158.0,0
44.00_83.00,2018-02-12,44.0,83.0,0.0,0.0,0.0,0.0,0.0,0.0,159.0,0
44.00_83.00,2018-02-19,44.0,83.0,0.0,0.0,0.0,0.0,0.0,0.0,160.0,0
44.00_83.00,2018-02-26,44.0,83.0,0.0,0.0,0.0,0.0,0.0,0.0,161.0,0
44.00_83.00,2018-03-05,44.0,83.0,0.0,0.0,0.0,0.0,0.0,0.0,162.0,0
44.00_83.00,2018-03-12,44.0,83.0,0.0,0.0,0.0,0.0,0.0,0.0,163.0,0
44.00_83.00,2018-03-19,44.0,83.0,0.0,0.0,0.0,0.0,0.0,0.0,164.0,0
44.00_83.00,2018-03-26,44.0,83.0,0.0,0.0,0.0,0.0,0.0,0.0,165.0,0
44.00_83.00,2018-04-02,44.0,83.0,0.0,0.0,0.0,0.0,0.0,0.0,166.0,0
44.00_83.00,2018-04-09,44.0,83.0,0.0,0.0,0.0,0.0,0.0,0.0,167.0,0
44.00_83.00,2018-04-16,44.0,83.0,0.0,0.0,0.0,0.0,0.0,0.0,168.0,0
44.00_83.00,2018-04-23,44.0,83.0,0.0,0.0,0.0,0.0,0.0,0.0,169.0,0
44.00_83.00,2018-04-30,44.0,83.0,0.0,0.0,0.0,0.0,0.0,0.0,170.0,0
44.00_83.00,2018-05-07,44.0,83.0,0.0,0.0,0.0,0.0,0.0,0.0,171.0,0
44.00_83.00,2018-05-14,44.0,83.0,0.0,0.0,0.0,0.0,0.0,0.0,172.0,0
44.00_83.00,2018-05-21,44.0,83.0,0.0,0.0,0.0,0.0,0.0,0.0,173.0,0
44.00_83.00,2018-05-28,44.0,83.0,0.0,0.0,0.0,0.0,0.0,0.0,174.0,0
44.00_83.00,2018-06-04,44.0,83.0,0.0,0.0,0.0,0.0,0.0,0.0,175.0,1
44.00_83.00,2018-06-11,44.0,83.0,1.0,4.4,4.4,4.4,1.0,3981071.7055349774,176.0,0
44.00_83.00,2018-06-18,44.0,83.0,0.0,0.0,0.0,4.4,1.0,3981071.7055349774,177.0,0
44.00_83.00,2018-06-25,44.0,83.0,0.0,0.0,0.0,4.4,1.0,3981071.7055349774,178.0,0
44.00_83.00,2018-07-02,44.0,83.0,0.0,0.0,0.0,4.4,1.0,3981071.7055349774,179.0,0
44.00_83.00,2018-07-09,44.0,83.0,0.0,0.0,0.0,0.0,1.0,3981071.7055349774,180.0,0
44.00_83.00,2018-07-16,44.0,83.0,0.0,0.0,0.0,0.0,1.0,3981071.7055349774,181.0,0
44.00_83.00,2018-07-23,44.0,83.0,0.0,0.0,0.0,0.0,1.0,3981071.7055349774,182.0,0
44.00_83.00,2018-07-30,44.0,83.0,0.0,0.0,0.0,0.0,1.0,3981071.7055349774,183.0,0
44.00_83.00,2018-08-06,44.0,83.0,0.0,0.0,0.0,0.0,1.0,0.0,184.0,0
44.00_83.00,2018-08-13,44.0,83.0,0.0,0.0,0.0,0.0,1.0,0.0,185.0,0
44.00_83.00,2018-08-20,44.0,83.0,0.0,0.0,0.0,0.0,1.0,0.0,186.0,0
44.00_83.00,2018-08-27,44.0,83.0,0.0,0.0,0.0,0.0,1.0,0.0,187.0,0
44.00_83.00,2018-09-03,44.0,83.0,0.0,0.0,0.0,0.0,0.0,0.0,188.0,0
44.00_83.00,2018-09-10,44.0,83.0,0.0,0.0,0.0,0.0,0.0,0.0,189.0,0
44.00_83.00,2018-09-17,44.0,83.0,0.0,0.0,0.0,0.0,0.0,0.0,190.0,0
44.00_83.00,2018-09-24,44.0,83.0,0.0,0.0,0.0,0.0,0.0,0.0,191.0,1
44.00_83.00,2018-10-01,44.0,83.0,1.0,4.7,4.7,4.7,1.0,11220184.543019652,0.0,0
44.00_83.00,2018-10-08,44.0,83.0,0.0,0.0,0.0,4.7,1.0,11220184.543019652,1.0,0
44.00_83.00,2018-10-15,44.0,83.0,0.0,0.0,0.0,4.7,1.0,11220184.543019652,2.0,0
44.00_83.00,2018-10-22,44.0,83.0,0.0,0.0,0.0,4.7,1.0,11220184.543019652,3.0,0
44.00_83.00,2018-10-29,44.0,83.0,0.0,0.0,0.0,0.0,1.0,11220184.543019652,4.0,0
44.00_83.00,2018-11-05,44.0,83.0,0.0,0.0,0.0,0.0,1.0,11220184.543019652,5.0,0
44.00_83.00,2018-11-12,44.0,83.0,0.0,0.0,0.0,0.0,1.0,11220184.543019652,6.0,0
44.00_83.00,2018-11-19,44.0,83.0,0.0,0.0,0.0,0.0,1.0,11220184.543019652,7.0,0
44.00_83.00,2018-11-26,44.0,83.0,0.0,0.0,0.0,0.0,1.0,0.0,8.0,0
44.00_83.00,2018-12-03,44.0,83.0,0.0,0.0,0.0,0.0,1.0,0.0,9.0,0
44.00_83.00,2018-12-10,44.0,83.0,0.0,0.0,0.0,0.0,1.0,0.0,10.0,0
44.00_83.00,2018-12-17,44.0,83.0,0.0,0.0,0.0,0.0,1.0,0.0,11.0,0
44.00_83.00,2018-12-24,44.0,83.0,0.0,0.0,0.0,0.0,0.0,0.0,12.0,0
44.00_83.00,2018-12-31,44.0,83.0,0.0,0.0,0.0,0.0,0.0,0.0,13.0,0
44.00_83.00,2019-01-07,44.0,83.0,0.0,0.0,0.0,0.0,0.0,0.0,14.0,0
44.00_83.00,2019-01-14,44.0,83.0,0.0,0.0,0.0,0.0,0.0,0.0,15.0,0
44.00_83.00,2019-01-21,44.0,83.0,0.0,0.0,0.0,0.0,0.0,0.0,16.0,0
44.00_83.00,2019-01-28,44.0,83.0,0.0,0.0,0.0,0.0,0.0,0.0,17.0,0
44.00_83.00,2019-02-04,44.0,83.0,0.0,0.0,0.0,0.0,0.0,0.0,18.0,0
44.00_83.00,2019-02-11,44.0,83.0,0.0,0.0,0.0,0.0,0.0,0.0,19.0,0
44.00_83.00,2019-02-18,44.0,83.0,0.0,0.0,0.0,0.0,0.0,0.0,20.0,0
44.00_83.00,2019-02-25,44.0,83.0,0.0,0.0,0.0,0.0,0.0,0.0,21.0,0
44.00_83.00,2019-03-04,44.0,83.0,0.0,0.0,0.0,0.0,0.0,0.0,22.0,0
44.00_83.00,2019-03-11,44.0,83.0,0.0,0.0,0.0,0.0,0.0,0.0,23.0,0
44.00_83.00,2019-03-18,44.0,83.0,0.0,0.0,0.0,0.0,0.0,0.0,24.0,0
44.00_83.00,2019-03-25,44.0,83.0,0.0,0.0,0.0,0.0,0.0,0.0,25.0,0
44.00_83.00,2019-04-01,44.0,83.0,0.0,0.0,0.0,0.0,0.0,0.0,26.0,0
44.00_83.00,2019-04-08,44.0,83.0,0.0,0.0,0.0,0.0,0.0,0.0,27.0,0
44.00_83.00,2019-04-15,44.0,83.0,0.0,0.0,0.0,0.0,0.0,0.0,28.0,0
44.00_83.00,2019-04-22,44.0,83.0,0.0,0.0,0.0,0.0,0.0,0.0,29.0,0
44.00_83.00,2019-04-29,44.0,83.0,0.0,0.0,0.0,0.0,0.0,0.0,30.0,0
44.00_83.00,2019-05-06,44.0,83.0,0.0,0.0,0.0,0.0,0.0,0.0,31.0,0
44.00_83.00,2019-05-13,44.0,83.0,0.0,0.0,0.0,0.0,0.0,0.0,32.0,0
44.00_83.00,2019-05-20,44.0,83.0,0.0,0.0,0.0,0.0,0.0,0.0,33.0,0
44.00_83.00,2019-05-27,44.0,83.0,0.0,0.0,0.0,0.0,0.0,0.0,34.0,0
44.00_83.00,2019-06-03,44.0,83.0,0.0,0.0,0.0,0.0,0.0,0.0,35.0,0
44.00_83.00,2019-06-10,44.0,83.0,0.0,0.0,0.0,0.0,0.0,0.0,36.0,0
44.00_83.00,2019-06-17,44.0,83.0,0.0,0.0,0.0,0.0,0.0,0.0,37.0,0
44.00_83.00,2019-06-24,44.0,83.0,0.0,0.0,0.0,0.0,0.0,0.0,38.0,0
44.00_83.00,2019-07-01,44.0,83.0,0.0,0.0,0.0,0.0,0.0,0.0,39.0,0
44.00_83.00,2019-07-08,44.0,83.0,0.0,0.0,0.0,0.0,0.0,0.0,40.0,0
44.00_83.00,2019-07-15,44.0,83.0,0.0,0.0,0.0,0.0,0.0,0.0,41.0,0
44.00_83.00,2019-07-22,44.0,83.0,0.0,0.0,0.0,0.0,0.0,0.0,42.0,0
44.00_83.00,2019-07-29,44.0,83.0,0.0,0.0,0.0,0.0,0.0,0.0,43.0,0
44.00_83.00,2019-08-05,44.0,83.0,0.0,0.0,0.0,0.0,0.0,0.0,44.0,0
44.00_83.00,2019-08-12,44.0,83.0,0.0,0.0,0.0,0.0,0.0,0.0,45.0,0
44.00_83.00,2019-08-19,44.0,83.0,0.0,0.0,0.0,0.0,0.0,0.0,46.0,0
44.00_83.00,2019-08-26,44.0,83.0,0.0,0.0,0.0,0.0,0.0,0.0,47.0,0
44.00_83.00,2019-09-02,44.0,83.0,0.0,0.0,0.0,0.0,0.0,0.0,48.0,0
44.00_83.00,2019-09-09,44.0,83.0,0.0,0.0,0.0,0.0,0.0,0.0,49.0,0
44.00_83.00,2019-09-16,44.0,83.0,0.0,0.0,0.0,0.0,0.0,0.0,50.0,0
44.00_83.00,2019-09-23,44.0,83.0,0.0,0.0,0.0,0.0,0.0,0.0,51.0,0
44.00_83.00,2019-09-30,44.0,83.0,0.0,0.0,0.0,0.0,0.0,0.0,52.0,0
44.00_83.00,2019-10-07,44.0,83.0,0.0,0.0,0.0,0.0,0.0,0.0,53.0,0
44.00_83.00,2019-10-14,44.0,83.0,0.0,0.0,0.0,0.0,0.0,0.0,54.0,0
44.00_83.00,2019-10-21,44.0,83.0,0.0,0.0,0.0,0.0,0.0,0.0,55.0,0
44.00_83.00,2019-10-28,44.0,83.0,0.0,0.0,0.0,0.0,0.0,0.0,56.0,0
44.00_83.00,2019-11-04,44.0,83.0,0.0,0.0,0.0,0.0,0.0,0.0,57.0,0
44.00_83.00,2019-11-11,44.0,83.0,0.0,0.0,0.0,0.0,0.0,0.0,58.0,0
44.00_83.00,2019-11-18,44.0,83.0,0.0,0.0,0.0,0.0,0.0,0.0,59.0,0
44.00_83.00,2019-11-25,44.0,83.0,0.0,0.0,0.0,0.0,0.0,0.0,60.0,0
44.00_83.00,2019-12-02,44.0,83.0,0.0,0.0,0.0,0.0,0.0,0.0,61.0,0
44.00_83.00,2019-12-09,44.0,83.0,0.0,0.0,0.0,0.0,0.0,0.0,62.0,0
44.00_83.00,2019-12-16,44.0,83.0,0.0,0.0,0.0,0.0,0.0,0.0,63.0,0
44.00_83.00,2019-12-23,44.0,83.0,0.0,0.0,0.0,0.0,0.0,0.0,64.0,0
44.00_83.00,2019-12-30,44.0,83.0,0.0,0.0,0.0,0.0,0.0,0.0,65.0,0
44.00_83.00,2020-01-06,44.0,83.0,0.0,0.0,0.0,0.0,0.0,0.0,66.0,0
44.00_83.00,2020-01-13,44.0,83.0,0.0,0.0,0.0,0.0,0.0,0.0,67.0,0
44.00_83.00,2020-01-20,44.0,83.0,0.0,0.0,0.0,0.0,0.0,0.0,68.0,0
44.00_83.00,2020-01-27,44.0,83.0,0.0,0.0,0.0,0.0,0.0,0.0,69.0,0
44.00_83.00,2020-02-03,44.0,83.0,0.0,0.0,0.0,0.0,0.0,0.0,70.0,0
44.00_83.00,2020-02-10,44.0,83.0,0.0,0.0,0.0,0.0,0.0,0.0,71.0,0
44.00_83.00,2020-02-17,44.0,83.0,0.0,0.0,0.0,0.0,0.0,0.0,72.0,0
44.00_83.00,2020-02-24,44.0,83.0,0.0,0.0,0.0,0.0,0.0,0.0,73.0,0
44.00_83.00,2020-03-02,44.0,83.0,0.0,0.0,0.0,0.0,0.0,0.0,74.0,0
44.00_83.00,2020-03-09,44.0,83.0,0.0,0.0,0.0,0.0,0.0,0.0,75.0,0
44.00_83.00,2020-03-16,44.0,83.0,0.0,0.0,0.0,0.0,0.0,0.0,76.0,0
44.00_83.00,2020-03-23,44.0,83.0,0.0,0.0,0.0,0.0,0.0,0.0,77.0,0
44.00_83.00,2020-03-30,44.0,83.0,0.0,0.0,0.0,0.0,0.0,0.0,78.0,0
44.00_83.00,2020-04-06,44.0,83.0,0.0,0.0,0.0,0.0,0.0,0.0,79.0,0
44.00_83.00,2020-04-13,44.0,83.0,0.0,0.0,0.0,0.0,0.0,0.0,80.0,0
44.00_83.00,2020-04-20,44.0,83.0,0.0,0.0,0.0,0.0,0.0,0.0,81.0,0
44.00_83.00,2020-04-27,44.0,83.0,0.0,0.0,0.0,0.0,0.0,0.0,82.0,0
44.00_83.00,2020-05-04,44.0,83.0,0.0,0.0,0.0,0.0,0.0,0.0,83.0,0
44.00_83.00,2020-05-11,44.0,83.0,0.0,0.0,0.0,0.0,0.0,0.0,84.0,0
44.00_83.00,2020-05-18,44.0,83.0,0.0,0.0,0.0,0.0,0.0,0.0,85.0,0
44.00_83.00,2020-05-25,44.0,83.0,0.0,0.0,0.0,0.0,0.0,0.0,86.0,0
44.00_83.00,2020-06-01,44.0,83.0,0.0,0.0,0.0,0.0,0.0,0.0,87.0,0
44.00_83.00,2020-06-08,44.0,83.0,0.0,0.0,0.0,0.0,0.0,0.0,88.0,0
44.00_83.00,2020-06-15,44.0,83.0,0.0,0.0,0.0,0.0,0.0,0.0,89.0,0
44.00_83.00,2020-06-22,44.0,83.0,0.0,0.0,0.0,0.0,0.0,0.0,90.0,0
44.00_83.00,2020-06-29,44.0,83.0,0.0,0.0,0.0,0.0,0.0,0.0,91.0,0
44.00_83.00,2020-07-06,44.0,83.0,0.0,0.0,0.0,0.0,0.0,0.0,92.0,0
44.00_83.00,2020-07-13,44.0,83.0,0.0,0.0,0.0,0.0,0.0,0.0,93.0,0
44.00_83.00,2020-07-20,44.0,83.0,0.0,0.0,0.0,0.0,0.0,0.0,94.0,0
44.00_83.00,2020-07-27,44.0,83.0,0.0,0.0,0.0,0.0,0.0,0.0,95.0,0
44.00_83.00,2020-08-03,44.0,83.0,0.0,0.0,0.0,0.0,0.0,0.0,96.0,1
44.00_83.00,2020-08-10,44.0,83.0,1.0,4.7,4.7,4.7,1.0,11220184.543019652,0.0,0
44.00_83.00,2020-08-17,44.0,83.0,0.0,0.0,0.0,4.7,1.0,11220184.543019652,1.0,0
44.00_83.00,2020-08-24,44.0,83.0,0.0,0.0,0.0,4.7,1.0,11220184.543019652,2.0,0
44.00_83.00,2020-08-31,44.0,83.0,0.0,0.0,0.0,4.7,1.0,11220184.543019652,3.0,0
44.00_83.00,2020-09-07,44.0,83.0,0.0,0.0,0.0,0.0,1.0,11220184.543019652,4.0,0
44.00_83.00,2020-09-14,44.0,83.0,0.0,0.0,0.0,0.0,1.0,11220184.543019652,5.0,0
44.00_83.00,2020-09-21,44.0,83.0,0.0,0.0,0.0,0.0,1.0,11220184.543019652,6.0,0
44.00_83.00,2020-09-28,44.0,83.0,0.0,0.0,0.0,0.0,1.0,11220184.543019652,7.0,0
44.00_83.00,2020-10-05,44.0,83.0,0.0,0.0,0.0,0.0,1.0,0.0,8.0,0
44.00_83.00,2020-10-12,44.0,83.0,0.0,0.0,0.0,0.0,1.0,0.0,9.0,0
44.00_83.00,2020-10-19,44.0,83.0,0.0,0.0,0.0,0.0,1.0,0.0,10.0,0
44.00_83.00,2020-10-26,44.0,83.0,0.0,0.0,0.0,0.0,1.0,0.0,11.0,0
44.00_83.00,2020-11-02,44.0,83.0,0.0,0.0,0.0,0.0,0.0,0.0,12.0,0
44.00_83.00,2020-11-09,44.0,83.0,0.0,0.0,0.0,0.0,0.0,0.0,13.0,0
44.00_83.00,2020-11-16,44.0,83.0,0.0,0.0,0.0,0.0,0.0,0.0,14.0,1
44.00_83.00,2020-11-23,44.0,83.0,1.0,4.4,4.4,4.4,1.0,3981071.7055349774,15.0,0
44.00_83.00,2020-11-30,44.0,83.0,0.0,0.0,0.0,4.4,1.0,3981071.7055349774,16.0,0
44.00_83.00,2020-12-07,44.0,83.0,0.0,0.0,0.0,4.4,1.0,3981071.7055349774,17.0,0
44.00_83.00,2020-12-14,44.0,83.0,0.0,0.0,0.0,4.4,1.0,3981071.7055349774,18.0,0
44.00_83.00,2020-12-21,44.0,83.0,0.0,0.0,0.0,0.0,1.0,3981071.7055349774,19.0,0
44.00_83.00,2020-12-28,44.0,83.0,0.0,0.0,0.0,0.0,1.0,3981071.7055349774,20.0,0
44.00_83.00,2021-01-04,44.0,83.0,0.0,0.0,0.0,0.0,1.0,3981071.7055349774,21.0,0
44.00_83.00,2021-01-11,44.0,83.0,0.0,0.0,0.0,0.0,1.0,3981071.7055349774,22.0,0
44.00_83.00,2021-01-18,44.0,83.0,0.0,0.0,0.0,0.0,1.0,0.0,23.0,1
44.00_83.00,2021-01-25,44.0,83.0,1.0,4.3,4.3,4.3,2.0,2818382.9312644494,24.0,0
44.00_83.00,2021-02-01,44.0,83.0,0.0,0.0,0.0,4.3,2.0,2818382.9312644494,25.0,0
44.00_83.00,2021-02-08,44.0,83.0,0.0,0.0,0.0,4.3,2.0,2818382.9312644494,26.0,0
44.00_83.00,2021-02-15,44.0,83.0,0.0,0.0,0.0,4.3,1.0,2818382.9312644494,27.0,0
44.00_83.00,2021-02-22,44.0,83.0,0.0,0.0,0.0,0.0,1.0,2818382.9312644494,28.0,0
44.00_83.00,2021-03-01,44.0,83.0,0.0,0.0,0.0,0.0,1.0,2818382.9312644494,29.0,0
44.00_83.00,2021-03-08,44.0,83.0,0.0,0.0,0.0,0.0,1.0,2818382.9312644494,30.0,0
44.00_83.00,2021-03-15,44.0,83.0,0.0,0.0,0.0,0.0,1.0,2818382.9312644494,31.0,0
44.00_83.00,2021-03-22,44.0,83.0,0.0,0.0,0.0,0.0,1.0,0.0,32.0,0
44.00_83.00,2021-03-29,44.0,83.0,0.0,0.0,0.0,0.0,1.0,0.0,33.0,0
44.00_83.00,2021-04-05,44.0,83.0,0.0,0.0,0.0,0.0,1.0,0.0,34.0,0
44.00_83.00,2021-04-12,44.0,83.0,0.0,0.0,0.0,0.0,1.0,0.0,35.0,0
44.00_83.00,2021-04-19,44.0,83.0,0.0,0.0,0.0,0.0,0.0,0.0,36.0,0
44.00_83.00,2021-04-26,44.0,83.0,0.0,0.0,0.0,0.0,0.0,0.0,37.0,0
44.00_83.00,2021-05-03,44.0,83.0,0.0,0.0,0.0,0.0,0.0,0.0,38.0,0
44.00_83.00,2021-05-10,44.0,83.0,0.0,0.0,0.0,0.0,0.0,0.0,39.0,0
44.00_83.00,2021-05-17,44.0,83.0,0.0,0.0,0.0,0.0,0.0,0.0,40.0,0
44.00_83.00,2021-05-24,44.0,83.0,0.0,0.0,0.0,0.0,0.0,0.0,41.0,0
44.00_83.00,2021-05-31,44.0,83.0,0.0,0.0,0.0,0.0,0.0,0.0,42.0,0
44.00_83.00,2021-06-07,44.0,83.0,0.0,0.0,0.0,0.0,0.0,0.0,43.0,0
44.00_83.00,2021-06-14,44.0,83.0,0.0,0.0,0.0,0.0,0.0,0.0,44.0,0
44.00_83.00,2021-06-21,44.0,83.0,0.0,0.0,0.0,0.0,0.0,0.0,45.0,0
44.00_83.00,2021-06-28,44.0,83.0,0.0,0.0,0.0,0.0,0.0,0.0,46.0,0
44.00_83.00,2021-07-05,44.0,83.0,0.0,0.0,0.0,0.0,0.0,0.0,47.0,0
44.00_83.00,2021-07-12,44.0,83.0,0.0,0.0,0.0,0.0,0.0,0.0,48.0,0
44.00_83.00,2021-07-19,44.0,83.0,0.0,0.0,0.0,0.0,0.0,0.0,49.0,0
44.00_83.00,2021-07-26,44.0,83.0,0.0,0.0,0.0,0.0,0.0,0.0,50.0,0
44.00_83.00,2021-08-02,44.0,83.0,0.0,0.0,0.0,0.0,0.0,0.0,51.0,0
44.00_83.00,2021-08-09,44.0,83.0,0.0,0.0,0.0,0.0,0.0,0.0,52.0,0
44.00_83.00,2021-08-16,44.0,83.0,0.0,0.0,0.0,0.0,0.0,0.0,53.0,0
44.00_83.00,2021-08-23,44.0,83.0,0.0,0.0,0.0,0.0,0.0,0.0,54.0,0
44.00_83.00,2021-08-30,44.0,83.0,0.0,0.0,0.0,0.0,0.0,0.0,55.0,0
44.00_83.00,2021-09-06,44.0,83.0,0.0,0.0,0.0,0.0,0.0,0.0,56.0,0
44.00_83.00,2021-09-13,44.0,83.0,0.0,0.0,0.0,0.0,0.0,0.0,57.0,0
44.00_83.00,2021-09-20,44.0,83.0,0.0,0.0,0.0,0.0,0.0,0.0,58.0,0
44.00_83.00,2021-09-27,44.0,83.0,0.0,0.0,0.0,0.0,0.0,0.0,59.0,0
44.00_83.00,2021-10-04,44.0,83.0,0.0,0.0,0.0,0.0,0.0,0.0,60.0,0
44.00_83.00,2021-10-11,44.0,83.0,0.0,0.0,0.0,0.0,0.0,0.0,61.0,0
44.00_83.00,2021-10-18,44.0,83.0,0.0,0.0,0.0,0.0,0.0,0.0,62.0,0
44.00_83.00,2021-10-25,44.0,83.0,0.0,0.0,0.0,0.0,0.0,0.0,63.0,0
44.00_83.00,2021-11-01,44.0,83.0,0.0,0.0,0.0,0.0,0.0,0.0,64.0,0
44.00_83.00,2021-11-08,44.0,83.0,0.0,0.0,0.0,0.0,0.0,0.0,65.0,0
44.00_83.00,2021-11-15,44.0,83.0,0.0,0.0,0.0,0.0,0.0,0.0,66.0,0
44.00_83.00,2021-11-22,44.0,83.0,0.0,0.0,0.0,0.0,0.0,0.0,67.0,0
44.00_83.00,2021-11-29,44.0,83.0,0.0,0.0,0.0,0.0,0.0,0.0,68.0,0
44.00_83.00,2021-12-06,44.0,83.0,0.0,0.0,0.0,0.0,0.0,0.0,69.0,0
44.00_83.00,2021-12-13,44.0,83.0,0.0,0.0,0.0,0.0,0.0,0.0,70.0,0
44.00_83.00,2021-12-20,44.0,83.0,0.0,0.0,0.0,0.0,0.0,0.0,71.0,0
44.00_83.00,2021-12-27,44.0,83.0,0.0,0.0,0.0,0.0,0.0,0.0,72.0,0
44.00_83.00,2022-01-03,44.0,83.0,0.0,0.0,0.0,0.0,0.0,0.0,73.0,0
44.00_83.00,2022-01-10,44.0,83.0,0.0,0.0,0.0,0.0,0.0,0.0,74.0,0
44.00_83.00,2022-01-17,44.0,83.0,0.0,0.0,0.0,0.0,0.0,0.0,75.0,0
44.00_83.00,2022-01-24,44.0,83.0,0.0,0.0,0.0,0.0,0.0,0.0,76.0,0
44.00_83.00,2022-01-31,44.0,83.0,0.0,0.0,0.0,0.0,0.0,0.0,77.0,0
44.00_83.00,2022-02-07,44.0,83.0,0.0,0.0,0.0,0.0,0.0,0.0,78.0,0
44.00_83.00,2022-02-14,44.0,83.0,0.0,0.0,0.0,0.0,0.0,0.0,79.0,0
44.00_83.00,2022-02-21,44.0,83.0,0.0,0.0,0.0,0.0,0.0,0.0,80.0,0
44.00_83.00,2022-02-28,44.0,83.0,0.0,0.0,0.0,0.0,0.0,0.0,81.0,0
44.00_83.00,2022-03-07,44.0,83.0,0.0,0.0,0.0,0.0,0.0,0.0,82.0,0
44.00_83.00,2022-03-14,44.0,83.0,0.0,0.0,0.0,0.0,0.0,0.0,83.0,0
44.00_83.00,2022-03-21,44.0,83.0,0.0,0.0,0.0,0.0,0.0,0.0,84.0,0
44.00_83.00,2022-03-28,44.0,83.0,0.0,0.0,0.0,0.0,0.0,0.0,85.0,0
44.00_83.00,2022-04-04,44.0,83.0,0.0,0.0,0.0,0.0,0.0,0.0,86.0,0
44.00_83.00,2022-04-11,44.0,83.0,0.0,0.0,0.0,0.0,0.0,0.0,87.0,0
44.00_83.00,2022-04-18,44.0,83.0,0.0,0.0,0.0,0.0,0.0,0.0,88.0,0
44.00_83.00,2022-04-25,44.0,83.0,0.0,0.0,0.0,0.0,0.0,0.0,89.0,0
44.00_83.00,2022-05-02,44.0,83.0,0.0,0.0,0.0,0.0,0.0,0.0,90.0,0
44.00_83.00,2022-05-09,44.0,83.0,0.0,0.0,0.0,0.0,0.0,0.0,91.0,0
44.00_83.00,2022-05-16,44.0,83.0,0.0,0.0,0.0,0.0,0.0,0.0,92.0,0
44.00_83.00,2022-05-23,44.0,83.0,0.0,0.0,0.0,0.0,0.0,0.0,93.0,0
44.00_83.00,2022-05-30,44.0,83.0,0.0,0.0,0.0,0.0,0.0,0.0,94.0,0
44.00_83.00,2022-06-06,44.0,83.0,0.0,0.0,0.0,0.0,0.0,0.0,95.0,0
44.00_83.00,2022-06-13,44.0,83.0,0.0,0.0,0.0,0.0,0.0,0.0,96.0,0
44.00_83.00,2022-06-20,44.0,83.0,0.0,0.0,0.0,0.0,0.0,0.0,97.0,0
44.00_83.00,2022-06-27,44.0,83.0,0.0,0.0,0.0,0.0,0.0,0.0,98.0,0
44.00_83.00,2022-07-04,44.0,83.0,0.0,0.0,0.0,0.0,0.0,0.0,99.0,0
44.00_83.00,2022-07-11,44.0,83.0,0.0,0.0,0.0,0.0,0.0,0.0,100.0,0
44.00_83.00,2022-07-18,44.0,83.0,0.0,0.0,0.0,0.0,0.0,0.0,101.0,0
44.00_83.00,2022-07-25,44.0,83.0,0.0,0.0,0.0,0.0,0.0,0.0,102.0,0
44.00_83.00,2022-08-01,44.0,83.0,0.0,0.0,0.0,0.0,0.0,0.0,103.0,0
44.00_83.00,2022-08-08,44.0,83.0,0.0,0.0,0.0,0.0,0.0,0.0,104.0,0
44.00_83.00,2022-08-15,44.0,83.0,0.0,0.0,0.0,0.0,0.0,0.0,105.0,0
44.00_83.00,2022-08-22,44.0,83.0,0.0,0.0,0.0,0.0,0.0,0.0,106.0,0
44.00_83.00,2022-08-29,44.0,83.0,0.0,0.0,0.0,0.0,0.0,0.0,107.0,0
44.00_83.00,2022-09-05,44.0,83.0,0.0,0.0,0.0,0.0,0.0,0.0,108.0,0
44.00_83.00,2022-09-12,44.0,83.0,0.0,0.0,0.0,0.0,0.0,0.0,109.0,0
44.00_83.00,2022-09-19,44.0,83.0,0.0,0.0,0.0,0.0,0.0,0.0,110.0,0
44.00_83.00,2022-09-26,44.0,83.0,0.0,0.0,0.0,0.0,0.0,0.0,111.0,0
44.00_83.00,2022-10-03,44.0,83.0,0.0,0.0,0.0,0.0,0.0,0.0,112.0,0
44.00_83.00,2022-10-10,44.0,83.0,0.0,0.0,0.0,0.0,0.0,0.0,113.0,0
44.00_83.00,2022-10-17,44.0,83.0,0.0,0.0,0.0,0.0,0.0,0.0,114.0,0
44.00_83.00,2022-10-24,44.0,83.0,0.0,0.0,0.0,0.0,0.0,0.0,115.0,0
44.00_83.00,2022-10-31,44.0,83.0,0.0,0.0,0.0,0.0,0.0,0.0,116.0,0
44.00_83.00,2022-11-07,44.0,83.0,0.0,0.0,0.0,0.0,0.0,0.0,117.0,0
44.00_83.00,2022-11-14,44.0,83.0,0.0,0.0,0.0,0.0,0.0,0.0,118.0,0
44.00_83.00,2022-11-21,44.0,83.0,0.0,0.0,0.0,0.0,0.0,0.0,119.0,0
44.00_83.00,2022-11-28,44.0,83.0,0.0,0.0,0.0,0.0,0.0,0.0,120.0,0
44.00_83.00,2022-12-05,44.0,83.0,0.0,0.0,0.0,0.0,0.0,0.0,121.0,0
44.00_83.00,2022-12-12,44.0,83.0,0.0,0.0,0.0,0.0,0.0,0.0,122.0,0
44.00_83.00,2022-12-19,44.0,83.0,0.0,0.0,0.0,0.0,0.0,0.0,123.0,0
44.00_83.00,2022-12-26,44.0,83.0,0.0,0.0,0.0,0.0,0.0,0.0,124.0,0
44.00_83.00,2023-01-02,44.0,83.0,0.0,0.0,0.0,0.0,0.0,0.0,125.0,0
44.00_83.00,2023-01-09,44.0,83.0,0.0,0.0,0.0,0.0,0.0,0.0,126.0,0
44.00_83.00,2023-01-16,44.0,83.0,0.0,0.0,0.0,0.0,0.0,0.0,127.0,0
44.00_83.00,2023-01-23,44.0,83.0,0.0,0.0,0.0,0.0,0.0,0.0,128.0,0
44.00_83.00,2023-01-30,44.0,83.0,0.0,0.0,0.0,0.0,0.0,0.0,129.0,0
44.00_83.00,2023-02-06,44.0,83.0,0.0,0.0,0.0,0.0,0.0,0.0,130.0,0
44.00_83.00,2023-02-13,44.0,83.0,0.0,0.0,0.0,0.0,0.0,0.0,131.0,0
44.00_83.00,2023-02-20,44.0,83.0,0.0,0.0,0.0,0.0,0.0,0.0,132.0,0
44.00_83.00,2023-02-27,44.0,83.0,0.0,0.0,0.0,0.0,0.0,0.0,133.0,0
44.00_83.00,2023-03-06,44.0,83.0,0.0,0.0,0.0,0.0,0.0,0.0,134.0,0
44.00_83.00,2023-03-13,44.0,83.0,0.0,0.0,0.0,0.0,0.0,0.0,135.0,0
44.00_83.00,2023-03-20,44.0,83.0,0.0,0.0,0.0,0.0,0.0,0.0,136.0,0
44.00_83.00,2023-03-27,44.0,83.0,0.0,0.0,0.0,0.0,0.0,0.0,137.0,0
44.00_83.00,2023-04-03,44.0,83.0,0.0,0.0,0.0,0.0,0.0,0.0,138.0,0
44.00_83.00,2023-04-10,44.0,83.0,0.0,0.0,0.0,0.0,0.0,0.0,139.0,0
44.00_83.00,2023-04-17,44.0,83.0,0.0,0.0,0.0,0.0,0.0,0.0,140.0,0
44.00_83.00,2023-04-24,44.0,83.0,0.0,0.0,0.0,0.0,0.0,0.0,141.0,0
44.00_83.00,2023-05-01,44.0,83.0,0.0,0.0,0.0,0.0,0.0,0.0,142.0,0
44.00_83.00,2023-05-08,44.0,83.0,0.0,0.0,0.0,0.0,0.0,0.0,143.0,0
44.00_83.00,2023-05-15,44.0,83.0,0.0,0.0,0.0,0.0,0.0,0.0,144.0,0
44.00_83.00,2023-05-22,44.0,83.0,0.0,0.0,0.0,0.0,0.0,0.0,145.0,0
44.00_83.00,2023-05-29,44.0,83.0,0.0,0.0,0.0,0.0,0.0,0.0,146.0,0
44.00_83.00,2023-06-05,44.0,83.0,0.0,0.0,0.0,0.0,0.0,0.0,147.0,0
44.00_83.00,2023-06-12,44.0,83.0,0.0,0.0,0.0,0.0,0.0,0.0,148.0,0
44.00_83.00,2023-06-19,44.0,83.0,0.0,0.0,0.0,0.0,0.0,0.0,149.0,0
44.00_83.00,2023-06-26,44.0,83.0,0.0,0.0,0.0,0.0,0.0,0.0,150.0,0
44.00_83.00,2023-07-03,44.0,83.0,0.0,0.0,0.0,0.0,0.0,0.0,151.0,0
44.00_83.00,2023-07-10,44.0,83.0,0.0,0.0,0.0,0.0,0.0,0.0,152.0,0
44.00_83.00,2023-07-17,44.0,83.0,0.0,0.0,0.0,0.0,0.0,0.0,153.0,0
44.00_83.00,2023-07-24,44.0,83.0,0.0,0.0,0.0,0.0,0.0,0.0,154.0,0
44.00_83.00,2023-07-31,44.0,83.0,0.0,0.0,0.0,0.0,0.0,0.0,155.0,0
44.00_83.00,2023-08-07,44.0,83.0,0.0,0.0,0.0,0.0,0.0,0.0,156.0,0
44.00_83.00,2023-08-14,44.0,83.0,0.0,0.0,0.0,0.0,0.0,0.0,157.0,0
44.00_83.00,2023-08-21,44.0,83.0,0.0,0.0,0.0,0.0,0.0,0.0,158.0,0
44.00_83.00,2023-08-28,44.0,83.0,0.0,0.0,0.0,0.0,0.0,0.0,159.0,0
44.00_83.00,2023-09-04,44.0,83.0,0.0,0.0,0.0,0.0,0.0,0.0,160.0,0
44.00_83.00,2023-09-11,44.0,83.0,0.0,0.0,0.0,0.0,0.0,0.0,161.0,0
44.00_83.00,2023-09-18,44.0,83.0,0.0,0.0,0.0,0.0,0.0,0.0,162.0,0
44.00_83.00,2023-09-25,44.0,83.0,0.0,0.0,0.0,0.0,0.0,0.0,163.0,0
44.00_83.00,2023-10-02,44.0,83.0,0.0,0.0,0.0,0.0,0.0,0.0,164.0,0
44.00_83.00,2023-10-09,44.0,83.0,0.0,0.0,0.0,0.0,0.0,0.0,165.0,0
44.00_83.00,2023-10-16,44.0,83.0,0.0,0.0,0.0,0.0,0.0,0.0,166.0,0
44.00_83.00,2023-10-23,44.0,83.0,0.0,0.0,0.0,0.0,0.0,0.0,167.0,0
44.00_83.00,2023-10-30,44.0,83.0,0.0,0.0,0.0,0.0,0.0,0.0,168.0,0
44.00_83.00,2023-11-06,44.0,83.0,0.0,0.0,0.0,0.0,0.0,0.0,169.0,0
44.00_83.00,2023-11-13,44.0,83.0,0.0,0.0,0.0,0.0,0.0,0.0,170.0,0
44.00_83.00,2023-11-20,44.0,83.0,0.0,0.0,0.0,0.0,0.0,0.0,171.0,0
44.00_83.00,2023-11-27,44.0,83.0,0.0,0.0,0.0,0.0,0.0,0.0,172.0,0
44.00_83.00,2023-12-04,44.0,83.0,0.0,0.0,0.0,0.0,0.0,0.0,173.0,0
44.00_83.00,2023-12-11,44.0,83.0,0.0,0.0,0.0,0.0,0.0,0.0,174.0,0
44.00_83.00,2023-12-18,44.0,83.0,0.0,0.0,0.0,0.0,0.0,0.0,175.0,0
44.00_83.00,2023-12-25,44.0,83.0,0.0,0.0,0.0,0.0,0.0,0.0,176.0,0
