cell_id,week,lat_grid,lon_grid,Y_lag1,mag_max_lag1,mag_min_lag1,mag_max_roll4,count_roll12,energy_roll8,weeks_since_m45,Y
38.00_65.00,2010-03-22,38.0,65.0,0.0,0.0,0.0,0.0,1.0,0.0,9.0,0
38.00_65.00,2010-03-29,38.0,65.0,0.0,0.0,0.0,0.0,1.0,0.0,10.0,0
38.00_65.00,2010-04-05,38.0,65.0,0.0,0.0,0.0,0.0,1.0,0.0,11.0,0
38.00_65.00,2010-04-12,38.0,65.0,0.0,0.0,0.0,0.0,0.0,0.0,12.0,0
38.00_65.00,2010-04-19,38.0,65.0,0.0,0.0,0.0,0.0,0.0,0.0,13.0,0
38.00_65.00,2010-04-26,38.0,65.0,0.0,0.0,0.0,0.0,0.0,0.0,14.0,0
38.00_65.00,2010-05-03,38.0,65.0,0.0,0.0,0.0,0.0,0.0,0.0,15.0,0
38.00_65.00,2010-05-10,38.0,65.0,0.0,0.0,0.0,0.0,0.0,0.0,16.0,0
38.00_65.00,2010-05-17,38.0,65.0,0.0,0.0,0.0,0.0,0.0,0.0,17.0,0
38.00_65.00,2010-05-24,38.0,65.0,0.0,0.0,0.0,0.0,0.0,0.0,18.0,0
38.00_65.00,2010-05-31,38.0,65.0,0.0,0.0,0.0,0.0,0.0,0.0,19.0,0
38.00_65.00,2010-06-07,38.0,65.0,0.0,0.0,0.0,0.0,0.0,0.0,20.0,0
38.00_65.00,2010-06-14,38.0,65.0,0.0,0.0,0.0,0.0,0.0,0.0,21.0,0
38.00_65.00,2010-06-21,38.0,65.0,0.0,0.0,0.0,0.0,0.0,0.0,22.0,0
38.00_65.00,2010-06-28,38.0,65.0,0.0,0.0,0.0,0.0,0.0,0.0,23.0,0
38.00_65.00,2010-07-05,38.0,65.0,0.0,0.0,0.0,0.0,0.0,0.0,24.0,0
38.00_65.00,2010-07-12,38.0,65.0,0.0,0.0,0.0,0.0,0.0,0.0,25.0,0
38.00_65.00,2010-07-19,38.0,65.0,0.0,0.0,0.0,0.0,0.0,0.0,26.0,0
38.00_65.00,2010-07-26,38.0,65.0,0.0,0.0,0.0,0.0,0.0,0.0,27.0,0
38.00_65.00,2010-08-02,38.0,65.0,0.0,0.0,0.0,0.0,0.0,0.0,28.0,0
38.00_65.00,2010-08-09,38.0,65.0,0.0,0.0,0.0,0.0,0.0,0.0,29.0,0
38.00_65.00,2010-08-16,38.0,65.0,0.0,0.0,0.0,0.0,0.0,0.0,30.0,0
38.00_65.00,2010-08-23,38.0,65.0,0.0,0.0,0.0,0.0,0.0,0.0,31.0,0
38.00_65.00,2010-08-30,38.0,65.0,0.0,0.0,0.0,0.0,0.0,0.0,32.0,0
38.00_65.00,2010-09-06,38.0,65.0,0.0,0.0,0.0,0.0,0.0,0.0,33.0,0
38.00_65.00,2010-09-13,38.0,65.0,0.0,0.0,0.0,0.0,0.0,0.0,34.0,0
38.00_65.00,2010-09-20,38.0,65.0,0.0,0.0,0.0,0.0,0.0,0.0,35.0,0
38.00_65.00,2010-09-27,38.0,65.0,0.0,0.0,0.0,0.0,0.0,0.0,36.0,0
38.00_65.00,2010-10-04,38.0,65.0,0.0,0.0,0.0,0.0,0.0,0.0,37.0,0
38.00_65.00,2010-10-11,38.0,65.0,0.0,0.0,0.0,0.0,0.0,0.0,38.0,0
38.00_65.00,2010-10-18,38.0,65.0,0.0,0.0,0.0,0.0,0.0,0.0,39.0,0
38.00_65.00,2010-10-25,38.0,65.0,0.0,0.0,0.0,0.0,0.0,0.0,40.0,0
38.00_65.00,2010-11-01,38.0,65.0,0.0,0.0,0.0,0.0,0.0,0.0,41.0,0
38.00_65.00,2010-11-08,38.0,65.0,0.0,0.0,0.0,0.0,0.0,0.0,42.0,0
38.00_65.00,2010-11-15,38.0,65.0,0.0,0.0,0.0,0.0,0.0,0.0,43.0,0
38.00_65.00,2010-11-22,38.0,65.0,0.0,0.0,0.0,0.0,0.0,0.0,44.0,0
38.00_65.00,2010-11-29,38.0,65.0,0.0,0.0,0.0,0.0,0.0,0.0,45.0,0
38.00_65.00,2010-12-06,38.0,65.0,0.0,0.0,0.0,0.0,0.0,0.0,46.0,0
38.00_65.00,2010-12-13,38.0,65.0,0.0,0.0,0.0,0.0,0.0,0.0,47.0,0
38.00_65.00,2010-12-20,38.0,65.0,0.0,0.0,0.0,0.0,0.0,0.0,48.0,0
38.00_65.00,2010-12-27,38.0,65.0,0.0,0.0,0.0,0.0,0.0,0.0,49.0,0
38.00_65.00,2011-01-03,38.0,65.0,0.0,0.0,0.0,0.0,0.0,0.0,50.0,0
38.00_65.00,2011-01-10,38.0,65.0,0.0,0.0,0.0,0.0,0.0,0.0,51.0,0
38.00_65.00,2011-01-17,38.0,65.0,0.0,0.0,0.0,0.0,0.0,0.0,52.0,0
38.00_65.00,2011-01-24,38.0,65.0,0.0,0.0,0.0,0.0,0.0,0.0,53.0,0
38.00_65.00,2011-01-31,38.0,65.0,0.0,0.0,0.0,0.0,0.0,0.0,54.0,0
38.00_65.00,2011-02-07,38.0,65.0,0.0,0.0,0.0,0.0,0.0,0.0,55.0,0
38.00_65.00,2011-02-14,38.0,65.0,0.0,0.0,0.0,0.0,0.0,0.0,56.0,0
38.00_65.00,2011-02-21,38.0,65.0,0.0,0.0,0.0,0.0,0.0,0.0,57.0,0
38.00_65.00,2011-02-28,38.0,65.0,0.0,0.0,0.0,0.0,0.0,0.0,58.0,0
38.00_65.00,2011-03-07,38.0,65.0,0.0,0.0,0.0,0.0,0.0,0.0,59.0,0
38.00_65.00,2011-03-14,38.0,65.0,0.0,0.0,0.0,0.0,0.0,0.0,60.0,0
38.00_65.00,2011-03-21,38.0,65.0,0.0,0.0,0.0,0.0,0.0,0.0,61.0,0
38.00_65.00,2011-03-28,38.0,65.0,0.0,0.0,0.0,0.0,0.0,0.0,62.0,0
38.00_65.00,2011-04-04,38.0,65.0,0.0,0.0,0.0,0.0,0.0,0.0,63.0,0
38.00_65.00,2011-04-11,38.0,65.0,0.0,0.0,0.0,0.0,0.0,0.0,64.0,0
38.00_65.00,2011-04-18,38.0,65.0,0.0,0.0,0.0,0.0,0.0,0.0,65.0,0
38.00_65.00,2011-04-25,38.0,65.0,0.0,0.0,0.0,0.0,0.0,0.0,66.0,0
38.00_65.00,2011-05-02,38.0,65.0,0.0,0.0,0.0,0.0,0.0,0.0,67.0,0
38.00_65.00,2011-05-09,38.0,65.0,0.0,0.0,0.0,0.0,0.0,0.0,68.0,0
38.00_65.00,2011-05-16,38.0,65.0,0.0,0.0,0.0,0.0,0.0,0.0,69.0,0
38.00_65.00,2011-05-23,38.0,65.0,0.0,0.0,0.0,0.0,0.0,0.0,70.0,0
38.00_65.00,2011-05-30,38.0,65.0,0.0,0.0,0.0,0.0,0.0,0.0,71.0,0
38.00_65.00,2011-06-06,38.0,65.0,0.0,0.0,0.0,0.0,0.0,0.0,72.0,0
38.00_65.00,2011-06-13,38.0,65.0,0.0,0.0,0.0,0.0,0.0,0.0,73.0,0
38.00_65.00,2011-06-20,38.0,65.0,0.0,0.0,0.0,0.0,0.0,0.0,74.0,0
38.00_65.00,2011-06-27,38.0,65.0,0.0,0.0,0.0,0.0,0.0,0.0,75.0,0
38.00_65.00,2011-07-04,38.0,65.0,0.0,0.0,0.0,0.0,0.0,0.0,76.0,0
38.00_65.00,2011-07-11,38.0,65.0,0.0,0.0,0.0,0.0,0.0,0.0,77.0,0
38.00_65.00,2011-07-18,38.0,65.0,0.0,0.0,0.0,0.0,0.0,0.0,78.0,0
38.00_65.00,2011-07-25,38.0,65.0,0.0,0.0,0.0,0.0,0.0,0.0,79.0,0
38.00_65.00,2011-08-01,38.0,65.0,0.0,0.0,0.0,0.0,0.0,0.0,80.0,0
38.00_65.00,2011-08-08,38.0,65.0,0.0,0.0,0.0,0.0,0.0,0.0,81.0,0
38.00_65.00,2011-08-15,38.0,65.0,0.0,0.0,0.0,0.0,0.0,0.0,82.0,0
38.00_65.00,2011-08-22,38.0,65.0,0.0,0.0,0.0,0.0,0.0,0.0,83.0,0
38.00_65.00,2011-08-29,38.0,65.0,0.0,0.0,0.0,0.0,0.0,0.0,84.0,0
38.00_65.00,2011-09-05,38.0,65.0,0.0,0.0,0.0,0.0,0.0,0.0,85.0,0
38.00_65.00,2011-09-12,38.0,65.0,0.0,0.0,0.0,0.0,0.0,0.0,86.0,0
38.00_65.00,2011-09-19,38.0,65.0,0.0,0.0,0.0,0.0,0.0,0.0,87.0,0
38.00_65.00,2011-09-26,38.0,65.0,0.0,0.0,0.0,0.0,0.0,0.0,88.0,0
38.00_65.00,2011-10-03,38.0,65.0,0.0,0.0,0.0,0.0,0.0,0.0,89.0,0
38.00_65.00,2011-10-10,38.0,65.0,0.0,0.0,0.0,0.0,0.0,0.0,90.0,0
38.00_65.00,2011-10-17,38.0,65.0,0.0,0.0,0.0,0.0,0.0,0.0,91.0,0
38.00_65.00,2011-10-24,38.0,65.0,0.0,0.0,0.0,0.0,0.0,0.0,92.0,0
38.00_65.00,2011-10-31,38.0,65.0,0.0,0.0,0.0,0.0,0.0,0.0,93.0,0
38.00_65.00,2011-11-07,38.0,65.0,0.0,0.0,0.0,0.0,0.0,0.0,94.0,0
38.00_65.00,2011-11-14,38.0,65.0,0.0,0.0,0.0,0.0,0.0,0.0,95.0,0
38.00_65.00,2011-11-21,38.0,65.0,0.0,0.0,0.0,0.0,0.0,0.0,96.0,0
38.00_65.00,2011-11-28,38.0,65.0,0.0,0.0,0.0,0.0,0.0,0.0,97.0,0
38.00_65.00,2011-12-05,38.0,65.0,0.0,0.0,0.0,0.0,0.0,0.0,98.0,0
38.00_65.00,2011-12-12,38.0,65.0,0.0,0.0,0.0,0.0,0.0,0.0,99.0,0
38.00_65.00,2011-12-19,38.0,65.0,0.0,0.0,0.0,0.0,0.0,0.0,100.0,0
38.00_65.00,2011-12-26,38.0,65.0,0.0,0.0,0.0,0.0,0.0,0.0,101.0,0
38.00_65.00,2012-01-02,38.0,65.0,0.0,0.0,0.0,0.0,0.0,0.0,102.0,0
38.00_65.00,2012-01-09,38.0,65.0,0.0,0.0,0.0,0.0,0.0,0.0,103.0,0
38.00_65.00,2012-01-16,38.0,65.0,0.0,0.0,0.0,0.0,0.0,0.0,104.0,0
38.00_65.00,2012-01-23,38.0,65.0,0.0,0.0,0.0,0.0,0.0,0.0,105.0,0
38.00_65.00,2012-01-30,38.0,65.0,0.0,0.0,0.0,0.0,0.0,0.0,106.0,0
38.00_65.00,2012-02-06,38.0,65.0,0.0,0.0,0.0,0.0,0.0,0.0,107.0,0
38.00_65.00,2012-02-13,38.0,65.0,0.0,0.0,0.0,0.0,0.0,0.0,108.0,0
38.00_65.00,2012-02-20,38.0,65.0,0.0,0.0,0.0,0.0,0.0,0.0,109.0,0
38.00_65.00,2012-02-27,38.0,65.0,0.0,0.0,0.0,0.0,0.0,0.0,110.0,0
38.00_65.00,2012-03-05,38.0,65.0,0.0,0.0,0.0,0.0,0.0,0.0,111.0,0
38.00_65.00,2012-03-12,38.0,65.0,0.0,0.0,0.0,0.0,0.0,0.0,112.0,0
38.00_65.00,2012-03-19,38.0,65.0,0.0,0.0,0.0,0.0,0.0,0.0,113.0,0
38.00_65.00,2012-03-26,38.0,65.0,0.0,0.0,0.0,0.0,0.0,0.0,114.0,0
38.00_65.00,2012-04-02,38.0,65.0,0.0,0.0,0.0,0.0,0.0,0.0,115.0,0
38.00_65.00,2012-04-09,38.0,65.0,0.0,0.0,0.0,0.0,0.0,0.0,116.0,0
38.00_65.00,2012-04-16,38.0,65.0,0.0,0.0,0.0,0.0,0.0,0.0,117.0,1
38.00_65.00,2012-04-23,38.0,65.0,1.0,4.8,4.8,4.8,1.0,15848931.924611108,0.0,0
38.00_65.00,2012-04-30,38.0,65.0,0.0,0.0,0.0,4.8,1.0,15848931.924611108,1.0,0
38.00_65.00,2012-05-07,38.0,65.0,0.0,0.0,0.0,4.8,1.0,15848931.924611108,2.0,0
38.00_65.00,2012-05-14,38.0,65.0,0.0,0.0,0.0,4.8,1.0,15848931.924611108,3.0,0
38.00_65.00,2012-05-21,38.0,65.0,0.0,0.0,0.0,0.0,1.0,15848931.924611108,4.0,0
38.00_65.00,2012-05-28,38.0,65.0,0.0,0.0,0.0,0.0,1.0,15848931.924611108,5.0,0
38.00_65.00,2012-06-04,38.0,65.0,0.0,0.0,0.0,0.0,1.0,15848931.924611108,6.0,0
38.00_65.00,2012-06-11,38.0,65.0,0.0,0.0,0.0,0.0,1.0,15848931.924611108,7.0,0
38.00_65.00,2012-06-18,38.0,65.0,0.0,0.0,0.0,0.0,1.0,0.0,8.0,0
38.00_65.00,2012-06-25,38.0,65.0,0.0,0.0,0.0,0.0,1.0,0.0,9.0,0
38.00_65.00,2012-07-02,38.0,65.0,0.0,0.0,0.0,0.0,1.0,0.0,10.0,0
38.00_65.00,2012-07-09,38.0,65.0,0.0,0.0,0.0,0.0,1.0,0.0,11.0,0
38.00_65.00,2012-07-16,38.0,65.0,0.0,0.0,0.0,0.0,0.0,0.0,12.0,0
38.00_65.00,2012-07-23,38.0,65.0,0.0,0.0,0.0,0.0,0.0,0.0,13.0,0
38.00_65.00,2012-07-30,38.0,65.0,0.0,0.0,0.0,0.0,0.0,0.0,14.0,0
38.00_65.00,2012-08-06,38.0,65.0,0.0,0.0,0.0,0.0,0.0,0.0,15.0,0
38.00_65.00,2012-08-13,38.0,65.0,0.0,0.0,0.0,0.0,0.0,0.0,16.0,0
38.00_65.00,2012-08-20,38.0,65.0,0.0,0.0,0.0,0.0,0.0,0.0,17.0,0
38.00_65.00,2012-08-27,38.0,65.0,0.0,0.0,0.0,0.0,0.0,0.0,18.0,0
38.00_65.00,2012-09-03,38.0,65.0,0.0,0.0,0.0,0.0,0.0,0.0,19.0,0
38.00_65.00,2012-09-10,38.0,65.0,0.0,0.0,0.0,0.0,0.0,0.0,20.0,0
38.00_65.00,2012-09-17,38.0,65.0,0.0,0.0,0.0,0.0,0.0,0.0,21.0,0
38.00_65.00,2012-09-24,38.0,65.0,0.0,0.0,0.0,0.0,0.0,0.0,22.0,0
38.00_65.00,2012-10-01,38.0,65.0,0.0,0.0,0.0,0.0,0.0,0.0,23.0,0
38.00_65.00,2012-10-08,38.0,65.0,0.0,0.0,0.0,0.0,0.0,0.0,24.0,0
38.00_65.00,2012-10-15,38.0,65.0,0.0,0.0,0.0,0.0,0.0,0.0,25.0,0
38.00_65.00,2012-10-22,38.0,65.0,0.0,0.0,0.0,0.0,0.0,0.0,26.0,0
38.00_65.00,2012-10-29,38.0,65.0,0.0,0.0,0.0,0.0,0.0,0.0,27.0,0
38.00_65.00,2012-11-05,38.0,65.0,0.0,0.0,0.0,0.0,0.0,0.0,28.0,0
38.00_65.00,2012-11-12,38.0,65.0,0.0,0.0,0.0,0.0,0.0,0.0,29.0,0
38.00_65.00,2012-11-19,38.0,65.0,0.0,0.0,0.0,0.0,0.0,0.0,30.0,0
38.00_65.00,2012-11-26,38.0,65.0,0.0,0.0,0.0,0.0,0.0,0.0,31.0,0
38.00_65.00,2012-12-03,38.0,65.0,0.0,0.0,0.0,0.0,0.0,0.0,32.0,0
38.00_65.00,2012-12-10,38.0,65.0,0.0,0.0,0.0,0.0,0.0,0.0,33.0,0
38.00_65.00,2012-12-17,38.0,65.0,0.0,0.0,0.0,0.0,0.0,0.0,34.0,0
38.00_65.00,2012-12-24,38.0,65.0,0.0,0.0,0.0,0.0,0.0,0.0,35.0,0
38.00_65.00,2012-12-31,38.0,65.0,0.0,0.0,0.0,0.0,0.0,0.0,36.0,0
38.00_65.00,2013-01-07,38.0,65.0,0.0,0.0,0.0,0.0,0.0,0.0,37.0,0
38.00_65.00,2013-01-14,38.0,65.0,0.0,0.0,0.0,0.0,0.0,0.0,38.0,0
38.00_65.00,2013-01-21,38.0,65.0,0.0,0.0,0.0,0.0,0.0,0.0,39.0,0
38.00_65.00,2013-01-28,38.0,65.0,0.0,0.0,0.0,0.0,0.0,0.0,40.0,0
38.00_65.00,2013-02-04,38.0,65.0,0.0,0.0,0.0,0.0,0.0,0.0,41.0,0
38.00_65.00,2013-02-11,38.0,65.0,0.0,0.0,0.0,0.0,0.0,0.0,42.0,0
38.00_65.00,2013-02-18,38.0,65.0,0.0,0.0,0.0,0.0,0.0,0.0,43.0,0
38.00_65.00,2013-02-25,38.0,65.0,0.0,0.0,0.0,0.0,0.0,0.0,44.0,0
38.00_65.00,2013-03-04,38.0,65.0,0.0,0.0,0.0,0.0,0.0,0.0,45.0,0
38.00_65.00,2013-03-11,38.0,65.0,0.0,0.0,0.0,0.0,0.0,0.0,46.0,0
38.00_65.00,2013-03-18,38.0,65.0,0.0,0.0,0.0,0.0,0.0,0.0,47.0,0
38.00_65.00,2013-03-25,38.0,65.0,0.0,0.0,0.0,0.0,0.0,0.0,48.0,0
38.00_65.00,2013-04-01,38.0,65.0,0.0,0.0,0.0,0.0,0.0,0.0,49.0,0
38.00_65.00,2013-04-08,38.0,65.0,0.0,0.0,0.0,0.0,0.0,0.0,50.0,0
38.00_65.00,2013-04-15,38.0,65.0,0.0,0.0,0.0,0.0,0.0,0.0,51.0,0
38.00_65.00,2013-04-22,38.0,65.0,0.0,0.0,0.0,0.0,0.0,0.0,52.0,0
38.00_65.00,2013-04-29,38.0,65.0,0.0,0.0,0.0,0.0,0.0,0.0,53.0,0
38.00_65.00,2013-05-06,38.0,65.0,0.0,0.0,0.0,0.0,0.0,0.0,54.0,0
38.00_65.00,2013-05-13,38.0,65.0,0.0,0.0,0.0,0.0,0.0,0.0,55.0,0
38.00_65.00,2013-05-20,38.0,65.0,0.0,0.0,0.0,0.0,0.0,0.0,56.0,1
38.00_65.00,2013-05-27,38.0,65.0,1.0,5.7,5.7,5.7,1.0,354813389.23357606,0.0,0
38.00_65.00,2013-06-03,38.0,65.0,0.0,0.0,0.0,5.7,1.0,354813389.23357606,1.0,0
38.00_65.00,2013-06-10,38.0,65.0,0.0,0.0,0.0,5.7,1.0,354813389.23357606,2.0,0
38.00_65.00,2013-06-17,38.0,65.0,0.0,0.0,0.0,5.7,1.0,354813389.23357606,3.0,0
38.00_65.00,2013-06-24,38.0,65.0,0.0,0.0,0.0,0.0,1.0,354813389.23357606,4.0,0
38.00_65.00,2013-07-01,38.0,65.0,0.0,0.0,0.0,0.0,1.0,354813389.23357606,5.0,0
38.00_65.00,2013-07-08,38.0,65.0,0.0,0.0,0.0,0.0,1.0,354813389.23357606,6.0,0
38.00_65.00,2013-07-15,38.0,65.0,0.0,0.0,0.0,0.0,1.0,354813389.23357606,7.0,0
38.00_65.00,2013-07-22,38.0,65.0,0.0,0.0,0.0,0.0,1.0,0.0,8.0,0
38.00_65.00,2013-07-29,38.0,65.0,0.0,0.0,0.0,0.0,1.0,0.0,9.0,0
38.00_65.00,2013-08-05,38.0,65.0,0.0,0.0,0.0,0.0,1.0,0.0,10.0,0
38.00_65.00,2013-08-12,38.0,65.0,0.0,0.0,0.0,0.0,1.0,0.0,11.0,0
38.00_65.00,2013-08-19,38.0,65.0,0.0,0.0,0.0,0.0,0.0,0.0,12.0,0
38.00_65.00,2013-08-26,38.0,65.0,0.0,0.0,0.0,0.0,0.0,0.0,13.0,0
38.00_65.00,2013-09-02,38.0,65.0,0.0,0.0,0.0,0.0,0.0,0.0,14.0,0
38.00_65.00,2013-09-09,38.0,65.0,0.0,0.0,0.0,0.0,0.0,0.0,15.0,0
38.00_65.00,2013-09-16,38.0,65.0,0.0,0.0,0.0,0.0,0.0,0.0,16.0,0
38.00_65.00,2013-09-23,38.0,65.0,0.0,0.0,0.0,0.0,0.0,0.0,17.0,0
38.00_65.00,2013-09-30,38.0,65.0,0.0,0.0,0.0,0.0,0.0,0.0,18.0,0
38.00_65.00,2013-10-07,38.0,65.0,0.0,0.0,0.0,0.0,0.0,0.0,19.0,0
38.00_65.00,2013-10-14,38.0,65.0,0.0,0.0,0.0,0.0,0.0,0.0,20.0,0
38.00_65.00,2013-10-21,38.0,65.0,0.0,0.0,0.0,0.0,0.0,0.0,21.0,0
38.00_65.00,2013-10-28,38.0,65.0,0.0,0.0,0.0,0.0,0.0,0.0,22.0,0
38.00_65.00,2013-11-04,38.0,65.0,0.0,0.0,0.0,0.0,0.0,0.0,23.0,0
38.00_65.00,2013-11-11,38.0,65.0,0.0,0.0,0.0,0.0,0.0,0.0,24.0,0
38.00_65.00,2013-11-18,38.0,65.0,0.0,0.0,0.0,0.0,0.0,0.0,25.0,0
38.00_65.00,2013-11-25,38.0,65.0,0.0,0.0,0.0,0.0,0.0,0.0,26.0,0
38.00_65.00,2013-12-02,38.0,65.0,0.0,0.0,0.0,0.0,0.0,0.0,27.0,0
38.00_65.00,2013-12-09,38.0,65.0,0.0,0.0,0.0,0.0,0.0,0.0,28.0,0
38.00_65.00,2013-12-16,38.0,65.0,0.0,0.0,0.0,0.0,0.0,0.0,29.0,0
38.00_65.00,2013-12-23,38.0,65.0,0.0,0.0,0.0,0.0,0.0,0.0,30.0,0
38.00_65.00,2013-12-30,38.0,65.0,0.0,0.0,0.0,0.0,0.0,0.0,31.0,0
38.00_65.00,2014-01-06,38.0,65.0,0.0,0.0,0.0,0.0,0.0,0.0,32.0,0
38.00_65.00,2014-01-13,38.0,65.0,0.0,0.0,0.0,0.0,0.0,0.0,33.0,0
38.00_65.00,2014-01-20,38.0,65.0,0.0,0.0,0.0,0.0,0.0,0.0,34.0,0
38.00_65.00,2014-01-27,38.0,65.0,0.0,0.0,0.0,0.0,0.0,0.0,35.0,0
38.00_65.00,2014-02-03,38.0,65.0,0.0,0.0,0.0,0.0,0.0,0.0,36.0,0
38.00_65.00,2014-02-10,38.0,65.0,0.0,0.0,0.0,0.0,0.0,0.0,37.0,0
38.00_65.00,2014-02-17,38.0,65.0,0.0,0.0,0.0,0.0,0.0,0.0,38.0,0
38.00_65.00,2014-02-24,38.0,65.0,0.0,0.0,0.0,0.0,0.0,0.0,39.0,0
38.00_65.00,2014-03-03,38.0,65.0,0.0,0.0,0.0,0.0,0.0,0.0,40.0,0
38.00_65.00,2014-03-10,38.0,65.0,0.0,0.0,0.0,0.0,0.0,0.0,41.0,0
38.00_65.00,2014-03-17,38.0,65.0,0.0,0.0,0.0,0.0,0.0,0.0,42.0,0
38.00_65.00,2014-03-24,38.0,65.0,0.0,0.0,0.0,0.0,0.0,0.0,43.0,0
38.00_65.00,2014-03-31,38.0,65.0,0.0,0.0,0.0,0.0,0.0,0.0,44.0,0
38.00_65.00,2014-04-07,38.0,65.0,0.0,0.0,0.0,0.0,0.0,0.0,45.0,0
38.00_65.00,2014-04-14,38.0,65.0,0.0,0.0,0.0,0.0,0.0,0.0,46.0,0
38.00_65.00,2014-04-21,38.0,65.0,0.0,0.0,0.0,0.0,0.0,0.0,47.0,0
38.00_65.00,2014-04-28,38.0,65.0,0.0,0.0,0.0,0.0,0.0,0.0,48.0,1
38.00_65.00,2014-05-05,38.0,65.0,1.0,4.5,4.5,4.5,1.0,5623413.251903491,0.0,0
38.00_65.00,2014-05-12,38.0,65.0,0.0,0.0,0.0,4.5,1.0,5623413.251903491,1.0,0
38.00_65.00,2014-05-19,38.0,65.0,0.0,0.0,0.0,4.5,1.0,5623413.251903491,2.0,0
38.00_65.00,2014-05-26,38.0,65.0,0.0,0.0,0.0,4.5,1.0,5623413.251903491,3.0,0
38.00_65.00,2014-06-02,38.0,65.0,0.0,0.0,0.0,0.0,1.0,5623413.251903491,4.0,0
38.00_65.00,2014-06-09,38.0,65.0,0.0,0.0,0.0,0.0,1.0,5623413.251903491,5.0,0
38.00_65.00,2014-06-16,38.0,65.0,0.0,0.0,0.0,0.0,1.0,5623413.251903491,6.0,0
38.00_65.00,2014-06-23,38.0,65.0,0.0,0.0,0.0,0.0,1.0,5623413.251903491,7.0,0
38.00_65.00,2014-06-30,38.0,65.0,0.0,0.0,0.0,0.0,1.0,0.0,8.0,0
38.00_65.00,2014-07-07,38.0,65.0,0.0,0.0,0.0,0.0,1.0,0.0,9.0,0
38.00_65.00,2014-07-14,38.0,65.0,0.0,0.0,0.0,0.0,1.0,0.0,10.0,0
38.00_65.00,2014-07-21,38.0,65.0,0.0,0.0,0.0,0.0,1.0,0.0,11.0,0
38.00_65.00,2014-07-28,38.0,65.0,0.0,0.0,0.0,0.0,0.0,0.0,12.0,0
38.00_65.00,2014-08-04,38.0,65.0,0.0,0.0,0.0,0.0,0.0,0.0,13.0,0
38.00_65.00,2014-08-11,38.0,65.0,0.0,0.0,0.0,0.0,0.0,0.0,14.0,0
38.00_65.00,2014-08-18,38.0,65.0,0.0,0.0,0.0,0.0,0.0,0.0,15.0,0
38.00_65.00,2014-08-25,38.0,65.0,0.0,0.0,0.0,0.0,0.0,0.0,16.0,0
38.00_65.00,2014-09-01,38.0,65.0,0.0,0.0,0.0,0.0,0.0,0.0,17.0,0
38.00_65.00,2014-09-08,38.0,65.0,0.0,0.0,0.0,0.0,0.0,0.0,18.0,0
38.00_65.00,2014-09-15,38.0,65.0,0.0,0.0,0.0,0.0,0.0,0.0,19.0,0
38.00_65.00,2014-09-22,38.0,65.0,0.0,0.0,0.0,0.0,0.0,0.0,20.0,0
38.00_65.00,2014-09-29,38.0,65.0,0.0,0.0,0.0,0.0,0.0,0.0,21.0,0
38.00_65.00,2014-10-06,38.0,65.0,0.0,0.0,0.0,0.0,0.0,0.0,22.0,0
38.00_65.00,2014-10-13,38.0,65.0,0.0,0.0,0.0,0.0,0.0,0.0,23.0,0
38.00_65.00,2014-10-20,38.0,65.0,0.0,0.0,0.0,0.0,0.0,0.0,24.0,0
38.00_65.00,2014-10-27,38.0,65.0,0.0,0.0,0.0,0.0,0.0,0.0,25.0,1
38.00_65.00,2014-11-03,38.0,65.0,1.0,4.5,4.5,4.5,1.0,5623413.251903491,0.0,0
38.00_65.00,2014-11-10,38.0,65.0,0.0,0.0,0.0,4.5,1.0,5623413.251903491,1.0,0
38.00_65.00,2014-11-17,38.0,65.0,0.0,0.0,0.0,4.5,1.0,5623413.251903491,2.0,0
38.00_65.00,2014-11-24,38.0,65.0,0.0,0.0,0.0,4.5,1.0,5623413.251903491,3.0,0
38.00_65.00,2014-12-01,38.0,65.0,0.0,0.0,0.0,0.0,1.0,5623413.251903491,4.0,0
38.00_65.00,2014-12-08,38.0,65.0,0.0,0.0,0.0,0.0,1.0,5623413.251903491,5.0,0
38.00_65.00,2014-12-15,38.0,65.0,0.0,0.0,0.0,0.0,1.0,5623413.251903491,6.0,0
38.00_65.00,2014-12-22,38.0,65.0,0.0,0.0,0.0,0.0,1.0,5623413.251903491,7.0,0
38.00_65.00,2014-12-29,38.0,65.0,0.0,0.0,0.0,0.0,1.0,0.0,8.0,0
38.00_65.00,2015-01-05,38.0,65.0,0.0,0.0,0.0,0.0,1.0,0.0,9.0,0
38.00_65.00,2015-01-12,38.0,65.0,0.0,0.0,0.0,0.0,1.0,0.0,10.0,0
38.00_65.00,2015-01-19,38.0,65.0,0.0,0.0,0.0,0.0,1.0,0.0,11.0,0
38.00_65.00,2015-01-26,38.0,65.0,0.0,0.0,0.0,0.0,0.0,0.0,12.0,0
38.00_65.00,2015-02-02,38.0,65.0,0.0,0.0,0.0,0.0,0.0,0.0,13.0,0
38.00_65.00,2015-02-09,38.0,65.0,0.0,0.0,0.0,0.0,0.0,0.0,14.0,0
38.00_65.00,2015-02-16,38.0,65.0,0.0,0.0,0.0,0.0,0.0,0.0,15.0,0
38.00_65.00,2015-02-23,38.0,65.0,0.0,0.0,0.0,0.0,0.0,0.0,16.0,0
38.00_65.00,2015-03-02,38.0,65.0,0.0,0.0,0.0,0.0,0.0,0.0,17.0,0
38.00_65.00,2015-03-09,38.0,65.0,0.0,0.0,0.0,0.0,0.0,0.0,18.0,0
38.00_65.00,2015-03-16,38.0,65.0,0.0,0.0,0.0,0.0,0.0,0.0,19.0,0
38.00_65.00,2015-03-23,38.0,65.0,0.0,0.0,0.0,0.0,0.0,0.0,20.0,0
38.00_65.00,2015-03-30,38.0,65.0,0.0,0.0,0.0,0.0,0.0,0.0,21.0,0
38.00_65.00,2015-04-06,38.0,65.0,0.0,0.0,0.0,0.0,0.0,0.0,22.0,0
38.00_65.00,2015-04-13,38.0,65.0,0.0,0.0,0.0,0.0,0.0,0.0,23.0,0
38.00_65.00,2015-04-20,38.0,65.0,0.0,0.0,0.0,0.0,0.0,0.0,24.0,0
38.00_65.00,2015-04-27,38.0,65.0,0.0,0.0,0.0,0.0,0.0,0.0,25.0,0
38.00_65.00,2015-05-04,38.0,65.0,0.0,0.0,0.0,0.0,0.0,0.0,26.0,0
38.00_65.00,2015-05-11,38.0,65.0,0.0,0.0,0.0,0.0,0.0,0.0,27.0,0
38.00_65.00,2015-05-18,38.0,65.0,0.0,0.0,0.0,0.0,0.0,0.0,28.0,0
38.00_65.00,2015-05-25,38.0,65.0,0.0,0.0,0.0,0.0,0.0,0.0,29.0,0
38.00_65.00,2015-06-01,38.0,65.0,0.0,0.0,0.0,0.0,0.0,0.0,30.0,0
38.00_65.00,2015-06-08,38.0,65.0,0.0,0.0,0.0,0.0,0.0,0.0,31.0,0
38.00_65.00,2015-06-15,38.0,65.0,0.0,0.0,0.0,0.0,0.0,0.0,32.0,0
38.00_65.00,2015-06-22,38.0,65.0,0.0,0.0,0.0,0.0,0.0,0.0,33.0,0
38.00_65.00,2015-06-29,38.0,65.0,0.0,0.0,0.0,0.0,0.0,0.0,34.0,0
38.00_65.00,2015-07-06,38.0,65.0,0.0,0.0,0.0,0.0,0.0,0.0,35.0,0
38.00_65.00,2015-07-13,38.0,65.0,0.0,0.0,0.0,0.0,0.0,0.0,36.0,0
38.00_65.00,2015-07-20,38.0,65.0,0.0,0.0,0.0,0.0,0.0,0.0,37.0,0
38.00_65.00,2015-07-27,38.0,65.0,0.0,0.0,0.0,0.0,0.0,0.0,38.0,0
38.00_65.00,2015-08-03,38.0,65.0,0.0,0.0,0.0,0.0,0.0,0.0,39.0,0
38.00_65.00,2015-08-10,38.0,65.0,0.0,0.0,0.0,0.0,0.0,0.0,40.0,0
38.00_65.00,2015-08-17,38.0,65.0,0.0,0.0,0.0,0.0,0.0,0.0,41.0,0
38.00_65.00,2015-08-24,38.0,65.0,0.0,0.0,0.0,0.0,0.0,0.0,42.0,0
38.00_65.00,2015-08-31,38.0,65.0,0.0,0.0,0.0,0.0,0.0,0.0,43.0,0
38.00_65.00,2015-09-07,38.0,65.0,0.0,0.0,0.0,0.0,0.0,0.0,44.0,0
38.00_65.00,2015-09-14,38.0,65.0,0.0,0.0,0.0,0.0,0.0,0.0,45.0,0
38.00_65.00,2015-09-21,38.0,65.0,0.0,0.0,0.0,0.0,0.0,0.0,46.0,0
38.00_65.00,2015-09-28,38.0,65.0,0.0,0.0,0.0,0.0,0.0,0.0,47.0,0
38.00_65.00,2015-10-05,38.0,65.0,0.0,0.0,0.0,0.0,0.0,0.0,48.0,0
38.00_65.00,2015-10-12,38.0,65.0,0.0,0.0,0.0,0.0,0.0,0.0,49.0,0
38.00_65.00,2015-10-19,38.0,65.0,0.0,0.0,0.0,0.0,0.0,0.0,50.0,0
38.00_65.00,2015-10-26,38.0,65.0,0.0,0.0,0.0,0.0,0.0,0.0,51.0,0
38.00_65.00,2015-11-02,38.0,65.0,0.0,0.0,0.0,0.0,0.0,0.0,52.0,0
38.00_65.00,2015-11-09,38.0,65.0,0.0,0.0,0.0,0.0,0.0,0.0,53.0,0
38.00_65.00,2015-11-16,38.0,65.0,0.0,0.0,0.0,0.0,0.0,0.0,54.0,0
38.00_65.00,2015-11-23,38.0,65.0,0.0,0.0,0.0,0.0,0.0,0.0,55.0,0
38.00_65.00,2015-11-30,38.0,65.0,0.0,0.0,0.0,0.0,0.0,0.0,56.0,0
38.00_65.00,2015-12-07,38.0,65.0,0.0,0.0,0.0,0.0,0.0,0.0,57.0,0
38.00_65.00,2015-12-14,38.0,65.0,0.0,0.0,0.0,0.0,0.0,0.0,58.0,0
38.00_65.00,2015-12-21,38.0,65.0,0.0,0.0,0.0,0.0,0.0,0.0,59.0,0
38.00_65.00,2015-12-28,38.0,65.0,0.0,0.0,0.0,0.0,0.0,0.0,60.0,0
38.00_65.00,2016-01-04,38.0,65.0,0.0,0.0,0.0,0.0,0.0,0.0,61.0,0
38.00_65.00,2016-01-11,38.0,65.0,0.0,0.0,0.0,0.0,0.0,0.0,62.0,0
38.00_65.00,2016-01-18,38.0,65.0,0.0,0.0,0.0,0.0,0.0,0.0,63.0,0
38.00_65.00,2016-01-25,38.0,65.0,0.0,0.0,0.0,0.0,0.0,0.0,64.0,0
38.00_65.00,2016-02-01,38.0,65.0,0.0,0.0,0.0,0.0,0.0,0.0,65.0,0
38.00_65.00,2016-02-08,38.0,65.0,0.0,0.0,0.0,0.0,0.0,0.0,66.0,0
38.00_65.00,2016-02-15,38.0,65.0,0.0,0.0,0.0,0.0,0.0,0.0,67.0,0
38.00_65.00,2016-02-22,38.0,65.0,0.0,0.0,0.0,0.0,0.0,0.0,68.0,0
38.00_65.00,2016-02-29,38.0,65.0,0.0,0.0,0.0,0.0,0.0,0.0,69.0,0
38.00_65.00,2016-03-07,38.0,65.0,0.0,0.0,0.0,0.0,0.0,0.0,70.0,0
38.00_65.00,2016-03-14,38.0,65.0,0.0,0.0,0.0,0.0,0.0,0.0,71.0,0
38.00_65.00,2016-03-21,38.0,65.0,0.0,0.0,0.0,0.0,0.0,0.0,72.0,0
38.00_65.00,2016-03-28,38.0,65.0,0.0,0.0,0.0,0.0,0.0,0.0,73.0,0
38.00_65.00,2016-04-04,38.0,65.0,0.0,0.0,0.0,0.0,0.0,0.0,74.0,1
38.00_65.00,2016-04-11,38.0,65.0,1.0,5.0,5.0,5.0,1.0,31622776.60168379,0.0,0
38.00_65.00,2016-04-18,38.0,65.0,0.0,0.0,0.0,5.0,1.0,31622776.60168379,1.0,0
38.00_65.00,2016-04-25,38.0,65.0,0.0,0.0,0.0,5.0,1.0,31622776.60168379,2.0,0
38.00_65.00,2016-05-02,38.0,65.0,0.0,0.0,0.0,5.0,1.0,31622776.60168379,3.0,0
38.00_65.00,2016-05-09,38.0,65.0,0.0,0.0,0.0,0.0,1.0,31622776.60168379,4.0,0
38.00_65.00,2016-05-16,38.0,65.0,0.0,0.0,0.0,0.0,1.0,31622776.60168379,5.0,0
38.00_65.00,2016-05-23,38.0,65.0,0.0,0.0,0.0,0.0,1.0,31622776.60168379,6.0,0
38.00_65.00,2016-05-30,38.0,65.0,0.0,0.0,0.0,0.0,1.0,31622776.60168379,7.0,0
38.00_65.00,2016-06-06,38.0,65.0,0.0,0.0,0.0,0.0,1.0,0.0,8.0,0
38.00_65.00,2016-06-13,38.0,65.0,0.0,0.0,0.0,0.0,1.0,0.0,9.0,0
38.00_65.00,2016-06-20,38.0,65.0,0.0,0.0,0.0,0.0,1.0,0.0,10.0,0
38.00_65.00,2016-06-27,38.0,65.0,0.0,0.0,0.0,0.0,1.0,0.0,11.0,0
38.00_65.00,2016-07-04,38.0,65.0,0.0,0.0,0.0,0.0,0.0,0.0,12.0,0
38.00_65.00,2016-07-11,38.0,65.0,0.0,0.0,0.0,0.0,0.0,0.0,13.0,0
38.00_65.00,2016-07-18,38.0,65.0,0.0,0.0,0.0,0.0,0.0,0.0,14.0,0
38.00_65.00,2016-07-25,38.0,65.0,0.0,0.0,0.0,0.0,0.0,0.0,15.0,0
38.00_65.00,2016-08-01,38.0,65.0,0.0,0.0,0.0,0.0,0.0,0.0,16.0,0
38.00_65.00,2016-08-08,38.0,65.0,0.0,0.0,0.0,0.0,0.0,0.0,17.0,1
38.00_65.00,2016-08-15,38.0,65.0,1.0,4.6,4.6,4.6,1.0,7943282.347242805,0.0,0
38.00_65.00,2016-08-22,38.0,65.0,0.0,0.0,0.0,4.6,1.0,7943282.347242805,1.0,0
38.00_65.00,2016-08-29,38.0,65.0,0.0,0.0,0.0,4.6,1.0,7943282.347242805,2.0,0
38.00_65.00,2016-09-05,38.0,65.0,0.0,0.0,0.0,4.6,1.0,7943282.347242805,3.0,0
38.00_65.00,2016-09-12,38.0,65.0,0.0,0.0,0.0,0.0,1.0,7943282.347242805,4.0,0
38.00_65.00,2016-09-19,38.0,65.0,0.0,0.0,0.0,0.0,1.0,7943282.347242805,5.0,0
38.00_65.00,2016-09-26,38.0,65.0,0.0,0.0,0.0,0.0,1.0,7943282.347242805,6.0,0
38.00_65.00,2016-10-03,38.0,65.0,0.0,0.0,0.0,0.0,1.0,7943282.347242805,7.0,0
38.00_65.00,2016-10-10,38.0,65.0,0.0,0.0,0.0,0.0,1.0,0.0,8.0,0
38.00_65.00,2016-10-17,38.0,65.0,0.0,0.0,0.0,0.0,1.0,0.0,9.0,0
38.00_65.00,2016-10-24,38.0,65.0,0.0,0.0,0.0,0.0,1.0,0.0,10.0,0
38.00_65.00,2016-10-31,38.0,65.0,0.0,0.0,0.0,0.0,1.0,0.0,11.0,0
38.00_65.00,2016-11-07,38.0,65.0,0.0,0.0,0.0,0.0,0.0,0.0,12.0,0
38.00_65.00,2016-11-14,38.0,65.0,0.0,0.0,0.0,0.0,0.0,0.0,13.0,0
38.00_65.00,2016-11-21,38.0,65.0,0.0,0.0,0.0,0.0,0.0,0.0,14.0,0
38.00_65.00,2016-11-28,38.0,65.0,0.0,0.0,0.0,0.0,0.0,0.0,15.0,0
38.00_65.00,2016-12-05,38.0,65.0,0.0,0.0,0.0,0.0,0.0,0.0,16.0,0
38.00_65.00,2016-12-12,38.0,65.0,0.0,0.0,0.0,0.0,0.0,0.0,17.0,0
38.00_65.00,2016-12-19,38.0,65.0,0.0,0.0,0.0,0.0,0.0,0.0,18.0,0
38.00_65.00,2016-12-26,38.0,65.0,0.0,0.0,0.0,0.0,0.0,0.0,19.0,0
38.00_65.00,2017-01-02,38.0,65.0,0.0,0.0,0.0,0.0,0.0,0.0,20.0,0
38.00_65.00,2017-01-09,38.0,65.0,0.0,0.0,0.0,0.0,0.0,0.0,21.0,0
38.00_65.00,2017-01-16,38.0,65.0,0.0,0.0,0.0,0.0,0.0,0.0,22.0,0
38.00_65.00,2017-01-23,38.0,65.0,0.0,0.0,0.0,0.0,0.0,0.0,23.0,0
38.00_65.00,2017-01-30,38.0,65.0,0.0,0.0,0.0,0.0,0.0,0.0,24.0,0
38.00_65.00,2017-02-06,38.0,65.0,0.0,0.0,0.0,0.0,0.0,0.0,25.0,0
38.00_65.00,2017-02-13,38.0,65.0,0.0,0.0,0.0,0.0,0.0,0.0,26.0,0
38.00_65.00,2017-02-20,38.0,65.0,0.0,0.0,0.0,0.0,0.0,0.0,27.0,0
38.00_65.00,2017-02-27,38.0,65.0,0.0,0.0,0.0,0.0,0.0,0.0,28.0,0
38.00_65.00,2017-03-06,38.0,65.0,0.0,0.0,0.0,0.0,0.0,0.0,29.0,0
38.00_65.00,2017-03-13,38.0,65.0,0.0,0.0,0.0,0.0,0.0,0.0,30.0,0
38.00_65.00,2017-03-20,38.0,65.0,0.0,0.0,0.0,0.0,0.0,0.0,31.0,0
38.00_65.00,2017-03-27,38.0,65.0,0.0,0.0,0.0,0.0,0.0,0.0,32.0,0
38.00_65.00,2017-04-03,38.0,65.0,0.0,0.0,0.0,0.0,0.0,0.0,33.0,0
38.00_65.00,2017-04-10,38.0,65.0,0.0,0.0,0.0,0.0,0.0,0.0,34.0,0
38.00_65.00,2017-04-17,38.0,65.0,0.0,0.0,0.0,0.0,0.0,0.0,35.0,0
38.00_65.00,2017-04-24,38.0,65.0,0.0,0.0,0.0,0.0,0.0,0.0,36.0,0
38.00_65.00,2017-05-01,38.0,65.0,0.0,0.0,0.0,0.0,0.0,0.0,37.0,0
38.00_65.00,2017-05-08,38.0,65.0,0.0,0.0,0.0,0.0,0.0,0.0,38.0,0
38.00_65.00,2017-05-15,38.0,65.0,0.0,0.0,0.0,0.0,0.0,0.0,39.0,0
38.00_65.00,2017-05-22,38.0,65.0,0.0,0.0,0.0,0.0,0.0,0.0,40.0,0
38.00_65.00,2017-05-29,38.0,65.0,0.0,0.0,0.0,0.0,0.0,0.0,41.0,0
38.00_65.00,2017-06-05,38.0,65.0,0.0,0.0,0.0,0.0,0.0,0.0,42.0,0
38.00_65.00,2017-06-12,38.0,65.0,0.0,0.0,0.0,0.0,0.0,0.0,43.0,0
38.00_65.00,2017-06-19,38.0,65.0,0.0,0.0,0.0,0.0,0.0,0.0,44.0,0
38.00_65.00,2017-06-26,38.0,65.0,0.0,0.0,0.0,0.0,0.0,0.0,45.0,0
38.00_65.00,2017-07-03,38.0,65.0,0.0,0.0,0.0,0.0,0.0,0.0,46.0,0
38.00_65.00,2017-07-10,38.0,65.0,0.0,0.0,0.0,0.0,0.0,0.0,47.0,0
38.00_65.00,2017-07-17,38.0,65.0,0.0,0.0,0.0,0.0,0.0,0.0,48.0,0
38.00_65.00,2017-07-24,38.0,65.0,0.0,0.0,0.0,0.0,0.0,0.0,49.0,0
38.00_65.00,2017-07-31,38.0,65.0,0.0,0.0,0.0,0.0,0.0,0.0,50.0,0
38.00_65.00,2017-08-07,38.0,65.0,0.0,0.0,0.0,0.0,0.0,0.0,51.0,0
38.00_65.00,2017-08-14,38.0,65.0,0.0,0.0,0.0,0.0,0.0,0.0,52.0,0
38.00_65.00,2017-08-21,38.0,65.0,0.0,0.0,0.0,0.0,0.0,0.0,53.0,0
38.00_65.00,2017-08-28,38.0,65.0,0.0,0.0,0.0,0.0,0.0,0.0,54.0,0
38.00_65.00,2017-09-04,38.0,65.0,0.0,0.0,0.0,0.0,0.0,0.0,55.0,0
38.00_65.00,2017-09-11,38.0,65.0,0.0,0.0,0.0,0.0,0.0,0.0,56.0,0
38.00_65.00,2017-09-18,38.0,65.0,0.0,0.0,0.0,0.0,0.0,0.0,57.0,0
38.00_65.00,2017-09-25,38.0,65.0,0.0,0.0,0.0,0.0,0.0,0.0,58.0,0
38.00_65.00,2017-10-02,38.0,65.0,0.0,0.0,0.0,0.0,0.0,0.0,59.0,0
38.00_65.00,2017-10-09,38.0,65.0,0.0,0.0,0.0,0.0,0.0,0.0,60.0,0
38.00_65.00,2017-10-16,38.0,65.0,0.0,0.0,0.0,0.0,0.0,0.0,61.0,0
38.00_65.00,2017-10-23,38.0,65.0,0.0,0.0,0.0,0.0,0.0,0.0,62.0,0
38.00_65.00,2017-10-30,38.0,65.0,0.0,0.0,0.0,0.0,0.0,0.0,63.0,0
38.00_65.00,2017-11-06,38.0,65.0,0.0,0.0,0.0,0.0,0.0,0.0,64.0,0
38.00_65.00,2017-11-13,38.0,65.0,0.0,0.0,0.0,0.0,0.0,0.0,65.0,0
38.00_65.00,2017-11-20,38.0,65.0,0.0,0.0,0.0,0.0,0.0,0.0,66.0,0
38.00_65.00,2017-11-27,38.0,65.0,0.0,0.0,0.0,0.0,0.0,0.0,67.0,0
38.00_65.00,2017-12-04,38.0,65.0,0.0,0.0,0.0,0.0,0.0,0.0,68.0,0
38.00_65.00,2017-12-11,38.0,65.0,0.0,0.0,0.0,0.0,0.0,0.0,69.0,0
38.00_65.00,2017-12-18,38.0,65.0,0.0,0.0,0.0,0.0,0.0,0.0,70.0,0
38.00_65.00,2017-12-25,38.0,65.0,0.0,0.0,0.0,0.0,0.0,0.0,71.0,0
38.00_65.00,2018-01-01,38.0,65.0,0.0,0.0,0.0,0.0,0.0,0.0,72.0,0
38.00_65.00,2018-01-08,38.0,65.0,0.0,0.0,0.0,0.0,0.0,0.0,73.0,0
38.00_65.00,2018-01-15,38.0,65.0,0.0,0.0,0.0,0.0,0.0,0.0,74.0,0
38.00_65.00,2018-01-22,38.0,65.0,0.0,0.0,0.0,0.0,0.0,0.0,75.0,0
38.00_65.00,2018-01-29,38.0,65.0,0.0,0.0,0.0,0.0,0.0,0.0,76.0,0
38.00_65.00,2018-02-05,38.0,65.0,0.0,0.0,0.0,0.0,0.0,0.0,77.0,0
38.00_65.00,2018-02-12,38.0,65.0,0.0,0.0,0.0,0.0,0.0,0.0,78.0,0
38.00_65.00,2018-02-19,38.0,65.0,0.0,0.0,0.0,0.0,0.0,0.0,79.0,0
38.00_65.00,2018-02-26,38.0,65.0,0.0,0.0,0.0,0.0,0.0,0.0,80.0,0
38.00_65.00,2018-03-05,38.0,65.0,0.0,0.0,0.0,0.0,0.0,0.0,81.0,0
38.00_65.00,2018-03-12,38.0,65.0,0.0,0.0,0.0,0.0,0.0,0.0,82.0,0
38.00_65.00,2018-03-19,38.0,65.0,0.0,0.0,0.0,0.0,0.0,0.0,83.0,0
38.00_65.00,2018-03-26,38.0,65.0,0.0,0.0,0.0,0.0,0.0,0.0,84.0,0
38.00_65.00,2018-04-02,38.0,65.0,0.0,0.0,0.0,0.0,0.0,0.0,85.0,0
38.00_65.00,2018-04-09,38.0,65.0,0.0,0.0,0.0,0.0,0.0,0.0,86.0,0
38.00_65.00,2018-04-16,38.0,65.0,0.0,0.0,0.0,0.0,0.0,0.0,87.0,0
38.00_65.00,2018-04-23,38.0,65.0,0.0,0.0,0.0,0.0,0.0,0.0,88.0,0
38.00_65.00,2018-04-30,38.0,65.0,0.0,0.0,0.0,0.0,0.0,0.0,89.0,0
38.00_65.00,2018-05-07,38.0,65.0,0.0,0.0,0.0,0.0,0.0,0.0,90.0,0
38.00_65.00,2018-05-14,38.0,65.0,0.0,0.0,0.0,0.0,0.0,0.0,91.0,0
38.00_65.00,2018-05-21,38.0,65.0,0.0,0.0,0.0,0.0,0.0,0.0,92.0,0
38.00_65.00,2018-05-28,38.0,65.0,0.0,0.0,0.0,0.0,0.0,0.0,93.0,0
38.00_65.00,2018-06-04,38.0,65.0,0.0,0.0,0.0,0.0,0.0,0.0,94.0,0
38.00_65.00,2018-06-11,38.0,65.0,0.0,0.0,0.0,0.0,0.0,0.0,95.0,0
38.00_65.00,2018-06-18,38.0,65.0,0.0,0.0,0.0,0.0,0.0,0.0,96.0,0
38.00_65.00,2018-06-25,38.0,65.0,0.0,0.0,0.0,0.0,0.0,0.0,97.0,0
38.00_65.00,2018-07-02,38.0,65.0,0.0,0.0,0.0,0.0,0.0,0.0,98.0,0
38.00_65.00,2018-07-09,38.0,65.0,0.0,0.0,0.0,0.0,0.0,0.0,99.0,0
38.00_65.00,2018-07-16,38.0,65.0,0.0,0.0,0.0,0.0,0.0,0.0,100.0,0
38.00_65.00,2018-07-23,38.0,65.0,0.0,0.0,0.0,0.0,0.0,0.0,101.0,0
38.00_65.00,2018-07-30,38.0,65.0,0.0,0.0,0.0,0.0,0.0,0.0,102.0,0
38.00_65.00,2018-08-06,38.0,65.0,0.0,0.0,0.0,0.0,0.0,0.0,103.0,0
38.00_65.00,2018-08-13,38.0,65.0,0.0,0.0,0.0,0.0,0.0,0.0,104.0,0
38.00_65.00,2018-08-20,38.0,65.0,0.0,0.0,0.0,0.0,0.0,0.0,105.0,0
38.00_65.00,2018-08-27,38.0,65.0,0.0,0.0,0.0,0.0,0.0,0.0,106.0,0
38.00_65.00,2018-09-03,38.0,65.0,0.0,0.0,0.0,0.0,0.0,0.0,107.0,0
38.00_65.00,2018-09-10,38.0,65.0,0.0,0.0,0.0,0.0,0.0,0.0,108.0,0
38.00_65.00,2018-09-17,38.0,65.0,0.0,0.0,0.0,0.0,0.0,0.0,109.0,0
38.00_65.00,2018-09-24,38.0,65.0,0.0,0.0,0.0,0.0,0.0,0.0,110.0,0
38.00_65.00,2018-10-01,38.0,65.0,0.0,0.0,0.0,0.0,0.0,0.0,111.0,0
38.00_65.00,2018-10-08,38.0,65.0,0.0,0.0,0.0,0.0,0.0,0.0,112.0,0
38.00_65.00,2018-10-15,38.0,65.0,0.0,0.0,0.0,0.0,0.0,0.0,113.0,0
38.00_65.00,2018-10-22,38.0,65.0,0.0,0.0,0.0,0.0,0.0,0.0,114.0,0
38.00_65.00,2018-10-29,38.0,65.0,0.0,0.0,0.0,0.0,0.0,0.0,115.0,0
38.00_65.00,2018-11-05,38.0,65.0,0.0,0.0,0.0,0.0,0.0,0.0,116.0,0
38.00_65.00,2018-11-12,38.0,65.0,0.0,0.0,0.0,0.0,0.0,0.0,117.0,0
38.00_65.00,2018-11-19,38.0,65.0,0.0,0.0,0.0,0.0,0.0,0.0,118.0,0
38.00_65.00,2018-11-26,38.0,65.0,0.0,0.0,0.0,0.0,0.0,0.0,119.0,0
38.00_65.00,2018-12-03,38.0,65.0,0.0,0.0,0.0,0.0,0.0,0.0,120.0,0
38.00_65.00,2018-12-10,38.0,65.0,0.0,0.0,0.0,0.0,0.0,0.0,121.0,0
38.00_65.00,2018-12-17,38.0,65.0,0.0,0.0,0.0,0.0,0.0,0.0,122.0,0
38.00_65.00,2018-12-24,38.0,65.0,0.0,0.0,0.0,0.0,0.0,0.0,123.0,0
38.00_65.00,2018-12-31,38.0,65.0,0.0,0.0,0.0,0.0,0.0,0.0,124.0,0
38.00_65.00,2019-01-07,38.0,65.0,0.0,0.0,0.0,0.0,0.0,0.0,125.0,0
38.00_65.00,2019-01-14,38.0,65.0,0.0,0.0,0.0,0.0,0.0,0.0,126.0,0
38.00_65.00,2019-01-21,38.0,65.0,0.0,0.0,0.0,0.0,0.0,0.0,127.0,0
38.00_65.00,2019-01-28,38.0,65.0,0.0,0.0,0.0,0.0,0.0,0.0,128.0,0
38.00_65.00,2019-02-04,38.0,65.0,0.0,0.0,0.0,0.0,0.0,0.0,129.0,0
38.00_65.00,2019-02-11,38.0,65.0,0.0,0.0,0.0,0.0,0.0,0.0,130.0,0
38.00_65.00,2019-02-18,38.0,65.0,0.0,0.0,0.0,0.0,0.0,0.0,131.0,0
38.00_65.00,2019-02-25,38.0,65.0,0.0,0.0,0.0,0.0,0.0,0.0,132.0,0
38.00_65.00,2019-03-04,38.0,65.0,0.0,0.0,0.0,0.0,0.0,0.0,133.0,0
38.00_65.00,2019-03-11,38.0,65.0,0.0,0.0,0.0,0.0,0.0,0.0,134.0,0
38.00_65.00,2019-03-18,38.0,65.0,0.0,0.0,0.0,0.0,0.0,0.0,135.0,0
38.00_65.00,2019-03-25,38.0,65.0,0.0,0.0,0.0,0.0,0.0,0.0,136.0,0
38.00_65.00,2019-04-01,38.0,65.0,0.0,0.0,0.0,0.0,0.0,0.0,137.0,0
38.00_65.00,2019-04-08,38.0,65.0,0.0,0.0,0.0,0.0,0.0,0.0,138.0,0
38.00_65.00,2019-04-15,38.0,65.0,0.0,0.0,0.0,0.0,0.0,0.0,139.0,0
38.00_65.00,2019-04-22,38.0,65.0,0.0,0.0,0.0,0.0,0.0,0.0,140.0,0
38.00_65.00,2019-04-29,38.0,65.0,0.0,0.0,0.0,0.0,0.0,0.0,141.0,0
38.00_65.00,2019-05-06,38.0,65.0,0.0,0.0,0.0,0.0,0.0,0.0,142.0,0
38.00_65.00,2019-05-13,38.0,65.0,0.0,0.0,0.0,0.0,0.0,0.0,143.0,0
38.00_65.00,2019-05-20,38.0,65.0,0.0,0.0,0.0,0.0,0.0,0.0,144.0,0
38.00_65.00,2019-05-27,38.0,65.0,0.0,0.0,0.0,0.0,0.0,0.0,145.0,0
38.00_65.00,2019-06-03,38.0,65.0,0.0,0.0,0.0,0.0,0.0,0.0,146.0,0
38.00_65.00,2019-06-10,38.0,65.0,0.0,0.0,0.0,0.0,0.0,0.0,147.0,0
38.00_65.00,2019-06-17,38.0,65.0,0.0,0.0,0.0,0.0,0.0,0.0,148.0,0
38.00_65.00,2019-06-24,38.0,65.0,0.0,0.0,0.0,0.0,0.0,0.0,149.0,0
38.00_65.00,2019-07-01,38.0,65.0,0.0,0.0,0.0,0.0,0.0,0.0,150.0,0
38.00_65.00,2019-07-08,38.0,65.0,0.0,0.0,0.0,0.0,0.0,0.0,151.0,0
38.00_65.00,2019-07-15,38.0,65.0,0.0,0.0,0.0,0.0,0.0,0.0,152.0,0
38.00_65.00,2019-07-22,38.0,65.0,0.0,0.0,0.0,0.0,0.0,0.0,153.0,0
38.00_65.00,2019-07-29,38.0,65.0,0.0,0.0,0.0,0.0,0.0,0.0,154.0,0
38.00_65.00,2019-08-05,38.0,65.0,0.0,0.0,0.0,0.0,0.0,0.0,155.0,0
38.00_65.00,2019-08-12,38.0,65.0,0.0,0.0,0.0,0.0,0.0,0.0,156.0,0
38.00_65.00,2019-08-19,38.0,65.0,0.0,0.0,0.0,0.0,0.0,0.0,157.0,0
38.00_65.00,2019-08-26,38.0,65.0,0.0,0.0,0.0,0.0,0.0,0.0,158.0,0
38.00_65.00,2019-09-02,38.0,65.0,0.0,0.0,0.0,0.0,0.0,0.0,159.0,0
38.00_65.00,2019-09-09,38.0,65.0,0.0,0.0,0.0,0.0,0.0,0.0,160.0,0
38.00_65.00,2019-09-16,38.0,65.0,0.0,0.0,0.0,0.0,0.0,0.0,161.0,0
38.00_65.00,2019-09-23,38.0,65.0,0.0,0.0,0.0,0.0,0.0,0.0,162.0,0
38.00_65.00,2019-09-30,38.0,65.0,0.0,0.0,0.0,0.0,0.0,0.0,163.0,0
38.00_65.00,2019-10-07,38.0,65.0,0.0,0.0,0.0,0.0,0.0,0.0,164.0,0
38.00_65.00,2019-10-14,38.0,65.0,0.0,0.0,0.0,0.0,0.0,0.0,165.0,0
38.00_65.00,2019-10-21,38.0,65.0,0.0,0.0,0.0,0.0,0.0,0.0,166.0,0
38.00_65.00,2019-10-28,38.0,65.0,0.0,0.0,0.0,0.0,0.0,0.0,167.0,0
38.00_65.00,2019-11-04,38.0,65.0,0.0,0.0,0.0,0.0,0.0,0.0,168.0,0
38.00_65.00,2019-11-11,38.0,65.0,0.0,0.0,0.0,0.0,0.0,0.0,169.0,0
38.00_65.00,2019-11-18,38.0,65.0,0.0,0.0,0.0,0.0,0.0,0.0,170.0,0
38.00_65.00,2019-11-25,38.0,65.0,0.0,0.0,0.0,0.0,0.0,0.0,171.0,0
38.00_65.00,2019-12-02,38.0,65.0,0.0,0.0,0.0,0.0,0.0,0.0,172.0,0
38.00_65.00,2019-12-09,38.0,65.0,0.0,0.0,0.0,0.0,0.0,0.0,173.0,0
38.00_65.00,2019-12-16,38.0,65.0,0.0,0.0,0.0,0.0,0.0,0.0,174.0,0
38.00_65.00,2019-12-23,38.0,65.0,0.0,0.0,0.0,0.0,0.0,0.0,175.0,0
38.00_65.00,2019-12-30,38.0,65.0,0.0,0.0,0.0,0.0,0.0,0.0,176.0,0
38.00_65.00,2020-01-06,38.0,65.0,0.0,0.0,0.0,0.0,0.0,0.0,177.0,0
38.00_65.00,2020-01-13,38.0,65.0,0.0,0.0,0.0,0.0,0.0,0.0,178.0,0
38.00_65.00,2020-01-20,38.0,65.0,0.0,0.0,0.0,0.0,0.0,0.0,179.0,0
38.00_65.00,2020-01-27,38.0,65.0,0.0,0.0,0.0,0.0,0.0,0.0,180.0,0
38.00_65.00,2020-02-03,38.0,65.0,0.0,0.0,0.0,0.0,0.0,0.0,181.0,0
38.00_65.00,2020-02-10,38.0,65.0,0.0,0.0,0.0,0.0,0.0,0.0,182.0,0
38.00_65.00,2020-02-17,38.0,65.0,0.0,0.0,0.0,0.0,0.0,0.0,183.0,0
38.00_65.00,2020-02-24,38.0,65.0,0.0,0.0,0.0,0.0,0.0,0.0,184.0,0
38.00_65.00,2020-03-02,38.0,65.0,0.0,0.0,0.0,0.0,0.0,0.0,185.0,0
38.00_65.00,2020-03-09,38.0,65.0,0.0,0.0,0.0,0.0,0.0,0.0,186.0,0
38.00_65.00,2020-03-16,38.0,65.0,0.0,0.0,0.0,0.0,0.0,0.0,187.0,0
38.00_65.00,2020-03-23,38.0,65.0,0.0,0.0,0.0,0.0,0.0,0.0,188.0,0
38.00_65.00,2020-03-30,38.0,65.0,0.0,0.0,0.0,0.0,0.0,0.0,189.0,0
38.00_65.00,2020-04-06,38.0,65.0,0.0,0.0,0.0,0.0,0.0,0.0,190.0,0
38.00_65.00,2020-04-13,38.0,65.0,0.0,0.0,0.0,0.0,0.0,0.0,191.0,0
38.00_65.00,2020-04-20,38.0,65.0,0.0,0.0,0.0,0.0,0.0,0.0,192.0,0
38.00_65.00,2020-04-27,38.0,65.0,0.0,0.0,0.0,0.0,0.0,0.0,193.0,0
38.00_65.00,2020-05-04,38.0,65.0,0.0,0.0,0.0,0.0,0.0,0.0,194.0,0
38.00_65.00,2020-05-11,38.0,65.0,0.0,0.0,0.0,0.0,0.0,0.0,195.0,0
38.00_65.00,2020-05-18,38.0,65.0,0.0,0.0,0.0,0.0,0.0,0.0,196.0,0
38.00_65.00,2020-05-25,38.0,65.0,0.0,0.0,0.0,0.0,0.0,0.0,197.0,0
38.00_65.00,2020-06-01,38.0,65.0,0.0,0.0,0.0,0.0,0.0,0.0,198.0,0
38.00_65.00,2020-06-08,38.0,65.0,0.0,0.0,0.0,0.0,0.0,0.0,199.0,0
38.00_65.00,2020-06-15,38.0,65.0,0.0,0.0,0.0,0.0,0.0,0.0,200.0,0
38.00_65.00,2020-06-22,38.0,65.0,0.0,0.0,0.0,0.0,0.0,0.0,201.0,0
38.00_65.00,2020-06-29,38.0,65.0,0.0,0.0,0.0,0.0,0.0,0.0,202.0,0
38.00_65.00,2020-07-06,38.0,65.0,0.0,0.0,0.0,0.0,0.0,0.0,203.0,0
38.00_65.00,2020-07-13,38.0,65.0,0.0,0.0,0.0,0.0,0.0,0.0,204.0,0
38.00_65.00,2020-07-20,38.0,65.0,0.0,0.0,0.0,0.0,0.0,0.0,205.0,0
38.00_65.00,2020-07-27,38.0,65.0,0.0,0.0,0.0,0.0,0.0,0.0,206.0,0
38.00_65.00,2020-08-03,38.0,65.0,0.0,0.0,0.0,0.0,0.0,0.0,207.0,0
38.00_65.00,2020-08-10,38.0,65.0,0.0,0.0,0.0,0.0,0.0,0.0,208.0,0
38.00_65.00,2020-08-17,38.0,65.0,0.0,0.0,0.0,0.0,0.0,0.0,209.0,0
38.00_65.00,2020-08-24,38.0,65.0,0.0,0.0,0.0,0.0,0.0,0.0,210.0,0
38.00_65.00,2020-08-31,38.0,65.0,0.0,0.0,0.0,0.0,0.0,0.0,211.0,0
38.00_65.00,2020-09-07,38.0,65.0,0.0,0.0,0.0,0.0,0.0,0.0,212.0,0
38.00_65.00,2020-09-14,38.0,65.0,0.0,0.0,0.0,0.0,0.0,0.0,213.0,0
38.00_65.00,2020-09-21,38.0,65.0,0.0,0.0,0.0,0.0,0.0,0.0,214.0,0
38.00_65.00,2020-09-28,38.0,65.0,0.0,0.0,0.0,0.0,0.0,0.0,215.0,0
38.00_65.00,2020-10-05,38.0,65.0,0.0,0.0,0.0,0.0,0.0,0.0,216.0,0
38.00_65.00,2020-10-12,38.0,65.0,0.0,0.0,0.0,0.0,0.0,0.0,217.0,0
38.00_65.00,2020-10-19,38.0,65.0,0.0,0.0,0.0,0.0,0.0,0.0,218.0,0
38.00_65.00,2020-10-26,38.0,65.0,0.0,0.0,0.0,0.0,0.0,0.0,219.0,0
38.00_65.00,2020-11-02,38.0,65.0,0.0,0.0,0.0,0.0,0.0,0.0,220.0,0
38.00_65.00,2020-11-09,38.0,65.0,0.0,0.0,0.0,0.0,0.0,0.0,221.0,0
38.00_65.00,2020-11-16,38.0,65.0,0.0,0.0,0.0,0.0,0.0,0.0,222.0,0
38.00_65.00,2020-11-23,38.0,65.0,0.0,0.0,0.0,0.0,0.0,0.0,223.0,0
38.00_65.00,2020-11-30,38.0,65.0,0.0,0.0,0.0,0.0,0.0,0.0,224.0,0
38.00_65.00,2020-12-07,38.0,65.0,0.0,0.0,0.0,0.0,0.0,0.0,225.0,0
38.00_65.00,2020-12-14,38.0,65.0,0.0,0.0,0.0,0.0,0.0,0.0,226.0,0
38.00_65.00,2020-12-21,38.0,65.0,0.0,0.0,0.0,0.0,0.0,0.0,227.0,0
38.00_65.00,2020-12-28,38.0,65.0,0.0,0.0,0.0,0.0,0.0,0.0,228.0,0
38.00_65.00,2021-01-04,38.0,65.0,0.0,0.0,0.0,0.0,0.0,0.0,229.0,0
38.00_65.00,2021-01-11,38.0,65.0,0.0,0.0,0.0,0.0,0.0,0.0,230.0,0
38.00_65.00,2021-01-18,38.0,65.0,0.0,0.0,0.0,0.0,0.0,0.0,231.0,0
38.00_65.00,2021-01-25,38.0,65.0,0.0,0.0,0.0,0.0,0.0,0.0,232.0,0
38.00_65.00,2021-02-01,38.0,65.0,0.0,0.0,0.0,0.0,0.0,0.0,233.0,0
38.00_65.00,2021-02-08,38.0,65.0,0.0,0.0,0.0,0.0,0.0,0.0,234.0,0
38.00_65.00,2021-02-15,38.0,65.0,0.0,0.0,0.0,0.0,0.0,0.0,235.0,0
38.00_65.00,2021-02-22,38.0,65.0,0.0,0.0,0.0,0.0,0.0,0.0,236.0,0
38.00_65.00,2021-03-01,38.0,65.0,0.0,0.0,0.0,0.0,0.0,0.0,237.0,0
38.00_65.00,2021-03-08,38.0,65.0,0.0,0.0,0.0,0.0,0.0,0.0,238.0,0
38.00_65.00,2021-03-15,38.0,65.0,0.0,0.0,0.0,0.0,0.0,0.0,239.0,0
38.00_65.00,2021-03-22,38.0,65.0,0.0,0.0,0.0,0.0,0.0,0.0,240.0,0
38.00_65.00,2021-03-29,38.0,65.0,0.0,0.0,0.0,0.0,0.0,0.0,241.0,0
38.00_65.00,2021-04-05,38.0,65.0,0.0,0.0,0.0,0.0,0.0,0.0,242.0,0
38.00_65.00,2021-04-12,38.0,65.0,0.0,0.0,0.0,0.0,0.0,0.0,243.0,0
38.00_65.00,2021-04-19,38.0,65.0,0.0,0.0,0.0,0.0,0.0,0.0,244.0,0
38.00_65.00,2021-04-26,38.0,65.0,0.0,0.0,0.0,0.0,0.0,0.0,245.0,0
38.00_65.00,2021-05-03,38.0,65.0,0.0,0.0,0.0,0.0,0.0,0.0,246.0,0
38.00_65.00,2021-05-10,38.0,65.0,0.0,0.0,0.0,0.0,0.0,0.0,247.0,0
38.00_65.00,2021-05-17,38.0,65.0,0.0,0.0,0.0,0.0,0.0,0.0,248.0,0
38.00_65.00,2021-05-24,38.0,65.0,0.0,0.0,0.0,0.0,0.0,0.0,249.0,0
38.00_65.00,2021-05-31,38.0,65.0,0.0,0.0,0.0,0.0,0.0,0.0,250.0,0
38.00_65.00,2021-06-07,38.0,65.0,0.0,0.0,0.0,0.0,0.0,0.0,251.0,0
38.00_65.00,2021-06-14,38.0,65.0,0.0,0.0,0.0,0.0,0.0,0.0,252.0,0
38.00_65.00,2021-06-21,38.0,65.0,0.0,0.0,0.0,0.0,0.0,0.0,253.0,0
38.00_65.00,2021-06-28,38.0,65.0,0.0,0.0,0.0,0.0,0.0,0.0,254.0,0
38.00_65.00,2021-07-05,38.0,65.0,0.0,0.0,0.0,0.0,0.0,0.0,255.0,0
38.00_65.00,2021-07-12,38.0,65.0,0.0,0.0,0.0,0.0,0.0,0.0,256.0,0
38.00_65.00,2021-07-19,38.0,65.0,0.0,0.0,0.0,0.0,0.0,0.0,257.0,0
38.00_65.00,2021-07-26,38.0,65.0,0.0,0.0,0.0,0.0,0.0,0.0,258.0,0
38.00_65.00,2021-08-02,38.0,65.0,0.0,0.0,0.0,0.0,0.0,0.0,259.0,0
38.00_65.00,2021-08-09,38.0,65.0,0.0,0.0,0.0,0.0,0.0,0.0,260.0,0
38.00_65.00,2021-08-16,38.0,65.0,0.0,0.0,0.0,0.0,0.0,0.0,261.0,0
38.00_65.00,2021-08-23,38.0,65.0,0.0,0.0,0.0,0.0,0.0,0.0,262.0,0
38.00_65.00,2021-08-30,38.0,65.0,0.0,0.0,0.0,0.0,0.0,0.0,263.0,0
38.00_65.00,2021-09-06,38.0,65.0,0.0,0.0,0.0,0.0,0.0,0.0,264.0,0
38.00_65.00,2021-09-13,38.0,65.0,0.0,0.0,0.0,0.0,0.0,0.0,265.0,0
38.00_65.00,2021-09-20,38.0,65.0,0.0,0.0,0.0,0.0,0.0,0.0,266.0,0
38.00_65.00,2021-09-27,38.0,65.0,0.0,0.0,0.0,0.0,0.0,0.0,267.0,0
38.00_65.00,2021-10-04,38.0,65.0,0.0,0.0,0.0,0.0,0.0,0.0,268.0,0
38.00_65.00,2021-10-11,38.0,65.0,0.0,0.0,0.0,0.0,0.0,0.0,269.0,0
38.00_65.00,2021-10-18,38.0,65.0,0.0,0.0,0.0,0.0,0.0,0.0,270.0,0
38.00_65.00,2021-10-25,38.0,65.0,0.0,0.0,0.0,0.0,0.0,0.0,271.0,0
38.00_65.00,2021-11-01,38.0,65.0,0.0,0.0,0.0,0.0,0.0,0.0,272.0,0
38.00_65.00,2021-11-08,38.0,65.0,0.0,0.0,0.0,0.0,0.0,0.0,273.0,0
38.00_65.00,2021-11-15,38.0,65.0,0.0,0.0,0.0,0.0,0.0,0.0,274.0,0
38.00_65.00,2021-11-22,38.0,65.0,0.0,0.0,0.0,0.0,0.0,0.0,275.0,0
38.00_65.00,2021-11-29,38.0,65.0,0.0,0.0,0.0,0.0,0.0,0.0,276.0,0
38.00_65.00,2021-12-06,38.0,65.0,0.0,0.0,0.0,0.0,0.0,0.0,277.0,0
38.00_65.00,2021-12-13,38.0,65.0,0.0,0.0,0.0,0.0,0.0,0.0,278.0,0
38.00_65.00,2021-12-20,38.0,65.0,0.0,0.0,0.0,0.0,0.0,0.0,279.0,0
38.00_65.00,2021-12-27,38.0,65.0,0.0,0.0,0.0,0.0,0.0,0.0,280.0,0
38.00_65.00,2022-01-03,38.0,65.0,0.0,0.0,0.0,0.0,0.0,0.0,281.0,0
38.00_65.00,2022-01-10,38.0,65.0,0.0,0.0,0.0,0.0,0.0,0.0,282.0,0
38.00_65.00,2022-01-17,38.0,65.0,0.0,0.0,0.0,0.0,0.0,0.0,283.0,0
38.00_65.00,2022-01-24,38.0,65.0,0.0,0.0,0.0,0.0,0.0,0.0,284.0,0
38.00_65.00,2022-01-31,38.0,65.0,0.0,0.0,0.0,0.0,0.0,0.0,285.0,0
38.00_65.00,2022-02-07,38.0,65.0,0.0,0.0,0.0,0.0,0.0,0.0,286.0,0
38.00_65.00,2022-02-14,38.0,65.0,0.0,0.0,0.0,0.0,0.0,0.0,287.0,0
38.00_65.00,2022-02-21,38.0,65.0,0.0,0.0,0.0,0.0,0.0,0.0,288.0,0
38.00_65.00,2022-02-28,38.0,65.0,0.0,0.0,0.0,0.0,0.0,0.0,289.0,0
38.00_65.00,2022-03-07,38.0,65.0,0.0,0.0,0.0,0.0,0.0,0.0,290.0,0
38.00_65.00,2022-03-14,38.0,65.0,0.0,0.0,0.0,0.0,0.0,0.0,291.0,0
38.00_65.00,2022-03-21,38.0,65.0,0.0,0.0,0.0,0.0,0.0,0.0,292.0,0
38.00_65.00,2022-03-28,38.0,65.0,0.0,0.0,0.0,0.0,0.0,0.0,293.0,0
38.00_65.00,2022-04-04,38.0,65.0,0.0,0.0,0.0,0.0,0.0,0.0,294.0,0
38.00_65.00,2022-04-11,38.0,65.0,0.0,0.0,0.0,0.0,0.0,0.0,295.0,0
38.00_65.00,2022-04-18,38.0,65.0,0.0,0.0,0.0,0.0,0.0,0.0,296.0,0
38.00_65.00,2022-04-25,38.0,65.0,0.0,0.0,0.0,0.0,0.0,0.0,297.0,0
38.00_65.00,2022-05-02,38.0,65.0,0.0,0.0,0.0,0.0,0.0,0.0,298.0,0
38.00_65.00,2022-05-09,38.0,65.0,0.0,0.0,0.0,0.0,0.0,0.0,299.0,1
38.00_65.00,2022-05-16,38.0,65.0,1.0,5.3,5.3,5.3,1.0,89125093.8133744,0.0,0
38.00_65.00,2022-05-23,38.0,65.0,0.0,0.0,0.0,5.3,1.0,89125093.8133744,1.0,0
38.00_65.00,2022-05-30,38.0,65.0,0.0,0.0,0.0,5.3,1.0,89125093.8133744,2.0,0
38.00_65.00,2022-06-06,38.0,65.0,0.0,0.0,0.0,5.3,1.0,89125093.8133744,3.0,0
38.00_65.00,2022-06-13,38.0,65.0,0.0,0.0,0.0,0.0,1.0,89125093.8133744,4.0,0
38.00_65.00,2022-06-20,38.0,65.0,0.0,0.0,0.0,0.0,1.0,89125093.8133744,5.0,0
38.00_65.00,2022-06-27,38.0,65.0,0.0,0.0,0.0,0.0,1.0,89125093.8133744,6.0,0
38.00_65.00,2022-07-04,38.0,65.0,0.0,0.0,0.0,0.0,1.0,89125093.8133744,7.0,0
38.00_65.00,2022-07-11,38.0,65.0,0.0,0.0,0.0,0.0,1.0,0.0,8.0,0
38.00_65.00,2022-07-18,38.0,65.0,0.0,0.0,0.0,0.0,1.0,0.0,9.0,0
38.00_65.00,2022-07-25,38.0,65.0,0.0,0.0,0.0,0.0,1.0,0.0,10.0,0
38.00_65.00,2022-08-01,38.0,65.0,0.0,0.0,0.0,0.0,1.0,0.0,11.0,0
38.00_65.00,2022-08-08,38.0,65.0,0.0,0.0,0.0,0.0,0.0,0.0,12.0,0
38.00_65.00,2022-08-15,38.0,65.0,0.0,0.0,0.0,0.0,0.0,0.0,13.0,0
38.00_65.00,2022-08-22,38.0,65.0,0.0,0.0,0.0,0.0,0.0,0.0,14.0,0
38.00_65.00,2022-08-29,38.0,65.0,0.0,0.0,0.0,0.0,0.0,0.0,15.0,0
38.00_65.00,2022-09-05,38.0,65.0,0.0,0.0,0.0,0.0,0.0,0.0,16.0,0
38.00_65.00,2022-09-12,38.0,65.0,0.0,0.0,0.0,0.0,0.0,0.0,17.0,0
38.00_65.00,2022-09-19,38.0,65.0,0.0,0.0,0.0,0.0,0.0,0.0,18.0,0
38.00_65.00,2022-09-26,38.0,65.0,0.0,0.0,0.0,0.0,0.0,0.0,19.0,0
38.00_65.00,2022-10-03,38.0,65.0,0.0,0.0,0.0,0.0,0.0,0.0,20.0,0
38.00_65.00,2022-10-10,38.0,65.0,0.0,0.0,0.0,0.0,0.0,0.0,21.0,0
38.00_65.00,2022-10-17,38.0,65.0,0.0,0.0,0.0,0.0,0.0,0.0,22.0,0
38.00_65.00,2022-10-24,38.0,65.0,0.0,0.0,0.0,0.0,0.0,0.0,23.0,0
38.00_65.00,2022-10-31,38.0,65.0,0.0,0.0,0.0,0.0,0.0,0.0,24.0,0
38.00_65.00,2022-11-07,38.0,65.0,0.0,0.0,0.0,0.0,0.0,0.0,25.0,0
38.00_65.00,2022-11-14,38.0,65.0,0.0,0.0,0.0,0.0,0.0,0.0,26.0,0
38.00_65.00,2022-11-21,38.0,65.0,0.0,0.0,0.0,0.0,0.0,0.0,27.0,0
38.00_65.00,2022-11-28,38.0,65.0,0.0,0.0,0.0,0.0,0.0,0.0,28.0,0
38.00_65.00,2022-12-05,38.0,65.0,0.0,0.0,0.0,0.0,0.0,0.0,29.0,0
38.00_65.00,2022-12-12,38.0,65.0,0.0,0.0,0.0,0.0,0.0,0.0,30.0,0
38.00_65.00,2022-12-19,38.0,65.0,0.0,0.0,0.0,0.0,0.0,0.0,31.0,0
38.00_65.00,2022-12-26,38.0,65.0,0.0,0.0,0.0,0.0,0.0,0.0,32.0,0
38.00_65.00,2023-01-02,38.0,65.0,0.0,0.0,0.0,0.0,0.0,0.0,33.0,0
38.00_65.00,2023-01-09,38.0,65.0,0.0,0.0,0.0,0.0,0.0,0.0,34.0,0
38.00_65.00,2023-01-16,38.0,65.0,0.0,0.0,0.0,0.0,0.0,0.0,35.0,0
38.00_65.00,2023-01-23,38.0,65.0,0.0,0.0,0.0,0.0,0.0,0.0,36.0,0
38.00_65.00,2023-01-30,38.0,65.0,0.0,0.0,0.0,0.0,0.0,0.0,37.0,0
38.00_65.00,2023-02-06,38.0,65.0,0.0,0.0,0.0,0.0,0.0,0.0,38.0,0
38.00_65.00,2023-02-13,38.0,65.0,0.0,0.0,0.0,0.0,0.0,0.0,39.0,0
38.00_65.00,2023-02-20,38.0,65.0,0.0,0.0,0.0,0.0,0.0,0.0,40.0,0
38.00_65.00,2023-02-27,38.0,65.0,0.0,0.0,0.0,0.0,0.0,0.0,41.0,0
38.00_65.00,2023-03-06,38.0,65.0,0.0,0.0,0.0,0.0,0.0,0.0,42.0,1
38.00_65.00,2023-03-13,38.0,65.0,1.0,4.5,4.5,4.5,1.0,5623413.251903491,0.0,0
38.00_65.00,2023-03-20,38.0,65.0,0.0,0.0,0.0,4.5,1.0,5623413.251903491,1.0,0
38.00_65.00,2023-03-27,38.0,65.0,0.0,0.0,0.0,4.5,1.0,5623413.251903491,2.0,0
38.00_65.00,2023-04-03,38.0,65.0,0.0,0.0,0.0,4.5,1.0,5623413.251903491,3.0,0
38.00_65.00,2023-04-10,38.0,65.0,0.0,0.0,0.0,0.0,1.0,5623413.251903491,4.0,0
38.00_65.00,2023-04-17,38.0,65.0,0.0,0.0,0.0,0.0,1.0,5623413.251903491,5.0,0
38.00_65.00,2023-04-24,38.0,65.0,0.0,0.0,0.0,0.0,1.0,5623413.251903491,6.0,0
38.00_65.00,2023-05-01,38.0,65.0,0.0,0.0,0.0,0.0,1.0,5623413.251903491,7.0,0
38.00_65.00,2023-05-08,38.0,65.0,0.0,0.0,0.0,0.0,1.0,0.0,8.0,0
38.00_65.00,2023-05-15,38.0,65.0,0.0,0.0,0.0,0.0,1.0,0.0,9.0,0
38.00_65.00,2023-05-22,38.0,65.0,0.0,0.0,0.0,0.0,1.0,0.0,10.0,0
38.00_65.00,2023-05-29,38.0,65.0,0.0,0.0,0.0,0.0,1.0,0.0,11.0,0
38.00_65.00,2023-06-05,38.0,65.0,0.0,0.0,0.0,0.0,0.0,0.0,12.0,0
38.00_65.00,2023-06-12,38.0,65.0,0.0,0.0,0.0,0.0,0.0,0.0,13.0,0
38.00_65.00,2023-06-19,38.0,65.0,0.0,0.0,0.0,0.0,0.0,0.0,14.0,0
38.00_65.00,2023-06-26,38.0,65.0,0.0,0.0,0.0,0.0,0.0,0.0,15.0,0
38.00_65.00,2023-07-03,38.0,65.0,0.0,0.0,0.0,0.0,0.0,0.0,16.0,0
38.00_65.00,2023-07-10,38.0,65.0,0.0,0.0,0.0,0.0,0.0,0.0,17.0,0
38.00_65.00,2023-07-17,38.0,65.0,0.0,0.0,0.0,0.0,0.0,0.0,18.0,0
38.00_65.00,2023-07-24,38.0,65.0,0.0,0.0,0.0,0.0,0.0,0.0,19.0,0
38.00_65.00,2023-07-31,38.0,65.0,0.0,0.0,0.0,0.0,0.0,0.0,20.0,0
38.00_65.00,2023-08-07,38.0,65.0,0.0,0.0,0.0,0.0,0.0,0.0,21.0,0
38.00_65.00,2023-08-14,38.0,65.0,0.0,0.0,0.0,0.0,0.0,0.0,22.0,0
38.00_65.00,2023-08-21,38.0,65.0,0.0,0.0,0.0,0.0,0.0,0.0,23.0,0
38.00_65.00,2023-08-28,38.0,65.0,0.0,0.0,0.0,0.0,0.0,0.0,24.0,0
38.00_65.00,2023-09-04,38.0,65.0,0.0,0.0,0.0,0.0,0.0,0.0,25.0,0
38.00_65.00,2023-09-11,38.0,65.0,0.0,0.0,0.0,0.0,0.0,0.0,26.0,0
38.00_65.00,2023-09-18,38.0,65.0,0.0,0.0,0.0,0.0,0.0,0.0,27.0,0
38.00_65.00,2023-09-25,38.0,65.0,0.0,0.0,0.0,0.0,0.0,0.0,28.0,0
38.00_65.00,2023-10-02,38.0,65.0,0.0,0.0,0.0,0.0,0.0,0.0,29.0,0
38.00_65.00,2023-10-09,38.0,65.0,0.0,0.0,0.0,0.0,0.0,0.0,30.0,0
38.00_65.00,2023-10-16,38.0,65.0,0.0,0.0,0.0,0.0,0.0,0.0,31.0,0
38.00_65.00,2023-10-23,38.0,65.0,0.0,0.0,0.0,0.0,0.0,0.0,32.0,0
38.00_65.00,2023-10-30,38.0,65.0,0.0,0.0,0.0,0.0,0.0,0.0,33.0,0
38.00_65.00,2023-11-06,38.0,65.0,0.0,0.0,0.0,0.0,0.0,0.0,34.0,0
38.00_65.00,2023-11-13,38.0,65.0,0.0,0.0,0.0,0.0,0.0,0.0,35.0,0
38.00_65.00,2023-11-20,38.0,65.0,0.0,0.0,0.0,0.0,0.0,0.0,36.0,0
38.00_65.00,2023-11-27,38.0,65.0,0.0,0.0,0.0,0.0,0.0,0.0,37.0,0
38.00_65.00,2023-12-04,38.0,65.0,0.0,0.0,0.0,0.0,0.0,0.0,38.0,0
38.00_65.00,2023-12-11,38.0,65.0,0.0,0.0,0.0,0.0,0.0,0.0,39.0,0
38.00_65.00,2023-12-18,38.0,65.0,0.0,0.0,0.0,0.0,0.0,0.0,40.0,0
38.00_65.00,2023-12-25,38.0,65.0,0.0,0.0,0.0,0.0,0.0,0.0,41.0,0
38.00_68.00,2010-03-22,38.0,68.0,0.0,0.0,0.0,0.0,2.0,0.0,9.0,0
38.00_68.00,2010-03-29,38.0,68.0,0.0,0.0,0.0,0.0,2.0,0.0,10.0,0
38.00_68.00,2010-04-05,38.0,68.0,0.0,0.0,0.0,0.0,1.0,0.0,11.0,0
38.00_68.00,2010-04-12,38.0,68.0,0.0,0.0,0.0,0.0,0.0,0.0,12.0,0
38.00_68.00,2010-04-19,38.0,68.0,0.0,0.0,0.0,0.0,0.0,0.0,13.0,0
38.00_68.00,2010-04-26,38.0,68.0,0.0,0.0,0.0,0.0,0.0,0.0,14.0,0
38.00_68.00,2010-05-03,38.0,68.0,0.0,0.0,0.0,0.0,0.0,0.0,15.0,0
38.00_68.00,2010-05-10,38.0,68.0,0.0,0.0,0.0,0.0,0.0,0.0,16.0,0
38.00_68.00,2010-05-17,38.0,68.0,0.0,0.0,0.0,0.0,0.0,0.0,17.0,0
38.00_68.00,2010-05-24,38.0,68.0,0.0,0.0,0.0,0.0,0.0,0.0,18.0,0
38.00_68.00,2010-05-31,38.0,68.0,0.0,0.0,0.0,0.0,0.0,0.0,19.0,0
38.00_68.00,2010-06-07,38.0,68.0,0.0,0.0,0.0,0.0,0.0,0.0,20.0,0
38.00_68.00,2010-06-14,38.0,68.0,0.0,0.0,0.0,0.0,0.0,0.0,21.0,0
38.00_68.00,2010-06-21,38.0,68.0,0.0,0.0,0.0,0.0,0.0,0.0,22.0,0
38.00_68.00,2010-06-28,38.0,68.0,0.0,0.0,0.0,0.0,0.0,0.0,23.0,1
38.00_68.00,2010-07-05,38.0,68.0,1.0,4.7,4.7,4.7,1.0,11220184.543019652,0.0,0
38.00_68.00,2010-07-12,38.0,68.0,0.0,0.0,0.0,4.7,1.0,11220184.543019652,1.0,0
38.00_68.00,2010-07-19,38.0,68.0,0.0,0.0,0.0,4.7,1.0,11220184.543019652,2.0,0
38.00_68.00,2010-07-26,38.0,68.0,0.0,0.0,0.0,4.7,1.0,11220184.543019652,3.0,0
38.00_68.00,2010-08-02,38.0,68.0,0.0,0.0,0.0,0.0,1.0,11220184.543019652,4.0,1
38.00_68.00,2010-08-09,38.0,68.0,1.0,5.2,5.2,5.2,2.0,74315918.99103908,0.0,0
38.00_68.00,2010-08-16,38.0,68.0,0.0,0.0,0.0,5.2,2.0,74315918.99103908,1.0,0
38.00_68.00,2010-08-23,38.0,68.0,0.0,0.0,0.0,5.2,2.0,74315918.99103908,2.0,0
38.00_68.00,2010-08-30,38.0,68.0,0.0,0.0,0.0,5.2,2.0,63095734.44801943,3.0,0
38.00_68.00,2010-09-06,38.0,68.0,0.0,0.0,0.0,0.0,2.0,63095734.44801943,4.0,0
38.00_68.00,2010-09-13,38.0,68.0,0.0,0.0,0.0,0.0,2.0,63095734.44801943,5.0,0
38.00_68.00,2010-09-20,38.0,68.0,0.0,0.0,0.0,0.0,2.0,63095734.44801943,6.0,0
38.00_68.00,2010-09-27,38.0,68.0,0.0,0.0,0.0,0.0,1.0,63095734.44801943,7.0,1
38.00_68.00,2010-10-04,38.0,68.0,1.0,4.6,4.6,4.6,2.0,7943282.347242805,0.0,2
38.00_68.00,2010-10-11,38.0,68.0,2.0,5.1,4.9,5.1,4.0,74998852.94802248,0.0,0
38.00_68.00,2010-10-18,38.0,68.0,0.0,0.0,0.0,5.1,4.0,74998852.94802248,1.0,0
38.00_68.00,2010-10-25,38.0,68.0,0.0,0.0,0.0,5.1,4.0,74998852.94802248,2.0,0
38.00_68.00,2010-11-01,38.0,68.0,0.0,0.0,0.0,5.1,3.0,74998852.94802248,3.0,0
38.00_68.00,2010-11-08,38.0,68.0,0.0,0.0,0.0,0.0,3.0,74998852.94802248,4.0,0
38.00_68.00,2010-11-15,38.0,68.0,0.0,0.0,0.0,0.0,3.0,74998852.94802248,5.0,2
38.00_68.00,2010-11-22,38.0,68.0,2.0,4.8,4.7,4.8,5.0,102067969.41565324,0.0,0
38.00_68.00,2010-11-29,38.0,68.0,0.0,0.0,0.0,4.8,5.0,94124687.06841044,1.0,0
38.00_68.00,2010-12-06,38.0,68.0,0.0,0.0,0.0,4.8,5.0,27069116.46763076,2.0,0
38.00_68.00,2010-12-13,38.0,68.0,0.0,0.0,0.0,4.8,5.0,27069116.46763076,3.0,0
38.00_68.00,2010-12-20,38.0,68.0,0.0,0.0,0.0,0.0,5.0,27069116.46763076,4.0,0
38.00_68.00,2010-12-27,38.0,68.0,0.0,0.0,0.0,0.0,4.0,27069116.46763076,5.0,0
38.00_68.00,2011-01-03,38.0,68.0,0.0,0.0,0.0,0.0,2.0,27069116.46763076,6.0,0
38.00_68.00,2011-01-10,38.0,68.0,0.0,0.0,0.0,0.0,2.0,27069116.46763076,7.0,0
38.00_68.00,2011-01-17,38.0,68.0,0.0,0.0,0.0,0.0,2.0,0.0,8.0,0
38.00_68.00,2011-01-24,38.0,68.0,0.0,0.0,0.0,0.0,2.0,0.0,9.0,0
38.00_68.00,2011-01-31,38.0,68.0,0.0,0.0,0.0,0.0,2.0,0.0,10.0,0
38.00_68.00,2011-02-07,38.0,68.0,0.0,0.0,0.0,0.0,2.0,0.0,11.0,0
38.00_68.00,2011-02-14,38.0,68.0,0.0,0.0,0.0,0.0,0.0,0.0,12.0,0
38.00_68.00,2011-02-21,38.0,68.0,0.0,0.0,0.0,0.0,0.0,0.0,13.0,0
38.00_68.00,2011-02-28,38.0,68.0,0.0,0.0,0.0,0.0,0.0,0.0,14.0,0
38.00_68.00,2011-03-07,38.0,68.0,0.0,0.0,0.0,0.0,0.0,0.0,15.0,0
38.00_68.00,2011-03-14,38.0,68.0,0.0,0.0,0.0,0.0,0.0,0.0,16.0,0
38.00_68.00,2011-03-21,38.0,68.0,0.0,0.0,0.0,0.0,0.0,0.0,17.0,0
38.00_68.00,2011-03-28,38.0,68.0,0.0,0.0,0.0,0.0,0.0,0.0,18.0,0
38.00_68.00,2011-04-04,38.0,68.0,0.0,0.0,0.0,0.0,0.0,0.0,19.0,0
38.00_68.00,2011-04-11,38.0,68.0,0.0,0.0,0.0,0.0,0.0,0.0,20.0,0
38.00_68.00,2011-04-18,38.0,68.0,0.0,0.0,0.0,0.0,0.0,0.0,21.0,0
38.00_68.00,2011-04-25,38.0,68.0,0.0,0.0,0.0,0.0,0.0,0.0,22.0,0
38.00_68.00,2011-05-02,38.0,68.0,0.0,0.0,0.0,0.0,0.0,0.0,23.0,0
38.00_68.00,2011-05-09,38.0,68.0,0.0,0.0,0.0,0.0,0.0,0.0,24.0,0
38.00_68.00,2011-05-16,38.0,68.0,0.0,0.0,0.0,0.0,0.0,0.0,25.0,0
38.00_68.00,2011-05-23,38.0,68.0,0.0,0.0,0.0,0.0,0.0,0.0,26.0,0
38.00_68.00,2011-05-30,38.0,68.0,0.0,0.0,0.0,0.0,0.0,0.0,27.0,1
38.00_68.00,2011-06-06,38.0,68.0,1.0,4.5,4.5,4.5,1.0,5623413.251903491,0.0,0
38.00_68.00,2011-06-13,38.0,68.0,0.0,0.0,0.0,4.5,1.0,5623413.251903491,1.0,0
38.00_68.00,2011-06-20,38.0,68.0,0.0,0.0,0.0,4.5,1.0,5623413.251903491,2.0,0
38.00_68.00,2011-06-27,38.0,68.0,0.0,0.0,0.0,4.5,1.0,5623413.251903491,3.0,0
38.00_68.00,2011-07-04,38.0,68.0,0.0,0.0,0.0,0.0,1.0,5623413.251903491,4.0,0
38.00_68.00,2011-07-11,38.0,68.0,0.0,0.0,0.0,0.0,1.0,5623413.251903491,5.0,0
38.00_68.00,2011-07-18,38.0,68.0,0.0,0.0,0.0,0.0,1.0,5623413.251903491,6.0,1
38.00_68.00,2011-07-25,38.0,68.0,1.0,4.5,4.5,4.5,2.0,11246826.503806982,0.0,0
38.00_68.00,2011-08-01,38.0,68.0,0.0,0.0,0.0,4.5,2.0,5623413.251903491,1.0,0
38.00_68.00,2011-08-08,38.0,68.0,0.0,0.0,0.0,4.5,2.0,5623413.251903491,2.0,0
38.00_68.00,2011-08-15,38.0,68.0,0.0,0.0,0.0,4.5,2.0,5623413.251903491,3.0,1
38.00_68.00,2011-08-22,38.0,68.0,1.0,4.5,4.5,4.5,3.0,11246826.503806982,0.0,1
38.00_68.00,2011-08-29,38.0,68.0,1.0,4.8,4.8,4.8,3.0,27095758.428418092,0.0,0
38.00_68.00,2011-09-05,38.0,68.0,0.0,0.0,0.0,4.8,3.0,27095758.428418092,1.0,1
38.00_68.00,2011-09-12,38.0,68.0,1.0,4.9,4.9,4.9,4.0,49482969.81410152,0.0,0
38.00_68.00,2011-09-19,38.0,68.0,0.0,0.0,0.0,4.9,4.0,43859556.56219803,1.0,0
38.00_68.00,2011-09-26,38.0,68.0,0.0,0.0,0.0,4.9,4.0,43859556.56219803,2.0,1
38.00_68.00,2011-10-03,38.0,68.0,1.0,4.5,4.5,4.9,5.0,49482969.81410152,0.0,1
38.00_68.00,2011-10-10,38.0,68.0,1.0,4.7,4.7,4.7,6.0,60703154.35712117,0.0,1
38.00_68.00,2011-10-17,38.0,68.0,1.0,4.5,4.5,4.7,6.0,60703154.35712117,0.0,0
38.00_68.00,2011-10-24,38.0,68.0,0.0,0.0,0.0,4.7,6.0,44854222.43251006,1.0,0
38.00_68.00,2011-10-31,38.0,68.0,0.0,0.0,0.0,4.7,6.0,44854222.43251006,2.0,0
38.00_68.00,2011-11-07,38.0,68.0,0.0,0.0,0.0,4.5,6.0,22467011.046826635,3.0,0
38.00_68.00,2011-11-14,38.0,68.0,0.0,0.0,0.0,0.0,5.0,22467011.046826635,4.0,0
38.00_68.00,2011-11-21,38.0,68.0,0.0,0.0,0.0,0.0,4.0,22467011.046826635,5.0,0
38.00_68.00,2011-11-28,38.0,68.0,0.0,0.0,0.0,0.0,4.0,16843597.79492314,6.0,0
38.00_68.00,2011-12-05,38.0,68.0,0.0,0.0,0.0,0.0,3.0,5623413.251903491,7.0,0
38.00_68.00,2011-12-12,38.0,68.0,0.0,0.0,0.0,0.0,3.0,0.0,8.0,0
38.00_68.00,2011-12-19,38.0,68.0,0.0,0.0,0.0,0.0,3.0,0.0,9.0,0
38.00_68.00,2011-12-26,38.0,68.0,0.0,0.0,0.0,0.0,2.0,0.0,10.0,1
38.00_68.00,2012-01-02,38.0,68.0,1.0,4.7,4.7,4.7,2.0,11220184.543019652,0.0,0
38.00_68.00,2012-01-09,38.0,68.0,0.0,0.0,0.0,4.7,1.0,11220184.543019652,1.0,0
38.00_68.00,2012-01-16,38.0,68.0,0.0,0.0,0.0,4.7,1.0,11220184.543019652,2.0,0
38.00_68.00,2012-01-23,38.0,68.0,0.0,0.0,0.0,4.7,1.0,11220184.543019652,3.0,0
38.00_68.00,2012-01-30,38.0,68.0,0.0,0.0,0.0,0.0,1.0,11220184.543019652,4.0,0
38.00_68.00,2012-02-06,38.0,68.0,0.0,0.0,0.0,0.0,1.0,11220184.543019652,5.0,0
38.00_68.00,2012-02-13,38.0,68.0,0.0,0.0,0.0,0.0,1.0,11220184.543019652,6.0,0
38.00_68.00,2012-02-20,38.0,68.0,0.0,0.0,0.0,0.0,1.0,11220184.543019652,7.0,0
38.00_68.00,2012-02-27,38.0,68.0,0.0,0.0,0.0,0.0,1.0,0.0,8.0,0
38.00_68.00,2012-03-05,38.0,68.0,0.0,0.0,0.0,0.0,1.0,0.0,9.0,0
38.00_68.00,2012-03-12,38.0,68.0,0.0,0.0,0.0,0.0,1.0,0.0,10.0,0
38.00_68.00,2012-03-19,38.0,68.0,0.0,0.0,0.0,0.0,1.0,0.0,11.0,1
38.00_68.00,2012-03-26,38.0,68.0,1.0,4.7,4.7,4.7,1.0,11220184.543019652,0.0,0
38.00_68.00,2012-04-02,38.0,68.0,0.0,0.0,0.0,4.7,1.0,11220184.543019652,1.0,0
38.00_68.00,2012-04-09,38.0,68.0,0.0,0.0,0.0,4.7,1.0,11220184.543019652,2.0,0
38.00_68.00,2012-04-16,38.0,68.0,0.0,0.0,0.0,4.7,1.0,11220184.543019652,3.0,0
38.00_68.00,2012-04-23,38.0,68.0,0.0,0.0,0.0,0.0,1.0,11220184.543019652,4.0,0
38.00_68.00,2012-04-30,38.0,68.0,0.0,0.0,0.0,0.0,1.0,11220184.543019652,5.0,0
38.00_68.00,2012-05-07,38.0,68.0,0.0,0.0,0.0,0.0,1.0,11220184.543019652,6.0,1
38.00_68.00,2012-05-14,38.0,68.0,1.0,5.7,5.7,5.7,2.0,366033573.7765957,0.0,0
38.00_68.00,2012-05-21,38.0,68.0,0.0,0.0,0.0,5.7,2.0,354813389.23357606,1.0,0
38.00_68.00,2012-05-28,38.0,68.0,0.0,0.0,0.0,5.7,2.0,354813389.23357606,2.0,0
38.00_68.00,2012-06-04,38.0,68.0,0.0,0.0,0.0,5.7,2.0,354813389.23357606,3.0,0
38.00_68.00,2012-06-11,38.0,68.0,0.0,0.0,0.0,0.0,2.0,354813389.23357606,4.0,0
38.00_68.00,2012-06-18,38.0,68.0,0.0,0.0,0.0,0.0,1.0,354813389.23357606,5.0,0
38.00_68.00,2012-06-25,38.0,68.0,0.0,0.0,0.0,0.0,1.0,354813389.23357606,6.0,0
38.00_68.00,2012-07-02,38.0,68.0,0.0,0.0,0.0,0.0,1.0,354813389.23357606,7.0,0
38.00_68.00,2012-07-09,38.0,68.0,0.0,0.0,0.0,0.0,1.0,0.0,8.0,0
38.00_68.00,2012-07-16,38.0,68.0,0.0,0.0,0.0,0.0,1.0,0.0,9.0,0
38.00_68.00,2012-07-23,38.0,68.0,0.0,0.0,0.0,0.0,1.0,0.0,10.0,0
38.00_68.00,2012-07-30,38.0,68.0,0.0,0.0,0.0,0.0,1.0,0.0,11.0,0
38.00_68.00,2012-08-06,38.0,68.0,0.0,0.0,0.0,0.0,0.0,0.0,12.0,0
38.00_68.00,2012-08-13,38.0,68.0,0.0,0.0,0.0,0.0,0.0,0.0,13.0,0
38.00_68.00,2012-08-20,38.0,68.0,0.0,0.0,0.0,0.0,0.0,0.0,14.0,0
38.00_68.00,2012-08-27,38.0,68.0,0.0,0.0,0.0,0.0,0.0,0.0,15.0,0
38.00_68.00,2012-09-03,38.0,68.0,0.0,0.0,0.0,0.0,0.0,0.0,16.0,0
38.00_68.00,2012-09-10,38.0,68.0,0.0,0.0,0.0,0.0,0.0,0.0,17.0,0
38.00_68.00,2012-09-17,38.0,68.0,0.0,0.0,0.0,0.0,0.0,0.0,18.0,0
38.00_68.00,2012-09-24,38.0,68.0,0.0,0.0,0.0,0.0,0.0,0.0,19.0,0
38.00_68.00,2012-10-01,38.0,68.0,0.0,0.0,0.0,0.0,0.0,0.0,20.0,0
38.00_68.00,2012-10-08,38.0,68.0,0.0,0.0,0.0,0.0,0.0,0.0,21.0,0
38.00_68.00,2012-10-15,38.0,68.0,0.0,0.0,0.0,0.0,0.0,0.0,22.0,0
38.00_68.00,2012-10-22,38.0,68.0,0.0,0.0,0.0,0.0,0.0,0.0,23.0,0
38.00_68.00,2012-10-29,38.0,68.0,0.0,0.0,0.0,0.0,0.0,0.0,24.0,0
38.00_68.00,2012-11-05,38.0,68.0,0.0,0.0,0.0,0.0,0.0,0.0,25.0,0
38.00_68.00,2012-11-12,38.0,68.0,0.0,0.0,0.0,0.0,0.0,0.0,26.0,0
38.00_68.00,2012-11-19,38.0,68.0,0.0,0.0,0.0,0.0,0.0,0.0,27.0,0
38.00_68.00,2012-11-26,38.0,68.0,0.0,0.0,0.0,0.0,0.0,0.0,28.0,0
38.00_68.00,2012-12-03,38.0,68.0,0.0,0.0,0.0,0.0,0.0,0.0,29.0,0
38.00_68.00,2012-12-10,38.0,68.0,0.0,0.0,0.0,0.0,0.0,0.0,30.0,0
38.00_68.00,2012-12-17,38.0,68.0,0.0,0.0,0.0,0.0,0.0,0.0,31.0,0
38.00_68.00,2012-12-24,38.0,68.0,0.0,0.0,0.0,0.0,0.0,0.0,32.0,0
38.00_68.00,2012-12-31,38.0,68.0,0.0,0.0,0.0,0.0,0.0,0.0,33.0,0
38.00_68.00,2013-01-07,38.0,68.0,0.0,0.0,0.0,0.0,0.0,0.0,34.0,0
38.00_68.00,2013-01-14,38.0,68.0,0.0,0.0,0.0,0.0,0.0,0.0,35.0,0
38.00_68.00,2013-01-21,38.0,68.0,0.0,0.0,0.0,0.0,0.0,0.0,36.0,0
38.00_68.00,2013-01-28,38.0,68.0,0.0,0.0,0.0,0.0,0.0,0.0,37.0,0
38.00_68.00,2013-02-04,38.0,68.0,0.0,0.0,0.0,0.0,0.0,0.0,38.0,0
38.00_68.00,2013-02-11,38.0,68.0,0.0,0.0,0.0,0.0,0.0,0.0,39.0,0
38.00_68.00,2013-02-18,38.0,68.0,0.0,0.0,0.0,0.0,0.0,0.0,40.0,0
38.00_68.00,2013-02-25,38.0,68.0,0.0,0.0,0.0,0.0,0.0,0.0,41.0,0
38.00_68.00,2013-03-04,38.0,68.0,0.0,0.0,0.0,0.0,0.0,0.0,42.0,0
38.00_68.00,2013-03-11,38.0,68.0,0.0,0.0,0.0,0.0,0.0,0.0,43.0,0
38.00_68.00,2013-03-18,38.0,68.0,0.0,0.0,0.0,0.0,0.0,0.0,44.0,0
38.00_68.00,2013-03-25,38.0,68.0,0.0,0.0,0.0,0.0,0.0,0.0,45.0,0
38.00_68.00,2013-04-01,38.0,68.0,0.0,0.0,0.0,0.0,0.0,0.0,46.0,0
38.00_68.00,2013-04-08,38.0,68.0,0.0,0.0,0.0,0.0,0.0,0.0,47.0,0
38.00_68.00,2013-04-15,38.0,68.0,0.0,0.0,0.0,0.0,0.0,0.0,48.0,0
38.00_68.00,2013-04-22,38.0,68.0,0.0,0.0,0.0,0.0,0.0,0.0,49.0,0
38.00_68.00,2013-04-29,38.0,68.0,0.0,0.0,0.0,0.0,0.0,0.0,50.0,0
38.00_68.00,2013-05-06,38.0,68.0,0.0,0.0,0.0,0.0,0.0,0.0,51.0,0
38.00_68.00,2013-05-13,38.0,68.0,0.0,0.0,0.0,0.0,0.0,0.0,52.0,0
38.00_68.00,2013-05-20,38.0,68.0,0.0,0.0,0.0,0.0,0.0,0.0,53.0,1
38.00_68.00,2013-05-27,38.0,68.0,1.0,5.3,5.3,5.3,1.0,89125093.8133744,0.0,0
38.00_68.00,2013-06-03,38.0,68.0,0.0,0.0,0.0,5.3,1.0,89125093.8133744,1.0,0
38.00_68.00,2013-06-10,38.0,68.0,0.0,0.0,0.0,5.3,1.0,89125093.8133744,2.0,0
38.00_68.00,2013-06-17,38.0,68.0,0.0,0.0,0.0,5.3,1.0,89125093.8133744,3.0,0
38.00_68.00,2013-06-24,38.0,68.0,0.0,0.0,0.0,0.0,1.0,89125093.8133744,4.0,0
38.00_68.00,2013-07-01,38.0,68.0,0.0,0.0,0.0,0.0,1.0,89125093.8133744,5.0,0
38.00_68.00,2013-07-08,38.0,68.0,0.0,0.0,0.0,0.0,1.0,89125093.8133744,6.0,0
38.00_68.00,2013-07-15,38.0,68.0,0.0,0.0,0.0,0.0,1.0,89125093.8133744,7.0,0
38.00_68.00,2013-07-22,38.0,68.0,0.0,0.0,0.0,0.0,1.0,0.0,8.0,0
38.00_68.00,2013-07-29,38.0,68.0,0.0,0.0,0.0,0.0,1.0,0.0,9.0,0
38.00_68.00,2013-08-05,38.0,68.0,0.0,0.0,0.0,0.0,1.0,0.0,10.0,0
38.00_68.00,2013-08-12,38.0,68.0,0.0,0.0,0.0,0.0,1.0,0.0,11.0,0
38.00_68.00,2013-08-19,38.0,68.0,0.0,0.0,0.0,0.0,0.0,0.0,12.0,0
38.00_68.00,2013-08-26,38.0,68.0,0.0,0.0,0.0,0.0,0.0,0.0,13.0,0
38.00_68.00,2013-09-02,38.0,68.0,0.0,0.0,0.0,0.0,0.0,0.0,14.0,0
38.00_68.00,2013-09-09,38.0,68.0,0.0,0.0,0.0,0.0,0.0,0.0,15.0,0
38.00_68.00,2013-09-16,38.0,68.0,0.0,0.0,0.0,0.0,0.0,0.0,16.0,0
38.00_68.00,2013-09-23,38.0,68.0,0.0,0.0,0.0,0.0,0.0,0.0,17.0,1
38.00_68.00,2013-09-30,38.0,68.0,1.0,4.6,4.6,4.6,1.0,7943282.347242805,0.0,0
38.00_68.00,2013-10-07,38.0,68.0,0.0,0.0,0.0,4.6,1.0,7943282.347242805,1.0,0
38.00_68.00,2013-10-14,38.0,68.0,0.0,0.0,0.0,4.6,1.0,7943282.347242805,2.0,0
38.00_68.00,2013-10-21,38.0,68.0,0.0,0.0,0.0,4.6,1.0,7943282.347242805,3.0,0
38.00_68.00,2013-10-28,38.0,68.0,0.0,0.0,0.0,0.0,1.0,7943282.347242805,4.0,0
38.00_68.00,2013-11-04,38.0,68.0,0.0,0.0,0.0,0.0,1.0,7943282.347242805,5.0,1
38.00_68.00,2013-11-11,38.0,68.0,1.0,5.2,5.2,5.2,2.0,71039016.79526223,0.0,1
38.00_68.00,2013-11-18,38.0,68.0,1.0,4.7,4.7,5.2,3.0,82259201.33828188,0.0,0
38.00_68.00,2013-11-25,38.0,68.0,0.0,0.0,0.0,5.2,3.0,74315918.99103908,1.0,0
38.00_68.00,2013-12-02,38.0,68.0,0.0,0.0,0.0,5.2,3.0,74315918.99103908,2.0,1
38.00_68.00,2013-12-09,38.0,68.0,1.0,5.0,5.0,5.0,4.0,105938695.59272288,0.0,0
38.00_68.00,2013-12-16,38.0,68.0,0.0,0.0,0.0,5.0,4.0,105938695.59272288,1.0,0
38.00_68.00,2013-12-23,38.0,68.0,0.0,0.0,0.0,5.0,3.0,105938695.59272288,2.0,0
38.00_68.00,2013-12-30,38.0,68.0,0.0,0.0,0.0,5.0,3.0,105938695.59272288,3.0,0
38.00_68.00,2014-01-06,38.0,68.0,0.0,0.0,0.0,0.0,3.0,42842961.14470345,4.0,0
38.00_68.00,2014-01-13,38.0,68.0,0.0,0.0,0.0,0.0,3.0,31622776.60168379,5.0,0
38.00_68.00,2014-01-20,38.0,68.0,0.0,0.0,0.0,0.0,3.0,31622776.60168379,6.0,0
38.00_68.00,2014-01-27,38.0,68.0,0.0,0.0,0.0,0.0,3.0,31622776.60168379,7.0,1
38.00_68.00,2014-02-03,38.0,68.0,1.0,4.5,4.5,4.5,3.0,5623413.251903491,0.0,0
38.00_68.00,2014-02-10,38.0,68.0,0.0,0.0,0.0,4.5,2.0,5623413.251903491,1.0,0
38.00_68.00,2014-02-17,38.0,68.0,0.0,0.0,0.0,4.5,2.0,5623413.251903491,2.0,0
38.00_68.00,2014-02-24,38.0,68.0,0.0,0.0,0.0,4.5,2.0,5623413.251903491,3.0,0
38.00_68.00,2014-03-03,38.0,68.0,0.0,0.0,0.0,0.0,1.0,5623413.251903491,4.0,0
38.00_68.00,2014-03-10,38.0,68.0,0.0,0.0,0.0,0.0,1.0,5623413.251903491,5.0,0
38.00_68.00,2014-03-17,38.0,68.0,0.0,0.0,0.0,0.0,1.0,5623413.251903491,6.0,0
38.00_68.00,2014-03-24,38.0,68.0,0.0,0.0,0.0,0.0,1.0,5623413.251903491,7.0,0
38.00_68.00,2014-03-31,38.0,68.0,0.0,0.0,0.0,0.0,1.0,0.0,8.0,0
38.00_68.00,2014-04-07,38.0,68.0,0.0,0.0,0.0,0.0,1.0,0.0,9.0,0
38.00_68.00,2014-04-14,38.0,68.0,0.0,0.0,0.0,0.0,1.0,0.0,10.0,0
38.00_68.00,2014-04-21,38.0,68.0,0.0,0.0,0.0,0.0,1.0,0.0,11.0,0
38.00_68.00,2014-04-28,38.0,68.0,0.0,0.0,0.0,0.0,0.0,0.0,12.0,0
38.00_68.00,2014-05-05,38.0,68.0,0.0,0.0,0.0,0.0,0.0,0.0,13.0,0
38.00_68.00,2014-05-12,38.0,68.0,0.0,0.0,0.0,0.0,0.0,0.0,14.0,0
38.00_68.00,2014-05-19,38.0,68.0,0.0,0.0,0.0,0.0,0.0,0.0,15.0,0
38.00_68.00,2014-05-26,38.0,68.0,0.0,0.0,0.0,0.0,0.0,0.0,16.0,0
38.00_68.00,2014-06-02,38.0,68.0,0.0,0.0,0.0,0.0,0.0,0.0,17.0,0
38.00_68.00,2014-06-09,38.0,68.0,0.0,0.0,0.0,0.0,0.0,0.0,18.0,0
38.00_68.00,2014-06-16,38.0,68.0,0.0,0.0,0.0,0.0,0.0,0.0,19.0,0
38.00_68.00,2014-06-23,38.0,68.0,0.0,0.0,0.0,0.0,0.0,0.0,20.0,1
38.00_68.00,2014-06-30,38.0,68.0,1.0,4.5,4.5,4.5,1.0,5623413.251903491,0.0,0
38.00_68.00,2014-07-07,38.0,68.0,0.0,0.0,0.0,4.5,1.0,5623413.251903491,1.0,0
38.00_68.00,2014-07-14,38.0,68.0,0.0,0.0,0.0,4.5,1.0,5623413.251903491,2.0,0
38.00_68.00,2014-07-21,38.0,68.0,0.0,0.0,0.0,4.5,1.0,5623413.251903491,3.0,0
38.00_68.00,2014-07-28,38.0,68.0,0.0,0.0,0.0,0.0,1.0,5623413.251903491,4.0,0
38.00_68.00,2014-08-04,38.0,68.0,0.0,0.0,0.0,0.0,1.0,5623413.251903491,5.0,0
38.00_68.00,2014-08-11,38.0,68.0,0.0,0.0,0.0,0.0,1.0,5623413.251903491,6.0,0
38.00_68.00,2014-08-18,38.0,68.0,0.0,0.0,0.0,0.0,1.0,5623413.251903491,7.0,0
38.00_68.00,2014-08-25,38.0,68.0,0.0,0.0,0.0,0.0,1.0,0.0,8.0,0
38.00_68.00,2014-09-01,38.0,68.0,0.0,0.0,0.0,0.0,1.0,0.0,9.0,0
38.00_68.00,2014-09-08,38.0,68.0,0.0,0.0,0.0,0.0,1.0,0.0,10.0,0
38.00_68.00,2014-09-15,38.0,68.0,0.0,0.0,0.0,0.0,1.0,0.0,11.0,0
38.00_68.00,2014-09-22,38.0,68.0,0.0,0.0,0.0,0.0,0.0,0.0,12.0,0
38.00_68.00,2014-09-29,38.0,68.0,0.0,0.0,0.0,0.0,0.0,0.0,13.0,1
38.00_68.00,2014-10-06,38.0,68.0,1.0,4.6,4.6,4.6,1.0,7943282.347242805,0.0,0
38.00_68.00,2014-10-13,38.0,68.0,0.0,0.0,0.0,4.6,1.0,7943282.347242805,1.0,0
38.00_68.00,2014-10-20,38.0,68.0,0.0,0.0,0.0,4.6,1.0,7943282.347242805,2.0,0
38.00_68.00,2014-10-27,38.0,68.0,0.0,0.0,0.0,4.6,1.0,7943282.347242805,3.0,0
38.00_68.00,2014-11-03,38.0,68.0,0.0,0.0,0.0,0.0,1.0,7943282.347242805,4.0,0
38.00_68.00,2014-11-10,38.0,68.0,0.0,0.0,0.0,0.0,1.0,7943282.347242805,5.0,0
38.00_68.00,2014-11-17,38.0,68.0,0.0,0.0,0.0,0.0,1.0,7943282.347242805,6.0,0
38.00_68.00,2014-11-24,38.0,68.0,0.0,0.0,0.0,0.0,1.0,7943282.347242805,7.0,0
38.00_68.00,2014-12-01,38.0,68.0,0.0,0.0,0.0,0.0,1.0,0.0,8.0,0
38.00_68.00,2014-12-08,38.0,68.0,0.0,0.0,0.0,0.0,1.0,0.0,9.0,0
38.00_68.00,2014-12-15,38.0,68.0,0.0,0.0,0.0,0.0,1.0,0.0,10.0,0
38.00_68.00,2014-12-22,38.0,68.0,0.0,0.0,0.0,0.0,1.0,0.0,11.0,0
38.00_68.00,2014-12-29,38.0,68.0,0.0,0.0,0.0,0.0,0.0,0.0,12.0,0
38.00_68.00,2015-01-05,38.0,68.0,0.0,0.0,0.0,0.0,0.0,0.0,13.0,0
38.00_68.00,2015-01-12,38.0,68.0,0.0,0.0,0.0,0.0,0.0,0.0,14.0,0
38.00_68.00,2015-01-19,38.0,68.0,0.0,0.0,0.0,0.0,0.0,0.0,15.0,0
38.00_68.00,2015-01-26,38.0,68.0,0.0,0.0,0.0,0.0,0.0,0.0,16.0,0
38.00_68.00,2015-02-02,38.0,68.0,0.0,0.0,0.0,0.0,0.0,0.0,17.0,0
38.00_68.00,2015-02-09,38.0,68.0,0.0,0.0,0.0,0.0,0.0,0.0,18.0,0
38.00_68.00,2015-02-16,38.0,68.0,0.0,0.0,0.0,0.0,0.0,0.0,19.0,0
38.00_68.00,2015-02-23,38.0,68.0,0.0,0.0,0.0,0.0,0.0,0.0,20.0,0
38.00_68.00,2015-03-02,38.0,68.0,0.0,0.0,0.0,0.0,0.0,0.0,21.0,0
38.00_68.00,2015-03-09,38.0,68.0,0.0,0.0,0.0,0.0,0.0,0.0,22.0,2
38.00_68.00,2015-03-16,38.0,68.0,2.0,4.5,4.5,4.5,2.0,11246826.503806982,0.0,0
38.00_68.00,2015-03-23,38.0,68.0,0.0,0.0,0.0,4.5,2.0,11246826.503806982,1.0,0
38.00_68.00,2015-03-30,38.0,68.0,0.0,0.0,0.0,4.5,2.0,11246826.503806982,2.0,0
38.00_68.00,2015-04-06,38.0,68.0,0.0,0.0,0.0,4.5,2.0,11246826.503806982,3.0,0
38.00_68.00,2015-04-13,38.0,68.0,0.0,0.0,0.0,0.0,2.0,11246826.503806982,4.0,0
38.00_68.00,2015-04-20,38.0,68.0,0.0,0.0,0.0,0.0,2.0,11246826.503806982,5.0,0
38.00_68.00,2015-04-27,38.0,68.0,0.0,0.0,0.0,0.0,2.0,11246826.503806982,6.0,0
38.00_68.00,2015-05-04,38.0,68.0,0.0,0.0,0.0,0.0,2.0,11246826.503806982,7.0,0
38.00_68.00,2015-05-11,38.0,68.0,0.0,0.0,0.0,0.0,2.0,0.0,8.0,0
38.00_68.00,2015-05-18,38.0,68.0,0.0,0.0,0.0,0.0,2.0,0.0,9.0,1
38.00_68.00,2015-05-25,38.0,68.0,1.0,5.2,5.2,5.2,3.0,63095734.44801943,0.0,0
38.00_68.00,2015-06-01,38.0,68.0,0.0,0.0,0.0,5.2,3.0,63095734.44801943,1.0,0
38.00_68.00,2015-06-08,38.0,68.0,0.0,0.0,0.0,5.2,1.0,63095734.44801943,2.0,0
38.00_68.00,2015-06-15,38.0,68.0,0.0,0.0,0.0,5.2,1.0,63095734.44801943,3.0,0
38.00_68.00,2015-06-22,38.0,68.0,0.0,0.0,0.0,0.0,1.0,63095734.44801943,4.0,0
38.00_68.00,2015-06-29,38.0,68.0,0.0,0.0,0.0,0.0,1.0,63095734.44801943,5.0,0
38.00_68.00,2015-07-06,38.0,68.0,0.0,0.0,0.0,0.0,1.0,63095734.44801943,6.0,0
38.00_68.00,2015-07-13,38.0,68.0,0.0,0.0,0.0,0.0,1.0,63095734.44801943,7.0,0
38.00_68.00,2015-07-20,38.0,68.0,0.0,0.0,0.0,0.0,1.0,0.0,8.0,1
38.00_68.00,2015-07-27,38.0,68.0,1.0,4.8,4.8,4.8,2.0,15848931.924611108,0.0,0
38.00_68.00,2015-08-03,38.0,68.0,0.0,0.0,0.0,4.8,2.0,15848931.924611108,1.0,0
38.00_68.00,2015-08-10,38.0,68.0,0.0,0.0,0.0,4.8,2.0,15848931.924611108,2.0,0
38.00_68.00,2015-08-17,38.0,68.0,0.0,0.0,0.0,4.8,1.0,15848931.924611108,3.0,0
38.00_68.00,2015-08-24,38.0,68.0,0.0,0.0,0.0,0.0,1.0,15848931.924611108,4.0,0
38.00_68.00,2015-08-31,38.0,68.0,0.0,0.0,0.0,0.0,1.0,15848931.924611108,5.0,0
38.00_68.00,2015-09-07,38.0,68.0,0.0,0.0,0.0,0.0,1.0,15848931.924611108,6.0,0
38.00_68.00,2015-09-14,38.0,68.0,0.0,0.0,0.0,0.0,1.0,15848931.924611108,7.0,0
38.00_68.00,2015-09-21,38.0,68.0,0.0,0.0,0.0,0.0,1.0,0.0,8.0,0
38.00_68.00,2015-09-28,38.0,68.0,0.0,0.0,0.0,0.0,1.0,0.0,9.0,0
38.00_68.00,2015-10-05,38.0,68.0,0.0,0.0,0.0,0.0,1.0,0.0,10.0,0
38.00_68.00,2015-10-12,38.0,68.0,0.0,0.0,0.0,0.0,1.0,0.0,11.0,0
38.00_68.00,2015-10-19,38.0,68.0,0.0,0.0,0.0,0.0,0.0,0.0,12.0,1
38.00_68.00,2015-10-26,38.0,68.0,1.0,4.5,4.5,4.5,1.0,5623413.251903491,0.0,0
38.00_68.00,2015-11-02,38.0,68.0,0.0,0.0,0.0,4.5,1.0,5623413.251903491,1.0,0
38.00_68.00,2015-11-09,38.0,68.0,0.0,0.0,0.0,4.5,1.0,5623413.251903491,2.0,0
38.00_68.00,2015-11-16,38.0,68.0,0.0,0.0,0.0,4.5,1.0,5623413.251903491,3.0,0
38.00_68.00,2015-11-23,38.0,68.0,0.0,0.0,0.0,0.0,1.0,5623413.251903491,4.0,0
38.00_68.00,2015-11-30,38.0,68.0,0.0,0.0,0.0,0.0,1.0,5623413.251903491,5.0,0
38.00_68.00,2015-12-07,38.0,68.0,0.0,0.0,0.0,0.0,1.0,5623413.251903491,6.0,0
38.00_68.00,2015-12-14,38.0,68.0,0.0,0.0,0.0,0.0,1.0,5623413.251903491,7.0,0
38.00_68.00,2015-12-21,38.0,68.0,0.0,0.0,0.0,0.0,1.0,0.0,8.0,0
38.00_68.00,2015-12-28,38.0,68.0,0.0,0.0,0.0,0.0,1.0,0.0,9.0,0
38.00_68.00,2016-01-04,38.0,68.0,0.0,0.0,0.0,0.0,1.0,0.0,10.0,0
38.00_68.00,2016-01-11,38.0,68.0,0.0,0.0,0.0,0.0,1.0,0.0,11.0,0
38.00_68.00,2016-01-18,38.0,68.0,0.0,0.0,0.0,0.0,0.0,0.0,12.0,0
38.00_68.00,2016-01-25,38.0,68.0,0.0,0.0,0.0,0.0,0.0,0.0,13.0,0
38.00_68.00,2016-02-01,38.0,68.0,0.0,0.0,0.0,0.0,0.0,0.0,14.0,0
38.00_68.00,2016-02-08,38.0,68.0,0.0,0.0,0.0,0.0,0.0,0.0,15.0,0
38.00_68.00,2016-02-15,38.0,68.0,0.0,0.0,0.0,0.0,0.0,0.0,16.0,0
38.00_68.00,2016-02-22,38.0,68.0,0.0,0.0,0.0,0.0,0.0,0.0,17.0,0
38.00_68.00,2016-02-29,38.0,68.0,0.0,0.0,0.0,0.0,0.0,0.0,18.0,0
38.00_68.00,2016-03-07,38.0,68.0,0.0,0.0,0.0,0.0,0.0,0.0,19.0,0
38.00_68.00,2016-03-14,38.0,68.0,0.0,0.0,0.0,0.0,0.0,0.0,20.0,0
38.00_68.00,2016-03-21,38.0,68.0,0.0,0.0,0.0,0.0,0.0,0.0,21.0,1
38.00_68.00,2016-03-28,38.0,68.0,1.0,4.9,4.9,4.9,1.0,22387211.385683425,0.0,0
38.00_68.00,2016-04-04,38.0,68.0,0.0,0.0,0.0,4.9,1.0,22387211.385683425,1.0,0
38.00_68.00,2016-04-11,38.0,68.0,0.0,0.0,0.0,4.9,1.0,22387211.385683425,2.0,1
38.00_68.00,2016-04-18,38.0,68.0,1.0,4.8,4.8,4.9,2.0,38236143.31029453,0.0,0
38.00_68.00,2016-04-25,38.0,68.0,0.0,0.0,0.0,4.8,2.0,38236143.31029453,1.0,0
38.00_68.00,2016-05-02,38.0,68.0,0.0,0.0,0.0,4.8,2.0,38236143.31029453,2.0,0
38.00_68.00,2016-05-09,38.0,68.0,0.0,0.0,0.0,4.8,2.0,38236143.31029453,3.0,0
38.00_68.00,2016-05-16,38.0,68.0,0.0,0.0,0.0,0.0,2.0,38236143.31029453,4.0,0
38.00_68.00,2016-05-23,38.0,68.0,0.0,0.0,0.0,0.0,2.0,15848931.924611108,5.0,0
38.00_68.00,2016-05-30,38.0,68.0,0.0,0.0,0.0,0.0,2.0,15848931.924611108,6.0,0
38.00_68.00,2016-06-06,38.0,68.0,0.0,0.0,0.0,0.0,2.0,15848931.924611108,7.0,0
38.00_68.00,2016-06-13,38.0,68.0,0.0,0.0,0.0,0.0,2.0,0.0,8.0,0
38.00_68.00,2016-06-20,38.0,68.0,0.0,0.0,0.0,0.0,1.0,0.0,9.0,0
38.00_68.00,2016-06-27,38.0,68.0,0.0,0.0,0.0,0.0,1.0,0.0,10.0,1
38.00_68.00,2016-07-04,38.0,68.0,1.0,5.0,5.0,5.0,2.0,31622776.60168379,0.0,0
38.00_68.00,2016-07-11,38.0,68.0,0.0,0.0,0.0,5.0,1.0,31622776.60168379,1.0,0
38.00_68.00,2016-07-18,38.0,68.0,0.0,0.0,0.0,5.0,1.0,31622776.60168379,2.0,0
38.00_68.00,2016-07-25,38.0,68.0,0.0,0.0,0.0,5.0,1.0,31622776.60168379,3.0,0
38.00_68.00,2016-08-01,38.0,68.0,0.0,0.0,0.0,0.0,1.0,31622776.60168379,4.0,1
38.00_68.00,2016-08-08,38.0,68.0,1.0,4.5,4.5,4.5,2.0,37246189.853587285,0.0,0
38.00_68.00,2016-08-15,38.0,68.0,0.0,0.0,0.0,4.5,2.0,37246189.853587285,1.0,0
38.00_68.00,2016-08-22,38.0,68.0,0.0,0.0,0.0,4.5,2.0,37246189.853587285,2.0,0
38.00_68.00,2016-08-29,38.0,68.0,0.0,0.0,0.0,4.5,2.0,5623413.251903491,3.0,0
38.00_68.00,2016-09-05,38.0,68.0,0.0,0.0,0.0,0.0,2.0,5623413.251903491,4.0,0
38.00_68.00,2016-09-12,38.0,68.0,0.0,0.0,0.0,0.0,2.0,5623413.251903491,5.0,0
38.00_68.00,2016-09-19,38.0,68.0,0.0,0.0,0.0,0.0,2.0,5623413.251903491,6.0,0
38.00_68.00,2016-09-26,38.0,68.0,0.0,0.0,0.0,0.0,1.0,5623413.251903491,7.0,0
38.00_68.00,2016-10-03,38.0,68.0,0.0,0.0,0.0,0.0,1.0,0.0,8.0,0
38.00_68.00,2016-10-10,38.0,68.0,0.0,0.0,0.0,0.0,1.0,0.0,9.0,0
38.00_68.00,2016-10-17,38.0,68.0,0.0,0.0,0.0,0.0,1.0,0.0,10.0,0
38.00_68.00,2016-10-24,38.0,68.0,0.0,0.0,0.0,0.0,1.0,0.0,11.0,0
38.00_68.00,2016-10-31,38.0,68.0,0.0,0.0,0.0,0.0,0.0,0.0,12.0,0
38.00_68.00,2016-11-07,38.0,68.0,0.0,0.0,0.0,0.0,0.0,0.0,13.0,1
38.00_68.00,2016-11-14,38.0,68.0,1.0,4.6,4.6,4.6,1.0,7943282.347242805,0.0,0
38.00_68.00,2016-11-21,38.0,68.0,0.0,0.0,0.0,4.6,1.0,7943282.347242805,1.0,0
38.00_68.00,2016-11-28,38.0,68.0,0.0,0.0,0.0,4.6,1.0,7943282.347242805,2.0,1
38.00_68.00,2016-12-05,38.0,68.0,1.0,4.6,4.6,4.6,2.0,15886564.69448561,0.0,1
38.00_68.00,2016-12-12,38.0,68.0,1.0,4.5,4.5,4.6,3.0,21509977.9463891,0.0,0
38.00_68.00,2016-12-19,38.0,68.0,0.0,0.0,0.0,4.6,3.0,21509977.9463891,1.0,0
38.00_68.00,2016-12-26,38.0,68.0,0.0,0.0,0.0,4.6,3.0,21509977.9463891,2.0,0
38.00_68.00,2017-01-02,38.0,68.0,0.0,0.0,0.0,4.5,3.0,21509977.9463891,3.0,0
38.00_68.00,2017-01-09,38.0,68.0,0.0,0.0,0.0,0.0,3.0,13566695.599146295,4.0,1
38.00_68.00,2017-01-16,38.0,68.0,1.0,4.6,4.6,4.6,4.0,21509977.9463891,0.0,0
38.00_68.00,2017-01-23,38.0,68.0,0.0,0.0,0.0,4.6,4.0,21509977.9463891,1.0,0
38.00_68.00,2017-01-30,38.0,68.0,0.0,0.0,0.0,4.6,4.0,13566695.599146295,2.0,1
38.00_68.00,2017-02-06,38.0,68.0,1.0,4.7,4.7,4.7,4.0,19163466.890262455,0.0,0
38.00_68.00,2017-02-13,38.0,68.0,0.0,0.0,0.0,4.7,4.0,19163466.890262455,1.0,0
38.00_68.00,2017-02-20,38.0,68.0,0.0,0.0,0.0,4.7,4.0,19163466.890262455,2.0,1
38.00_68.00,2017-02-27,38.0,68.0,1.0,4.7,4.7,4.7,4.0,30383651.433282107,0.0,0
38.00_68.00,2017-03-06,38.0,68.0,0.0,0.0,0.0,4.7,3.0,30383651.433282107,1.0,0
38.00_68.00,2017-03-13,38.0,68.0,0.0,0.0,0.0,4.7,3.0,22440369.086039305,2.0,1
38.00_68.00,2017-03-20,38.0,68.0,1.0,4.5,4.5,4.7,4.0,28063782.337942794,0.0,0
38.00_68.00,2017-03-27,38.0,68.0,0.0,0.0,0.0,4.5,4.0,28063782.337942794,1.0,0
38.00_68.00,2017-04-03,38.0,68.0,0.0,0.0,0.0,4.5,4.0,16843597.79492314,2.0,0
38.00_68.00,2017-04-10,38.0,68.0,0.0,0.0,0.0,4.5,3.0,16843597.79492314,3.0,0
38.00_68.00,2017-04-17,38.0,68.0,0.0,0.0,0.0,0.0,3.0,16843597.79492314,4.0,0
38.00_68.00,2017-04-24,38.0,68.0,0.0,0.0,0.0,0.0,3.0,5623413.251903489,5.0,0
38.00_68.00,2017-05-01,38.0,68.0,0.0,0.0,0.0,0.0,2.0,5623413.251903489,6.0,0
38.00_68.00,2017-05-08,38.0,68.0,0.0,0.0,0.0,0.0,2.0,5623413.251903489,7.0,1
38.00_68.00,2017-05-15,38.0,68.0,1.0,4.6,4.6,4.6,3.0,7943282.347242803,0.0,0
38.00_68.00,2017-05-22,38.0,68.0,0.0,0.0,0.0,4.6,2.0,7943282.347242803,1.0,0
38.00_68.00,2017-05-29,38.0,68.0,0.0,0.0,0.0,4.6,2.0,7943282.347242803,2.0,0
38.00_68.00,2017-06-05,38.0,68.0,0.0,0.0,0.0,4.6,2.0,7943282.347242803,3.0,0
38.00_68.00,2017-06-12,38.0,68.0,0.0,0.0,0.0,0.0,1.0,7943282.347242803,4.0,0
38.00_68.00,2017-06-19,38.0,68.0,0.0,0.0,0.0,0.0,1.0,7943282.347242803,5.0,0
38.00_68.00,2017-06-26,38.0,68.0,0.0,0.0,0.0,0.0,1.0,7943282.347242803,6.0,1
38.00_68.00,2017-07-03,38.0,68.0,1.0,5.0,5.0,5.0,2.0,39566058.9489266,0.0,0
38.00_68.00,2017-07-10,38.0,68.0,0.0,0.0,0.0,5.0,2.0,31622776.601683788,1.0,0
38.00_68.00,2017-07-17,38.0,68.0,0.0,0.0,0.0,5.0,2.0,31622776.601683788,2.0,0
38.00_68.00,2017-07-24,38.0,68.0,0.0,0.0,0.0,5.0,2.0,31622776.601683788,3.0,0
38.00_68.00,2017-07-31,38.0,68.0,0.0,0.0,0.0,0.0,2.0,31622776.601683788,4.0,0
38.00_68.00,2017-08-07,38.0,68.0,0.0,0.0,0.0,0.0,1.0,31622776.601683788,5.0,0
38.00_68.00,2017-08-14,38.0,68.0,0.0,0.0,0.0,0.0,1.0,31622776.601683788,6.0,0
38.00_68.00,2017-08-21,38.0,68.0,0.0,0.0,0.0,0.0,1.0,31622776.601683788,7.0,0
38.00_68.00,2017-08-28,38.0,68.0,0.0,0.0,0.0,0.0,1.0,0.0,8.0,0
38.00_68.00,2017-09-04,38.0,68.0,0.0,0.0,0.0,0.0,1.0,0.0,9.0,0
38.00_68.00,2017-09-11,38.0,68.0,0.0,0.0,0.0,0.0,1.0,0.0,10.0,0
38.00_68.00,2017-09-18,38.0,68.0,0.0,0.0,0.0,0.0,1.0,0.0,11.0,0
38.00_68.00,2017-09-25,38.0,68.0,0.0,0.0,0.0,0.0,0.0,0.0,12.0,1
38.00_68.00,2017-10-02,38.0,68.0,1.0,5.1,5.1,5.1,1.0,44668359.21509625,0.0,0
38.00_68.00,2017-10-09,38.0,68.0,0.0,0.0,0.0,5.1,1.0,44668359.21509626,1.0,0
38.00_68.00,2017-10-16,38.0,68.0,0.0,0.0,0.0,5.1,1.0,44668359.21509626,2.0,0
38.00_68.00,2017-10-23,38.0,68.0,0.0,0.0,0.0,5.1,1.0,44668359.21509626,3.0,0
38.00_68.00,2017-10-30,38.0,68.0,0.0,0.0,0.0,0.0,1.0,44668359.21509626,4.0,0
38.00_68.00,2017-11-06,38.0,68.0,0.0,0.0,0.0,0.0,1.0,44668359.21509626,5.0,0
38.00_68.00,2017-11-13,38.0,68.0,0.0,0.0,0.0,0.0,1.0,44668359.21509626,6.0,0
38.00_68.00,2017-11-20,38.0,68.0,0.0,0.0,0.0,0.0,1.0,44668359.21509626,7.0,0
38.00_68.00,2017-11-27,38.0,68.0,0.0,0.0,0.0,0.0,1.0,0.0,8.0,0
38.00_68.00,2017-12-04,38.0,68.0,0.0,0.0,0.0,0.0,1.0,0.0,9.0,0
38.00_68.00,2017-12-11,38.0,68.0,0.0,0.0,0.0,0.0,1.0,0.0,10.0,0
38.00_68.00,2017-12-18,38.0,68.0,0.0,0.0,0.0,0.0,1.0,0.0,11.0,0
38.00_68.00,2017-12-25,38.0,68.0,0.0,0.0,0.0,0.0,0.0,0.0,12.0,0
38.00_68.00,2018-01-01,38.0,68.0,0.0,0.0,0.0,0.0,0.0,0.0,13.0,0
38.00_68.00,2018-01-08,38.0,68.0,0.0,0.0,0.0,0.0,0.0,0.0,14.0,1
38.00_68.00,2018-01-15,38.0,68.0,1.0,4.9,4.9,4.9,1.0,22387211.385683425,0.0,0
38.00_68.00,2018-01-22,38.0,68.0,0.0,0.0,0.0,4.9,1.0,22387211.385683425,1.0,0
38.00_68.00,2018-01-29,38.0,68.0,0.0,0.0,0.0,4.9,1.0,22387211.385683425,2.0,0
38.00_68.00,2018-02-05,38.0,68.0,0.0,0.0,0.0,4.9,1.0,22387211.385683425,3.0,0
38.00_68.00,2018-02-12,38.0,68.0,0.0,0.0,0.0,0.0,1.0,22387211.385683425,4.0,0
38.00_68.00,2018-02-19,38.0,68.0,0.0,0.0,0.0,0.0,1.0,22387211.385683425,5.0,0
38.00_68.00,2018-02-26,38.0,68.0,0.0,0.0,0.0,0.0,1.0,22387211.385683425,6.0,0
38.00_68.00,2018-03-05,38.0,68.0,0.0,0.0,0.0,0.0,1.0,22387211.385683425,7.0,0
38.00_68.00,2018-03-12,38.0,68.0,0.0,0.0,0.0,0.0,1.0,0.0,8.0,0
38.00_68.00,2018-03-19,38.0,68.0,0.0,0.0,0.0,0.0,1.0,0.0,9.0,0
38.00_68.00,2018-03-26,38.0,68.0,0.0,0.0,0.0,0.0,1.0,0.0,10.0,2
38.00_68.00,2018-04-02,38.0,68.0,2.0,5.7,4.6,5.7,3.0,362756671.5808189,0.0,0
38.00_68.00,2018-04-09,38.0,68.0,0.0,0.0,0.0,5.7,2.0,362756671.5808189,1.0,0
38.00_68.00,2018-04-16,38.0,68.0,0.0,0.0,0.0,5.7,2.0,362756671.5808189,2.0,0
38.00_68.00,2018-04-23,38.0,68.0,0.0,0.0,0.0,5.7,2.0,362756671.5808189,3.0,0
38.00_68.00,2018-04-30,38.0,68.0,0.0,0.0,0.0,0.0,2.0,362756671.5808189,4.0,1
38.00_68.00,2018-05-07,38.0,68.0,1.0,4.6,4.6,4.6,3.0,370699953.9280617,0.0,0
38.00_68.00,2018-05-14,38.0,68.0,0.0,0.0,0.0,4.6,3.0,370699953.9280617,1.0,0
38.00_68.00,2018-05-21,38.0,68.0,0.0,0.0,0.0,4.6,3.0,370699953.9280617,2.0,0
38.00_68.00,2018-05-28,38.0,68.0,0.0,0.0,0.0,4.6,3.0,7943282.347242805,3.0,0
38.00_68.00,2018-06-04,38.0,68.0,0.0,0.0,0.0,0.0,3.0,7943282.347242805,4.0,0
38.00_68.00,2018-06-11,38.0,68.0,0.0,0.0,0.0,0.0,3.0,7943282.347242805,5.0,0
38.00_68.00,2018-06-18,38.0,68.0,0.0,0.0,0.0,0.0,3.0,7943282.347242805,6.0,0
38.00_68.00,2018-06-25,38.0,68.0,0.0,0.0,0.0,0.0,1.0,7943282.347242805,7.0,0
38.00_68.00,2018-07-02,38.0,68.0,0.0,0.0,0.0,0.0,1.0,0.0,8.0,0
38.00_68.00,2018-07-09,38.0,68.0,0.0,0.0,0.0,0.0,1.0,0.0,9.0,0
38.00_68.00,2018-07-16,38.0,68.0,0.0,0.0,0.0,0.0,1.0,0.0,10.0,0
38.00_68.00,2018-07-23,38.0,68.0,0.0,0.0,0.0,0.0,1.0,0.0,11.0,0
38.00_68.00,2018-07-30,38.0,68.0,0.0,0.0,0.0,0.0,0.0,0.0,12.0,0
38.00_68.00,2018-08-06,38.0,68.0,0.0,0.0,0.0,0.0,0.0,0.0,13.0,0
38.00_68.00,2018-08-13,38.0,68.0,0.0,0.0,0.0,0.0,0.0,0.0,14.0,0
38.00_68.00,2018-08-20,38.0,68.0,0.0,0.0,0.0,0.0,0.0,0.0,15.0,0
38.00_68.00,2018-08-27,38.0,68.0,0.0,0.0,0.0,0.0,0.0,0.0,16.0,0
38.00_68.00,2018-09-03,38.0,68.0,0.0,0.0,0.0,0.0,0.0,0.0,17.0,0
38.00_68.00,2018-09-10,38.0,68.0,0.0,0.0,0.0,0.0,0.0,0.0,18.0,0
38.00_68.00,2018-09-17,38.0,68.0,0.0,0.0,0.0,0.0,0.0,0.0,19.0,1
38.00_68.00,2018-09-24,38.0,68.0,1.0,4.9,4.9,4.9,1.0,22387211.385683425,0.0,0
38.00_68.00,2018-10-01,38.0,68.0,0.0,0.0,0.0,4.9,1.0,22387211.385683425,1.0,0
38.00_68.00,2018-10-08,38.0,68.0,0.0,0.0,0.0,4.9,1.0,22387211.385683425,2.0,1
38.00_68.00,2018-10-15,38.0,68.0,1.0,4.5,4.5,4.9,2.0,28010624.637586914,0.0,1
38.00_68.00,2018-10-22,38.0,68.0,1.0,4.5,4.5,4.5,3.0,33634037.88949041,0.0,1
38.00_68.00,2018-10-29,38.0,68.0,1.0,4.6,4.6,4.6,4.0,41577320.23673321,0.0,0
38.00_68.00,2018-11-05,38.0,68.0,0.0,0.0,0.0,4.6,4.0,41577320.23673321,1.0,0
38.00_68.00,2018-11-12,38.0,68.0,0.0,0.0,0.0,4.6,4.0,41577320.23673321,2.0,0
38.00_68.00,2018-11-19,38.0,68.0,0.0,0.0,0.0,4.6,4.0,19190108.85104979,3.0,0
38.00_68.00,2018-11-26,38.0,68.0,0.0,0.0,0.0,0.0,4.0,19190108.85104979,4.0,0
38.00_68.00,2018-12-03,38.0,68.0,0.0,0.0,0.0,0.0,4.0,19190108.85104979,5.0,1
38.00_68.00,2018-12-10,38.0,68.0,1.0,5.0,5.0,5.0,5.0,45189472.20083009,0.0,0
38.00_68.00,2018-12-17,38.0,68.0,0.0,0.0,0.0,5.0,4.0,39566058.9489266,1.0,0
38.00_68.00,2018-12-24,38.0,68.0,0.0,0.0,0.0,5.0,4.0,31622776.601683795,2.0,0
38.00_68.00,2018-12-31,38.0,68.0,0.0,0.0,0.0,5.0,4.0,31622776.601683795,3.0,0
38.00_68.00,2019-01-07,38.0,68.0,0.0,0.0,0.0,0.0,3.0,31622776.601683795,4.0,0
38.00_68.00,2019-01-14,38.0,68.0,0.0,0.0,0.0,0.0,2.0,31622776.601683795,5.0,1
38.00_68.00,2019-01-21,38.0,68.0,1.0,4.7,4.7,4.7,2.0,42842961.14470345,0.0,0
38.00_68.00,2019-01-28,38.0,68.0,0.0,0.0,0.0,4.7,2.0,42842961.14470345,1.0,0
38.00_68.00,2019-02-04,38.0,68.0,0.0,0.0,0.0,4.7,2.0,11220184.543019656,2.0,0
38.00_68.00,2019-02-11,38.0,68.0,0.0,0.0,0.0,4.7,2.0,11220184.543019656,3.0,0
38.00_68.00,2019-02-18,38.0,68.0,0.0,0.0,0.0,0.0,2.0,11220184.543019656,4.0,1
38.00_68.00,2019-02-25,38.0,68.0,1.0,4.6,4.6,4.6,3.0,19163466.890262462,0.0,0
38.00_68.00,2019-03-04,38.0,68.0,0.0,0.0,0.0,4.6,2.0,19163466.890262462,1.0,1
38.00_68.00,2019-03-11,38.0,68.0,1.0,4.7,4.7,4.7,3.0,30383651.433282115,0.0,0
38.00_68.00,2019-03-18,38.0,68.0,0.0,0.0,0.0,4.7,3.0,19163466.890262462,1.0,0
38.00_68.00,2019-03-25,38.0,68.0,0.0,0.0,0.0,4.7,3.0,19163466.890262462,2.0,0
38.00_68.00,2019-04-01,38.0,68.0,0.0,0.0,0.0,4.7,3.0,19163466.890262462,3.0,0
38.00_68.00,2019-04-08,38.0,68.0,0.0,0.0,0.0,0.0,3.0,19163466.890262462,4.0,0
38.00_68.00,2019-04-15,38.0,68.0,0.0,0.0,0.0,0.0,2.0,19163466.890262462,5.0,0
38.00_68.00,2019-04-22,38.0,68.0,0.0,0.0,0.0,0.0,2.0,11220184.543019656,6.0,0
38.00_68.00,2019-04-29,38.0,68.0,0.0,0.0,0.0,0.0,2.0,11220184.543019656,7.0,0
38.00_68.00,2019-05-06,38.0,68.0,0.0,0.0,0.0,0.0,2.0,0.0,8.0,0
38.00_68.00,2019-05-13,38.0,68.0,0.0,0.0,0.0,0.0,2.0,0.0,9.0,0
38.00_68.00,2019-05-20,38.0,68.0,0.0,0.0,0.0,0.0,1.0,0.0,10.0,0
38.00_68.00,2019-05-27,38.0,68.0,0.0,0.0,0.0,0.0,1.0,0.0,11.0,0
38.00_68.00,2019-06-03,38.0,68.0,0.0,0.0,0.0,0.0,0.0,0.0,12.0,0
38.00_68.00,2019-06-10,38.0,68.0,0.0,0.0,0.0,0.0,0.0,0.0,13.0,0
38.00_68.00,2019-06-17,38.0,68.0,0.0,0.0,0.0,0.0,0.0,0.0,14.0,0
38.00_68.00,2019-06-24,38.0,68.0,0.0,0.0,0.0,0.0,0.0,0.0,15.0,0
38.00_68.00,2019-07-01,38.0,68.0,0.0,0.0,0.0,0.0,0.0,0.0,16.0,0
38.00_68.00,2019-07-08,38.0,68.0,0.0,0.0,0.0,0.0,0.0,0.0,17.0,0
38.00_68.00,2019-07-15,38.0,68.0,0.0,0.0,0.0,0.0,0.0,0.0,18.0,0
38.00_68.00,2019-07-22,38.0,68.0,0.0,0.0,0.0,0.0,0.0,0.0,19.0,0
38.00_68.00,2019-07-29,38.0,68.0,0.0,0.0,0.0,0.0,0.0,0.0,20.0,1
38.00_68.00,2019-08-05,38.0,68.0,1.0,4.5,4.5,4.5,1.0,5623413.251903495,0.0,0
38.00_68.00,2019-08-12,38.0,68.0,0.0,0.0,0.0,4.5,1.0,5623413.251903495,1.0,0
38.00_68.00,2019-08-19,38.0,68.0,0.0,0.0,0.0,4.5,1.0,5623413.251903495,2.0,0
38.00_68.00,2019-08-26,38.0,68.0,0.0,0.0,0.0,4.5,1.0,5623413.251903495,3.0,0
38.00_68.00,2019-09-02,38.0,68.0,0.0,0.0,0.0,0.0,1.0,5623413.251903495,4.0,0
38.00_68.00,2019-09-09,38.0,68.0,0.0,0.0,0.0,0.0,1.0,5623413.251903495,5.0,0
38.00_68.00,2019-09-16,38.0,68.0,0.0,0.0,0.0,0.0,1.0,5623413.251903495,6.0,1
38.00_68.00,2019-09-23,38.0,68.0,1.0,4.6,4.6,4.6,2.0,13566695.599146299,0.0,0
38.00_68.00,2019-09-30,38.0,68.0,0.0,0.0,0.0,4.6,2.0,7943282.347242809,1.0,0
38.00_68.00,2019-10-07,38.0,68.0,0.0,0.0,0.0,4.6,2.0,7943282.347242809,2.0,0
38.00_68.00,2019-10-14,38.0,68.0,0.0,0.0,0.0,4.6,2.0,7943282.347242809,3.0,0
38.00_68.00,2019-10-21,38.0,68.0,0.0,0.0,0.0,0.0,2.0,7943282.347242809,4.0,0
38.00_68.00,2019-10-28,38.0,68.0,0.0,0.0,0.0,0.0,1.0,7943282.347242809,5.0,0
38.00_68.00,2019-11-04,38.0,68.0,0.0,0.0,0.0,0.0,1.0,7943282.347242809,6.0,0
38.00_68.00,2019-11-11,38.0,68.0,0.0,0.0,0.0,0.0,1.0,7943282.347242809,7.0,1
38.00_68.00,2019-11-18,38.0,68.0,1.0,4.5,4.5,4.5,2.0,5623413.251903495,0.0,0
38.00_68.00,2019-11-25,38.0,68.0,0.0,0.0,0.0,4.5,2.0,5623413.251903495,1.0,0
38.00_68.00,2019-12-02,38.0,68.0,0.0,0.0,0.0,4.5,2.0,5623413.251903495,2.0,0
38.00_68.00,2019-12-09,38.0,68.0,0.0,0.0,0.0,4.5,2.0,5623413.251903495,3.0,0
38.00_68.00,2019-12-16,38.0,68.0,0.0,0.0,0.0,0.0,1.0,5623413.251903495,4.0,0
38.00_68.00,2019-12-23,38.0,68.0,0.0,0.0,0.0,0.0,1.0,5623413.251903495,5.0,0
38.00_68.00,2019-12-30,38.0,68.0,0.0,0.0,0.0,0.0,1.0,5623413.251903495,6.0,0
38.00_68.00,2020-01-06,38.0,68.0,0.0,0.0,0.0,0.0,1.0,5623413.251903495,7.0,1
38.00_68.00,2020-01-13,38.0,68.0,1.0,4.6,4.6,4.6,2.0,7943282.347242809,0.0,0
38.00_68.00,2020-01-20,38.0,68.0,0.0,0.0,0.0,4.6,2.0,7943282.347242809,1.0,0
38.00_68.00,2020-01-27,38.0,68.0,0.0,0.0,0.0,4.6,2.0,7943282.347242809,2.0,1
38.00_68.00,2020-02-03,38.0,68.0,1.0,4.9,4.9,4.9,3.0,30330493.732926235,0.0,0
38.00_68.00,2020-02-10,38.0,68.0,0.0,0.0,0.0,4.9,2.0,30330493.732926235,1.0,0
38.00_68.00,2020-02-17,38.0,68.0,0.0,0.0,0.0,4.9,2.0,30330493.732926235,2.0,0
38.00_68.00,2020-02-24,38.0,68.0,0.0,0.0,0.0,4.9,2.0,30330493.732926235,3.0,0
38.00_68.00,2020-03-02,38.0,68.0,0.0,0.0,0.0,0.0,2.0,30330493.732926235,4.0,0
38.00_68.00,2020-03-09,38.0,68.0,0.0,0.0,0.0,0.0,2.0,22387211.38568343,5.0,0
38.00_68.00,2020-03-16,38.0,68.0,0.0,0.0,0.0,0.0,2.0,22387211.38568343,6.0,0
38.00_68.00,2020-03-23,38.0,68.0,0.0,0.0,0.0,0.0,2.0,22387211.38568343,7.0,2
38.00_68.00,2020-03-30,38.0,68.0,2.0,4.6,4.5,4.6,4.0,13566695.599146299,0.0,0
38.00_68.00,2020-04-06,38.0,68.0,0.0,0.0,0.0,4.6,3.0,13566695.599146299,1.0,0
38.00_68.00,2020-04-13,38.0,68.0,0.0,0.0,0.0,4.6,3.0,13566695.599146299,2.0,0
38.00_68.00,2020-04-20,38.0,68.0,0.0,0.0,0.0,4.6,3.0,13566695.599146299,3.0,1
38.00_68.00,2020-04-27,38.0,68.0,1.0,4.5,4.5,4.5,3.0,19190108.85104979,0.0,1
38.00_68.00,2020-05-04,38.0,68.0,1.0,4.5,4.5,4.5,4.0,24813522.10295328,0.0,0
38.00_68.00,2020-05-11,38.0,68.0,0.0,0.0,0.0,4.5,4.0,24813522.10295328,1.0,0
38.00_68.00,2020-05-18,38.0,68.0,0.0,0.0,0.0,4.5,4.0,24813522.10295328,2.0,0
38.00_68.00,2020-05-25,38.0,68.0,0.0,0.0,0.0,4.5,4.0,11246826.503806986,3.0,0
38.00_68.00,2020-06-01,38.0,68.0,0.0,0.0,0.0,0.0,4.0,11246826.503806986,4.0,0
38.00_68.00,2020-06-08,38.0,68.0,0.0,0.0,0.0,0.0,4.0,11246826.503806986,5.0,0
38.00_68.00,2020-06-15,38.0,68.0,0.0,0.0,0.0,0.0,4.0,11246826.503806986,6.0,0
38.00_68.00,2020-06-22,38.0,68.0,0.0,0.0,0.0,0.0,2.0,5623413.251903495,7.0,1
38.00_68.00,2020-06-29,38.0,68.0,1.0,4.5,4.5,4.5,3.0,5623413.251903495,0.0,1
38.00_68.00,2020-07-06,38.0,68.0,1.0,5.4,5.4,5.4,4.0,131515954.43132062,0.0,0
38.00_68.00,2020-07-13,38.0,68.0,0.0,0.0,0.0,5.4,4.0,131515954.43132062,1.0,1
38.00_68.00,2020-07-20,38.0,68.0,1.0,4.5,4.5,5.4,4.0,137139367.6832241,0.0,0
38.00_68.00,2020-07-27,38.0,68.0,0.0,0.0,0.0,5.4,3.0,137139367.6832241,1.0,0
38.00_68.00,2020-08-03,38.0,68.0,0.0,0.0,0.0,4.5,3.0,137139367.6832241,2.0,1
38.00_68.00,2020-08-10,38.0,68.0,1.0,4.9,4.9,4.9,4.0,159526579.06890753,0.0,1
38.00_68.00,2020-08-17,38.0,68.0,1.0,4.8,4.8,4.9,5.0,175375510.99351865,0.0,0
38.00_68.00,2020-08-24,38.0,68.0,0.0,0.0,0.0,4.9,5.0,169752097.74161515,1.0,0
38.00_68.00,2020-08-31,38.0,68.0,0.0,0.0,0.0,4.9,5.0,43859556.56219802,2.0,0
38.00_68.00,2020-09-07,38.0,68.0,0.0,0.0,0.0,4.8,5.0,43859556.56219802,3.0,0
38.00_68.00,2020-09-14,38.0,68.0,0.0,0.0,0.0,0.0,5.0,38236143.31029453,4.0,0
38.00_68.00,2020-09-21,38.0,68.0,0.0,0.0,0.0,0.0,4.0,38236143.31029453,5.0,0
38.00_68.00,2020-09-28,38.0,68.0,0.0,0.0,0.0,0.0,3.0,38236143.31029453,6.0,0
38.00_68.00,2020-10-05,38.0,68.0,0.0,0.0,0.0,0.0,3.0,15848931.924611108,7.0,0
38.00_68.00,2020-10-12,38.0,68.0,0.0,0.0,0.0,0.0,2.0,0.0,8.0,0
38.00_68.00,2020-10-19,38.0,68.0,0.0,0.0,0.0,0.0,2.0,0.0,9.0,1
38.00_68.00,2020-10-26,38.0,68.0,1.0,4.5,4.5,4.5,3.0,5623413.251903491,0.0,1
38.00_68.00,2020-11-02,38.0,68.0,1.0,4.6,4.6,4.6,3.0,13566695.599146295,0.0,0
38.00_68.00,2020-11-09,38.0,68.0,0.0,0.0,0.0,4.6,2.0,13566695.599146295,1.0,2
38.00_68.00,2020-11-16,38.0,68.0,2.0,5.0,4.9,5.0,4.0,67576683.5865135,0.0,1
38.00_68.00,2020-11-23,38.0,68.0,1.0,4.8,4.8,5.0,5.0,83425615.51112461,0.0,0
38.00_68.00,2020-11-30,38.0,68.0,0.0,0.0,0.0,5.0,5.0,83425615.51112461,1.0,0
38.00_68.00,2020-12-07,38.0,68.0,0.0,0.0,0.0,5.0,5.0,83425615.51112461,2.0,0
38.00_68.00,2020-12-14,38.0,68.0,0.0,0.0,0.0,4.8,5.0,83425615.51112461,3.0,0
38.00_68.00,2020-12-21,38.0,68.0,0.0,0.0,0.0,0.0,5.0,77802202.25922112,4.0,0
38.00_68.00,2020-12-28,38.0,68.0,0.0,0.0,0.0,0.0,5.0,69858919.91197832,5.0,0
38.00_68.00,2021-01-04,38.0,68.0,0.0,0.0,0.0,0.0,5.0,69858919.91197832,6.0,0
38.00_68.00,2021-01-11,38.0,68.0,0.0,0.0,0.0,0.0,5.0,15848931.9246111,7.0,0
38.00_68.00,2021-01-18,38.0,68.0,0.0,0.0,0.0,0.0,4.0,0.0,8.0,0
38.00_68.00,2021-01-25,38.0,68.0,0.0,0.0,0.0,0.0,3.0,0.0,9.0,0
38.00_68.00,2021-02-01,38.0,68.0,0.0,0.0,0.0,0.0,3.0,0.0,10.0,0
38.00_68.00,2021-02-08,38.0,68.0,0.0,0.0,0.0,0.0,1.0,0.0,11.0,0
38.00_68.00,2021-02-15,38.0,68.0,0.0,0.0,0.0,0.0,0.0,0.0,12.0,0
38.00_68.00,2021-02-22,38.0,68.0,0.0,0.0,0.0,0.0,0.0,0.0,13.0,0
38.00_68.00,2021-03-01,38.0,68.0,0.0,0.0,0.0,0.0,0.0,0.0,14.0,0
38.00_68.00,2021-03-08,38.0,68.0,0.0,0.0,0.0,0.0,0.0,0.0,15.0,0
38.00_68.00,2021-03-15,38.0,68.0,0.0,0.0,0.0,0.0,0.0,0.0,16.0,0
38.00_68.00,2021-03-22,38.0,68.0,0.0,0.0,0.0,0.0,0.0,0.0,17.0,0
38.00_68.00,2021-03-29,38.0,68.0,0.0,0.0,0.0,0.0,0.0,0.0,18.0,0
38.00_68.00,2021-04-05,38.0,68.0,0.0,0.0,0.0,0.0,0.0,0.0,19.0,0
38.00_68.00,2021-04-12,38.0,68.0,0.0,0.0,0.0,0.0,0.0,0.0,20.0,0
38.00_68.00,2021-04-19,38.0,68.0,0.0,0.0,0.0,0.0,0.0,0.0,21.0,0
38.00_68.00,2021-04-26,38.0,68.0,0.0,0.0,0.0,0.0,0.0,0.0,22.0,0
38.00_68.00,2021-05-03,38.0,68.0,0.0,0.0,0.0,0.0,0.0,0.0,23.0,0
38.00_68.00,2021-05-10,38.0,68.0,0.0,0.0,0.0,0.0,0.0,0.0,24.0,0
38.00_68.00,2021-05-17,38.0,68.0,0.0,0.0,0.0,0.0,0.0,0.0,25.0,0
38.00_68.00,2021-05-24,38.0,68.0,0.0,0.0,0.0,0.0,0.0,0.0,26.0,0
38.00_68.00,2021-05-31,38.0,68.0,0.0,0.0,0.0,0.0,0.0,0.0,27.0,0
38.00_68.00,2021-06-07,38.0,68.0,0.0,0.0,0.0,0.0,0.0,0.0,28.0,0
38.00_68.00,2021-06-14,38.0,68.0,0.0,0.0,0.0,0.0,0.0,0.0,29.0,0
38.00_68.00,2021-06-21,38.0,68.0,0.0,0.0,0.0,0.0,0.0,0.0,30.0,0
38.00_68.00,2021-06-28,38.0,68.0,0.0,0.0,0.0,0.0,0.0,0.0,31.0,0
38.00_68.00,2021-07-05,38.0,68.0,0.0,0.0,0.0,0.0,0.0,0.0,32.0,3
38.00_68.00,2021-07-12,38.0,68.0,3.0,5.7,4.5,5.7,3.0,368380084.83272237,0.0,0
38.00_68.00,2021-07-19,38.0,68.0,0.0,0.0,0.0,5.7,3.0,368380084.83272237,1.0,0
38.00_68.00,2021-07-26,38.0,68.0,0.0,0.0,0.0,5.7,3.0,368380084.83272237,2.0,0
38.00_68.00,2021-08-02,38.0,68.0,0.0,0.0,0.0,5.7,3.0,368380084.83272237,3.0,1
38.00_68.00,2021-08-09,38.0,68.0,1.0,4.5,4.5,4.5,4.0,374003498.08462584,0.0,0
38.00_68.00,2021-08-16,38.0,68.0,0.0,0.0,0.0,4.5,4.0,374003498.08462584,1.0,0
38.00_68.00,2021-08-23,38.0,68.0,0.0,0.0,0.0,4.5,4.0,374003498.08462584,2.0,1
38.00_68.00,2021-08-30,38.0,68.0,1.0,4.6,4.6,4.6,5.0,381946780.4318687,0.0,0
38.00_68.00,2021-09-06,38.0,68.0,0.0,0.0,0.0,4.6,5.0,13566695.599146295,1.0,0
38.00_68.00,2021-09-13,38.0,68.0,0.0,0.0,0.0,4.6,5.0,13566695.599146295,2.0,0
38.00_68.00,2021-09-20,38.0,68.0,0.0,0.0,0.0,4.6,5.0,13566695.599146295,3.0,0
38.00_68.00,2021-09-27,38.0,68.0,0.0,0.0,0.0,0.0,5.0,13566695.599146295,4.0,0
38.00_68.00,2021-10-04,38.0,68.0,0.0,0.0,0.0,0.0,2.0,7943282.347242805,5.0,0
38.00_68.00,2021-10-11,38.0,68.0,0.0,0.0,0.0,0.0,2.0,7943282.347242805,6.0,0
38.00_68.00,2021-10-18,38.0,68.0,0.0,0.0,0.0,0.0,2.0,7943282.347242805,7.0,0
38.00_68.00,2021-10-25,38.0,68.0,0.0,0.0,0.0,0.0,2.0,0.0,8.0,0
38.00_68.00,2021-11-01,38.0,68.0,0.0,0.0,0.0,0.0,1.0,0.0,9.0,0
38.00_68.00,2021-11-08,38.0,68.0,0.0,0.0,0.0,0.0,1.0,0.0,10.0,0
38.00_68.00,2021-11-15,38.0,68.0,0.0,0.0,0.0,0.0,1.0,0.0,11.0,0
38.00_68.00,2021-11-22,38.0,68.0,0.0,0.0,0.0,0.0,0.0,0.0,12.0,0
38.00_68.00,2021-11-29,38.0,68.0,0.0,0.0,0.0,0.0,0.0,0.0,13.0,1
38.00_68.00,2021-12-06,38.0,68.0,1.0,4.6,4.6,4.6,1.0,7943282.347242805,0.0,0
38.00_68.00,2021-12-13,38.0,68.0,0.0,0.0,0.0,4.6,1.0,7943282.347242805,1.0,1
38.00_68.00,2021-12-20,38.0,68.0,1.0,4.7,4.7,4.7,2.0,19163466.89026246,0.0,0
38.00_68.00,2021-12-27,38.0,68.0,0.0,0.0,0.0,4.7,2.0,19163466.89026246,1.0,0
38.00_68.00,2022-01-03,38.0,68.0,0.0,0.0,0.0,4.7,2.0,19163466.89026246,2.0,0
38.00_68.00,2022-01-10,38.0,68.0,0.0,0.0,0.0,4.7,2.0,19163466.89026246,3.0,0
38.00_68.00,2022-01-17,38.0,68.0,0.0,0.0,0.0,0.0,2.0,19163466.89026246,4.0,0
38.00_68.00,2022-01-24,38.0,68.0,0.0,0.0,0.0,0.0,2.0,19163466.89026246,5.0,0
38.00_68.00,2022-01-31,38.0,68.0,0.0,0.0,0.0,0.0,2.0,11220184.543019652,6.0,0
38.00_68.00,2022-02-07,38.0,68.0,0.0,0.0,0.0,0.0,2.0,11220184.543019652,7.0,0
38.00_68.00,2022-02-14,38.0,68.0,0.0,0.0,0.0,0.0,2.0,0.0,8.0,0
38.00_68.00,2022-02-21,38.0,68.0,0.0,0.0,0.0,0.0,2.0,0.0,9.0,0
38.00_68.00,2022-02-28,38.0,68.0,0.0,0.0,0.0,0.0,1.0,0.0,10.0,0
38.00_68.00,2022-03-07,38.0,68.0,0.0,0.0,0.0,0.0,1.0,0.0,11.0,0
38.00_68.00,2022-03-14,38.0,68.0,0.0,0.0,0.0,0.0,0.0,0.0,12.0,1
38.00_68.00,2022-03-21,38.0,68.0,1.0,4.5,4.5,4.5,1.0,5623413.251903491,0.0,0
38.00_68.00,2022-03-28,38.0,68.0,0.0,0.0,0.0,4.5,1.0,5623413.251903491,1.0,0
38.00_68.00,2022-04-04,38.0,68.0,0.0,0.0,0.0,4.5,1.0,5623413.251903491,2.0,0
38.00_68.00,2022-04-11,38.0,68.0,0.0,0.0,0.0,4.5,1.0,5623413.251903491,3.0,0
38.00_68.00,2022-04-18,38.0,68.0,0.0,0.0,0.0,0.0,1.0,5623413.251903491,4.0,1
38.00_68.00,2022-04-25,38.0,68.0,1.0,5.1,5.1,5.1,2.0,50291772.46699975,0.0,0
38.00_68.00,2022-05-02,38.0,68.0,0.0,0.0,0.0,5.1,2.0,50291772.46699975,1.0,0
38.00_68.00,2022-05-09,38.0,68.0,0.0,0.0,0.0,5.1,2.0,50291772.46699975,2.0,0
38.00_68.00,2022-05-16,38.0,68.0,0.0,0.0,0.0,5.1,2.0,44668359.21509626,3.0,0
38.00_68.00,2022-05-23,38.0,68.0,0.0,0.0,0.0,0.0,2.0,44668359.21509626,4.0,0
38.00_68.00,2022-05-30,38.0,68.0,0.0,0.0,0.0,0.0,2.0,44668359.21509626,5.0,0
38.00_68.00,2022-06-06,38.0,68.0,0.0,0.0,0.0,0.0,2.0,44668359.21509626,6.0,0
38.00_68.00,2022-06-13,38.0,68.0,0.0,0.0,0.0,0.0,1.0,44668359.21509626,7.0,0
38.00_68.00,2022-06-20,38.0,68.0,0.0,0.0,0.0,0.0,1.0,0.0,8.0,0
38.00_68.00,2022-06-27,38.0,68.0,0.0,0.0,0.0,0.0,1.0,0.0,9.0,0
38.00_68.00,2022-07-04,38.0,68.0,0.0,0.0,0.0,0.0,1.0,0.0,10.0,0
38.00_68.00,2022-07-11,38.0,68.0,0.0,0.0,0.0,0.0,1.0,0.0,11.0,0
38.00_68.00,2022-07-18,38.0,68.0,0.0,0.0,0.0,0.0,0.0,0.0,12.0,0
38.00_68.00,2022-07-25,38.0,68.0,0.0,0.0,0.0,0.0,0.0,0.0,13.0,0
38.00_68.00,2022-08-01,38.0,68.0,0.0,0.0,0.0,0.0,0.0,0.0,14.0,0
38.00_68.00,2022-08-08,38.0,68.0,0.0,0.0,0.0,0.0,0.0,0.0,15.0,0
38.00_68.00,2022-08-15,38.0,68.0,0.0,0.0,0.0,0.0,0.0,0.0,16.0,0
38.00_68.00,2022-08-22,38.0,68.0,0.0,0.0,0.0,0.0,0.0,0.0,17.0,0
38.00_68.00,2022-08-29,38.0,68.0,0.0,0.0,0.0,0.0,0.0,0.0,18.0,0
38.00_68.00,2022-09-05,38.0,68.0,0.0,0.0,0.0,0.0,0.0,0.0,19.0,1
38.00_68.00,2022-09-12,38.0,68.0,1.0,4.5,4.5,4.5,1.0,5623413.251903491,0.0,0
38.00_68.00,2022-09-19,38.0,68.0,0.0,0.0,0.0,4.5,1.0,5623413.251903491,1.0,0
38.00_68.00,2022-09-26,38.0,68.0,0.0,0.0,0.0,4.5,1.0,5623413.251903491,2.0,0
38.00_68.00,2022-10-03,38.0,68.0,0.0,0.0,0.0,4.5,1.0,5623413.251903491,3.0,0
38.00_68.00,2022-10-10,38.0,68.0,0.0,0.0,0.0,0.0,1.0,5623413.251903491,4.0,0
38.00_68.00,2022-10-17,38.0,68.0,0.0,0.0,0.0,0.0,1.0,5623413.251903491,5.0,0
38.00_68.00,2022-10-24,38.0,68.0,0.0,0.0,0.0,0.0,1.0,5623413.251903491,6.0,0
38.00_68.00,2022-10-31,38.0,68.0,0.0,0.0,0.0,0.0,1.0,5623413.251903491,7.0,0
38.00_68.00,2022-11-07,38.0,68.0,0.0,0.0,0.0,0.0,1.0,0.0,8.0,0
38.00_68.00,2022-11-14,38.0,68.0,0.0,0.0,0.0,0.0,1.0,0.0,9.0,0
38.00_68.00,2022-11-21,38.0,68.0,0.0,0.0,0.0,0.0,1.0,0.0,10.0,0
38.00_68.00,2022-11-28,38.0,68.0,0.0,0.0,0.0,0.0,1.0,0.0,11.0,0
38.00_68.00,2022-12-05,38.0,68.0,0.0,0.0,0.0,0.0,0.0,0.0,12.0,1
38.00_68.00,2022-12-12,38.0,68.0,1.0,4.7,4.7,4.7,1.0,11220184.543019652,0.0,0
38.00_68.00,2022-12-19,38.0,68.0,0.0,0.0,0.0,4.7,1.0,11220184.543019652,1.0,0
38.00_68.00,2022-12-26,38.0,68.0,0.0,0.0,0.0,4.7,1.0,11220184.543019652,2.0,0
38.00_68.00,2023-01-02,38.0,68.0,0.0,0.0,0.0,4.7,1.0,11220184.543019652,3.0,0
38.00_68.00,2023-01-09,38.0,68.0,0.0,0.0,0.0,0.0,1.0,11220184.543019652,4.0,0
38.00_68.00,2023-01-16,38.0,68.0,0.0,0.0,0.0,0.0,1.0,11220184.543019652,5.0,1
38.00_68.00,2023-01-23,38.0,68.0,1.0,4.7,4.7,4.7,2.0,22440369.086039305,0.0,0
38.00_68.00,2023-01-30,38.0,68.0,0.0,0.0,0.0,4.7,2.0,22440369.086039305,1.0,0
38.00_68.00,2023-02-06,38.0,68.0,0.0,0.0,0.0,4.7,2.0,11220184.543019652,2.0,0
38.00_68.00,2023-02-13,38.0,68.0,0.0,0.0,0.0,4.7,2.0,11220184.543019652,3.0,0
38.00_68.00,2023-02-20,38.0,68.0,0.0,0.0,0.0,0.0,2.0,11220184.543019652,4.0,0
38.00_68.00,2023-02-27,38.0,68.0,0.0,0.0,0.0,0.0,2.0,11220184.543019652,5.0,0
38.00_68.00,2023-03-06,38.0,68.0,0.0,0.0,0.0,0.0,1.0,11220184.543019652,6.0,0
38.00_68.00,2023-03-13,38.0,68.0,0.0,0.0,0.0,0.0,1.0,11220184.543019652,7.0,0
38.00_68.00,2023-03-20,38.0,68.0,0.0,0.0,0.0,0.0,1.0,0.0,8.0,2
38.00_68.00,2023-03-27,38.0,68.0,2.0,5.8,4.6,5.8,3.0,509130515.9745143,0.0,0
38.00_68.00,2023-04-03,38.0,68.0,0.0,0.0,0.0,5.8,3.0,509130515.9745143,1.0,0
38.00_68.00,2023-04-10,38.0,68.0,0.0,0.0,0.0,5.8,3.0,509130515.9745143,2.0,0
38.00_68.00,2023-04-17,38.0,68.0,0.0,0.0,0.0,5.8,2.0,509130515.9745143,3.0,0
38.00_68.00,2023-04-24,38.0,68.0,0.0,0.0,0.0,0.0,2.0,509130515.9745143,4.0,0
38.00_68.00,2023-05-01,38.0,68.0,0.0,0.0,0.0,0.0,2.0,509130515.9745143,5.0,0
38.00_68.00,2023-05-08,38.0,68.0,0.0,0.0,0.0,0.0,2.0,509130515.9745143,6.0,0
38.00_68.00,2023-05-15,38.0,68.0,0.0,0.0,0.0,0.0,2.0,509130515.9745143,7.0,0
38.00_68.00,2023-05-22,38.0,68.0,0.0,0.0,0.0,0.0,2.0,0.0,8.0,0
38.00_68.00,2023-05-29,38.0,68.0,0.0,0.0,0.0,0.0,2.0,0.0,9.0,0
38.00_68.00,2023-06-05,38.0,68.0,0.0,0.0,0.0,0.0,2.0,0.0,10.0,0
38.00_68.00,2023-06-12,38.0,68.0,0.0,0.0,0.0,0.0,2.0,0.0,11.0,0
38.00_68.00,2023-06-19,38.0,68.0,0.0,0.0,0.0,0.0,0.0,0.0,12.0,0
38.00_68.00,2023-06-26,38.0,68.0,0.0,0.0,0.0,0.0,0.0,0.0,13.0,0
38.00_68.00,2023-07-03,38.0,68.0,0.0,0.0,0.0,0.0,0.0,0.0,14.0,0
38.00_68.00,2023-07-10,38.0,68.0,0.0,0.0,0.0,0.0,0.0,0.0,15.0,0
38.00_68.00,2023-07-17,38.0,68.0,0.0,0.0,0.0,0.0,0.0,0.0,16.0,0
38.00_68.00,2023-07-24,38.0,68.0,0.0,0.0,0.0,0.0,0.0,0.0,17.0,0
38.00_68.00,2023-07-31,38.0,68.0,0.0,0.0,0.0,0.0,0.0,0.0,18.0,0
38.00_68.00,2023-08-07,38.0,68.0,0.0,0.0,0.0,0.0,0.0,0.0,19.0,0
38.00_68.00,2023-08-14,38.0,68.0,0.0,0.0,0.0,0.0,0.0,0.0,20.0,0
38.00_68.00,2023-08-21,38.0,68.0,0.0,0.0,0.0,0.0,0.0,0.0,21.0,0
38.00_68.00,2023-08-28,38.0,68.0,0.0,0.0,0.0,0.0,0.0,0.0,22.0,0
38.00_68.00,2023-09-04,38.0,68.0,0.0,0.0,0.0,0.0,0.0,0.0,23.0,0
38.00_68.00,2023-09-11,38.0,68.0,0.0,0.0,0.0,0.0,0.0,0.0,24.0,0
38.00_68.00,2023-09-18,38.0,68.0,0.0,0.0,0.0,0.0,0.0,0.0,25.0,0
38.00_68.00,2023-09-25,38.0,68.0,0.0,0.0,0.0,0.0,0.0,0.0,26.0,0
38.00_68.00,2023-10-02,38.0,68.0,0.0,0.0,0.0,0.0,0.0,0.0,27.0,0
38.00_68.00,2023-10-09,38.0,68.0,0.0,0.0,0.0,0.0,0.0,0.0,28.0,0
38.00_68.00,2023-10-16,38.0,68.0,0.0,0.0,0.0,0.0,0.0,0.0,29.0,0
38.00_68.00,2023-10-23,38.0,68.0,0.0,0.0,0.0,0.0,0.0,0.0,30.0,0
38.00_68.00,2023-10-30,38.0,68.0,0.0,0.0,0.0,0.0,0.0,0.0,31.0,0
38.00_68.00,2023-11-06,38.0,68.0,0.0,0.0,0.0,0.0,0.0,0.0,32.0,1
38.00_68.00,2023-11-13,38.0,68.0,1.0,4.6,4.6,4.6,1.0,7943282.347242805,0.0,1
38.00_68.00,2023-11-20,38.0,68.0,1.0,4.7,4.7,4.7,2.0,19163466.89026246,0.0,0
38.00_68.00,2023-11-27,38.0,68.0,0.0,0.0,0.0,4.7,2.0,19163466.89026246,1.0,0
38.00_68.00,2023-12-04,38.0,68.0,0.0,0.0,0.0,4.7,2.0,19163466.89026246,2.0,0
38.00_68.00,2023-12-11,38.0,68.0,0.0,0.0,0.0,4.7,2.0,19163466.89026246,3.0,0
38.00_68.00,2023-12-18,38.0,68.0,0.0,0.0,0.0,0.0,2.0,19163466.89026246,4.0,0
38.00_68.00,2023-12-25,38.0,68.0,0.0,0.0,0.0,0.0,2.0,19163466.89026246,5.0,0
38.00_71.00,2010-03-22,38.0,71.0,0.0,0.0,0.0,0.0,2.0,11220184.543019652,5.0,0
38.00_71.00,2010-03-29,38.0,71.0,0.0,0.0,0.0,0.0,1.0,11220184.543019652,6.0,0
38.00_71.00,2010-04-05,38.0,71.0,0.0,0.0,0.0,0.0,1.0,11220184.543019652,7.0,1
38.00_71.00,2010-04-12,38.0,71.0,1.0,4.5,4.5,4.5,2.0,5623413.251903491,0.0,0
38.00_71.00,2010-04-19,38.0,71.0,0.0,0.0,0.0,4.5,2.0,5623413.251903491,1.0,1
38.00_71.00,2010-04-26,38.0,71.0,1.0,4.5,4.5,4.5,3.0,11246826.503806982,0.0,1
38.00_71.00,2010-05-03,38.0,71.0,1.0,4.8,4.8,4.8,4.0,27095758.428418092,0.0,0
38.00_71.00,2010-05-10,38.0,71.0,0.0,0.0,0.0,4.8,3.0,27095758.428418092,1.0,0
38.00_71.00,2010-05-17,38.0,71.0,0.0,0.0,0.0,4.8,3.0,27095758.428418092,2.0,0
38.00_71.00,2010-05-24,38.0,71.0,0.0,0.0,0.0,4.8,3.0,27095758.428418092,3.0,1
38.00_71.00,2010-05-31,38.0,71.0,1.0,4.5,4.5,4.5,4.0,32719171.68032158,0.0,0
38.00_71.00,2010-06-07,38.0,71.0,0.0,0.0,0.0,4.5,4.0,27095758.428418092,1.0,0
38.00_71.00,2010-06-14,38.0,71.0,0.0,0.0,0.0,4.5,4.0,27095758.428418092,2.0,1
38.00_71.00,2010-06-21,38.0,71.0,1.0,4.8,4.8,4.8,5.0,37321277.10112571,0.0,0
38.00_71.00,2010-06-28,38.0,71.0,0.0,0.0,0.0,4.8,5.0,21472345.176514603,1.0,0
38.00_71.00,2010-07-05,38.0,71.0,0.0,0.0,0.0,4.8,4.0,21472345.176514603,2.0,0
38.00_71.00,2010-07-12,38.0,71.0,0.0,0.0,0.0,4.8,4.0,21472345.176514603,3.0,0
38.00_71.00,2010-07-19,38.0,71.0,0.0,0.0,0.0,0.0,3.0,21472345.176514603,4.0,0
38.00_71.00,2010-07-26,38.0,71.0,0.0,0.0,0.0,0.0,2.0,15848931.924611108,5.0,0
38.00_71.00,2010-08-02,38.0,71.0,0.0,0.0,0.0,0.0,2.0,15848931.924611108,6.0,0
38.00_71.00,2010-08-09,38.0,71.0,0.0,0.0,0.0,0.0,2.0,15848931.924611108,7.0,0
38.00_71.00,2010-08-16,38.0,71.0,0.0,0.0,0.0,0.0,2.0,0.0,8.0,1
38.00_71.00,2010-08-23,38.0,71.0,1.0,5.2,5.2,5.2,2.0,63095734.44801943,0.0,0
38.00_71.00,2010-08-30,38.0,71.0,0.0,0.0,0.0,5.2,2.0,63095734.44801943,1.0,0
38.00_71.00,2010-09-06,38.0,71.0,0.0,0.0,0.0,5.2,2.0,63095734.44801943,2.0,2
38.00_71.00,2010-09-13,38.0,71.0,2.0,5.4,4.6,5.4,3.0,196931557.97467935,0.0,0
38.00_71.00,2010-09-20,38.0,71.0,0.0,0.0,0.0,5.4,3.0,196931557.97467935,1.0,0
38.00_71.00,2010-09-27,38.0,71.0,0.0,0.0,0.0,5.4,3.0,196931557.97467935,2.0,0
38.00_71.00,2010-10-04,38.0,71.0,0.0,0.0,0.0,5.4,3.0,196931557.97467935,3.0,2
38.00_71.00,2010-10-11,38.0,71.0,2.0,4.9,4.7,4.9,5.0,230538953.90338245,0.0,0
38.00_71.00,2010-10-18,38.0,71.0,0.0,0.0,0.0,4.9,5.0,167443219.45536304,1.0,0
38.00_71.00,2010-10-25,38.0,71.0,0.0,0.0,0.0,4.9,5.0,167443219.45536304,2.0,0
38.00_71.00,2010-11-01,38.0,71.0,0.0,0.0,0.0,4.9,5.0,167443219.45536304,3.0,0
38.00_71.00,2010-11-08,38.0,71.0,0.0,0.0,0.0,0.0,5.0,33607395.92870308,4.0,0
38.00_71.00,2010-11-15,38.0,71.0,0.0,0.0,0.0,0.0,4.0,33607395.92870308,5.0,0
38.00_71.00,2010-11-22,38.0,71.0,0.0,0.0,0.0,0.0,4.0,33607395.92870308,6.0,1
38.00_71.00,2010-11-29,38.0,71.0,1.0,5.0,5.0,5.0,5.0,65230172.530386865,0.0,0
38.00_71.00,2010-12-06,38.0,71.0,0.0,0.0,0.0,5.0,3.0,31622776.60168379,1.0,1
38.00_71.00,2010-12-13,38.0,71.0,1.0,5.5,5.5,5.5,4.0,209450717.60557607,0.0,1
38.00_71.00,2010-12-20,38.0,71.0,1.0,5.2,5.2,5.5,5.0,272546452.0535955,0.0,0
38.00_71.00,2010-12-27,38.0,71.0,0.0,0.0,0.0,5.5,5.0,272546452.0535955,1.0,0
38.00_71.00,2011-01-03,38.0,71.0,0.0,0.0,0.0,5.5,3.0,272546452.0535955,2.0,0
38.00_71.00,2011-01-10,38.0,71.0,0.0,0.0,0.0,5.2,3.0,272546452.0535955,3.0,0
38.00_71.00,2011-01-17,38.0,71.0,0.0,0.0,0.0,0.0,3.0,272546452.0535955,4.0,1
38.00_71.00,2011-01-24,38.0,71.0,1.0,5.0,5.0,5.0,4.0,272546452.0535955,0.0,1
38.00_71.00,2011-01-31,38.0,71.0,1.0,6.0,6.0,6.0,5.0,1272546452.0535955,0.0,0
38.00_71.00,2011-02-07,38.0,71.0,0.0,0.0,0.0,6.0,5.0,1094718511.0497034,1.0,1
38.00_71.00,2011-02-14,38.0,71.0,1.0,4.9,4.9,6.0,6.0,1054009987.9873673,0.0,0
38.00_71.00,2011-02-21,38.0,71.0,0.0,0.0,0.0,6.0,5.0,1054009987.9873673,1.0,0
38.00_71.00,2011-02-28,38.0,71.0,0.0,0.0,0.0,4.9,5.0,1054009987.9873673,2.0,0
38.00_71.00,2011-03-07,38.0,71.0,0.0,0.0,0.0,4.9,4.0,1054009987.9873673,3.0,0
38.00_71.00,2011-03-14,38.0,71.0,0.0,0.0,0.0,0.0,3.0,1054009987.9873673,4.0,0
38.00_71.00,2011-03-21,38.0,71.0,0.0,0.0,0.0,0.0,3.0,1022387211.3856834,5.0,1
38.00_71.00,2011-03-28,38.0,71.0,1.0,4.7,4.7,4.7,4.0,33607395.92870308,0.0,1
38.00_71.00,2011-04-04,38.0,71.0,1.0,4.6,4.6,4.7,5.0,41550678.27594588,0.0,0
38.00_71.00,2011-04-11,38.0,71.0,0.0,0.0,0.0,4.7,5.0,19163466.89026246,1.0,0
38.00_71.00,2011-04-18,38.0,71.0,0.0,0.0,0.0,4.7,4.0,19163466.89026246,2.0,0
38.00_71.00,2011-04-25,38.0,71.0,0.0,0.0,0.0,4.6,3.0,19163466.89026246,3.0,0
38.00_71.00,2011-05-02,38.0,71.0,0.0,0.0,0.0,0.0,3.0,19163466.89026246,4.0,0
38.00_71.00,2011-05-09,38.0,71.0,0.0,0.0,0.0,0.0,2.0,19163466.89026246,5.0,0
38.00_71.00,2011-05-16,38.0,71.0,0.0,0.0,0.0,0.0,2.0,19163466.89026246,6.0,0
38.00_71.00,2011-05-23,38.0,71.0,0.0,0.0,0.0,0.0,2.0,7943282.347242805,7.0,0
38.00_71.00,2011-05-30,38.0,71.0,0.0,0.0,0.0,0.0,2.0,0.0,8.0,0
38.00_71.00,2011-06-06,38.0,71.0,0.0,0.0,0.0,0.0,2.0,0.0,9.0,0
38.00_71.00,2011-06-13,38.0,71.0,0.0,0.0,0.0,0.0,2.0,0.0,10.0,0
38.00_71.00,2011-06-20,38.0,71.0,0.0,0.0,0.0,0.0,1.0,0.0,11.0,1
38.00_71.00,2011-06-27,38.0,71.0,1.0,5.0,5.0,5.0,1.0,31622776.60168379,0.0,0
38.00_71.00,2011-07-04,38.0,71.0,0.0,0.0,0.0,5.0,1.0,31622776.60168379,1.0,2
38.00_71.00,2011-07-11,38.0,71.0,2.0,4.7,4.5,5.0,3.0,48466374.39660694,0.0,0
38.00_71.00,2011-07-18,38.0,71.0,0.0,0.0,0.0,5.0,3.0,48466374.39660694,1.0,1
38.00_71.00,2011-07-25,38.0,71.0,1.0,6.1,6.1,6.1,4.0,1461003919.0193565,0.0,0
38.00_71.00,2011-08-01,38.0,71.0,0.0,0.0,0.0,6.1,4.0,1461003919.0193565,1.0,0
38.00_71.00,2011-08-08,38.0,71.0,0.0,0.0,0.0,6.1,4.0,1461003919.0193565,2.0,0
38.00_71.00,2011-08-15,38.0,71.0,0.0,0.0,0.0,6.1,4.0,1461003919.0193565,3.0,0
38.00_71.00,2011-08-22,38.0,71.0,0.0,0.0,0.0,0.0,4.0,1429381142.4176726,4.0,0
38.00_71.00,2011-08-29,38.0,71.0,0.0,0.0,0.0,0.0,4.0,1429381142.4176726,5.0,0
38.00_71.00,2011-09-05,38.0,71.0,0.0,0.0,0.0,0.0,4.0,1412537544.6227496,6.0,0
38.00_71.00,2011-09-12,38.0,71.0,0.0,0.0,0.0,0.0,4.0,1412537544.6227496,7.0,0
38.00_71.00,2011-09-19,38.0,71.0,0.0,0.0,0.0,0.0,3.0,0.0,8.0,0
38.00_71.00,2011-09-26,38.0,71.0,0.0,0.0,0.0,0.0,3.0,0.0,9.0,1
38.00_71.00,2011-10-03,38.0,71.0,1.0,4.8,4.8,4.8,2.0,15848931.924611108,0.0,1
38.00_71.00,2011-10-10,38.0,71.0,1.0,4.6,4.6,4.8,3.0,23792214.271853913,0.0,0
38.00_71.00,2011-10-17,38.0,71.0,0.0,0.0,0.0,4.8,2.0,23792214.271853913,1.0,2
38.00_71.00,2011-10-24,38.0,71.0,2.0,4.7,4.5,4.8,4.0,40635812.06677705,0.0,0
38.00_71.00,2011-10-31,38.0,71.0,0.0,0.0,0.0,4.7,4.0,40635812.06677705,1.0,1
38.00_71.00,2011-11-07,38.0,71.0,1.0,4.7,4.7,4.7,5.0,51855996.6097967,0.0,1
38.00_71.00,2011-11-14,38.0,71.0,1.0,4.5,4.5,4.7,6.0,57479409.8617002,0.0,0
38.00_71.00,2011-11-21,38.0,71.0,0.0,0.0,0.0,4.7,6.0,57479409.8617002,1.0,0
38.00_71.00,2011-11-28,38.0,71.0,0.0,0.0,0.0,4.7,6.0,41630477.93708909,2.0,1
38.00_71.00,2011-12-05,38.0,71.0,1.0,4.5,4.5,4.5,7.0,39310608.84174977,0.0,0
38.00_71.00,2011-12-12,38.0,71.0,0.0,0.0,0.0,4.5,7.0,39310608.84174977,1.0,0
38.00_71.00,2011-12-19,38.0,71.0,0.0,0.0,0.0,4.5,7.0,22467011.046826635,2.0,0
38.00_71.00,2011-12-26,38.0,71.0,0.0,0.0,0.0,4.5,6.0,22467011.046826635,3.0,0
38.00_71.00,2012-01-02,38.0,71.0,0.0,0.0,0.0,0.0,5.0,11246826.503806982,4.0,0
38.00_71.00,2012-01-09,38.0,71.0,0.0,0.0,0.0,0.0,5.0,5623413.251903491,5.0,0
38.00_71.00,2012-01-16,38.0,71.0,0.0,0.0,0.0,0.0,3.0,5623413.251903491,6.0,0
38.00_71.00,2012-01-23,38.0,71.0,0.0,0.0,0.0,0.0,3.0,5623413.251903491,7.0,1
38.00_71.00,2012-01-30,38.0,71.0,1.0,4.5,4.5,4.5,3.0,5623413.251903491,0.0,0
38.00_71.00,2012-02-06,38.0,71.0,0.0,0.0,0.0,4.5,2.0,5623413.251903491,1.0,0
38.00_71.00,2012-02-13,38.0,71.0,0.0,0.0,0.0,4.5,2.0,5623413.251903491,2.0,0
38.00_71.00,2012-02-20,38.0,71.0,0.0,0.0,0.0,4.5,2.0,5623413.251903491,3.0,0
38.00_71.00,2012-02-27,38.0,71.0,0.0,0.0,0.0,0.0,1.0,5623413.251903491,4.0,0
38.00_71.00,2012-03-05,38.0,71.0,0.0,0.0,0.0,0.0,1.0,5623413.251903491,5.0,0
38.00_71.00,2012-03-12,38.0,71.0,0.0,0.0,0.0,0.0,1.0,5623413.251903491,6.0,0
38.00_71.00,2012-03-19,38.0,71.0,0.0,0.0,0.0,0.0,1.0,5623413.251903491,7.0,0
38.00_71.00,2012-03-26,38.0,71.0,0.0,0.0,0.0,0.0,1.0,0.0,8.0,0
38.00_71.00,2012-04-02,38.0,71.0,0.0,0.0,0.0,0.0,1.0,0.0,9.0,0
38.00_71.00,2012-04-09,38.0,71.0,0.0,0.0,0.0,0.0,1.0,0.0,10.0,0
38.00_71.00,2012-04-16,38.0,71.0,0.0,0.0,0.0,0.0,1.0,0.0,11.0,0
38.00_71.00,2012-04-23,38.0,71.0,0.0,0.0,0.0,0.0,0.0,0.0,12.0,0
38.00_71.00,2012-04-30,38.0,71.0,0.0,0.0,0.0,0.0,0.0,0.0,13.0,0
38.00_71.00,2012-05-07,38.0,71.0,0.0,0.0,0.0,0.0,0.0,0.0,14.0,0
38.00_71.00,2012-05-14,38.0,71.0,0.0,0.0,0.0,0.0,0.0,0.0,15.0,0
38.00_71.00,2012-05-21,38.0,71.0,0.0,0.0,0.0,0.0,0.0,0.0,16.0,0
38.00_71.00,2012-05-28,38.0,71.0,0.0,0.0,0.0,0.0,0.0,0.0,17.0,0
38.00_71.00,2012-06-04,38.0,71.0,0.0,0.0,0.0,0.0,0.0,0.0,18.0,0
38.00_71.00,2012-06-11,38.0,71.0,0.0,0.0,0.0,0.0,0.0,0.0,19.0,0
38.00_71.00,2012-06-18,38.0,71.0,0.0,0.0,0.0,0.0,0.0,0.0,20.0,0
38.00_71.00,2012-06-25,38.0,71.0,0.0,0.0,0.0,0.0,0.0,0.0,21.0,0
38.00_71.00,2012-07-02,38.0,71.0,0.0,0.0,0.0,0.0,0.0,0.0,22.0,0
38.00_71.00,2012-07-09,38.0,71.0,0.0,0.0,0.0,0.0,0.0,0.0,23.0,0
38.00_71.00,2012-07-16,38.0,71.0,0.0,0.0,0.0,0.0,0.0,0.0,24.0,0
38.00_71.00,2012-07-23,38.0,71.0,0.0,0.0,0.0,0.0,0.0,0.0,25.0,0
38.00_71.00,2012-07-30,38.0,71.0,0.0,0.0,0.0,0.0,0.0,0.0,26.0,0
38.00_71.00,2012-08-06,38.0,71.0,0.0,0.0,0.0,0.0,0.0,0.0,27.0,0
38.00_71.00,2012-08-13,38.0,71.0,0.0,0.0,0.0,0.0,0.0,0.0,28.0,0
38.00_71.00,2012-08-20,38.0,71.0,0.0,0.0,0.0,0.0,0.0,0.0,29.0,0
38.00_71.00,2012-08-27,38.0,71.0,0.0,0.0,0.0,0.0,0.0,0.0,30.0,0
38.00_71.00,2012-09-03,38.0,71.0,0.0,0.0,0.0,0.0,0.0,0.0,31.0,0
38.00_71.00,2012-09-10,38.0,71.0,0.0,0.0,0.0,0.0,0.0,0.0,32.0,0
38.00_71.00,2012-09-17,38.0,71.0,0.0,0.0,0.0,0.0,0.0,0.0,33.0,0
38.00_71.00,2012-09-24,38.0,71.0,0.0,0.0,0.0,0.0,0.0,0.0,34.0,0
38.00_71.00,2012-10-01,38.0,71.0,0.0,0.0,0.0,0.0,0.0,0.0,35.0,0
38.00_71.00,2012-10-08,38.0,71.0,0.0,0.0,0.0,0.0,0.0,0.0,36.0,0
38.00_71.00,2012-10-15,38.0,71.0,0.0,0.0,0.0,0.0,0.0,0.0,37.0,0
38.00_71.00,2012-10-22,38.0,71.0,0.0,0.0,0.0,0.0,0.0,0.0,38.0,0
38.00_71.00,2012-10-29,38.0,71.0,0.0,0.0,0.0,0.0,0.0,0.0,39.0,0
38.00_71.00,2012-11-05,38.0,71.0,0.0,0.0,0.0,0.0,0.0,0.0,40.0,0
38.00_71.00,2012-11-12,38.0,71.0,0.0,0.0,0.0,0.0,0.0,0.0,41.0,0
38.00_71.00,2012-11-19,38.0,71.0,0.0,0.0,0.0,0.0,0.0,0.0,42.0,0
38.00_71.00,2012-11-26,38.0,71.0,0.0,0.0,0.0,0.0,0.0,0.0,43.0,0
38.00_71.00,2012-12-03,38.0,71.0,0.0,0.0,0.0,0.0,0.0,0.0,44.0,0
38.00_71.00,2012-12-10,38.0,71.0,0.0,0.0,0.0,0.0,0.0,0.0,45.0,0
38.00_71.00,2012-12-17,38.0,71.0,0.0,0.0,0.0,0.0,0.0,0.0,46.0,0
38.00_71.00,2012-12-24,38.0,71.0,0.0,0.0,0.0,0.0,0.0,0.0,47.0,0
38.00_71.00,2012-12-31,38.0,71.0,0.0,0.0,0.0,0.0,0.0,0.0,48.0,0
38.00_71.00,2013-01-07,38.0,71.0,0.0,0.0,0.0,0.0,0.0,0.0,49.0,1
38.00_71.00,2013-01-14,38.0,71.0,1.0,4.6,4.6,4.6,1.0,7943282.347242805,0.0,0
38.00_71.00,2013-01-21,38.0,71.0,0.0,0.0,0.0,4.6,1.0,7943282.347242805,1.0,1
38.00_71.00,2013-01-28,38.0,71.0,1.0,4.5,4.5,4.6,2.0,13566695.599146295,0.0,0
38.00_71.00,2013-02-04,38.0,71.0,0.0,0.0,0.0,4.6,2.0,13566695.599146295,1.0,0
38.00_71.00,2013-02-11,38.0,71.0,0.0,0.0,0.0,4.5,2.0,13566695.599146295,2.0,0
38.00_71.00,2013-02-18,38.0,71.0,0.0,0.0,0.0,4.5,2.0,13566695.599146295,3.0,0
38.00_71.00,2013-02-25,38.0,71.0,0.0,0.0,0.0,0.0,2.0,13566695.599146295,4.0,1
38.00_71.00,2013-03-04,38.0,71.0,1.0,5.1,5.1,5.1,3.0,58235054.81424256,0.0,0
38.00_71.00,2013-03-11,38.0,71.0,0.0,0.0,0.0,5.1,3.0,50291772.46699975,1.0,0
38.00_71.00,2013-03-18,38.0,71.0,0.0,0.0,0.0,5.1,3.0,50291772.46699975,2.0,0
38.00_71.00,2013-03-25,38.0,71.0,0.0,0.0,0.0,5.1,3.0,44668359.21509625,3.0,1
38.00_71.00,2013-04-01,38.0,71.0,1.0,4.5,4.5,4.5,4.0,50291772.46699974,0.0,0
38.00_71.00,2013-04-08,38.0,71.0,0.0,0.0,0.0,4.5,3.0,50291772.46699974,1.0,1
38.00_71.00,2013-04-15,38.0,71.0,1.0,4.7,4.7,4.7,4.0,61511957.01001939,0.0,0
38.00_71.00,2013-04-22,38.0,71.0,0.0,0.0,0.0,4.7,3.0,61511957.01001939,1.0,0
38.00_71.00,2013-04-29,38.0,71.0,0.0,0.0,0.0,4.7,3.0,16843597.794923134,2.0,0
38.00_71.00,2013-05-06,38.0,71.0,0.0,0.0,0.0,4.7,3.0,16843597.794923134,3.0,1
38.00_71.00,2013-05-13,38.0,71.0,1.0,4.8,4.8,4.8,4.0,32692529.719534244,0.0,0
38.00_71.00,2013-05-20,38.0,71.0,0.0,0.0,0.0,4.8,4.0,32692529.719534244,1.0,0
38.00_71.00,2013-05-27,38.0,71.0,0.0,0.0,0.0,4.8,3.0,27069116.46763075,2.0,0
38.00_71.00,2013-06-03,38.0,71.0,0.0,0.0,0.0,4.8,3.0,27069116.46763075,3.0,0
38.00_71.00,2013-06-10,38.0,71.0,0.0,0.0,0.0,0.0,3.0,15848931.9246111,4.0,0
38.00_71.00,2013-06-17,38.0,71.0,0.0,0.0,0.0,0.0,3.0,15848931.9246111,5.0,0
38.00_71.00,2013-06-24,38.0,71.0,0.0,0.0,0.0,0.0,2.0,15848931.9246111,6.0,2
38.00_71.00,2013-07-01,38.0,71.0,2.0,5.0,4.6,5.0,4.0,55414990.8735377,0.0,0
38.00_71.00,2013-07-08,38.0,71.0,0.0,0.0,0.0,5.0,3.0,39566058.94892659,1.0,1
38.00_71.00,2013-07-15,38.0,71.0,1.0,4.7,4.7,5.0,4.0,50786243.49194624,0.0,0
38.00_71.00,2013-07-22,38.0,71.0,0.0,0.0,0.0,5.0,4.0,50786243.49194624,1.0,0
38.00_71.00,2013-07-29,38.0,71.0,0.0,0.0,0.0,4.7,4.0,50786243.49194624,2.0,0
38.00_71.00,2013-08-05,38.0,71.0,0.0,0.0,0.0,4.7,3.0,50786243.49194624,3.0,0
38.00_71.00,2013-08-12,38.0,71.0,0.0,0.0,0.0,0.0,3.0,50786243.49194624,4.0,0
38.00_71.00,2013-08-19,38.0,71.0,0.0,0.0,0.0,0.0,3.0,50786243.49194624,5.0,0
38.00_71.00,2013-08-26,38.0,71.0,0.0,0.0,0.0,0.0,3.0,11220184.543019645,6.0,0
38.00_71.00,2013-09-02,38.0,71.0,0.0,0.0,0.0,0.0,3.0,11220184.543019645,7.0,0
38.00_71.00,2013-09-09,38.0,71.0,0.0,0.0,0.0,0.0,3.0,0.0,8.0,0
38.00_71.00,2013-09-16,38.0,71.0,0.0,0.0,0.0,0.0,3.0,0.0,9.0,0
38.00_71.00,2013-09-23,38.0,71.0,0.0,0.0,0.0,0.0,1.0,0.0,10.0,0
38.00_71.00,2013-09-30,38.0,71.0,0.0,0.0,0.0,0.0,1.0,0.0,11.0,0
38.00_71.00,2013-10-07,38.0,71.0,0.0,0.0,0.0,0.0,0.0,0.0,12.0,0
38.00_71.00,2013-10-14,38.0,71.0,0.0,0.0,0.0,0.0,0.0,0.0,13.0,0
38.00_71.00,2013-10-21,38.0,71.0,0.0,0.0,0.0,0.0,0.0,0.0,14.0,0
38.00_71.00,2013-10-28,38.0,71.0,0.0,0.0,0.0,0.0,0.0,0.0,15.0,0
38.00_71.00,2013-11-04,38.0,71.0,0.0,0.0,0.0,0.0,0.0,0.0,16.0,0
38.00_71.00,2013-11-11,38.0,71.0,0.0,0.0,0.0,0.0,0.0,0.0,17.0,1
38.00_71.00,2013-11-18,38.0,71.0,1.0,4.7,4.7,4.7,1.0,11220184.543019645,0.0,0
38.00_71.00,2013-11-25,38.0,71.0,0.0,0.0,0.0,4.7,1.0,11220184.543019645,1.0,1
38.00_71.00,2013-12-02,38.0,71.0,1.0,4.6,4.6,4.7,2.0,19163466.89026245,0.0,0
38.00_71.00,2013-12-09,38.0,71.0,0.0,0.0,0.0,4.7,2.0,19163466.89026245,1.0,0
38.00_71.00,2013-12-16,38.0,71.0,0.0,0.0,0.0,4.6,2.0,19163466.89026245,2.0,0
38.00_71.00,2013-12-23,38.0,71.0,0.0,0.0,0.0,4.6,2.0,19163466.89026245,3.0,1
38.00_71.00,2013-12-30,38.0,71.0,1.0,4.9,4.9,4.9,3.0,41550678.27594587,0.0,0
38.00_71.00,2014-01-06,38.0,71.0,0.0,0.0,0.0,4.9,3.0,41550678.27594587,1.0,0
38.00_71.00,2014-01-13,38.0,71.0,0.0,0.0,0.0,4.9,3.0,30330493.732926223,2.0,0
38.00_71.00,2014-01-20,38.0,71.0,0.0,0.0,0.0,4.9,3.0,30330493.732926223,3.0,0
38.00_71.00,2014-01-27,38.0,71.0,0.0,0.0,0.0,0.0,3.0,22387211.385683417,4.0,0
38.00_71.00,2014-02-03,38.0,71.0,0.0,0.0,0.0,0.0,3.0,22387211.385683417,5.0,1
38.00_71.00,2014-02-10,38.0,71.0,1.0,4.5,4.5,4.5,3.0,28010624.637586907,0.0,1
38.00_71.00,2014-02-17,38.0,71.0,1.0,4.5,4.5,4.5,4.0,33634037.889490396,0.0,0
38.00_71.00,2014-02-24,38.0,71.0,0.0,0.0,0.0,4.5,3.0,11246826.503806975,1.0,0
38.00_71.00,2014-03-03,38.0,71.0,0.0,0.0,0.0,4.5,3.0,11246826.503806975,2.0,0
38.00_71.00,2014-03-10,38.0,71.0,0.0,0.0,0.0,4.5,3.0,11246826.503806975,3.0,1
38.00_71.00,2014-03-17,38.0,71.0,1.0,4.6,4.6,4.6,4.0,19190108.85104978,0.0,0
38.00_71.00,2014-03-24,38.0,71.0,0.0,0.0,0.0,4.6,3.0,19190108.85104978,1.0,0
38.00_71.00,2014-03-31,38.0,71.0,0.0,0.0,0.0,4.6,3.0,19190108.85104978,2.0,0
38.00_71.00,2014-04-07,38.0,71.0,0.0,0.0,0.0,4.6,3.0,13566695.599146288,3.0,0
38.00_71.00,2014-04-14,38.0,71.0,0.0,0.0,0.0,0.0,3.0,7943282.347242798,4.0,0
38.00_71.00,2014-04-21,38.0,71.0,0.0,0.0,0.0,0.0,3.0,7943282.347242798,5.0,0
38.00_71.00,2014-04-28,38.0,71.0,0.0,0.0,0.0,0.0,3.0,7943282.347242798,6.0,1
38.00_71.00,2014-05-05,38.0,71.0,1.0,4.5,4.5,4.5,3.0,13566695.599146288,0.0,0
38.00_71.00,2014-05-12,38.0,71.0,0.0,0.0,0.0,4.5,2.0,5623413.251903484,1.0,0
38.00_71.00,2014-05-19,38.0,71.0,0.0,0.0,0.0,4.5,2.0,5623413.251903484,2.0,0
38.00_71.00,2014-05-26,38.0,71.0,0.0,0.0,0.0,4.5,2.0,5623413.251903484,3.0,0
38.00_71.00,2014-06-02,38.0,71.0,0.0,0.0,0.0,0.0,2.0,5623413.251903484,4.0,0
38.00_71.00,2014-06-09,38.0,71.0,0.0,0.0,0.0,0.0,1.0,5623413.251903484,5.0,0
38.00_71.00,2014-06-16,38.0,71.0,0.0,0.0,0.0,0.0,1.0,5623413.251903484,6.0,0
38.00_71.00,2014-06-23,38.0,71.0,0.0,0.0,0.0,0.0,1.0,5623413.251903484,7.0,0
38.00_71.00,2014-06-30,38.0,71.0,0.0,0.0,0.0,0.0,1.0,0.0,8.0,0
38.00_71.00,2014-07-07,38.0,71.0,0.0,0.0,0.0,0.0,1.0,0.0,9.0,0
38.00_71.00,2014-07-14,38.0,71.0,0.0,0.0,0.0,0.0,1.0,0.0,10.0,0
38.00_71.00,2014-07-21,38.0,71.0,0.0,0.0,0.0,0.0,1.0,0.0,11.0,0
38.00_71.00,2014-07-28,38.0,71.0,0.0,0.0,0.0,0.0,0.0,0.0,12.0,0
38.00_71.00,2014-08-04,38.0,71.0,0.0,0.0,0.0,0.0,0.0,0.0,13.0,1
38.00_71.00,2014-08-11,38.0,71.0,1.0,4.5,4.5,4.5,1.0,5623413.251903484,0.0,0
38.00_71.00,2014-08-18,38.0,71.0,0.0,0.0,0.0,4.5,1.0,5623413.251903484,1.0,0
38.00_71.00,2014-08-25,38.0,71.0,0.0,0.0,0.0,4.5,1.0,5623413.251903484,2.0,1
38.00_71.00,2014-09-01,38.0,71.0,1.0,4.8,4.8,4.8,2.0,21472345.176514592,0.0,1
38.00_71.00,2014-09-08,38.0,71.0,1.0,4.8,4.8,4.8,3.0,37321277.1011257,0.0,0
38.00_71.00,2014-09-15,38.0,71.0,0.0,0.0,0.0,4.8,3.0,37321277.1011257,1.0,0
38.00_71.00,2014-09-22,38.0,71.0,0.0,0.0,0.0,4.8,3.0,37321277.1011257,2.0,0
38.00_71.00,2014-09-29,38.0,71.0,0.0,0.0,0.0,4.8,3.0,37321277.1011257,3.0,0
38.00_71.00,2014-10-06,38.0,71.0,0.0,0.0,0.0,0.0,3.0,31697863.849222213,4.0,0
38.00_71.00,2014-10-13,38.0,71.0,0.0,0.0,0.0,0.0,3.0,31697863.849222213,5.0,0
38.00_71.00,2014-10-20,38.0,71.0,0.0,0.0,0.0,0.0,3.0,31697863.849222213,6.0,0
38.00_71.00,2014-10-27,38.0,71.0,0.0,0.0,0.0,0.0,3.0,15848931.9246111,7.0,0
38.00_71.00,2014-11-03,38.0,71.0,0.0,0.0,0.0,0.0,2.0,0.0,8.0,0
38.00_71.00,2014-11-10,38.0,71.0,0.0,0.0,0.0,0.0,2.0,0.0,9.0,0
38.00_71.00,2014-11-17,38.0,71.0,0.0,0.0,0.0,0.0,2.0,0.0,10.0,2
38.00_71.00,2014-11-24,38.0,71.0,2.0,5.0,4.5,5.0,3.0,37246189.85358728,0.0,0
38.00_71.00,2014-12-01,38.0,71.0,0.0,0.0,0.0,5.0,2.0,37246189.85358728,1.0,0
38.00_71.00,2014-12-08,38.0,71.0,0.0,0.0,0.0,5.0,2.0,37246189.85358728,2.0,0
38.00_71.00,2014-12-15,38.0,71.0,0.0,0.0,0.0,5.0,2.0,37246189.85358728,3.0,0
38.00_71.00,2014-12-22,38.0,71.0,0.0,0.0,0.0,0.0,2.0,37246189.85358728,4.0,0
38.00_71.00,2014-12-29,38.0,71.0,0.0,0.0,0.0,0.0,2.0,37246189.85358728,5.0,0
38.00_71.00,2015-01-05,38.0,71.0,0.0,0.0,0.0,0.0,2.0,37246189.85358728,6.0,0
38.00_71.00,2015-01-12,38.0,71.0,0.0,0.0,0.0,0.0,2.0,37246189.85358728,7.0,0
38.00_71.00,2015-01-19,38.0,71.0,0.0,0.0,0.0,0.0,2.0,0.0,8.0,1
38.00_71.00,2015-01-26,38.0,71.0,1.0,4.5,4.5,4.5,3.0,5623413.251903484,0.0,0
38.00_71.00,2015-02-02,38.0,71.0,0.0,0.0,0.0,4.5,3.0,5623413.251903484,1.0,0
38.00_71.00,2015-02-09,38.0,71.0,0.0,0.0,0.0,4.5,3.0,5623413.251903484,2.0,0
38.00_71.00,2015-02-16,38.0,71.0,0.0,0.0,0.0,4.5,1.0,5623413.251903484,3.0,0
38.00_71.00,2015-02-23,38.0,71.0,0.0,0.0,0.0,0.0,1.0,5623413.251903484,4.0,0
38.00_71.00,2015-03-02,38.0,71.0,0.0,0.0,0.0,0.0,1.0,5623413.251903484,5.0,0
38.00_71.00,2015-03-09,38.0,71.0,0.0,0.0,0.0,0.0,1.0,5623413.251903484,6.0,0
38.00_71.00,2015-03-16,38.0,71.0,0.0,0.0,0.0,0.0,1.0,5623413.251903484,7.0,0
38.00_71.00,2015-03-23,38.0,71.0,0.0,0.0,0.0,0.0,1.0,0.0,8.0,0
38.00_71.00,2015-03-30,38.0,71.0,0.0,0.0,0.0,0.0,1.0,0.0,9.0,0
38.00_71.00,2015-04-06,38.0,71.0,0.0,0.0,0.0,0.0,1.0,0.0,10.0,0
38.00_71.00,2015-04-13,38.0,71.0,0.0,0.0,0.0,0.0,1.0,0.0,11.0,0
38.00_71.00,2015-04-20,38.0,71.0,0.0,0.0,0.0,0.0,0.0,0.0,12.0,0
38.00_71.00,2015-04-27,38.0,71.0,0.0,0.0,0.0,0.0,0.0,0.0,13.0,0
38.00_71.00,2015-05-04,38.0,71.0,0.0,0.0,0.0,0.0,0.0,0.0,14.0,0
38.00_71.00,2015-05-11,38.0,71.0,0.0,0.0,0.0,0.0,0.0,0.0,15.0,0
38.00_71.00,2015-05-18,38.0,71.0,0.0,0.0,0.0,0.0,0.0,0.0,16.0,0
38.00_71.00,2015-05-25,38.0,71.0,0.0,0.0,0.0,0.0,0.0,0.0,17.0,1
38.00_71.00,2015-06-01,38.0,71.0,1.0,5.4,5.4,5.4,1.0,125892541.17941713,0.0,1
38.00_71.00,2015-06-08,38.0,71.0,1.0,4.8,4.8,5.4,2.0,141741473.10402825,0.0,0
38.00_71.00,2015-06-15,38.0,71.0,0.0,0.0,0.0,5.4,2.0,141741473.10402825,1.0,0
38.00_71.00,2015-06-22,38.0,71.0,0.0,0.0,0.0,5.4,2.0,141741473.10402825,2.0,2
38.00_71.00,2015-06-29,38.0,71.0,2.0,4.5,4.5,4.8,4.0,152988299.60783523,0.0,0
38.00_71.00,2015-07-06,38.0,71.0,0.0,0.0,0.0,4.5,4.0,152988299.60783523,1.0,0
38.00_71.00,2015-07-13,38.0,71.0,0.0,0.0,0.0,4.5,4.0,152988299.60783523,2.0,1
38.00_71.00,2015-07-20,38.0,71.0,1.0,4.8,4.8,4.8,5.0,168837231.53244632,0.0,0
38.00_71.00,2015-07-27,38.0,71.0,0.0,0.0,0.0,4.8,5.0,42944690.3530292,1.0,0
38.00_71.00,2015-08-03,38.0,71.0,0.0,0.0,0.0,4.8,5.0,27095758.428418092,2.0,0
38.00_71.00,2015-08-10,38.0,71.0,0.0,0.0,0.0,4.8,5.0,27095758.428418092,3.0,0
38.00_71.00,2015-08-17,38.0,71.0,0.0,0.0,0.0,0.0,5.0,27095758.428418092,4.0,0
38.00_71.00,2015-08-24,38.0,71.0,0.0,0.0,0.0,0.0,4.0,15848931.924611108,5.0,0
38.00_71.00,2015-08-31,38.0,71.0,0.0,0.0,0.0,0.0,3.0,15848931.924611108,6.0,1
38.00_71.00,2015-09-07,38.0,71.0,1.0,4.7,4.7,4.7,4.0,27069116.46763076,0.0,0
38.00_71.00,2015-09-14,38.0,71.0,0.0,0.0,0.0,4.7,4.0,11220184.543019652,1.0,0
38.00_71.00,2015-09-21,38.0,71.0,0.0,0.0,0.0,4.7,2.0,11220184.543019652,2.0,0
38.00_71.00,2015-09-28,38.0,71.0,0.0,0.0,0.0,4.7,2.0,11220184.543019652,3.0,0
38.00_71.00,2015-10-05,38.0,71.0,0.0,0.0,0.0,0.0,2.0,11220184.543019652,4.0,1
38.00_71.00,2015-10-12,38.0,71.0,1.0,4.5,4.5,4.5,2.0,16843597.79492314,0.0,0
38.00_71.00,2015-10-19,38.0,71.0,0.0,0.0,0.0,4.5,2.0,16843597.79492314,1.0,0
38.00_71.00,2015-10-26,38.0,71.0,0.0,0.0,0.0,4.5,2.0,16843597.79492314,2.0,0
38.00_71.00,2015-11-02,38.0,71.0,0.0,0.0,0.0,4.5,2.0,5623413.251903491,3.0,0
38.00_71.00,2015-11-09,38.0,71.0,0.0,0.0,0.0,0.0,2.0,5623413.251903491,4.0,0
38.00_71.00,2015-11-16,38.0,71.0,0.0,0.0,0.0,0.0,2.0,5623413.251903491,5.0,3
38.00_71.00,2015-11-23,38.0,71.0,3.0,5.6,4.5,5.6,5.0,278284401.57937527,0.0,1
38.00_71.00,2015-11-30,38.0,71.0,1.0,4.6,4.6,5.6,5.0,286227683.9266181,0.0,0
38.00_71.00,2015-12-07,38.0,71.0,0.0,0.0,0.0,5.6,5.0,280604270.6747146,1.0,22
38.00_71.00,2015-12-14,38.0,71.0,22.0,7.2,4.5,7.2,27.0,63846320351.747795,0.0,0
38.00_71.00,2015-12-21,38.0,71.0,0.0,0.0,0.0,7.2,27.0,63846320351.747795,1.0,0
38.00_71.00,2015-12-28,38.0,71.0,0.0,0.0,0.0,7.2,27.0,63846320351.747795,2.0,2
38.00_71.00,2016-01-04,38.0,71.0,2.0,4.5,4.5,7.2,28.0,63857567178.2516,0.0,0
38.00_71.00,2016-01-11,38.0,71.0,0.0,0.0,0.0,4.5,28.0,63857567178.2516,1.0,1
38.00_71.00,2016-01-18,38.0,71.0,1.0,5.0,5.0,5.0,29.0,63616528966.52582,0.0,0
38.00_71.00,2016-01-25,38.0,71.0,0.0,0.0,0.0,5.0,29.0,63608585684.17857,1.0,1
38.00_71.00,2016-02-01,38.0,71.0,1.0,4.5,4.5,5.0,30.0,63614209097.43047,0.0,0
38.00_71.00,2016-02-08,38.0,71.0,0.0,0.0,0.0,5.0,30.0,48493016.35739426,1.0,0
38.00_71.00,2016-02-15,38.0,71.0,0.0,0.0,0.0,4.5,27.0,48493016.35739426,2.0,1
38.00_71.00,2016-02-22,38.0,71.0,1.0,4.6,4.6,4.6,27.0,56436298.70463707,0.0,0
38.00_71.00,2016-02-29,38.0,71.0,0.0,0.0,0.0,4.6,27.0,45189472.20083009,1.0,0
38.00_71.00,2016-03-07,38.0,71.0,0.0,0.0,0.0,4.6,5.0,45189472.20083009,2.0,0
38.00_71.00,2016-03-14,38.0,71.0,0.0,0.0,0.0,4.6,5.0,13566695.599146295,3.0,1
38.00_71.00,2016-03-21,38.0,71.0,1.0,5.6,5.6,5.6,6.0,264755338.7501035,0.0,0
38.00_71.00,2016-03-28,38.0,71.0,0.0,0.0,0.0,5.6,4.0,259131925.4982,1.0,0
38.00_71.00,2016-04-04,38.0,71.0,0.0,0.0,0.0,5.6,4.0,259131925.4982,2.0,1
38.00_71.00,2016-04-11,38.0,71.0,1.0,4.7,4.7,5.6,4.0,270352110.04121965,0.0,0
38.00_71.00,2016-04-18,38.0,71.0,0.0,0.0,0.0,4.7,4.0,262408827.69397685,1.0,0
38.00_71.00,2016-04-25,38.0,71.0,0.0,0.0,0.0,4.7,3.0,262408827.69397685,2.0,0
38.00_71.00,2016-05-02,38.0,71.0,0.0,0.0,0.0,4.7,3.0,262408827.69397685,3.0,0
38.00_71.00,2016-05-09,38.0,71.0,0.0,0.0,0.0,0.0,3.0,262408827.69397685,4.0,0
38.00_71.00,2016-05-16,38.0,71.0,0.0,0.0,0.0,0.0,2.0,11220184.543019652,5.0,0
38.00_71.00,2016-05-23,38.0,71.0,0.0,0.0,0.0,0.0,2.0,11220184.543019652,6.0,0
38.00_71.00,2016-05-30,38.0,71.0,0.0,0.0,0.0,0.0,2.0,11220184.543019652,7.0,0
38.00_71.00,2016-06-06,38.0,71.0,0.0,0.0,0.0,0.0,2.0,0.0,8.0,0
38.00_71.00,2016-06-13,38.0,71.0,0.0,0.0,0.0,0.0,1.0,0.0,9.0,0
38.00_71.00,2016-06-20,38.0,71.0,0.0,0.0,0.0,0.0,1.0,0.0,10.0,10
38.00_71.00,2016-06-27,38.0,71.0,10.0,6.4,4.5,6.4,11.0,4096839076.066843,0.0,10
38.00_71.00,2016-07-04,38.0,71.0,10.0,5.5,4.5,6.4,20.0,4477133548.764358,0.0,3
38.00_71.00,2016-07-11,38.0,71.0,3.0,4.7,4.5,6.4,23.0,4499600559.811184,0.0,1
38.00_71.00,2016-07-18,38.0,71.0,1.0,4.6,4.6,6.4,24.0,4507543842.158426,0.0,3
38.00_71.00,2016-07-25,38.0,71.0,3.0,4.9,4.5,5.5,27.0,4541177880.047917,0.0,1
38.00_71.00,2016-08-01,38.0,71.0,1.0,4.6,4.6,4.9,28.0,4549121162.39516,0.0,2
38.00_71.00,2016-08-08,38.0,71.0,2.0,4.7,4.5,4.9,30.0,4565964760.1900835,0.0,5
38.00_71.00,2016-08-15,38.0,71.0,5.0,5.0,4.5,5.0,35.0,4625677961.090497,0.0,0
38.00_71.00,2016-08-22,38.0,71.0,0.0,0.0,0.0,5.0,35.0,528838885.023654,1.0,0
38.00_71.00,2016-08-29,38.0,71.0,0.0,0.0,0.0,5.0,35.0,148544412.32613972,2.0,0
38.00_71.00,2016-09-05,38.0,71.0,0.0,0.0,0.0,5.0,35.0,126077401.27931309,3.0,0
38.00_71.00,2016-09-12,38.0,71.0,0.0,0.0,0.0,0.0,35.0,118134118.93207029,4.0,0
38.00_71.00,2016-09-19,38.0,71.0,0.0,0.0,0.0,0.0,25.0,84500081.04257986,5.0,0
38.00_71.00,2016-09-26,38.0,71.0,0.0,0.0,0.0,0.0,15.0,76556798.69533706,6.0,0
38.00_71.00,2016-10-03,38.0,71.0,0.0,0.0,0.0,0.0,12.0,59713200.900413916,7.0,0
38.00_71.00,2016-10-10,38.0,71.0,0.0,0.0,0.0,0.0,11.0,0.0,8.0,0
38.00_71.00,2016-10-17,38.0,71.0,0.0,0.0,0.0,0.0,8.0,0.0,9.0,1
38.00_71.00,2016-10-24,38.0,71.0,1.0,4.6,4.6,4.6,8.0,7943282.347242805,0.0,0
38.00_71.00,2016-10-31,38.0,71.0,0.0,0.0,0.0,4.6,6.0,7943282.347242805,1.0,0
38.00_71.00,2016-11-07,38.0,71.0,0.0,0.0,0.0,4.6,1.0,7943282.347242805,2.0,0
38.00_71.00,2016-11-14,38.0,71.0,0.0,0.0,0.0,4.6,1.0,7943282.347242805,3.0,0
38.00_71.00,2016-11-21,38.0,71.0,0.0,0.0,0.0,0.0,1.0,7943282.347242805,4.0,4
38.00_71.00,2016-11-28,38.0,71.0,4.0,6.6,4.8,6.6,5.0,8074838655.177758,0.0,0
38.00_71.00,2016-12-05,38.0,71.0,0.0,0.0,0.0,6.6,5.0,8074838655.177758,1.0,0
38.00_71.00,2016-12-12,38.0,71.0,0.0,0.0,0.0,6.6,5.0,8074838655.177758,2.0,1
38.00_71.00,2016-12-19,38.0,71.0,1.0,4.5,4.5,6.6,6.0,8072518786.082419,0.0,0
38.00_71.00,2016-12-26,38.0,71.0,0.0,0.0,0.0,4.5,6.0,8072518786.082419,1.0,0
38.00_71.00,2017-01-02,38.0,71.0,0.0,0.0,0.0,4.5,6.0,8072518786.082419,2.0,2
38.00_71.00,2017-01-09,38.0,71.0,2.0,4.5,4.5,4.5,8.0,8083765612.586226,0.0,0
38.00_71.00,2017-01-16,38.0,71.0,0.0,0.0,0.0,4.5,7.0,8083765612.586226,1.0,0
38.00_71.00,2017-01-23,38.0,71.0,0.0,0.0,0.0,4.5,7.0,16870239.755710475,2.0,1
38.00_71.00,2017-01-30,38.0,71.0,1.0,4.5,4.5,4.5,8.0,22493653.007613964,0.0,0
38.00_71.00,2017-02-06,38.0,71.0,0.0,0.0,0.0,4.5,8.0,22493653.007613964,1.0,0
38.00_71.00,2017-02-13,38.0,71.0,0.0,0.0,0.0,4.5,8.0,16870239.755710475,2.0,1
38.00_71.00,2017-02-20,38.0,71.0,1.0,4.7,4.7,4.7,5.0,28090424.298730128,0.0,0
38.00_71.00,2017-02-27,38.0,71.0,0.0,0.0,0.0,4.7,5.0,28090424.298730128,1.0,0
38.00_71.00,2017-03-06,38.0,71.0,0.0,0.0,0.0,4.7,5.0,16843597.79492314,2.0,0
38.00_71.00,2017-03-13,38.0,71.0,0.0,0.0,0.0,4.7,4.0,16843597.79492314,3.0,2
38.00_71.00,2017-03-20,38.0,71.0,2.0,5.0,4.6,5.0,6.0,56409656.74384974,0.0,0
38.00_71.00,2017-03-27,38.0,71.0,0.0,0.0,0.0,5.0,6.0,50786243.49194625,1.0,0
38.00_71.00,2017-04-03,38.0,71.0,0.0,0.0,0.0,5.0,4.0,50786243.49194625,2.0,1
38.00_71.00,2017-04-10,38.0,71.0,1.0,4.5,4.5,5.0,5.0,56409656.74384974,0.0,0
38.00_71.00,2017-04-17,38.0,71.0,0.0,0.0,0.0,4.5,5.0,45189472.20083009,1.0,0
38.00_71.00,2017-04-24,38.0,71.0,0.0,0.0,0.0,4.5,4.0,45189472.20083009,2.0,0
38.00_71.00,2017-05-01,38.0,71.0,0.0,0.0,0.0,4.5,4.0,45189472.20083009,3.0,13
38.00_71.00,2017-05-08,38.0,71.0,13.0,6.0,4.5,6.0,17.0,1750996124.8752673,0.0,0
38.00_71.00,2017-05-15,38.0,71.0,0.0,0.0,0.0,6.0,16.0,1711430065.9263406,1.0,1
38.00_71.00,2017-05-22,38.0,71.0,1.0,4.5,4.5,6.0,17.0,1717053479.178244,0.0,1
38.00_71.00,2017-05-29,38.0,71.0,1.0,4.9,4.9,6.0,18.0,1739440690.5639274,0.0,0
38.00_71.00,2017-06-05,38.0,71.0,0.0,0.0,0.0,4.9,18.0,1733817277.312024,1.0,0
38.00_71.00,2017-06-12,38.0,71.0,0.0,0.0,0.0,4.9,16.0,1733817277.312024,2.0,1
38.00_71.00,2017-06-19,38.0,71.0,1.0,4.5,4.5,4.9,17.0,1739440690.5639277,0.0,1
38.00_71.00,2017-06-26,38.0,71.0,1.0,4.7,4.7,4.7,18.0,1750660875.1069474,0.0,0
38.00_71.00,2017-07-03,38.0,71.0,0.0,0.0,0.0,4.7,17.0,44854222.432510056,1.0,0
38.00_71.00,2017-07-10,38.0,71.0,0.0,0.0,0.0,4.7,17.0,44854222.432510056,2.0,0
38.00_71.00,2017-07-17,38.0,71.0,0.0,0.0,0.0,4.7,17.0,39230809.18060657,3.0,0
38.00_71.00,2017-07-24,38.0,71.0,0.0,0.0,0.0,0.0,17.0,16843597.79492314,4.0,0
38.00_71.00,2017-07-31,38.0,71.0,0.0,0.0,0.0,0.0,4.0,16843597.79492314,5.0,1
38.00_71.00,2017-08-07,38.0,71.0,1.0,4.7,4.7,4.7,5.0,28063782.337942794,0.0,0
38.00_71.00,2017-08-14,38.0,71.0,0.0,0.0,0.0,4.7,4.0,22440369.086039305,1.0,1
38.00_71.00,2017-08-21,38.0,71.0,1.0,4.7,4.7,4.7,4.0,22440369.086039305,0.0,0
38.00_71.00,2017-08-28,38.0,71.0,0.0,0.0,0.0,4.7,4.0,22440369.086039305,1.0,0
38.00_71.00,2017-09-04,38.0,71.0,0.0,0.0,0.0,4.7,4.0,22440369.086039305,2.0,0
38.00_71.00,2017-09-11,38.0,71.0,0.0,0.0,0.0,4.7,3.0,22440369.086039305,3.0,0
38.00_71.00,2017-09-18,38.0,71.0,0.0,0.0,0.0,0.0,2.0,22440369.086039305,4.0,0
38.00_71.00,2017-09-25,38.0,71.0,0.0,0.0,0.0,0.0,2.0,22440369.086039305,5.0,0
38.00_71.00,2017-10-02,38.0,71.0,0.0,0.0,0.0,0.0,2.0,11220184.543019652,6.0,1
38.00_71.00,2017-10-09,38.0,71.0,1.0,4.8,4.8,4.8,3.0,27069116.46763076,0.0,0
38.00_71.00,2017-10-16,38.0,71.0,0.0,0.0,0.0,4.8,3.0,15848931.924611108,1.0,0
38.00_71.00,2017-10-23,38.0,71.0,0.0,0.0,0.0,4.8,3.0,15848931.924611108,2.0,0
38.00_71.00,2017-10-30,38.0,71.0,0.0,0.0,0.0,4.8,2.0,15848931.924611108,3.0,0
38.00_71.00,2017-11-06,38.0,71.0,0.0,0.0,0.0,0.0,2.0,15848931.924611108,4.0,2
38.00_71.00,2017-11-13,38.0,71.0,2.0,5.0,4.7,5.0,3.0,58691893.069314554,0.0,0
38.00_71.00,2017-11-20,38.0,71.0,0.0,0.0,0.0,5.0,3.0,58691893.069314554,1.0,0
38.00_71.00,2017-11-27,38.0,71.0,0.0,0.0,0.0,5.0,3.0,58691893.069314554,2.0,0
38.00_71.00,2017-12-04,38.0,71.0,0.0,0.0,0.0,5.0,3.0,42842961.14470345,3.0,0
38.00_71.00,2017-12-11,38.0,71.0,0.0,0.0,0.0,0.0,3.0,42842961.14470345,4.0,0
38.00_71.00,2017-12-18,38.0,71.0,0.0,0.0,0.0,0.0,3.0,42842961.14470345,5.0,0
38.00_71.00,2017-12-25,38.0,71.0,0.0,0.0,0.0,0.0,3.0,42842961.14470345,6.0,3
38.00_71.00,2018-01-01,38.0,71.0,3.0,4.9,4.6,4.9,5.0,89022386.80224079,0.0,1
38.00_71.00,2018-01-08,38.0,71.0,1.0,4.5,4.5,4.9,6.0,51802838.90944082,0.0,1
38.00_71.00,2018-01-15,38.0,71.0,1.0,4.9,4.9,4.9,7.0,74190050.29512425,0.0,1
38.00_71.00,2018-01-22,38.0,71.0,1.0,4.5,4.5,4.9,8.0,79813463.54702774,0.0,0
38.00_71.00,2018-01-29,38.0,71.0,0.0,0.0,0.0,4.9,8.0,79813463.54702774,1.0,0
38.00_71.00,2018-02-05,38.0,71.0,0.0,0.0,0.0,4.9,6.0,79813463.54702774,2.0,2
38.00_71.00,2018-02-12,38.0,71.0,2.0,5.0,4.5,5.0,8.0,117059653.40061502,0.0,0
38.00_71.00,2018-02-19,38.0,71.0,0.0,0.0,0.0,5.0,8.0,117059653.40061502,1.0,1
38.00_71.00,2018-02-26,38.0,71.0,1.0,4.5,4.5,5.0,9.0,76503640.99498118,0.0,1
38.00_71.00,2018-03-05,38.0,71.0,1.0,4.8,4.8,5.0,10.0,86729159.66768879,0.0,0
38.00_71.00,2018-03-12,38.0,71.0,0.0,0.0,0.0,4.8,10.0,64341948.28200537,1.0,0
38.00_71.00,2018-03-19,38.0,71.0,0.0,0.0,0.0,4.8,10.0,58718535.03010188,2.0,0
38.00_71.00,2018-03-26,38.0,71.0,0.0,0.0,0.0,4.8,7.0,58718535.03010188,3.0,0
38.00_71.00,2018-04-02,38.0,71.0,0.0,0.0,0.0,0.0,6.0,58718535.03010188,4.0,0
38.00_71.00,2018-04-09,38.0,71.0,0.0,0.0,0.0,0.0,5.0,21472345.1765146,5.0,0
38.00_71.00,2018-04-16,38.0,71.0,0.0,0.0,0.0,0.0,4.0,21472345.1765146,6.0,0
38.00_71.00,2018-04-23,38.0,71.0,0.0,0.0,0.0,0.0,4.0,15848931.924611108,7.0,0
38.00_71.00,2018-04-30,38.0,71.0,0.0,0.0,0.0,0.0,4.0,0.0,8.0,1
38.00_71.00,2018-05-07,38.0,71.0,1.0,4.6,4.6,4.6,3.0,7943282.347242805,0.0,0
38.00_71.00,2018-05-14,38.0,71.0,0.0,0.0,0.0,4.6,3.0,7943282.347242805,1.0,0
38.00_71.00,2018-05-21,38.0,71.0,0.0,0.0,0.0,4.6,2.0,7943282.347242805,2.0,0
38.00_71.00,2018-05-28,38.0,71.0,0.0,0.0,0.0,4.6,1.0,7943282.347242805,3.0,1
38.00_71.00,2018-06-04,38.0,71.0,1.0,4.5,4.5,4.5,2.0,13566695.599146295,0.0,0
38.00_71.00,2018-06-11,38.0,71.0,0.0,0.0,0.0,4.5,2.0,13566695.599146295,1.0,0
38.00_71.00,2018-06-18,38.0,71.0,0.0,0.0,0.0,4.5,2.0,13566695.599146295,2.0,0
38.00_71.00,2018-06-25,38.0,71.0,0.0,0.0,0.0,4.5,2.0,13566695.599146295,3.0,0
38.00_71.00,2018-07-02,38.0,71.0,0.0,0.0,0.0,0.0,2.0,5623413.251903491,4.0,0
38.00_71.00,2018-07-09,38.0,71.0,0.0,0.0,0.0,0.0,2.0,5623413.251903491,5.0,1
38.00_71.00,2018-07-16,38.0,71.0,1.0,5.1,5.1,5.1,3.0,50291772.46699975,0.0,1
38.00_71.00,2018-07-23,38.0,71.0,1.0,4.7,4.7,5.1,4.0,61511957.0100194,0.0,0
38.00_71.00,2018-07-30,38.0,71.0,0.0,0.0,0.0,5.1,3.0,55888543.75811591,1.0,0
38.00_71.00,2018-08-06,38.0,71.0,0.0,0.0,0.0,5.1,3.0,55888543.75811591,2.0,0
38.00_71.00,2018-08-13,38.0,71.0,0.0,0.0,0.0,4.7,3.0,55888543.75811591,3.0,0
38.00_71.00,2018-08-20,38.0,71.0,0.0,0.0,0.0,0.0,3.0,55888543.75811591,4.0,0
38.00_71.00,2018-08-27,38.0,71.0,0.0,0.0,0.0,0.0,2.0,55888543.75811591,5.0,0
38.00_71.00,2018-09-03,38.0,71.0,0.0,0.0,0.0,0.0,2.0,55888543.75811591,6.0,1
38.00_71.00,2018-09-10,38.0,71.0,1.0,4.9,4.9,4.9,3.0,33607395.92870308,0.0,0
38.00_71.00,2018-09-17,38.0,71.0,0.0,0.0,0.0,4.9,3.0,22387211.385683425,1.0,0
38.00_71.00,2018-09-24,38.0,71.0,0.0,0.0,0.0,4.9,3.0,22387211.385683425,2.0,0
38.00_71.00,2018-10-01,38.0,71.0,0.0,0.0,0.0,4.9,3.0,22387211.385683425,3.0,0
38.00_71.00,2018-10-08,38.0,71.0,0.0,0.0,0.0,0.0,2.0,22387211.385683425,4.0,2
38.00_71.00,2018-10-15,38.0,71.0,2.0,4.8,4.5,4.8,3.0,43859556.56219803,0.0,1
38.00_71.00,2018-10-22,38.0,71.0,1.0,5.1,5.1,5.1,4.0,88527915.77729428,0.0,0
38.00_71.00,2018-10-29,38.0,71.0,0.0,0.0,0.0,5.1,4.0,88527915.77729428,1.0,0
38.00_71.00,2018-11-05,38.0,71.0,0.0,0.0,0.0,5.1,4.0,66140704.39161085,2.0,0
38.00_71.00,2018-11-12,38.0,71.0,0.0,0.0,0.0,5.1,4.0,66140704.39161085,3.0,0
38.00_71.00,2018-11-19,38.0,71.0,0.0,0.0,0.0,0.0,4.0,66140704.39161085,4.0,0
38.00_71.00,2018-11-26,38.0,71.0,0.0,0.0,0.0,0.0,4.0,66140704.39161085,5.0,0
38.00_71.00,2018-12-03,38.0,71.0,0.0,0.0,0.0,0.0,3.0,66140704.39161085,6.0,0
38.00_71.00,2018-12-10,38.0,71.0,0.0,0.0,0.0,0.0,3.0,44668359.21509625,7.0,0
38.00_71.00,2018-12-17,38.0,71.0,0.0,0.0,0.0,0.0,3.0,0.0,8.0,0
38.00_71.00,2018-12-24,38.0,71.0,0.0,0.0,0.0,0.0,3.0,0.0,9.0,0
38.00_71.00,2018-12-31,38.0,71.0,0.0,0.0,0.0,0.0,3.0,0.0,10.0,0
38.00_71.00,2019-01-07,38.0,71.0,0.0,0.0,0.0,0.0,1.0,0.0,11.0,1
38.00_71.00,2019-01-14,38.0,71.0,1.0,4.5,4.5,4.5,1.0,5623413.251903491,0.0,1
38.00_71.00,2019-01-21,38.0,71.0,1.0,4.5,4.5,4.5,2.0,11246826.503806982,0.0,0
38.00_71.00,2019-01-28,38.0,71.0,0.0,0.0,0.0,4.5,2.0,11246826.503806982,1.0,0
38.00_71.00,2019-02-04,38.0,71.0,0.0,0.0,0.0,4.5,2.0,11246826.503806982,2.0,1
38.00_71.00,2019-02-11,38.0,71.0,1.0,4.5,4.5,4.5,3.0,16870239.755710475,0.0,0
38.00_71.00,2019-02-18,38.0,71.0,0.0,0.0,0.0,4.5,3.0,16870239.755710475,1.0,0
38.00_71.00,2019-02-25,38.0,71.0,0.0,0.0,0.0,4.5,3.0,16870239.755710475,2.0,0
38.00_71.00,2019-03-04,38.0,71.0,0.0,0.0,0.0,4.5,3.0,16870239.755710475,3.0,0
38.00_71.00,2019-03-11,38.0,71.0,0.0,0.0,0.0,0.0,3.0,11246826.503806982,4.0,0
38.00_71.00,2019-03-18,38.0,71.0,0.0,0.0,0.0,0.0,3.0,5623413.251903491,5.0,0
38.00_71.00,2019-03-25,38.0,71.0,0.0,0.0,0.0,0.0,3.0,5623413.251903491,6.0,0
38.00_71.00,2019-04-01,38.0,71.0,0.0,0.0,0.0,0.0,3.0,5623413.251903491,7.0,0
38.00_71.00,2019-04-08,38.0,71.0,0.0,0.0,0.0,0.0,2.0,0.0,8.0,0
38.00_71.00,2019-04-15,38.0,71.0,0.0,0.0,0.0,0.0,1.0,0.0,9.0,0
38.00_71.00,2019-04-22,38.0,71.0,0.0,0.0,0.0,0.0,1.0,0.0,10.0,0
38.00_71.00,2019-04-29,38.0,71.0,0.0,0.0,0.0,0.0,1.0,0.0,11.0,1
38.00_71.00,2019-05-06,38.0,71.0,1.0,4.6,4.6,4.6,1.0,7943282.347242805,0.0,0
38.00_71.00,2019-05-13,38.0,71.0,0.0,0.0,0.0,4.6,1.0,7943282.347242805,1.0,0
38.00_71.00,2019-05-20,38.0,71.0,0.0,0.0,0.0,4.6,1.0,7943282.347242805,2.0,0
38.00_71.00,2019-05-27,38.0,71.0,0.0,0.0,0.0,4.6,1.0,7943282.347242805,3.0,0
38.00_71.00,2019-06-03,38.0,71.0,0.0,0.0,0.0,0.0,1.0,7943282.347242805,4.0,0
38.00_71.00,2019-06-10,38.0,71.0,0.0,0.0,0.0,0.0,1.0,7943282.347242805,5.0,0
38.00_71.00,2019-06-17,38.0,71.0,0.0,0.0,0.0,0.0,1.0,7943282.347242805,6.0,0
38.00_71.00,2019-06-24,38.0,71.0,0.0,0.0,0.0,0.0,1.0,7943282.347242805,7.0,0
38.00_71.00,2019-07-01,38.0,71.0,0.0,0.0,0.0,0.0,1.0,0.0,8.0,1
38.00_71.00,2019-07-08,38.0,71.0,1.0,5.0,5.0,5.0,2.0,31622776.60168379,0.0,0
38.00_71.00,2019-07-15,38.0,71.0,0.0,0.0,0.0,5.0,2.0,31622776.60168379,1.0,1
38.00_71.00,2019-07-22,38.0,71.0,1.0,4.6,4.6,5.0,3.0,39566058.9489266,0.0,0
38.00_71.00,2019-07-29,38.0,71.0,0.0,0.0,0.0,5.0,2.0,39566058.9489266,1.0,0
38.00_71.00,2019-08-05,38.0,71.0,0.0,0.0,0.0,4.6,2.0,39566058.9489266,2.0,0
38.00_71.00,2019-08-12,38.0,71.0,0.0,0.0,0.0,4.6,2.0,39566058.9489266,3.0,1
38.00_71.00,2019-08-19,38.0,71.0,1.0,4.6,4.6,4.6,3.0,47509341.2961694,0.0,0
38.00_71.00,2019-08-26,38.0,71.0,0.0,0.0,0.0,4.6,3.0,47509341.2961694,1.0,0
38.00_71.00,2019-09-02,38.0,71.0,0.0,0.0,0.0,4.6,3.0,15886564.69448561,2.0,0
38.00_71.00,2019-09-09,38.0,71.0,0.0,0.0,0.0,4.6,3.0,15886564.69448561,3.0,0
38.00_71.00,2019-09-16,38.0,71.0,0.0,0.0,0.0,0.0,3.0,7943282.347242805,4.0,0
38.00_71.00,2019-09-23,38.0,71.0,0.0,0.0,0.0,0.0,3.0,7943282.347242805,5.0,1
38.00_71.00,2019-09-30,38.0,71.0,1.0,4.5,4.5,4.5,3.0,13566695.599146295,0.0,0
38.00_71.00,2019-10-07,38.0,71.0,0.0,0.0,0.0,4.5,3.0,13566695.599146295,1.0,0
38.00_71.00,2019-10-14,38.0,71.0,0.0,0.0,0.0,4.5,2.0,5623413.251903491,2.0,0
38.00_71.00,2019-10-21,38.0,71.0,0.0,0.0,0.0,4.5,2.0,5623413.251903491,3.0,0
38.00_71.00,2019-10-28,38.0,71.0,0.0,0.0,0.0,0.0,2.0,5623413.251903491,4.0,0
38.00_71.00,2019-11-04,38.0,71.0,0.0,0.0,0.0,0.0,2.0,5623413.251903491,5.0,0
38.00_71.00,2019-11-11,38.0,71.0,0.0,0.0,0.0,0.0,1.0,5623413.251903491,6.0,0
38.00_71.00,2019-11-18,38.0,71.0,0.0,0.0,0.0,0.0,1.0,5623413.251903491,7.0,0
38.00_71.00,2019-11-25,38.0,71.0,0.0,0.0,0.0,0.0,1.0,0.0,8.0,0
38.00_71.00,2019-12-02,38.0,71.0,0.0,0.0,0.0,0.0,1.0,0.0,9.0,0
38.00_71.00,2019-12-09,38.0,71.0,0.0,0.0,0.0,0.0,1.0,0.0,10.0,1
38.00_71.00,2019-12-16,38.0,71.0,1.0,4.9,4.9,4.9,2.0,22387211.385683425,0.0,1
38.00_71.00,2019-12-23,38.0,71.0,1.0,4.5,4.5,4.9,2.0,28010624.637586914,0.0,0
38.00_71.00,2019-12-30,38.0,71.0,0.0,0.0,0.0,4.9,2.0,28010624.637586914,1.0,1
38.00_71.00,2020-01-06,38.0,71.0,1.0,4.5,4.5,4.9,3.0,33634037.88949041,0.0,0
38.00_71.00,2020-01-13,38.0,71.0,0.0,0.0,0.0,4.5,3.0,33634037.88949041,1.0,0
38.00_71.00,2020-01-20,38.0,71.0,0.0,0.0,0.0,4.5,3.0,33634037.88949041,2.0,3
38.00_71.00,2020-01-27,38.0,71.0,3.0,5.5,4.5,5.5,6.0,248708168.74696994,0.0,0
38.00_71.00,2020-02-03,38.0,71.0,0.0,0.0,0.0,5.5,6.0,248708168.74696997,1.0,0
38.00_71.00,2020-02-10,38.0,71.0,0.0,0.0,0.0,5.5,6.0,226320957.36128655,2.0,0
38.00_71.00,2020-02-17,38.0,71.0,0.0,0.0,0.0,5.5,6.0,220697544.10938305,3.0,1
38.00_71.00,2020-02-24,38.0,71.0,1.0,4.6,4.6,4.6,7.0,228640826.45662585,0.0,0
38.00_71.00,2020-03-02,38.0,71.0,0.0,0.0,0.0,4.6,7.0,223017413.20472237,1.0,1
38.00_71.00,2020-03-09,38.0,71.0,1.0,4.6,4.6,4.6,7.0,230960695.55196518,0.0,0
38.00_71.00,2020-03-16,38.0,71.0,0.0,0.0,0.0,4.6,6.0,230960695.55196518,1.0,1
38.00_71.00,2020-03-23,38.0,71.0,1.0,4.6,4.6,4.6,7.0,23829847.041728444,0.0,0
38.00_71.00,2020-03-30,38.0,71.0,0.0,0.0,0.0,4.6,6.0,23829847.041728444,1.0,0
38.00_71.00,2020-04-06,38.0,71.0,0.0,0.0,0.0,4.6,6.0,23829847.041728444,2.0,1
38.00_71.00,2020-04-13,38.0,71.0,1.0,4.6,4.6,4.6,7.0,31773129.38897125,0.0,0
38.00_71.00,2020-04-20,38.0,71.0,0.0,0.0,0.0,4.6,4.0,23829847.041728444,1.0,1
38.00_71.00,2020-04-27,38.0,71.0,1.0,4.7,4.7,4.7,5.0,35050031.5847481,0.0,1
38.00_71.00,2020-05-04,38.0,71.0,1.0,4.5,4.5,4.7,6.0,32730162.489408784,0.0,1
38.00_71.00,2020-05-11,38.0,71.0,1.0,5.1,5.1,5.1,7.0,77398521.70450504,0.0,1
38.00_71.00,2020-05-18,38.0,71.0,1.0,4.6,4.6,5.1,7.0,77398521.70450504,0.0,0
38.00_71.00,2020-05-25,38.0,71.0,0.0,0.0,0.0,5.1,7.0,77398521.70450504,1.0,0
38.00_71.00,2020-06-01,38.0,71.0,0.0,0.0,0.0,5.1,6.0,77398521.70450504,2.0,0
38.00_71.00,2020-06-08,38.0,71.0,0.0,0.0,0.0,4.6,6.0,69455239.35726222,3.0,0
38.00_71.00,2020-06-15,38.0,71.0,0.0,0.0,0.0,0.0,5.0,69455239.35726222,4.0,0
38.00_71.00,2020-06-22,38.0,71.0,0.0,0.0,0.0,0.0,5.0,58235054.81424258,5.0,0
38.00_71.00,2020-06-29,38.0,71.0,0.0,0.0,0.0,0.0,5.0,52611641.56233909,6.0,1
38.00_71.00,2020-07-06,38.0,71.0,1.0,4.5,4.5,4.5,5.0,13566695.599146325,0.0,0
38.00_71.00,2020-07-13,38.0,71.0,0.0,0.0,0.0,4.5,5.0,5623413.251903521,1.0,0
38.00_71.00,2020-07-20,38.0,71.0,0.0,0.0,0.0,4.5,4.0,5623413.251903521,2.0,0
38.00_71.00,2020-07-27,38.0,71.0,0.0,0.0,0.0,4.5,3.0,5623413.251903521,3.0,0
38.00_71.00,2020-08-03,38.0,71.0,0.0,0.0,0.0,0.0,2.0,5623413.251903521,4.0,0
38.00_71.00,2020-08-10,38.0,71.0,0.0,0.0,0.0,0.0,1.0,5623413.251903521,5.0,0
38.00_71.00,2020-08-17,38.0,71.0,0.0,0.0,0.0,0.0,1.0,5623413.251903521,6.0,0
38.00_71.00,2020-08-24,38.0,71.0,0.0,0.0,0.0,0.0,1.0,5623413.251903521,7.0,0
38.00_71.00,2020-08-31,38.0,71.0,0.0,0.0,0.0,0.0,1.0,0.0,8.0,0
38.00_71.00,2020-09-07,38.0,71.0,0.0,0.0,0.0,0.0,1.0,0.0,9.0,0
38.00_71.00,2020-09-14,38.0,71.0,0.0,0.0,0.0,0.0,1.0,0.0,10.0,1
38.00_71.00,2020-09-21,38.0,71.0,1.0,5.1,5.1,5.1,2.0,44668359.21509629,0.0,0
38.00_71.00,2020-09-28,38.0,71.0,0.0,0.0,0.0,5.1,1.0,44668359.21509629,1.0,0
38.00_71.00,2020-10-05,38.0,71.0,0.0,0.0,0.0,5.1,1.0,44668359.21509629,2.0,1
38.00_71.00,2020-10-12,38.0,71.0,1.0,4.6,4.6,5.1,2.0,52611641.56233909,0.0,0
38.00_71.00,2020-10-19,38.0,71.0,0.0,0.0,0.0,4.6,2.0,52611641.56233909,1.0,0
38.00_71.00,2020-10-26,38.0,71.0,0.0,0.0,0.0,4.6,2.0,52611641.56233909,2.0,1
38.00_71.00,2020-11-02,38.0,71.0,1.0,4.6,4.6,4.6,3.0,60554923.9095819,0.0,1
38.00_71.00,2020-11-09,38.0,71.0,1.0,4.7,4.7,4.7,4.0,71775108.45260155,0.0,1
38.00_71.00,2020-11-16,38.0,71.0,1.0,4.6,4.6,4.7,5.0,35050031.5847481,0.0,0
38.00_71.00,2020-11-23,38.0,71.0,0.0,0.0,0.0,4.7,5.0,35050031.5847481,1.0,0
38.00_71.00,2020-11-30,38.0,71.0,0.0,0.0,0.0,4.7,5.0,35050031.5847481,2.0,0
38.00_71.00,2020-12-07,38.0,71.0,0.0,0.0,0.0,4.6,5.0,27106749.23750529,3.0,0
38.00_71.00,2020-12-14,38.0,71.0,0.0,0.0,0.0,0.0,4.0,27106749.23750529,4.0,0
38.00_71.00,2020-12-21,38.0,71.0,0.0,0.0,0.0,0.0,4.0,27106749.23750529,5.0,1
38.00_71.00,2020-12-28,38.0,71.0,1.0,4.8,4.8,4.8,5.0,35012398.81487359,0.0,0
38.00_71.00,2021-01-04,38.0,71.0,0.0,0.0,0.0,4.8,4.0,23792214.271853942,1.0,0
38.00_71.00,2021-01-11,38.0,71.0,0.0,0.0,0.0,4.8,4.0,15848931.92461114,2.0,0
38.00_71.00,2021-01-18,38.0,71.0,0.0,0.0,0.0,4.8,4.0,15848931.92461114,3.0,1
38.00_71.00,2021-01-25,38.0,71.0,1.0,4.6,4.6,4.6,4.0,23792214.271853946,0.0,0
38.00_71.00,2021-02-01,38.0,71.0,0.0,0.0,0.0,4.6,3.0,23792214.271853946,1.0,0
38.00_71.00,2021-02-08,38.0,71.0,0.0,0.0,0.0,4.6,2.0,23792214.271853946,2.0,1
38.00_71.00,2021-02-15,38.0,71.0,1.0,5.9,5.9,5.9,3.0,731737998.6559942,0.0,0
38.00_71.00,2021-02-22,38.0,71.0,0.0,0.0,0.0,5.9,3.0,715889066.7313831,1.0,0
38.00_71.00,2021-03-01,38.0,71.0,0.0,0.0,0.0,5.9,3.0,715889066.7313831,2.0,0
38.00_71.00,2021-03-08,38.0,71.0,0.0,0.0,0.0,5.9,3.0,715889066.7313831,3.0,0
38.00_71.00,2021-03-15,38.0,71.0,0.0,0.0,0.0,0.0,3.0,715889066.7313831,4.0,0
38.00_71.00,2021-03-22,38.0,71.0,0.0,0.0,0.0,0.0,2.0,707945784.3841403,5.0,0
38.00_71.00,2021-03-29,38.0,71.0,0.0,0.0,0.0,0.0,2.0,707945784.3841403,6.0,0
38.00_71.00,2021-04-05,38.0,71.0,0.0,0.0,0.0,0.0,2.0,707945784.3841403,7.0,0
38.00_71.00,2021-04-12,38.0,71.0,0.0,0.0,0.0,0.0,2.0,0.0,8.0,1
38.00_71.00,2021-04-19,38.0,71.0,1.0,4.5,4.5,4.5,2.0,5623413.251903491,0.0,0
38.00_71.00,2021-04-26,38.0,71.0,0.0,0.0,0.0,4.5,2.0,5623413.251903491,1.0,0
38.00_71.00,2021-05-03,38.0,71.0,0.0,0.0,0.0,4.5,2.0,5623413.251903491,2.0,1
38.00_71.00,2021-05-10,38.0,71.0,1.0,4.5,4.5,4.5,2.0,11246826.503806982,0.0,0
38.00_71.00,2021-05-17,38.0,71.0,0.0,0.0,0.0,4.5,2.0,11246826.503806982,1.0,0
38.00_71.00,2021-05-24,38.0,71.0,0.0,0.0,0.0,4.5,2.0,11246826.503806982,2.0,1
38.00_71.00,2021-05-31,38.0,71.0,1.0,4.5,4.5,4.5,3.0,16870239.755710475,0.0,0
38.00_71.00,2021-06-07,38.0,71.0,0.0,0.0,0.0,4.5,3.0,16870239.755710475,1.0,0
38.00_71.00,2021-06-14,38.0,71.0,0.0,0.0,0.0,4.5,3.0,11246826.503806982,2.0,0
38.00_71.00,2021-06-21,38.0,71.0,0.0,0.0,0.0,4.5,3.0,11246826.503806982,3.0,0
38.00_71.00,2021-06-28,38.0,71.0,0.0,0.0,0.0,0.0,3.0,11246826.503806982,4.0,0
38.00_71.00,2021-07-05,38.0,71.0,0.0,0.0,0.0,0.0,3.0,5623413.251903491,5.0,0
38.00_71.00,2021-07-12,38.0,71.0,0.0,0.0,0.0,0.0,2.0,5623413.251903491,6.0,0
38.00_71.00,2021-07-19,38.0,71.0,0.0,0.0,0.0,0.0,2.0,5623413.251903491,7.0,0
38.00_71.00,2021-07-26,38.0,71.0,0.0,0.0,0.0,0.0,2.0,0.0,8.0,1
38.00_71.00,2021-08-02,38.0,71.0,1.0,5.0,5.0,5.0,2.0,31622776.60168379,0.0,1
38.00_71.00,2021-08-09,38.0,71.0,1.0,4.6,4.6,5.0,3.0,39566058.9489266,0.0,0
38.00_71.00,2021-08-16,38.0,71.0,0.0,0.0,0.0,5.0,3.0,39566058.9489266,1.0,1
38.00_71.00,2021-08-23,38.0,71.0,1.0,4.5,4.5,5.0,3.0,45189472.20083009,0.0,0
38.00_71.00,2021-08-30,38.0,71.0,0.0,0.0,0.0,4.6,3.0,45189472.20083009,1.0,0
38.00_71.00,2021-09-06,38.0,71.0,0.0,0.0,0.0,4.5,3.0,45189472.20083009,2.0,2
38.00_71.00,2021-09-13,38.0,71.0,2.0,5.4,4.7,5.4,5.0,182302197.9232669,0.0,1
38.00_71.00,2021-09-20,38.0,71.0,1.0,4.9,4.9,5.4,6.0,204689409.3089503,0.0,0
38.00_71.00,2021-09-27,38.0,71.0,0.0,0.0,0.0,5.4,6.0,173066632.7072665,1.0,3
38.00_71.00,2021-10-04,38.0,71.0,3.0,5.1,4.5,5.4,9.0,223358405.17426628,0.0,0
38.00_71.00,2021-10-11,38.0,71.0,0.0,0.0,0.0,5.1,9.0,223358405.17426628,1.0,0
38.00_71.00,2021-10-18,38.0,71.0,0.0,0.0,0.0,5.1,9.0,217734991.92236277,2.0,0
38.00_71.00,2021-10-25,38.0,71.0,0.0,0.0,0.0,5.1,8.0,217734991.92236277,3.0,0
38.00_71.00,2021-11-01,38.0,71.0,0.0,0.0,0.0,0.0,7.0,217734991.92236277,4.0,0
38.00_71.00,2021-11-08,38.0,71.0,0.0,0.0,0.0,0.0,7.0,80622266.19992599,5.0,0
38.00_71.00,2021-11-15,38.0,71.0,0.0,0.0,0.0,0.0,6.0,58235054.81424256,6.0,0
38.00_71.00,2021-11-22,38.0,71.0,0.0,0.0,0.0,0.0,6.0,58235054.81424256,7.0,1
38.00_71.00,2021-11-29,38.0,71.0,1.0,4.5,4.5,4.5,7.0,5623413.251903491,0.0,0
38.00_71.00,2021-12-06,38.0,71.0,0.0,0.0,0.0,4.5,5.0,5623413.251903491,1.0,0
38.00_71.00,2021-12-13,38.0,71.0,0.0,0.0,0.0,4.5,4.0,5623413.251903491,2.0,0
38.00_71.00,2021-12-20,38.0,71.0,0.0,0.0,0.0,4.5,4.0,5623413.251903491,3.0,0
38.00_71.00,2021-12-27,38.0,71.0,0.0,0.0,0.0,0.0,1.0,5623413.251903491,4.0,0
38.00_71.00,2022-01-03,38.0,71.0,0.0,0.0,0.0,0.0,1.0,5623413.251903491,5.0,1
38.00_71.00,2022-01-10,38.0,71.0,1.0,4.7,4.7,4.7,2.0,16843597.79492314,0.0,0
38.00_71.00,2022-01-17,38.0,71.0,0.0,0.0,0.0,4.7,2.0,16843597.79492314,1.0,0
38.00_71.00,2022-01-24,38.0,71.0,0.0,0.0,0.0,4.7,2.0,11220184.543019652,2.0,0
38.00_71.00,2022-01-31,38.0,71.0,0.0,0.0,0.0,4.7,2.0,11220184.543019652,3.0,1
38.00_71.00,2022-02-07,38.0,71.0,1.0,4.5,4.5,4.5,3.0,16843597.79492314,0.0,0
38.00_71.00,2022-02-14,38.0,71.0,0.0,0.0,0.0,4.5,3.0,16843597.79492314,1.0,0
38.00_71.00,2022-02-21,38.0,71.0,0.0,0.0,0.0,4.5,2.0,16843597.79492314,2.0,0
38.00_71.00,2022-02-28,38.0,71.0,0.0,0.0,0.0,4.5,2.0,16843597.79492314,3.0,0
38.00_71.00,2022-03-07,38.0,71.0,0.0,0.0,0.0,0.0,2.0,5623413.251903491,4.0,0
38.00_71.00,2022-03-14,38.0,71.0,0.0,0.0,0.0,0.0,2.0,5623413.251903491,5.0,0
38.00_71.00,2022-03-21,38.0,71.0,0.0,0.0,0.0,0.0,2.0,5623413.251903491,6.0,0
38.00_71.00,2022-03-28,38.0,71.0,0.0,0.0,0.0,0.0,2.0,5623413.251903491,7.0,1
38.00_71.00,2022-04-04,38.0,71.0,1.0,4.6,4.6,4.6,2.0,7943282.347242805,0.0,0
38.00_71.00,2022-04-11,38.0,71.0,0.0,0.0,0.0,4.6,2.0,7943282.347242805,1.0,0
38.00_71.00,2022-04-18,38.0,71.0,0.0,0.0,0.0,4.6,2.0,7943282.347242805,2.0,0
38.00_71.00,2022-04-25,38.0,71.0,0.0,0.0,0.0,4.6,2.0,7943282.347242805,3.0,0
38.00_71.00,2022-05-02,38.0,71.0,0.0,0.0,0.0,0.0,1.0,7943282.347242805,4.0,0
38.00_71.00,2022-05-09,38.0,71.0,0.0,0.0,0.0,0.0,1.0,7943282.347242805,5.0,0
38.00_71.00,2022-05-16,38.0,71.0,0.0,0.0,0.0,0.0,1.0,7943282.347242805,6.0,0
38.00_71.00,2022-05-23,38.0,71.0,0.0,0.0,0.0,0.0,1.0,7943282.347242805,7.0,0
38.00_71.00,2022-05-30,38.0,71.0,0.0,0.0,0.0,0.0,1.0,0.0,8.0,0
38.00_71.00,2022-06-06,38.0,71.0,0.0,0.0,0.0,0.0,1.0,0.0,9.0,0
38.00_71.00,2022-06-13,38.0,71.0,0.0,0.0,0.0,0.0,1.0,0.0,10.0,0
38.00_71.00,2022-06-20,38.0,71.0,0.0,0.0,0.0,0.0,1.0,0.0,11.0,0
38.00_71.00,2022-06-27,38.0,71.0,0.0,0.0,0.0,0.0,0.0,0.0,12.0,0
38.00_71.00,2022-07-04,38.0,71.0,0.0,0.0,0.0,0.0,0.0,0.0,13.0,0
38.00_71.00,2022-07-11,38.0,71.0,0.0,0.0,0.0,0.0,0.0,0.0,14.0,0
38.00_71.00,2022-07-18,38.0,71.0,0.0,0.0,0.0,0.0,0.0,0.0,15.0,0
38.00_71.00,2022-07-25,38.0,71.0,0.0,0.0,0.0,0.0,0.0,0.0,16.0,0
38.00_71.00,2022-08-01,38.0,71.0,0.0,0.0,0.0,0.0,0.0,0.0,17.0,0
38.00_71.00,2022-08-08,38.0,71.0,0.0,0.0,0.0,0.0,0.0,0.0,18.0,0
38.00_71.00,2022-08-15,38.0,71.0,0.0,0.0,0.0,0.0,0.0,0.0,19.0,0
38.00_71.00,2022-08-22,38.0,71.0,0.0,0.0,0.0,0.0,0.0,0.0,20.0,0
38.00_71.00,2022-08-29,38.0,71.0,0.0,0.0,0.0,0.0,0.0,0.0,21.0,0
38.00_71.00,2022-09-05,38.0,71.0,0.0,0.0,0.0,0.0,0.0,0.0,22.0,0
38.00_71.00,2022-09-12,38.0,71.0,0.0,0.0,0.0,0.0,0.0,0.0,23.0,0
38.00_71.00,2022-09-19,38.0,71.0,0.0,0.0,0.0,0.0,0.0,0.0,24.0,0
38.00_71.00,2022-09-26,38.0,71.0,0.0,0.0,0.0,0.0,0.0,0.0,25.0,0
38.00_71.00,2022-10-03,38.0,71.0,0.0,0.0,0.0,0.0,0.0,0.0,26.0,0
38.00_71.00,2022-10-10,38.0,71.0,0.0,0.0,0.0,0.0,0.0,0.0,27.0,0
38.00_71.00,2022-10-17,38.0,71.0,0.0,0.0,0.0,0.0,0.0,0.0,28.0,0
38.00_71.00,2022-10-24,38.0,71.0,0.0,0.0,0.0,0.0,0.0,0.0,29.0,0
38.00_71.00,2022-10-31,38.0,71.0,0.0,0.0,0.0,0.0,0.0,0.0,30.0,0
38.00_71.00,2022-11-07,38.0,71.0,0.0,0.0,0.0,0.0,0.0,0.0,31.0,0
38.00_71.00,2022-11-14,38.0,71.0,0.0,0.0,0.0,0.0,0.0,0.0,32.0,0
38.00_71.00,2022-11-21,38.0,71.0,0.0,0.0,0.0,0.0,0.0,0.0,33.0,1
38.00_71.00,2022-11-28,38.0,71.0,1.0,4.6,4.6,4.6,1.0,7943282.347242805,0.0,0
38.00_71.00,2022-12-05,38.0,71.0,0.0,0.0,0.0,4.6,1.0,7943282.347242805,1.0,0
38.00_71.00,2022-12-12,38.0,71.0,0.0,0.0,0.0,4.6,1.0,7943282.347242805,2.0,0
38.00_71.00,2022-12-19,38.0,71.0,0.0,0.0,0.0,4.6,1.0,7943282.347242805,3.0,0
38.00_71.00,2022-12-26,38.0,71.0,0.0,0.0,0.0,0.0,1.0,7943282.347242805,4.0,0
38.00_71.00,2023-01-02,38.0,71.0,0.0,0.0,0.0,0.0,1.0,7943282.347242805,5.0,0
38.00_71.00,2023-01-09,38.0,71.0,0.0,0.0,0.0,0.0,1.0,7943282.347242805,6.0,0
38.00_71.00,2023-01-16,38.0,71.0,0.0,0.0,0.0,0.0,1.0,7943282.347242805,7.0,0
38.00_71.00,2023-01-23,38.0,71.0,0.0,0.0,0.0,0.0,1.0,0.0,8.0,0
38.00_71.00,2023-01-30,38.0,71.0,0.0,0.0,0.0,0.0,1.0,0.0,9.0,0
38.00_71.00,2023-02-06,38.0,71.0,0.0,0.0,0.0,0.0,1.0,0.0,10.0,0
38.00_71.00,2023-02-13,38.0,71.0,0.0,0.0,0.0,0.0,1.0,0.0,11.0,1
38.00_71.00,2023-02-20,38.0,71.0,1.0,4.5,4.5,4.5,1.0,5623413.251903491,0.0,8
38.00_71.00,2023-02-27,38.0,71.0,8.0,6.9,4.5,6.9,9.0,22516353183.98036,0.0,1
38.00_71.00,2023-03-06,38.0,71.0,1.0,5.0,5.0,6.9,10.0,22547975960.582043,0.0,1
38.00_71.00,2023-03-13,38.0,71.0,1.0,4.5,4.5,6.9,11.0,22553599373.833946,0.0,0
38.00_71.00,2023-03-20,38.0,71.0,0.0,0.0,0.0,6.9,11.0,22553599373.833946,1.0,0
38.00_71.00,2023-03-27,38.0,71.0,0.0,0.0,0.0,5.0,11.0,22553599373.833946,2.0,0
38.00_71.00,2023-04-03,38.0,71.0,0.0,0.0,0.0,4.5,11.0,22553599373.833946,3.0,0
38.00_71.00,2023-04-10,38.0,71.0,0.0,0.0,0.0,0.0,11.0,22553599373.833946,4.0,0
38.00_71.00,2023-04-17,38.0,71.0,0.0,0.0,0.0,0.0,11.0,22547975960.582043,5.0,0
38.00_71.00,2023-04-24,38.0,71.0,0.0,0.0,0.0,0.0,11.0,37246189.853587285,6.0,0
38.00_71.00,2023-05-01,38.0,71.0,0.0,0.0,0.0,0.0,11.0,5623413.251903491,7.0,0
38.00_71.00,2023-05-08,38.0,71.0,0.0,0.0,0.0,0.0,11.0,0.0,8.0,0
38.00_71.00,2023-05-15,38.0,71.0,0.0,0.0,0.0,0.0,10.0,0.0,9.0,0
38.00_71.00,2023-05-22,38.0,71.0,0.0,0.0,0.0,0.0,2.0,0.0,10.0,0
38.00_71.00,2023-05-29,38.0,71.0,0.0,0.0,0.0,0.0,1.0,0.0,11.0,1
38.00_71.00,2023-06-05,38.0,71.0,1.0,4.5,4.5,4.5,1.0,5623413.251903491,0.0,1
38.00_71.00,2023-06-12,38.0,71.0,1.0,4.5,4.5,4.5,2.0,11246826.503806982,0.0,0
38.00_71.00,2023-06-19,38.0,71.0,0.0,0.0,0.0,4.5,2.0,11246826.503806982,1.0,0
38.00_71.00,2023-06-26,38.0,71.0,0.0,0.0,0.0,4.5,2.0,11246826.503806982,2.0,0
38.00_71.00,2023-07-03,38.0,71.0,0.0,0.0,0.0,4.5,2.0,11246826.503806982,3.0,0
38.00_71.00,2023-07-10,38.0,71.0,0.0,0.0,0.0,0.0,2.0,11246826.503806982,4.0,0
38.00_71.00,2023-07-17,38.0,71.0,0.0,0.0,0.0,0.0,2.0,11246826.503806982,5.0,0
38.00_71.00,2023-07-24,38.0,71.0,0.0,0.0,0.0,0.0,2.0,11246826.503806982,6.0,0
38.00_71.00,2023-07-31,38.0,71.0,0.0,0.0,0.0,0.0,2.0,5623413.251903491,7.0,0
38.00_71.00,2023-08-07,38.0,71.0,0.0,0.0,0.0,0.0,2.0,0.0,8.0,0
38.00_71.00,2023-08-14,38.0,71.0,0.0,0.0,0.0,0.0,2.0,0.0,9.0,0
38.00_71.00,2023-08-21,38.0,71.0,0.0,0.0,0.0,0.0,2.0,0.0,10.0,0
38.00_71.00,2023-08-28,38.0,71.0,0.0,0.0,0.0,0.0,1.0,0.0,11.0,1
38.00_71.00,2023-09-04,38.0,71.0,1.0,4.8,4.8,4.8,1.0,15848931.924611108,0.0,0
38.00_71.00,2023-09-11,38.0,71.0,0.0,0.0,0.0,4.8,1.0,15848931.924611108,1.0,1
38.00_71.00,2023-09-18,38.0,71.0,1.0,4.6,4.6,4.8,2.0,23792214.271853913,0.0,0
38.00_71.00,2023-09-25,38.0,71.0,0.0,0.0,0.0,4.8,2.0,23792214.271853913,1.0,0
38.00_71.00,2023-10-02,38.0,71.0,0.0,0.0,0.0,4.6,2.0,23792214.271853913,2.0,4
38.00_71.00,2023-10-09,38.0,71.0,4.0,5.3,4.5,5.3,6.0,132107416.93627809,0.0,0
38.00_71.00,2023-10-16,38.0,71.0,0.0,0.0,0.0,5.3,6.0,132107416.93627809,1.0,0
38.00_71.00,2023-10-23,38.0,71.0,0.0,0.0,0.0,5.3,6.0,132107416.93627809,2.0,0
38.00_71.00,2023-10-30,38.0,71.0,0.0,0.0,0.0,5.3,6.0,116258485.01166698,3.0,0
38.00_71.00,2023-11-06,38.0,71.0,0.0,0.0,0.0,0.0,6.0,116258485.01166698,4.0,0
38.00_71.00,2023-11-13,38.0,71.0,0.0,0.0,0.0,0.0,6.0,108315202.66442418,5.0,1
38.00_71.00,2023-11-20,38.0,71.0,1.0,5.3,5.3,5.3,7.0,197440296.47779858,0.0,2
38.00_71.00,2023-11-27,38.0,71.0,2.0,4.9,4.6,5.3,8.0,227770790.2107248,0.0,0
38.00_71.00,2023-12-04,38.0,71.0,0.0,0.0,0.0,5.3,8.0,119455587.54630063,1.0,0
38.00_71.00,2023-12-11,38.0,71.0,0.0,0.0,0.0,5.3,7.0,119455587.54630063,2.0,0
38.00_71.00,2023-12-18,38.0,71.0,0.0,0.0,0.0,4.9,7.0,119455587.54630063,3.0,0
38.00_71.00,2023-12-25,38.0,71.0,0.0,0.0,0.0,0.0,7.0,119455587.54630063,4.0,0
38.00_74.00,2010-03-22,38.0,74.0,0.0,0.0,0.0,0.0,2.0,7943282.347242805,4.0,0
38.00_74.00,2010-03-29,38.0,74.0,0.0,0.0,0.0,0.0,2.0,7943282.347242805,5.0,0
38.00_74.00,2010-04-05,38.0,74.0,0.0,0.0,0.0,0.0,1.0,7943282.347242805,6.0,0
38.00_74.00,2010-04-12,38.0,74.0,0.0,0.0,0.0,0.0,1.0,7943282.347242805,7.0,1
38.00_74.00,2010-04-19,38.0,74.0,1.0,4.7,4.7,4.7,2.0,11220184.543019652,0.0,1
38.00_74.00,2010-04-26,38.0,74.0,1.0,4.7,4.7,4.7,3.0,22440369.086039305,0.0,0
38.00_74.00,2010-05-03,38.0,74.0,0.0,0.0,0.0,4.7,3.0,22440369.086039305,1.0,0
38.00_74.00,2010-05-10,38.0,74.0,0.0,0.0,0.0,4.7,3.0,22440369.086039305,2.0,1
38.00_74.00,2010-05-17,38.0,74.0,1.0,4.6,4.6,4.7,3.0,30383651.43328211,0.0,0
38.00_74.00,2010-05-24,38.0,74.0,0.0,0.0,0.0,4.6,3.0,30383651.43328211,1.0,0
38.00_74.00,2010-05-31,38.0,74.0,0.0,0.0,0.0,4.6,3.0,30383651.43328211,2.0,0
38.00_74.00,2010-06-07,38.0,74.0,0.0,0.0,0.0,4.6,3.0,30383651.43328211,3.0,1
38.00_74.00,2010-06-14,38.0,74.0,1.0,5.2,5.2,5.2,4.0,82259201.33828188,0.0,0
38.00_74.00,2010-06-21,38.0,74.0,0.0,0.0,0.0,5.2,4.0,71039016.79526223,1.0,1
38.00_74.00,2010-06-28,38.0,74.0,1.0,4.5,4.5,5.2,5.0,76662430.04716572,0.0,0
38.00_74.00,2010-07-05,38.0,74.0,0.0,0.0,0.0,5.2,5.0,76662430.04716572,1.0,0
38.00_74.00,2010-07-12,38.0,74.0,0.0,0.0,0.0,4.5,4.0,68719147.69992292,2.0,0
38.00_74.00,2010-07-19,38.0,74.0,0.0,0.0,0.0,4.5,3.0,68719147.69992292,3.0,0
38.00_74.00,2010-07-26,38.0,74.0,0.0,0.0,0.0,0.0,3.0,68719147.69992292,4.0,1
38.00_74.00,2010-08-02,38.0,74.0,1.0,4.8,4.8,4.8,4.0,84568079.62453403,0.0,0
38.00_74.00,2010-08-09,38.0,74.0,0.0,0.0,0.0,4.8,3.0,21472345.1765146,1.0,0
38.00_74.00,2010-08-16,38.0,74.0,0.0,0.0,0.0,4.8,3.0,21472345.1765146,2.0,0
38.00_74.00,2010-08-23,38.0,74.0,0.0,0.0,0.0,4.8,3.0,15848931.924611108,3.0,0
38.00_74.00,2010-08-30,38.0,74.0,0.0,0.0,0.0,0.0,3.0,15848931.924611108,4.0,0
38.00_74.00,2010-09-06,38.0,74.0,0.0,0.0,0.0,0.0,2.0,15848931.924611108,5.0,0
38.00_74.00,2010-09-13,38.0,74.0,0.0,0.0,0.0,0.0,2.0,15848931.924611108,6.0,0
38.00_74.00,2010-09-20,38.0,74.0,0.0,0.0,0.0,0.0,1.0,15848931.924611108,7.0,0
38.00_74.00,2010-09-27,38.0,74.0,0.0,0.0,0.0,0.0,1.0,0.0,8.0,0
38.00_74.00,2010-10-04,38.0,74.0,0.0,0.0,0.0,0.0,1.0,0.0,9.0,0
38.00_74.00,2010-10-11,38.0,74.0,0.0,0.0,0.0,0.0,1.0,0.0,10.0,0
38.00_74.00,2010-10-18,38.0,74.0,0.0,0.0,0.0,0.0,1.0,0.0,11.0,0
38.00_74.00,2010-10-25,38.0,74.0,0.0,0.0,0.0,0.0,0.0,0.0,12.0,1
38.00_74.00,2010-11-01,38.0,74.0,1.0,4.5,4.5,4.5,1.0,5623413.251903491,0.0,0
38.00_74.00,2010-11-08,38.0,74.0,0.0,0.0,0.0,4.5,1.0,5623413.251903491,1.0,0
38.00_74.00,2010-11-15,38.0,74.0,0.0,0.0,0.0,4.5,1.0,5623413.251903491,2.0,0
38.00_74.00,2010-11-22,38.0,74.0,0.0,0.0,0.0,4.5,1.0,5623413.251903491,3.0,0
38.00_74.00,2010-11-29,38.0,74.0,0.0,0.0,0.0,0.0,1.0,5623413.251903491,4.0,0
38.00_74.00,2010-12-06,38.0,74.0,0.0,0.0,0.0,0.0,1.0,5623413.251903491,5.0,0
38.00_74.00,2010-12-13,38.0,74.0,0.0,0.0,0.0,0.0,1.0,5623413.251903491,6.0,0
38.00_74.00,2010-12-20,38.0,74.0,0.0,0.0,0.0,0.0,1.0,5623413.251903491,7.0,0
38.00_74.00,2010-12-27,38.0,74.0,0.0,0.0,0.0,0.0,1.0,0.0,8.0,1
38.00_74.00,2011-01-03,38.0,74.0,1.0,4.9,4.9,4.9,2.0,22387211.385683425,0.0,0
38.00_74.00,2011-01-10,38.0,74.0,0.0,0.0,0.0,4.9,2.0,22387211.385683425,1.0,0
38.00_74.00,2011-01-17,38.0,74.0,0.0,0.0,0.0,4.9,2.0,22387211.385683425,2.0,0
38.00_74.00,2011-01-24,38.0,74.0,0.0,0.0,0.0,4.9,1.0,22387211.385683425,3.0,0
38.00_74.00,2011-01-31,38.0,74.0,0.0,0.0,0.0,0.0,1.0,22387211.385683425,4.0,0
38.00_74.00,2011-02-07,38.0,74.0,0.0,0.0,0.0,0.0,1.0,22387211.385683425,5.0,0
38.00_74.00,2011-02-14,38.0,74.0,0.0,0.0,0.0,0.0,1.0,22387211.385683425,6.0,0
38.00_74.00,2011-02-21,38.0,74.0,0.0,0.0,0.0,0.0,1.0,22387211.385683425,7.0,0
38.00_74.00,2011-02-28,38.0,74.0,0.0,0.0,0.0,0.0,1.0,0.0,8.0,2
38.00_74.00,2011-03-07,38.0,74.0,2.0,4.8,4.5,4.8,3.0,21472345.1765146,0.0,0
38.00_74.00,2011-03-14,38.0,74.0,0.0,0.0,0.0,4.8,3.0,21472345.1765146,1.0,0
38.00_74.00,2011-03-21,38.0,74.0,0.0,0.0,0.0,4.8,3.0,21472345.1765146,2.0,0
38.00_74.00,2011-03-28,38.0,74.0,0.0,0.0,0.0,4.8,2.0,21472345.1765146,3.0,0
38.00_74.00,2011-04-04,38.0,74.0,0.0,0.0,0.0,0.0,2.0,21472345.1765146,4.0,0
38.00_74.00,2011-04-11,38.0,74.0,0.0,0.0,0.0,0.0,2.0,21472345.1765146,5.0,1
38.00_74.00,2011-04-18,38.0,74.0,1.0,4.6,4.6,4.6,3.0,29415627.523757406,0.0,0
38.00_74.00,2011-04-25,38.0,74.0,0.0,0.0,0.0,4.6,3.0,29415627.523757406,1.0,0
38.00_74.00,2011-05-02,38.0,74.0,0.0,0.0,0.0,4.6,3.0,7943282.347242805,2.0,0
38.00_74.00,2011-05-09,38.0,74.0,0.0,0.0,0.0,4.6,3.0,7943282.347242805,3.0,0
38.00_74.00,2011-05-16,38.0,74.0,0.0,0.0,0.0,0.0,3.0,7943282.347242805,4.0,0
38.00_74.00,2011-05-23,38.0,74.0,0.0,0.0,0.0,0.0,3.0,7943282.347242805,5.0,1
38.00_74.00,2011-05-30,38.0,74.0,1.0,4.7,4.7,4.7,2.0,19163466.89026246,0.0,0
38.00_74.00,2011-06-06,38.0,74.0,0.0,0.0,0.0,4.7,2.0,19163466.89026246,1.0,1
38.00_74.00,2011-06-13,38.0,74.0,1.0,4.5,4.5,4.7,3.0,16843597.79492314,0.0,0
38.00_74.00,2011-06-20,38.0,74.0,0.0,0.0,0.0,4.7,3.0,16843597.79492314,1.0,0
38.00_74.00,2011-06-27,38.0,74.0,0.0,0.0,0.0,4.5,3.0,16843597.79492314,2.0,0
38.00_74.00,2011-07-04,38.0,74.0,0.0,0.0,0.0,4.5,3.0,16843597.79492314,3.0,0
38.00_74.00,2011-07-11,38.0,74.0,0.0,0.0,0.0,0.0,2.0,16843597.79492314,4.0,0
38.00_74.00,2011-07-18,38.0,74.0,0.0,0.0,0.0,0.0,2.0,16843597.79492314,5.0,0
38.00_74.00,2011-07-25,38.0,74.0,0.0,0.0,0.0,0.0,2.0,5623413.251903491,6.0,0
38.00_74.00,2011-08-01,38.0,74.0,0.0,0.0,0.0,0.0,2.0,5623413.251903491,7.0,0
38.00_74.00,2011-08-08,38.0,74.0,0.0,0.0,0.0,0.0,2.0,0.0,8.0,0
38.00_74.00,2011-08-15,38.0,74.0,0.0,0.0,0.0,0.0,2.0,0.0,9.0,0
38.00_74.00,2011-08-22,38.0,74.0,0.0,0.0,0.0,0.0,1.0,0.0,10.0,0
38.00_74.00,2011-08-29,38.0,74.0,0.0,0.0,0.0,0.0,1.0,0.0,11.0,0
38.00_74.00,2011-09-05,38.0,74.0,0.0,0.0,0.0,0.0,0.0,0.0,12.0,0
38.00_74.00,2011-09-12,38.0,74.0,0.0,0.0,0.0,0.0,0.0,0.0,13.0,0
38.00_74.00,2011-09-19,38.0,74.0,0.0,0.0,0.0,0.0,0.0,0.0,14.0,0
38.00_74.00,2011-09-26,38.0,74.0,0.0,0.0,0.0,0.0,0.0,0.0,15.0,0
38.00_74.00,2011-10-03,38.0,74.0,0.0,0.0,0.0,0.0,0.0,0.0,16.0,0
38.00_74.00,2011-10-10,38.0,74.0,0.0,0.0,0.0,0.0,0.0,0.0,17.0,0
38.00_74.00,2011-10-17,38.0,74.0,0.0,0.0,0.0,0.0,0.0,0.0,18.0,0
38.00_74.00,2011-10-24,38.0,74.0,0.0,0.0,0.0,0.0,0.0,0.0,19.0,1
38.00_74.00,2011-10-31,38.0,74.0,1.0,4.5,4.5,4.5,1.0,5623413.251903491,0.0,0
38.00_74.00,2011-11-07,38.0,74.0,0.0,0.0,0.0,4.5,1.0,5623413.251903491,1.0,0
38.00_74.00,2011-11-14,38.0,74.0,0.0,0.0,0.0,4.5,1.0,5623413.251903491,2.0,0
38.00_74.00,2011-11-21,38.0,74.0,0.0,0.0,0.0,4.5,1.0,5623413.251903491,3.0,0
38.00_74.00,2011-11-28,38.0,74.0,0.0,0.0,0.0,0.0,1.0,5623413.251903491,4.0,1
38.00_74.00,2011-12-05,38.0,74.0,1.0,4.9,4.9,4.9,2.0,28010624.637586914,0.0,0
38.00_74.00,2011-12-12,38.0,74.0,0.0,0.0,0.0,4.9,2.0,28010624.637586914,1.0,0
38.00_74.00,2011-12-19,38.0,74.0,0.0,0.0,0.0,4.9,2.0,28010624.637586914,2.0,0
38.00_74.00,2011-12-26,38.0,74.0,0.0,0.0,0.0,4.9,2.0,22387211.385683425,3.0,0
38.00_74.00,2012-01-02,38.0,74.0,0.0,0.0,0.0,0.0,2.0,22387211.385683425,4.0,0
38.00_74.00,2012-01-09,38.0,74.0,0.0,0.0,0.0,0.0,2.0,22387211.385683425,5.0,0
38.00_74.00,2012-01-16,38.0,74.0,0.0,0.0,0.0,0.0,2.0,22387211.385683425,6.0,0
38.00_74.00,2012-01-23,38.0,74.0,0.0,0.0,0.0,0.0,1.0,22387211.385683425,7.0,0
38.00_74.00,2012-01-30,38.0,74.0,0.0,0.0,0.0,0.0,1.0,0.0,8.0,0
38.00_74.00,2012-02-06,38.0,74.0,0.0,0.0,0.0,0.0,1.0,0.0,9.0,0
38.00_74.00,2012-02-13,38.0,74.0,0.0,0.0,0.0,0.0,1.0,0.0,10.0,0
38.00_74.00,2012-02-20,38.0,74.0,0.0,0.0,0.0,0.0,1.0,0.0,11.0,0
38.00_74.00,2012-02-27,38.0,74.0,0.0,0.0,0.0,0.0,0.0,0.0,12.0,2
38.00_74.00,2012-03-05,38.0,74.0,2.0,5.0,4.7,5.0,2.0,42842961.14470345,0.0,0
38.00_74.00,2012-03-12,38.0,74.0,0.0,0.0,0.0,5.0,2.0,42842961.14470345,1.0,0
38.00_74.00,2012-03-19,38.0,74.0,0.0,0.0,0.0,5.0,2.0,42842961.14470345,2.0,0
38.00_74.00,2012-03-26,38.0,74.0,0.0,0.0,0.0,5.0,2.0,42842961.14470345,3.0,0
38.00_74.00,2012-04-02,38.0,74.0,0.0,0.0,0.0,0.0,2.0,42842961.14470345,4.0,0
38.00_74.00,2012-04-09,38.0,74.0,0.0,0.0,0.0,0.0,2.0,42842961.14470345,5.0,0
38.00_74.00,2012-04-16,38.0,74.0,0.0,0.0,0.0,0.0,2.0,42842961.14470345,6.0,0
38.00_74.00,2012-04-23,38.0,74.0,0.0,0.0,0.0,0.0,2.0,42842961.14470345,7.0,0
38.00_74.00,2012-04-30,38.0,74.0,0.0,0.0,0.0,0.0,2.0,0.0,8.0,0
38.00_74.00,2012-05-07,38.0,74.0,0.0,0.0,0.0,0.0,2.0,0.0,9.0,0
38.00_74.00,2012-05-14,38.0,74.0,0.0,0.0,0.0,0.0,2.0,0.0,10.0,0
38.00_74.00,2012-05-21,38.0,74.0,0.0,0.0,0.0,0.0,2.0,0.0,11.0,0
38.00_74.00,2012-05-28,38.0,74.0,0.0,0.0,0.0,0.0,0.0,0.0,12.0,1
38.00_74.00,2012-06-04,38.0,74.0,1.0,5.3,5.3,5.3,1.0,89125093.8133744,0.0,0
38.00_74.00,2012-06-11,38.0,74.0,0.0,0.0,0.0,5.3,1.0,89125093.8133744,1.0,0
38.00_74.00,2012-06-18,38.0,74.0,0.0,0.0,0.0,5.3,1.0,89125093.8133744,2.0,0
38.00_74.00,2012-06-25,38.0,74.0,0.0,0.0,0.0,5.3,1.0,89125093.8133744,3.0,0
38.00_74.00,2012-07-02,38.0,74.0,0.0,0.0,0.0,0.0,1.0,89125093.8133744,4.0,0
38.00_74.00,2012-07-09,38.0,74.0,0.0,0.0,0.0,0.0,1.0,89125093.8133744,5.0,0
38.00_74.00,2012-07-16,38.0,74.0,0.0,0.0,0.0,0.0,1.0,89125093.8133744,6.0,0
38.00_74.00,2012-07-23,38.0,74.0,0.0,0.0,0.0,0.0,1.0,89125093.8133744,7.0,1
38.00_74.00,2012-07-30,38.0,74.0,1.0,5.2,5.2,5.2,2.0,63095734.44801943,0.0,1
38.00_74.00,2012-08-06,38.0,74.0,1.0,5.0,5.0,5.2,3.0,94718511.04970323,0.0,0
38.00_74.00,2012-08-13,38.0,74.0,0.0,0.0,0.0,5.2,3.0,94718511.04970323,1.0,0
38.00_74.00,2012-08-20,38.0,74.0,0.0,0.0,0.0,5.2,3.0,94718511.04970323,2.0,0
38.00_74.00,2012-08-27,38.0,74.0,0.0,0.0,0.0,5.0,2.0,94718511.04970323,3.0,0
38.00_74.00,2012-09-03,38.0,74.0,0.0,0.0,0.0,0.0,2.0,94718511.04970323,4.0,0
38.00_74.00,2012-09-10,38.0,74.0,0.0,0.0,0.0,0.0,2.0,94718511.04970323,5.0,1
38.00_74.00,2012-09-17,38.0,74.0,1.0,4.6,4.6,4.6,3.0,102661793.39694603,0.0,0
38.00_74.00,2012-09-24,38.0,74.0,0.0,0.0,0.0,4.6,3.0,39566058.9489266,1.0,0
38.00_74.00,2012-10-01,38.0,74.0,0.0,0.0,0.0,4.6,3.0,7943282.347242805,2.0,0
38.00_74.00,2012-10-08,38.0,74.0,0.0,0.0,0.0,4.6,3.0,7943282.347242805,3.0,0
38.00_74.00,2012-10-15,38.0,74.0,0.0,0.0,0.0,0.0,3.0,7943282.347242805,4.0,1
38.00_74.00,2012-10-22,38.0,74.0,1.0,4.5,4.5,4.5,3.0,13566695.599146295,0.0,0
38.00_74.00,2012-10-29,38.0,74.0,0.0,0.0,0.0,4.5,2.0,13566695.599146295,1.0,0
38.00_74.00,2012-11-05,38.0,74.0,0.0,0.0,0.0,4.5,2.0,13566695.599146295,2.0,0
38.00_74.00,2012-11-12,38.0,74.0,0.0,0.0,0.0,4.5,2.0,5623413.251903491,3.0,0
38.00_74.00,2012-11-19,38.0,74.0,0.0,0.0,0.0,0.0,2.0,5623413.251903491,4.0,0
38.00_74.00,2012-11-26,38.0,74.0,0.0,0.0,0.0,0.0,2.0,5623413.251903491,5.0,0
38.00_74.00,2012-12-03,38.0,74.0,0.0,0.0,0.0,0.0,2.0,5623413.251903491,6.0,1
38.00_74.00,2012-12-10,38.0,74.0,1.0,4.7,4.7,4.7,2.0,16843597.79492314,0.0,0
38.00_74.00,2012-12-17,38.0,74.0,0.0,0.0,0.0,4.7,2.0,11220184.543019652,1.0,0
38.00_74.00,2012-12-24,38.0,74.0,0.0,0.0,0.0,4.7,2.0,11220184.543019652,2.0,1
38.00_74.00,2012-12-31,38.0,74.0,1.0,4.5,4.5,4.7,3.0,16843597.79492314,0.0,0
38.00_74.00,2013-01-07,38.0,74.0,0.0,0.0,0.0,4.5,3.0,16843597.79492314,1.0,0
38.00_74.00,2013-01-14,38.0,74.0,0.0,0.0,0.0,4.5,2.0,16843597.79492314,2.0,0
38.00_74.00,2013-01-21,38.0,74.0,0.0,0.0,0.0,4.5,2.0,16843597.79492314,3.0,1
38.00_74.00,2013-01-28,38.0,74.0,1.0,4.5,4.5,4.5,3.0,22467011.046826635,0.0,1
38.00_74.00,2013-02-04,38.0,74.0,1.0,4.5,4.5,4.5,4.0,16870239.755710475,0.0,0
38.00_74.00,2013-02-11,38.0,74.0,0.0,0.0,0.0,4.5,4.0,16870239.755710475,1.0,0
38.00_74.00,2013-02-18,38.0,74.0,0.0,0.0,0.0,4.5,4.0,16870239.755710475,2.0,0
38.00_74.00,2013-02-25,38.0,74.0,0.0,0.0,0.0,4.5,4.0,11246826.503806982,3.0,0
38.00_74.00,2013-03-04,38.0,74.0,0.0,0.0,0.0,0.0,3.0,11246826.503806982,4.0,0
38.00_74.00,2013-03-11,38.0,74.0,0.0,0.0,0.0,0.0,3.0,11246826.503806982,5.0,0
38.00_74.00,2013-03-18,38.0,74.0,0.0,0.0,0.0,0.0,3.0,11246826.503806982,6.0,0
38.00_74.00,2013-03-25,38.0,74.0,0.0,0.0,0.0,0.0,2.0,5623413.251903491,7.0,0
38.00_74.00,2013-04-01,38.0,74.0,0.0,0.0,0.0,0.0,2.0,0.0,8.0,0
38.00_74.00,2013-04-08,38.0,74.0,0.0,0.0,0.0,0.0,2.0,0.0,9.0,0
38.00_74.00,2013-04-15,38.0,74.0,0.0,0.0,0.0,0.0,2.0,0.0,10.0,0
38.00_74.00,2013-04-22,38.0,74.0,0.0,0.0,0.0,0.0,1.0,0.0,11.0,0
38.00_74.00,2013-04-29,38.0,74.0,0.0,0.0,0.0,0.0,0.0,0.0,12.0,0
38.00_74.00,2013-05-06,38.0,74.0,0.0,0.0,0.0,0.0,0.0,0.0,13.0,0
38.00_74.00,2013-05-13,38.0,74.0,0.0,0.0,0.0,0.0,0.0,0.0,14.0,0
38.00_74.00,2013-05-20,38.0,74.0,0.0,0.0,0.0,0.0,0.0,0.0,15.0,0
38.00_74.00,2013-05-27,38.0,74.0,0.0,0.0,0.0,0.0,0.0,0.0,16.0,0
38.00_74.00,2013-06-03,38.0,74.0,0.0,0.0,0.0,0.0,0.0,0.0,17.0,0
38.00_74.00,2013-06-10,38.0,74.0,0.0,0.0,0.0,0.0,0.0,0.0,18.0,0
38.00_74.00,2013-06-17,38.0,74.0,0.0,0.0,0.0,0.0,0.0,0.0,19.0,0
38.00_74.00,2013-06-24,38.0,74.0,0.0,0.0,0.0,0.0,0.0,0.0,20.0,0
38.00_74.00,2013-07-01,38.0,74.0,0.0,0.0,0.0,0.0,0.0,0.0,21.0,0
38.00_74.00,2013-07-08,38.0,74.0,0.0,0.0,0.0,0.0,0.0,0.0,22.0,0
38.00_74.00,2013-07-15,38.0,74.0,0.0,0.0,0.0,0.0,0.0,0.0,23.0,0
38.00_74.00,2013-07-22,38.0,74.0,0.0,0.0,0.0,0.0,0.0,0.0,24.0,0
38.00_74.00,2013-07-29,38.0,74.0,0.0,0.0,0.0,0.0,0.0,0.0,25.0,0
38.00_74.00,2013-08-05,38.0,74.0,0.0,0.0,0.0,0.0,0.0,0.0,26.0,0
38.00_74.00,2013-08-12,38.0,74.0,0.0,0.0,0.0,0.0,0.0,0.0,27.0,0
38.00_74.00,2013-08-19,38.0,74.0,0.0,0.0,0.0,0.0,0.0,0.0,28.0,0
38.00_74.00,2013-08-26,38.0,74.0,0.0,0.0,0.0,0.0,0.0,0.0,29.0,1
38.00_74.00,2013-09-02,38.0,74.0,1.0,4.5,4.5,4.5,1.0,5623413.251903491,0.0,0
38.00_74.00,2013-09-09,38.0,74.0,0.0,0.0,0.0,4.5,1.0,5623413.251903491,1.0,0
38.00_74.00,2013-09-16,38.0,74.0,0.0,0.0,0.0,4.5,1.0,5623413.251903491,2.0,0
38.00_74.00,2013-09-23,38.0,74.0,0.0,0.0,0.0,4.5,1.0,5623413.251903491,3.0,0
38.00_74.00,2013-09-30,38.0,74.0,0.0,0.0,0.0,0.0,1.0,5623413.251903491,4.0,0
38.00_74.00,2013-10-07,38.0,74.0,0.0,0.0,0.0,0.0,1.0,5623413.251903491,5.0,0
38.00_74.00,2013-10-14,38.0,74.0,0.0,0.0,0.0,0.0,1.0,5623413.251903491,6.0,0
38.00_74.00,2013-10-21,38.0,74.0,0.0,0.0,0.0,0.0,1.0,5623413.251903491,7.0,0
38.00_74.00,2013-10-28,38.0,74.0,0.0,0.0,0.0,0.0,1.0,0.0,8.0,0
38.00_74.00,2013-11-04,38.0,74.0,0.0,0.0,0.0,0.0,1.0,0.0,9.0,1
38.00_74.00,2013-11-11,38.0,74.0,1.0,4.8,4.8,4.8,2.0,15848931.924611108,0.0,0
38.00_74.00,2013-11-18,38.0,74.0,0.0,0.0,0.0,4.8,2.0,15848931.924611108,1.0,0
38.00_74.00,2013-11-25,38.0,74.0,0.0,0.0,0.0,4.8,1.0,15848931.924611108,2.0,0
38.00_74.00,2013-12-02,38.0,74.0,0.0,0.0,0.0,4.8,1.0,15848931.924611108,3.0,0
38.00_74.00,2013-12-09,38.0,74.0,0.0,0.0,0.0,0.0,1.0,15848931.924611108,4.0,0
38.00_74.00,2013-12-16,38.0,74.0,0.0,0.0,0.0,0.0,1.0,15848931.924611108,5.0,0
38.00_74.00,2013-12-23,38.0,74.0,0.0,0.0,0.0,0.0,1.0,15848931.924611108,6.0,0
38.00_74.00,2013-12-30,38.0,74.0,0.0,0.0,0.0,0.0,1.0,15848931.924611108,7.0,1
38.00_74.00,2014-01-06,38.0,74.0,1.0,4.6,4.6,4.6,2.0,7943282.347242805,0.0,0
38.00_74.00,2014-01-13,38.0,74.0,0.0,0.0,0.0,4.6,2.0,7943282.347242805,1.0,0
38.00_74.00,2014-01-20,38.0,74.0,0.0,0.0,0.0,4.6,2.0,7943282.347242805,2.0,0
38.00_74.00,2014-01-27,38.0,74.0,0.0,0.0,0.0,4.6,2.0,7943282.347242805,3.0,0
38.00_74.00,2014-02-03,38.0,74.0,0.0,0.0,0.0,0.0,1.0,7943282.347242805,4.0,0
38.00_74.00,2014-02-10,38.0,74.0,0.0,0.0,0.0,0.0,1.0,7943282.347242805,5.0,0
38.00_74.00,2014-02-17,38.0,74.0,0.0,0.0,0.0,0.0,1.0,7943282.347242805,6.0,0
38.00_74.00,2014-02-24,38.0,74.0,0.0,0.0,0.0,0.0,1.0,7943282.347242805,7.0,0
38.00_74.00,2014-03-03,38.0,74.0,0.0,0.0,0.0,0.0,1.0,0.0,8.0,0
38.00_74.00,2014-03-10,38.0,74.0,0.0,0.0,0.0,0.0,1.0,0.0,9.0,0
38.00_74.00,2014-03-17,38.0,74.0,0.0,0.0,0.0,0.0,1.0,0.0,10.0,0
38.00_74.00,2014-03-24,38.0,74.0,0.0,0.0,0.0,0.0,1.0,0.0,11.0,0
38.00_74.00,2014-03-31,38.0,74.0,0.0,0.0,0.0,0.0,0.0,0.0,12.0,0
38.00_74.00,2014-04-07,38.0,74.0,0.0,0.0,0.0,0.0,0.0,0.0,13.0,0
38.00_74.00,2014-04-14,38.0,74.0,0.0,0.0,0.0,0.0,0.0,0.0,14.0,0
38.00_74.00,2014-04-21,38.0,74.0,0.0,0.0,0.0,0.0,0.0,0.0,15.0,0
38.00_74.00,2014-04-28,38.0,74.0,0.0,0.0,0.0,0.0,0.0,0.0,16.0,0
38.00_74.00,2014-05-05,38.0,74.0,0.0,0.0,0.0,0.0,0.0,0.0,17.0,0
38.00_74.00,2014-05-12,38.0,74.0,0.0,0.0,0.0,0.0,0.0,0.0,18.0,0
38.00_74.00,2014-05-19,38.0,74.0,0.0,0.0,0.0,0.0,0.0,0.0,19.0,0
38.00_74.00,2014-05-26,38.0,74.0,0.0,0.0,0.0,0.0,0.0,0.0,20.0,0
38.00_74.00,2014-06-02,38.0,74.0,0.0,0.0,0.0,0.0,0.0,0.0,21.0,0
38.00_74.00,2014-06-09,38.0,74.0,0.0,0.0,0.0,0.0,0.0,0.0,22.0,0
38.00_74.00,2014-06-16,38.0,74.0,0.0,0.0,0.0,0.0,0.0,0.0,23.0,0
38.00_74.00,2014-06-23,38.0,74.0,0.0,0.0,0.0,0.0,0.0,0.0,24.0,0
38.00_74.00,2014-06-30,38.0,74.0,0.0,0.0,0.0,0.0,0.0,0.0,25.0,0
38.00_74.00,2014-07-07,38.0,74.0,0.0,0.0,0.0,0.0,0.0,0.0,26.0,0
38.00_74.00,2014-07-14,38.0,74.0,0.0,0.0,0.0,0.0,0.0,0.0,27.0,0
38.00_74.00,2014-07-21,38.0,74.0,0.0,0.0,0.0,0.0,0.0,0.0,28.0,0
38.00_74.00,2014-07-28,38.0,74.0,0.0,0.0,0.0,0.0,0.0,0.0,29.0,0
38.00_74.00,2014-08-04,38.0,74.0,0.0,0.0,0.0,0.0,0.0,0.0,30.0,0
38.00_74.00,2014-08-11,38.0,74.0,0.0,0.0,0.0,0.0,0.0,0.0,31.0,0
38.00_74.00,2014-08-18,38.0,74.0,0.0,0.0,0.0,0.0,0.0,0.0,32.0,0
38.00_74.00,2014-08-25,38.0,74.0,0.0,0.0,0.0,0.0,0.0,0.0,33.0,0
38.00_74.00,2014-09-01,38.0,74.0,0.0,0.0,0.0,0.0,0.0,0.0,34.0,0
38.00_74.00,2014-09-08,38.0,74.0,0.0,0.0,0.0,0.0,0.0,0.0,35.0,0
38.00_74.00,2014-09-15,38.0,74.0,0.0,0.0,0.0,0.0,0.0,0.0,36.0,0
38.00_74.00,2014-09-22,38.0,74.0,0.0,0.0,0.0,0.0,0.0,0.0,37.0,0
38.00_74.00,2014-09-29,38.0,74.0,0.0,0.0,0.0,0.0,0.0,0.0,38.0,0
38.00_74.00,2014-10-06,38.0,74.0,0.0,0.0,0.0,0.0,0.0,0.0,39.0,0
38.00_74.00,2014-10-13,38.0,74.0,0.0,0.0,0.0,0.0,0.0,0.0,40.0,0
38.00_74.00,2014-10-20,38.0,74.0,0.0,0.0,0.0,0.0,0.0,0.0,41.0,0
38.00_74.00,2014-10-27,38.0,74.0,0.0,0.0,0.0,0.0,0.0,0.0,42.0,0
38.00_74.00,2014-11-03,38.0,74.0,0.0,0.0,0.0,0.0,0.0,0.0,43.0,0
38.00_74.00,2014-11-10,38.0,74.0,0.0,0.0,0.0,0.0,0.0,0.0,44.0,1
38.00_74.00,2014-11-17,38.0,74.0,1.0,4.5,4.5,4.5,1.0,5623413.251903491,0.0,0
38.00_74.00,2014-11-24,38.0,74.0,0.0,0.0,0.0,4.5,1.0,5623413.251903491,1.0,0
38.00_74.00,2014-12-01,38.0,74.0,0.0,0.0,0.0,4.5,1.0,5623413.251903491,2.0,0
38.00_74.00,2014-12-08,38.0,74.0,0.0,0.0,0.0,4.5,1.0,5623413.251903491,3.0,0
38.00_74.00,2014-12-15,38.0,74.0,0.0,0.0,0.0,0.0,1.0,5623413.251903491,4.0,0
38.00_74.00,2014-12-22,38.0,74.0,0.0,0.0,0.0,0.0,1.0,5623413.251903491,5.0,0
38.00_74.00,2014-12-29,38.0,74.0,0.0,0.0,0.0,0.0,1.0,5623413.251903491,6.0,0
38.00_74.00,2015-01-05,38.0,74.0,0.0,0.0,0.0,0.0,1.0,5623413.251903491,7.0,0
38.00_74.00,2015-01-12,38.0,74.0,0.0,0.0,0.0,0.0,1.0,0.0,8.0,0
38.00_74.00,2015-01-19,38.0,74.0,0.0,0.0,0.0,0.0,1.0,0.0,9.0,0
38.00_74.00,2015-01-26,38.0,74.0,0.0,0.0,0.0,0.0,1.0,0.0,10.0,0
38.00_74.00,2015-02-02,38.0,74.0,0.0,0.0,0.0,0.0,1.0,0.0,11.0,0
38.00_74.00,2015-02-09,38.0,74.0,0.0,0.0,0.0,0.0,0.0,0.0,12.0,1
38.00_74.00,2015-02-16,38.0,74.0,1.0,4.7,4.7,4.7,1.0,11220184.543019652,0.0,0
38.00_74.00,2015-02-23,38.0,74.0,0.0,0.0,0.0,4.7,1.0,11220184.543019652,1.0,0
38.00_74.00,2015-03-02,38.0,74.0,0.0,0.0,0.0,4.7,1.0,11220184.543019652,2.0,0
38.00_74.00,2015-03-09,38.0,74.0,0.0,0.0,0.0,4.7,1.0,11220184.543019652,3.0,0
38.00_74.00,2015-03-16,38.0,74.0,0.0,0.0,0.0,0.0,1.0,11220184.543019652,4.0,0
38.00_74.00,2015-03-23,38.0,74.0,0.0,0.0,0.0,0.0,1.0,11220184.543019652,5.0,0
38.00_74.00,2015-03-30,38.0,74.0,0.0,0.0,0.0,0.0,1.0,11220184.543019652,6.0,0
38.00_74.00,2015-04-06,38.0,74.0,0.0,0.0,0.0,0.0,1.0,11220184.543019652,7.0,0
38.00_74.00,2015-04-13,38.0,74.0,0.0,0.0,0.0,0.0,1.0,0.0,8.0,0
38.00_74.00,2015-04-20,38.0,74.0,0.0,0.0,0.0,0.0,1.0,0.0,9.0,0
38.00_74.00,2015-04-27,38.0,74.0,0.0,0.0,0.0,0.0,1.0,0.0,10.0,0
38.00_74.00,2015-05-04,38.0,74.0,0.0,0.0,0.0,0.0,1.0,0.0,11.0,0
38.00_74.00,2015-05-11,38.0,74.0,0.0,0.0,0.0,0.0,0.0,0.0,12.0,0
38.00_74.00,2015-05-18,38.0,74.0,0.0,0.0,0.0,0.0,0.0,0.0,13.0,0
38.00_74.00,2015-05-25,38.0,74.0,0.0,0.0,0.0,0.0,0.0,0.0,14.0,0
38.00_74.00,2015-06-01,38.0,74.0,0.0,0.0,0.0,0.0,0.0,0.0,15.0,0
38.00_74.00,2015-06-08,38.0,74.0,0.0,0.0,0.0,0.0,0.0,0.0,16.0,0
38.00_74.00,2015-06-15,38.0,74.0,0.0,0.0,0.0,0.0,0.0,0.0,17.0,0
38.00_74.00,2015-06-22,38.0,74.0,0.0,0.0,0.0,0.0,0.0,0.0,18.0,0
38.00_74.00,2015-06-29,38.0,74.0,0.0,0.0,0.0,0.0,0.0,0.0,19.0,0
38.00_74.00,2015-07-06,38.0,74.0,0.0,0.0,0.0,0.0,0.0,0.0,20.0,0
38.00_74.00,2015-07-13,38.0,74.0,0.0,0.0,0.0,0.0,0.0,0.0,21.0,0
38.00_74.00,2015-07-20,38.0,74.0,0.0,0.0,0.0,0.0,0.0,0.0,22.0,0
38.00_74.00,2015-07-27,38.0,74.0,0.0,0.0,0.0,0.0,0.0,0.0,23.0,0
38.00_74.00,2015-08-03,38.0,74.0,0.0,0.0,0.0,0.0,0.0,0.0,24.0,0
38.00_74.00,2015-08-10,38.0,74.0,0.0,0.0,0.0,0.0,0.0,0.0,25.0,0
38.00_74.00,2015-08-17,38.0,74.0,0.0,0.0,0.0,0.0,0.0,0.0,26.0,0
38.00_74.00,2015-08-24,38.0,74.0,0.0,0.0,0.0,0.0,0.0,0.0,27.0,0
38.00_74.00,2015-08-31,38.0,74.0,0.0,0.0,0.0,0.0,0.0,0.0,28.0,0
38.00_74.00,2015-09-07,38.0,74.0,0.0,0.0,0.0,0.0,0.0,0.0,29.0,0
38.00_74.00,2015-09-14,38.0,74.0,0.0,0.0,0.0,0.0,0.0,0.0,30.0,0
38.00_74.00,2015-09-21,38.0,74.0,0.0,0.0,0.0,0.0,0.0,0.0,31.0,0
38.00_74.00,2015-09-28,38.0,74.0,0.0,0.0,0.0,0.0,0.0,0.0,32.0,0
38.00_74.00,2015-10-05,38.0,74.0,0.0,0.0,0.0,0.0,0.0,0.0,33.0,0
38.00_74.00,2015-10-12,38.0,74.0,0.0,0.0,0.0,0.0,0.0,0.0,34.0,0
38.00_74.00,2015-10-19,38.0,74.0,0.0,0.0,0.0,0.0,0.0,0.0,35.0,0
38.00_74.00,2015-10-26,38.0,74.0,0.0,0.0,0.0,0.0,0.0,0.0,36.0,0
38.00_74.00,2015-11-02,38.0,74.0,0.0,0.0,0.0,0.0,0.0,0.0,37.0,0
38.00_74.00,2015-11-09,38.0,74.0,0.0,0.0,0.0,0.0,0.0,0.0,38.0,0
38.00_74.00,2015-11-16,38.0,74.0,0.0,0.0,0.0,0.0,0.0,0.0,39.0,1
38.00_74.00,2015-11-23,38.0,74.0,1.0,4.7,4.7,4.7,1.0,11220184.543019652,0.0,0
38.00_74.00,2015-11-30,38.0,74.0,0.0,0.0,0.0,4.7,1.0,11220184.543019652,1.0,0
38.00_74.00,2015-12-07,38.0,74.0,0.0,0.0,0.0,4.7,1.0,11220184.543019652,2.0,0
38.00_74.00,2015-12-14,38.0,74.0,0.0,0.0,0.0,4.7,1.0,11220184.543019652,3.0,0
38.00_74.00,2015-12-21,38.0,74.0,0.0,0.0,0.0,0.0,1.0,11220184.543019652,4.0,0
38.00_74.00,2015-12-28,38.0,74.0,0.0,0.0,0.0,0.0,1.0,11220184.543019652,5.0,0
38.00_74.00,2016-01-04,38.0,74.0,0.0,0.0,0.0,0.0,1.0,11220184.543019652,6.0,0
38.00_74.00,2016-01-11,38.0,74.0,0.0,0.0,0.0,0.0,1.0,11220184.543019652,7.0,0
38.00_74.00,2016-01-18,38.0,74.0,0.0,0.0,0.0,0.0,1.0,0.0,8.0,0
38.00_74.00,2016-01-25,38.0,74.0,0.0,0.0,0.0,0.0,1.0,0.0,9.0,0
38.00_74.00,2016-02-01,38.0,74.0,0.0,0.0,0.0,0.0,1.0,0.0,10.0,0
38.00_74.00,2016-02-08,38.0,74.0,0.0,0.0,0.0,0.0,1.0,0.0,11.0,0
38.00_74.00,2016-02-15,38.0,74.0,0.0,0.0,0.0,0.0,0.0,0.0,12.0,1
38.00_74.00,2016-02-22,38.0,74.0,1.0,4.5,4.5,4.5,1.0,5623413.251903491,0.0,0
38.00_74.00,2016-02-29,38.0,74.0,0.0,0.0,0.0,4.5,1.0,5623413.251903491,1.0,0
38.00_74.00,2016-03-07,38.0,74.0,0.0,0.0,0.0,4.5,1.0,5623413.251903491,2.0,0
38.00_74.00,2016-03-14,38.0,74.0,0.0,0.0,0.0,4.5,1.0,5623413.251903491,3.0,0
38.00_74.00,2016-03-21,38.0,74.0,0.0,0.0,0.0,0.0,1.0,5623413.251903491,4.0,0
38.00_74.00,2016-03-28,38.0,74.0,0.0,0.0,0.0,0.0,1.0,5623413.251903491,5.0,0
38.00_74.00,2016-04-04,38.0,74.0,0.0,0.0,0.0,0.0,1.0,5623413.251903491,6.0,0
38.00_74.00,2016-04-11,38.0,74.0,0.0,0.0,0.0,0.0,1.0,5623413.251903491,7.0,0
38.00_74.00,2016-04-18,38.0,74.0,0.0,0.0,0.0,0.0,1.0,0.0,8.0,0
38.00_74.00,2016-04-25,38.0,74.0,0.0,0.0,0.0,0.0,1.0,0.0,9.0,1
38.00_74.00,2016-05-02,38.0,74.0,1.0,4.7,4.7,4.7,2.0,11220184.543019652,0.0,0
38.00_74.00,2016-05-09,38.0,74.0,0.0,0.0,0.0,4.7,2.0,11220184.543019652,1.0,2
38.00_74.00,2016-05-16,38.0,74.0,2.0,4.6,4.5,4.7,3.0,24786880.142165948,0.0,0
38.00_74.00,2016-05-23,38.0,74.0,0.0,0.0,0.0,4.7,3.0,24786880.142165948,1.0,0
38.00_74.00,2016-05-30,38.0,74.0,0.0,0.0,0.0,4.6,3.0,24786880.142165948,2.0,0
38.00_74.00,2016-06-06,38.0,74.0,0.0,0.0,0.0,4.6,3.0,24786880.142165948,3.0,0
38.00_74.00,2016-06-13,38.0,74.0,0.0,0.0,0.0,0.0,3.0,24786880.142165948,4.0,0
38.00_74.00,2016-06-20,38.0,74.0,0.0,0.0,0.0,0.0,3.0,24786880.142165948,5.0,1
38.00_74.00,2016-06-27,38.0,74.0,1.0,4.7,4.7,4.7,4.0,24786880.142165948,0.0,0
38.00_74.00,2016-07-04,38.0,74.0,0.0,0.0,0.0,4.7,4.0,24786880.142165948,1.0,0
38.00_74.00,2016-07-11,38.0,74.0,0.0,0.0,0.0,4.7,4.0,11220184.543019652,2.0,0
38.00_74.00,2016-07-18,38.0,74.0,0.0,0.0,0.0,4.7,4.0,11220184.543019652,3.0,0
38.00_74.00,2016-07-25,38.0,74.0,0.0,0.0,0.0,0.0,3.0,11220184.543019652,4.0,0
38.00_74.00,2016-08-01,38.0,74.0,0.0,0.0,0.0,0.0,3.0,11220184.543019652,5.0,0
38.00_74.00,2016-08-08,38.0,74.0,0.0,0.0,0.0,0.0,1.0,11220184.543019652,6.0,0
38.00_74.00,2016-08-15,38.0,74.0,0.0,0.0,0.0,0.0,1.0,11220184.543019652,7.0,0
38.00_74.00,2016-08-22,38.0,74.0,0.0,0.0,0.0,0.0,1.0,0.0,8.0,0
38.00_74.00,2016-08-29,38.0,74.0,0.0,0.0,0.0,0.0,1.0,0.0,9.0,0
38.00_74.00,2016-09-05,38.0,74.0,0.0,0.0,0.0,0.0,1.0,0.0,10.0,0
38.00_74.00,2016-09-12,38.0,74.0,0.0,0.0,0.0,0.0,1.0,0.0,11.0,0
38.00_74.00,2016-09-19,38.0,74.0,0.0,0.0,0.0,0.0,0.0,0.0,12.0,0
38.00_74.00,2016-09-26,38.0,74.0,0.0,0.0,0.0,0.0,0.0,0.0,13.0,0
38.00_74.00,2016-10-03,38.0,74.0,0.0,0.0,0.0,0.0,0.0,0.0,14.0,0
38.00_74.00,2016-10-10,38.0,74.0,0.0,0.0,0.0,0.0,0.0,0.0,15.0,0
38.00_74.00,2016-10-17,38.0,74.0,0.0,0.0,0.0,0.0,0.0,0.0,16.0,0
38.00_74.00,2016-10-24,38.0,74.0,0.0,0.0,0.0,0.0,0.0,0.0,17.0,0
38.00_74.00,2016-10-31,38.0,74.0,0.0,0.0,0.0,0.0,0.0,0.0,18.0,0
38.00_74.00,2016-11-07,38.0,74.0,0.0,0.0,0.0,0.0,0.0,0.0,19.0,0
38.00_74.00,2016-11-14,38.0,74.0,0.0,0.0,0.0,0.0,0.0,0.0,20.0,0
38.00_74.00,2016-11-21,38.0,74.0,0.0,0.0,0.0,0.0,0.0,0.0,21.0,7
38.00_74.00,2016-11-28,38.0,74.0,7.0,5.1,4.5,5.1,7.0,99812375.05097577,0.0,1
38.00_74.00,2016-12-05,38.0,74.0,1.0,4.6,4.6,5.1,8.0,107755657.39821857,0.0,2
38.00_74.00,2016-12-12,38.0,74.0,2.0,4.6,4.6,5.1,10.0,123642222.09270418,0.0,1
38.00_74.00,2016-12-19,38.0,74.0,1.0,4.8,4.8,5.1,11.0,139491154.0173153,0.0,1
38.00_74.00,2016-12-26,38.0,74.0,1.0,4.9,4.9,4.9,12.0,161878365.40299872,0.0,0
38.00_74.00,2017-01-02,38.0,74.0,0.0,0.0,0.0,4.9,12.0,161878365.40299872,1.0,0
38.00_74.00,2017-01-09,38.0,74.0,0.0,0.0,0.0,4.9,12.0,161878365.40299872,2.0,0
38.00_74.00,2017-01-16,38.0,74.0,0.0,0.0,0.0,4.9,12.0,161878365.40299872,3.0,1
38.00_74.00,2017-01-23,38.0,74.0,1.0,5.3,5.3,5.3,13.0,151191084.16539735,0.0,1
38.00_74.00,2017-01-30,38.0,74.0,1.0,4.5,4.5,5.3,14.0,148871215.07005805,0.0,0
38.00_74.00,2017-02-06,38.0,74.0,0.0,0.0,0.0,5.3,14.0,132984650.37557243,1.0,0
38.00_74.00,2017-02-13,38.0,74.0,0.0,0.0,0.0,5.3,14.0,117135718.4509613,2.0,0
38.00_74.00,2017-02-20,38.0,74.0,0.0,0.0,0.0,4.5,7.0,94748507.06527789,3.0,0
38.00_74.00,2017-02-27,38.0,74.0,0.0,0.0,0.0,0.0,6.0,94748507.06527789,4.0,0
38.00_74.00,2017-03-06,38.0,74.0,0.0,0.0,0.0,0.0,4.0,94748507.06527789,5.0,0
38.00_74.00,2017-03-13,38.0,74.0,0.0,0.0,0.0,0.0,3.0,94748507.06527789,6.0,0
38.00_74.00,2017-03-20,38.0,74.0,0.0,0.0,0.0,0.0,2.0,5623413.251903491,7.0,0
38.00_74.00,2017-03-27,38.0,74.0,0.0,0.0,0.0,0.0,2.0,0.0,8.0,1
38.00_74.00,2017-04-03,38.0,74.0,1.0,4.6,4.6,4.6,3.0,7943282.347242805,0.0,0
38.00_74.00,2017-04-10,38.0,74.0,0.0,0.0,0.0,4.6,3.0,7943282.347242805,1.0,0
38.00_74.00,2017-04-17,38.0,74.0,0.0,0.0,0.0,4.6,2.0,7943282.347242805,2.0,0
38.00_74.00,2017-04-24,38.0,74.0,0.0,0.0,0.0,4.6,1.0,7943282.347242805,3.0,0
38.00_74.00,2017-05-01,38.0,74.0,0.0,0.0,0.0,0.0,1.0,7943282.347242805,4.0,0
38.00_74.00,2017-05-08,38.0,74.0,0.0,0.0,0.0,0.0,1.0,7943282.347242805,5.0,0
38.00_74.00,2017-05-15,38.0,74.0,0.0,0.0,0.0,0.0,1.0,7943282.347242805,6.0,0
38.00_74.00,2017-05-22,38.0,74.0,0.0,0.0,0.0,0.0,1.0,7943282.347242805,7.0,0
38.00_74.00,2017-05-29,38.0,74.0,0.0,0.0,0.0,0.0,1.0,0.0,8.0,0
38.00_74.00,2017-06-05,38.0,74.0,0.0,0.0,0.0,0.0,1.0,0.0,9.0,0
38.00_74.00,2017-06-12,38.0,74.0,0.0,0.0,0.0,0.0,1.0,0.0,10.0,0
38.00_74.00,2017-06-19,38.0,74.0,0.0,0.0,0.0,0.0,1.0,0.0,11.0,0
38.00_74.00,2017-06-26,38.0,74.0,0.0,0.0,0.0,0.0,0.0,0.0,12.0,0
38.00_74.00,2017-07-03,38.0,74.0,0.0,0.0,0.0,0.0,0.0,0.0,13.0,0
38.00_74.00,2017-07-10,38.0,74.0,0.0,0.0,0.0,0.0,0.0,0.0,14.0,0
38.00_74.00,2017-07-17,38.0,74.0,0.0,0.0,0.0,0.0,0.0,0.0,15.0,0
38.00_74.00,2017-07-24,38.0,74.0,0.0,0.0,0.0,0.0,0.0,0.0,16.0,0
38.00_74.00,2017-07-31,38.0,74.0,0.0,0.0,0.0,0.0,0.0,0.0,17.0,0
38.00_74.00,2017-08-07,38.0,74.0,0.0,0.0,0.0,0.0,0.0,0.0,18.0,0
38.00_74.00,2017-08-14,38.0,74.0,0.0,0.0,0.0,0.0,0.0,0.0,19.0,0
38.00_74.00,2017-08-21,38.0,74.0,0.0,0.0,0.0,0.0,0.0,0.0,20.0,0
38.00_74.00,2017-08-28,38.0,74.0,0.0,0.0,0.0,0.0,0.0,0.0,21.0,0
38.00_74.00,2017-09-04,38.0,74.0,0.0,0.0,0.0,0.0,0.0,0.0,22.0,0
38.00_74.00,2017-09-11,38.0,74.0,0.0,0.0,0.0,0.0,0.0,0.0,23.0,0
38.00_74.00,2017-09-18,38.0,74.0,0.0,0.0,0.0,0.0,0.0,0.0,24.0,0
38.00_74.00,2017-09-25,38.0,74.0,0.0,0.0,0.0,0.0,0.0,0.0,25.0,0
38.00_74.00,2017-10-02,38.0,74.0,0.0,0.0,0.0,0.0,0.0,0.0,26.0,0
38.00_74.00,2017-10-09,38.0,74.0,0.0,0.0,0.0,0.0,0.0,0.0,27.0,0
38.00_74.00,2017-10-16,38.0,74.0,0.0,0.0,0.0,0.0,0.0,0.0,28.0,0
38.00_74.00,2017-10-23,38.0,74.0,0.0,0.0,0.0,0.0,0.0,0.0,29.0,0
38.00_74.00,2017-10-30,38.0,74.0,0.0,0.0,0.0,0.0,0.0,0.0,30.0,0
38.00_74.00,2017-11-06,38.0,74.0,0.0,0.0,0.0,0.0,0.0,0.0,31.0,0
38.00_74.00,2017-11-13,38.0,74.0,0.0,0.0,0.0,0.0,0.0,0.0,32.0,0
38.00_74.00,2017-11-20,38.0,74.0,0.0,0.0,0.0,0.0,0.0,0.0,33.0,0
38.00_74.00,2017-11-27,38.0,74.0,0.0,0.0,0.0,0.0,0.0,0.0,34.0,1
38.00_74.00,2017-12-04,38.0,74.0,1.0,4.5,4.5,4.5,1.0,5623413.251903491,0.0,0
38.00_74.00,2017-12-11,38.0,74.0,0.0,0.0,0.0,4.5,1.0,5623413.251903491,1.0,0
38.00_74.00,2017-12-18,38.0,74.0,0.0,0.0,0.0,4.5,1.0,5623413.251903491,2.0,0
38.00_74.00,2017-12-25,38.0,74.0,0.0,0.0,0.0,4.5,1.0,5623413.251903491,3.0,0
38.00_74.00,2018-01-01,38.0,74.0,0.0,0.0,0.0,0.0,1.0,5623413.251903491,4.0,0
38.00_74.00,2018-01-08,38.0,74.0,0.0,0.0,0.0,0.0,1.0,5623413.251903491,5.0,0
38.00_74.00,2018-01-15,38.0,74.0,0.0,0.0,0.0,0.0,1.0,5623413.251903491,6.0,0
38.00_74.00,2018-01-22,38.0,74.0,0.0,0.0,0.0,0.0,1.0,5623413.251903491,7.0,0
38.00_74.00,2018-01-29,38.0,74.0,0.0,0.0,0.0,0.0,1.0,0.0,8.0,0
38.00_74.00,2018-02-05,38.0,74.0,0.0,0.0,0.0,0.0,1.0,0.0,9.0,0
38.00_74.00,2018-02-12,38.0,74.0,0.0,0.0,0.0,0.0,1.0,0.0,10.0,0
38.00_74.00,2018-02-19,38.0,74.0,0.0,0.0,0.0,0.0,1.0,0.0,11.0,0
38.00_74.00,2018-02-26,38.0,74.0,0.0,0.0,0.0,0.0,0.0,0.0,12.0,0
38.00_74.00,2018-03-05,38.0,74.0,0.0,0.0,0.0,0.0,0.0,0.0,13.0,0
38.00_74.00,2018-03-12,38.0,74.0,0.0,0.0,0.0,0.0,0.0,0.0,14.0,0
38.00_74.00,2018-03-19,38.0,74.0,0.0,0.0,0.0,0.0,0.0,0.0,15.0,0
38.00_74.00,2018-03-26,38.0,74.0,0.0,0.0,0.0,0.0,0.0,0.0,16.0,0
38.00_74.00,2018-04-02,38.0,74.0,0.0,0.0,0.0,0.0,0.0,0.0,17.0,2
38.00_74.00,2018-04-09,38.0,74.0,2.0,5.0,4.6,5.0,2.0,39566058.9489266,0.0,0
38.00_74.00,2018-04-16,38.0,74.0,0.0,0.0,0.0,5.0,2.0,39566058.9489266,1.0,0
38.00_74.00,2018-04-23,38.0,74.0,0.0,0.0,0.0,5.0,2.0,39566058.9489266,2.0,0
38.00_74.00,2018-04-30,38.0,74.0,0.0,0.0,0.0,5.0,2.0,39566058.9489266,3.0,0
38.00_74.00,2018-05-07,38.0,74.0,0.0,0.0,0.0,0.0,2.0,39566058.9489266,4.0,0
38.00_74.00,2018-05-14,38.0,74.0,0.0,0.0,0.0,0.0,2.0,39566058.9489266,5.0,0
38.00_74.00,2018-05-21,38.0,74.0,0.0,0.0,0.0,0.0,2.0,39566058.9489266,6.0,0
38.00_74.00,2018-05-28,38.0,74.0,0.0,0.0,0.0,0.0,2.0,39566058.9489266,7.0,0
38.00_74.00,2018-06-04,38.0,74.0,0.0,0.0,0.0,0.0,2.0,0.0,8.0,0
38.00_74.00,2018-06-11,38.0,74.0,0.0,0.0,0.0,0.0,2.0,0.0,9.0,0
38.00_74.00,2018-06-18,38.0,74.0,0.0,0.0,0.0,0.0,2.0,0.0,10.0,0
38.00_74.00,2018-06-25,38.0,74.0,0.0,0.0,0.0,0.0,2.0,0.0,11.0,0
38.00_74.00,2018-07-02,38.0,74.0,0.0,0.0,0.0,0.0,0.0,0.0,12.0,0
38.00_74.00,2018-07-09,38.0,74.0,0.0,0.0,0.0,0.0,0.0,0.0,13.0,0
38.00_74.00,2018-07-16,38.0,74.0,0.0,0.0,0.0,0.0,0.0,0.0,14.0,0
38.00_74.00,2018-07-23,38.0,74.0,0.0,0.0,0.0,0.0,0.0,0.0,15.0,0
38.00_74.00,2018-07-30,38.0,74.0,0.0,0.0,0.0,0.0,0.0,0.0,16.0,0
38.00_74.00,2018-08-06,38.0,74.0,0.0,0.0,0.0,0.0,0.0,0.0,17.0,0
38.00_74.00,2018-08-13,38.0,74.0,0.0,0.0,0.0,0.0,0.0,0.0,18.0,0
38.00_74.00,2018-08-20,38.0,74.0,0.0,0.0,0.0,0.0,0.0,0.0,19.0,0
38.00_74.00,2018-08-27,38.0,74.0,0.0,0.0,0.0,0.0,0.0,0.0,20.0,0
38.00_74.00,2018-09-03,38.0,74.0,0.0,0.0,0.0,0.0,0.0,0.0,21.0,3
38.00_74.00,2018-09-10,38.0,74.0,3.0,5.5,4.6,5.5,3.0,193714505.69837788,0.0,0
38.00_74.00,2018-09-17,38.0,74.0,0.0,0.0,0.0,5.5,3.0,193714505.69837788,1.0,0
38.00_74.00,2018-09-24,38.0,74.0,0.0,0.0,0.0,5.5,3.0,193714505.69837788,2.0,0
38.00_74.00,2018-10-01,38.0,74.0,0.0,0.0,0.0,5.5,3.0,193714505.69837788,3.0,0
38.00_74.00,2018-10-08,38.0,74.0,0.0,0.0,0.0,0.0,3.0,193714505.69837788,4.0,1
38.00_74.00,2018-10-15,38.0,74.0,1.0,4.6,4.6,4.6,4.0,201657788.04562068,0.0,0
38.00_74.00,2018-10-22,38.0,74.0,0.0,0.0,0.0,4.6,4.0,201657788.04562068,1.0,0
38.00_74.00,2018-10-29,38.0,74.0,0.0,0.0,0.0,4.6,4.0,201657788.04562068,2.0,1
38.00_74.00,2018-11-05,38.0,74.0,1.0,4.6,4.6,4.6,5.0,15886564.69448561,0.0,0
38.00_74.00,2018-11-12,38.0,74.0,0.0,0.0,0.0,4.6,5.0,15886564.69448561,1.0,0
38.00_74.00,2018-11-19,38.0,74.0,0.0,0.0,0.0,4.6,5.0,15886564.69448561,2.0,0
38.00_74.00,2018-11-26,38.0,74.0,0.0,0.0,0.0,4.6,5.0,15886564.69448561,3.0,0
38.00_74.00,2018-12-03,38.0,74.0,0.0,0.0,0.0,0.0,2.0,15886564.69448561,4.0,0
38.00_74.00,2018-12-10,38.0,74.0,0.0,0.0,0.0,0.0,2.0,7943282.347242805,5.0,2
38.00_74.00,2018-12-17,38.0,74.0,2.0,4.7,4.6,4.7,4.0,27106749.237505265,0.0,2
38.00_74.00,2018-12-24,38.0,74.0,2.0,5.0,4.6,5.0,6.0,66672808.18643186,0.0,0
38.00_74.00,2018-12-31,38.0,74.0,0.0,0.0,0.0,5.0,6.0,58729525.83918906,1.0,0
38.00_74.00,2019-01-07,38.0,74.0,0.0,0.0,0.0,5.0,5.0,58729525.83918906,2.0,1
38.00_74.00,2019-01-14,38.0,74.0,1.0,5.3,5.3,5.3,6.0,147854619.65256345,0.0,0
38.00_74.00,2019-01-21,38.0,74.0,0.0,0.0,0.0,5.3,6.0,147854619.65256345,1.0,0
38.00_74.00,2019-01-28,38.0,74.0,0.0,0.0,0.0,5.3,5.0,147854619.65256345,2.0,0
38.00_74.00,2019-02-04,38.0,74.0,0.0,0.0,0.0,5.3,5.0,147854619.65256345,3.0,0
38.00_74.00,2019-02-11,38.0,74.0,0.0,0.0,0.0,0.0,5.0,128691152.762301,4.0,0
38.00_74.00,2019-02-18,38.0,74.0,0.0,0.0,0.0,0.0,5.0,89125093.8133744,5.0,0
38.00_74.00,2019-02-25,38.0,74.0,0.0,0.0,0.0,0.0,5.0,89125093.8133744,6.0,0
38.00_74.00,2019-03-04,38.0,74.0,0.0,0.0,0.0,0.0,5.0,89125093.8133744,7.0,0
38.00_74.00,2019-03-11,38.0,74.0,0.0,0.0,0.0,0.0,3.0,0.0,8.0,0
38.00_74.00,2019-03-18,38.0,74.0,0.0,0.0,0.0,0.0,1.0,0.0,9.0,0
38.00_74.00,2019-03-25,38.0,74.0,0.0,0.0,0.0,0.0,1.0,0.0,10.0,0
38.00_74.00,2019-04-01,38.0,74.0,0.0,0.0,0.0,0.0,1.0,0.0,11.0,1
38.00_74.00,2019-04-08,38.0,74.0,1.0,4.5,4.5,4.5,1.0,5623413.251903491,0.0,0
38.00_74.00,2019-04-15,38.0,74.0,0.0,0.0,0.0,4.5,1.0,5623413.251903491,1.0,0
38.00_74.00,2019-04-22,38.0,74.0,0.0,0.0,0.0,4.5,1.0,5623413.251903491,2.0,0
38.00_74.00,2019-04-29,38.0,74.0,0.0,0.0,0.0,4.5,1.0,5623413.251903491,3.0,0
38.00_74.00,2019-05-06,38.0,74.0,0.0,0.0,0.0,0.0,1.0,5623413.251903491,4.0,0
38.00_74.00,2019-05-13,38.0,74.0,0.0,0.0,0.0,0.0,1.0,5623413.251903491,5.0,0
38.00_74.00,2019-05-20,38.0,74.0,0.0,0.0,0.0,0.0,1.0,5623413.251903491,6.0,0
38.00_74.00,2019-05-27,38.0,74.0,0.0,0.0,0.0,0.0,1.0,5623413.251903491,7.0,0
38.00_74.00,2019-06-03,38.0,74.0,0.0,0.0,0.0,0.0,1.0,0.0,8.0,0
38.00_74.00,2019-06-10,38.0,74.0,0.0,0.0,0.0,0.0,1.0,0.0,9.0,0
38.00_74.00,2019-06-17,38.0,74.0,0.0,0.0,0.0,0.0,1.0,0.0,10.0,0
38.00_74.00,2019-06-24,38.0,74.0,0.0,0.0,0.0,0.0,1.0,0.0,11.0,0
38.00_74.00,2019-07-01,38.0,74.0,0.0,0.0,0.0,0.0,0.0,0.0,12.0,0
38.00_74.00,2019-07-08,38.0,74.0,0.0,0.0,0.0,0.0,0.0,0.0,13.0,0
38.00_74.00,2019-07-15,38.0,74.0,0.0,0.0,0.0,0.0,0.0,0.0,14.0,0
38.00_74.00,2019-07-22,38.0,74.0,0.0,0.0,0.0,0.0,0.0,0.0,15.0,0
38.00_74.00,2019-07-29,38.0,74.0,0.0,0.0,0.0,0.0,0.0,0.0,16.0,0
38.00_74.00,2019-08-05,38.0,74.0,0.0,0.0,0.0,0.0,0.0,0.0,17.0,0
38.00_74.00,2019-08-12,38.0,74.0,0.0,0.0,0.0,0.0,0.0,0.0,18.0,0
38.00_74.00,2019-08-19,38.0,74.0,0.0,0.0,0.0,0.0,0.0,0.0,19.0,0
38.00_74.00,2019-08-26,38.0,74.0,0.0,0.0,0.0,0.0,0.0,0.0,20.0,0
38.00_74.00,2019-09-02,38.0,74.0,0.0,0.0,0.0,0.0,0.0,0.0,21.0,0
38.00_74.00,2019-09-09,38.0,74.0,0.0,0.0,0.0,0.0,0.0,0.0,22.0,0
38.00_74.00,2019-09-16,38.0,74.0,0.0,0.0,0.0,0.0,0.0,0.0,23.0,0
38.00_74.00,2019-09-23,38.0,74.0,0.0,0.0,0.0,0.0,0.0,0.0,24.0,0
38.00_74.00,2019-09-30,38.0,74.0,0.0,0.0,0.0,0.0,0.0,0.0,25.0,1
38.00_74.00,2019-10-07,38.0,74.0,1.0,4.5,4.5,4.5,1.0,5623413.251903491,0.0,0
38.00_74.00,2019-10-14,38.0,74.0,0.0,0.0,0.0,4.5,1.0,5623413.251903491,1.0,0
38.00_74.00,2019-10-21,38.0,74.0,0.0,0.0,0.0,4.5,1.0,5623413.251903491,2.0,0
38.00_74.00,2019-10-28,38.0,74.0,0.0,0.0,0.0,4.5,1.0,5623413.251903491,3.0,0
38.00_74.00,2019-11-04,38.0,74.0,0.0,0.0,0.0,0.0,1.0,5623413.251903491,4.0,0
38.00_74.00,2019-11-11,38.0,74.0,0.0,0.0,0.0,0.0,1.0,5623413.251903491,5.0,0
38.00_74.00,2019-11-18,38.0,74.0,0.0,0.0,0.0,0.0,1.0,5623413.251903491,6.0,0
38.00_74.00,2019-11-25,38.0,74.0,0.0,0.0,0.0,0.0,1.0,5623413.251903491,7.0,0
38.00_74.00,2019-12-02,38.0,74.0,0.0,0.0,0.0,0.0,1.0,0.0,8.0,0
38.00_74.00,2019-12-09,38.0,74.0,0.0,0.0,0.0,0.0,1.0,0.0,9.0,0
38.00_74.00,2019-12-16,38.0,74.0,0.0,0.0,0.0,0.0,1.0,0.0,10.0,0
38.00_74.00,2019-12-23,38.0,74.0,0.0,0.0,0.0,0.0,1.0,0.0,11.0,0
38.00_74.00,2019-12-30,38.0,74.0,0.0,0.0,0.0,0.0,0.0,0.0,12.0,0
38.00_74.00,2020-01-06,38.0,74.0,0.0,0.0,0.0,0.0,0.0,0.0,13.0,0
38.00_74.00,2020-01-13,38.0,74.0,0.0,0.0,0.0,0.0,0.0,0.0,14.0,0
38.00_74.00,2020-01-20,38.0,74.0,0.0,0.0,0.0,0.0,0.0,0.0,15.0,0
38.00_74.00,2020-01-27,38.0,74.0,0.0,0.0,0.0,0.0,0.0,0.0,16.0,0
38.00_74.00,2020-02-03,38.0,74.0,0.0,0.0,0.0,0.0,0.0,0.0,17.0,0
38.00_74.00,2020-02-10,38.0,74.0,0.0,0.0,0.0,0.0,0.0,0.0,18.0,0
38.00_74.00,2020-02-17,38.0,74.0,0.0,0.0,0.0,0.0,0.0,0.0,19.0,0
38.00_74.00,2020-02-24,38.0,74.0,0.0,0.0,0.0,0.0,0.0,0.0,20.0,0
38.00_74.00,2020-03-02,38.0,74.0,0.0,0.0,0.0,0.0,0.0,0.0,21.0,0
38.00_74.00,2020-03-09,38.0,74.0,0.0,0.0,0.0,0.0,0.0,0.0,22.0,0
38.00_74.00,2020-03-16,38.0,74.0,0.0,0.0,0.0,0.0,0.0,0.0,23.0,0
38.00_74.00,2020-03-23,38.0,74.0,0.0,0.0,0.0,0.0,0.0,0.0,24.0,0
38.00_74.00,2020-03-30,38.0,74.0,0.0,0.0,0.0,0.0,0.0,0.0,25.0,0
38.00_74.00,2020-04-06,38.0,74.0,0.0,0.0,0.0,0.0,0.0,0.0,26.0,0
38.00_74.00,2020-04-13,38.0,74.0,0.0,0.0,0.0,0.0,0.0,0.0,27.0,0
38.00_74.00,2020-04-20,38.0,74.0,0.0,0.0,0.0,0.0,0.0,0.0,28.0,0
38.00_74.00,2020-04-27,38.0,74.0,0.0,0.0,0.0,0.0,0.0,0.0,29.0,0
38.00_74.00,2020-05-04,38.0,74.0,0.0,0.0,0.0,0.0,0.0,0.0,30.0,0
38.00_74.00,2020-05-11,38.0,74.0,0.0,0.0,0.0,0.0,0.0,0.0,31.0,0
38.00_74.00,2020-05-18,38.0,74.0,0.0,0.0,0.0,0.0,0.0,0.0,32.0,0
38.00_74.00,2020-05-25,38.0,74.0,0.0,0.0,0.0,0.0,0.0,0.0,33.0,0
38.00_74.00,2020-06-01,38.0,74.0,0.0,0.0,0.0,0.0,0.0,0.0,34.0,0
38.00_74.00,2020-06-08,38.0,74.0,0.0,0.0,0.0,0.0,0.0,0.0,35.0,0
38.00_74.00,2020-06-15,38.0,74.0,0.0,0.0,0.0,0.0,0.0,0.0,36.0,0
38.00_74.00,2020-06-22,38.0,74.0,0.0,0.0,0.0,0.0,0.0,0.0,37.0,0
38.00_74.00,2020-06-29,38.0,74.0,0.0,0.0,0.0,0.0,0.0,0.0,38.0,1
38.00_74.00,2020-07-06,38.0,74.0,1.0,4.5,4.5,4.5,1.0,5623413.251903491,0.0,0
38.00_74.00,2020-07-13,38.0,74.0,0.0,0.0,0.0,4.5,1.0,5623413.251903491,1.0,0
38.00_74.00,2020-07-20,38.0,74.0,0.0,0.0,0.0,4.5,1.0,5623413.251903491,2.0,0
38.00_74.00,2020-07-27,38.0,74.0,0.0,0.0,0.0,4.5,1.0,5623413.251903491,3.0,0
38.00_74.00,2020-08-03,38.0,74.0,0.0,0.0,0.0,0.0,1.0,5623413.251903491,4.0,0
38.00_74.00,2020-08-10,38.0,74.0,0.0,0.0,0.0,0.0,1.0,5623413.251903491,5.0,0
38.00_74.00,2020-08-17,38.0,74.0,0.0,0.0,0.0,0.0,1.0,5623413.251903491,6.0,0
38.00_74.00,2020-08-24,38.0,74.0,0.0,0.0,0.0,0.0,1.0,5623413.251903491,7.0,0
38.00_74.00,2020-08-31,38.0,74.0,0.0,0.0,0.0,0.0,1.0,0.0,8.0,0
38.00_74.00,2020-09-07,38.0,74.0,0.0,0.0,0.0,0.0,1.0,0.0,9.0,0
38.00_74.00,2020-09-14,38.0,74.0,0.0,0.0,0.0,0.0,1.0,0.0,10.0,1
38.00_74.00,2020-09-21,38.0,74.0,1.0,4.5,4.5,4.5,2.0,5623413.251903491,0.0,0
38.00_74.00,2020-09-28,38.0,74.0,0.0,0.0,0.0,4.5,1.0,5623413.251903491,1.0,0
38.00_74.00,2020-10-05,38.0,74.0,0.0,0.0,0.0,4.5,1.0,5623413.251903491,2.0,0
38.00_74.00,2020-10-12,38.0,74.0,0.0,0.0,0.0,4.5,1.0,5623413.251903491,3.0,0
38.00_74.00,2020-10-19,38.0,74.0,0.0,0.0,0.0,0.0,1.0,5623413.251903491,4.0,0
38.00_74.00,2020-10-26,38.0,74.0,0.0,0.0,0.0,0.0,1.0,5623413.251903491,5.0,1
38.00_74.00,2020-11-02,38.0,74.0,1.0,4.8,4.8,4.8,2.0,21472345.1765146,0.0,0
38.00_74.00,2020-11-09,38.0,74.0,0.0,0.0,0.0,4.8,2.0,21472345.1765146,1.0,1
38.00_74.00,2020-11-16,38.0,74.0,1.0,4.6,4.6,4.8,3.0,23792214.271853913,0.0,0
38.00_74.00,2020-11-23,38.0,74.0,0.0,0.0,0.0,4.8,3.0,23792214.271853913,1.0,0
38.00_74.00,2020-11-30,38.0,74.0,0.0,0.0,0.0,4.6,3.0,23792214.271853913,2.0,0
38.00_74.00,2020-12-07,38.0,74.0,0.0,0.0,0.0,4.6,3.0,23792214.271853913,3.0,0
38.00_74.00,2020-12-14,38.0,74.0,0.0,0.0,0.0,0.0,2.0,23792214.271853913,4.0,0
38.00_74.00,2020-12-21,38.0,74.0,0.0,0.0,0.0,0.0,2.0,23792214.271853913,5.0,0
38.00_74.00,2020-12-28,38.0,74.0,0.0,0.0,0.0,0.0,2.0,7943282.347242805,6.0,0
38.00_74.00,2021-01-04,38.0,74.0,0.0,0.0,0.0,0.0,2.0,7943282.347242805,7.0,0
38.00_74.00,2021-01-11,38.0,74.0,0.0,0.0,0.0,0.0,2.0,0.0,8.0,0
38.00_74.00,2021-01-18,38.0,74.0,0.0,0.0,0.0,0.0,2.0,0.0,9.0,0
38.00_74.00,2021-01-25,38.0,74.0,0.0,0.0,0.0,0.0,1.0,0.0,10.0,0
38.00_74.00,2021-02-01,38.0,74.0,0.0,0.0,0.0,0.0,1.0,0.0,11.0,0
38.00_74.00,2021-02-08,38.0,74.0,0.0,0.0,0.0,0.0,0.0,0.0,12.0,1
38.00_74.00,2021-02-15,38.0,74.0,1.0,4.5,4.5,4.5,1.0,5623413.251903491,0.0,0
38.00_74.00,2021-02-22,38.0,74.0,0.0,0.0,0.0,4.5,1.0,5623413.251903491,1.0,0
38.00_74.00,2021-03-01,38.0,74.0,0.0,0.0,0.0,4.5,1.0,5623413.251903491,2.0,0
38.00_74.00,2021-03-08,38.0,74.0,0.0,0.0,0.0,4.5,1.0,5623413.251903491,3.0,0
38.00_74.00,2021-03-15,38.0,74.0,0.0,0.0,0.0,0.0,1.0,5623413.251903491,4.0,0
38.00_74.00,2021-03-22,38.0,74.0,0.0,0.0,0.0,0.0,1.0,5623413.251903491,5.0,0
38.00_74.00,2021-03-29,38.0,74.0,0.0,0.0,0.0,0.0,1.0,5623413.251903491,6.0,0
38.00_74.00,2021-04-05,38.0,74.0,0.0,0.0,0.0,0.0,1.0,5623413.251903491,7.0,0
38.00_74.00,2021-04-12,38.0,74.0,0.0,0.0,0.0,0.0,1.0,0.0,8.0,0
38.00_74.00,2021-04-19,38.0,74.0,0.0,0.0,0.0,0.0,1.0,0.0,9.0,0
38.00_74.00,2021-04-26,38.0,74.0,0.0,0.0,0.0,0.0,1.0,0.0,10.0,0
38.00_74.00,2021-05-03,38.0,74.0,0.0,0.0,0.0,0.0,1.0,0.0,11.0,0
38.00_74.00,2021-05-10,38.0,74.0,0.0,0.0,0.0,0.0,0.0,0.0,12.0,0
38.00_74.00,2021-05-17,38.0,74.0,0.0,0.0,0.0,0.0,0.0,0.0,13.0,0
38.00_74.00,2021-05-24,38.0,74.0,0.0,0.0,0.0,0.0,0.0,0.0,14.0,0
38.00_74.00,2021-05-31,38.0,74.0,0.0,0.0,0.0,0.0,0.0,0.0,15.0,0
38.00_74.00,2021-06-07,38.0,74.0,0.0,0.0,0.0,0.0,0.0,0.0,16.0,0
38.00_74.00,2021-06-14,38.0,74.0,0.0,0.0,0.0,0.0,0.0,0.0,17.0,0
38.00_74.00,2021-06-21,38.0,74.0,0.0,0.0,0.0,0.0,0.0,0.0,18.0,0
38.00_74.00,2021-06-28,38.0,74.0,0.0,0.0,0.0,0.0,0.0,0.0,19.0,0
38.00_74.00,2021-07-05,38.0,74.0,0.0,0.0,0.0,0.0,0.0,0.0,20.0,0
38.00_74.00,2021-07-12,38.0,74.0,0.0,0.0,0.0,0.0,0.0,0.0,21.0,0
38.00_74.00,2021-07-19,38.0,74.0,0.0,0.0,0.0,0.0,0.0,0.0,22.0,0
38.00_74.00,2021-07-26,38.0,74.0,0.0,0.0,0.0,0.0,0.0,0.0,23.0,0
38.00_74.00,2021-08-02,38.0,74.0,0.0,0.0,0.0,0.0,0.0,0.0,24.0,0
38.00_74.00,2021-08-09,38.0,74.0,0.0,0.0,0.0,0.0,0.0,0.0,25.0,1
38.00_74.00,2021-08-16,38.0,74.0,1.0,4.7,4.7,4.7,1.0,11220184.543019652,0.0,0
38.00_74.00,2021-08-23,38.0,74.0,0.0,0.0,0.0,4.7,1.0,11220184.543019652,1.0,0
38.00_74.00,2021-08-30,38.0,74.0,0.0,0.0,0.0,4.7,1.0,11220184.543019652,2.0,0
38.00_74.00,2021-09-06,38.0,74.0,0.0,0.0,0.0,4.7,1.0,11220184.543019652,3.0,0
38.00_74.00,2021-09-13,38.0,74.0,0.0,0.0,0.0,0.0,1.0,11220184.543019652,4.0,0
38.00_74.00,2021-09-20,38.0,74.0,0.0,0.0,0.0,0.0,1.0,11220184.543019652,5.0,0
38.00_74.00,2021-09-27,38.0,74.0,0.0,0.0,0.0,0.0,1.0,11220184.543019652,6.0,0
38.00_74.00,2021-10-04,38.0,74.0,0.0,0.0,0.0,0.0,1.0,11220184.543019652,7.0,0
38.00_74.00,2021-10-11,38.0,74.0,0.0,0.0,0.0,0.0,1.0,0.0,8.0,0
38.00_74.00,2021-10-18,38.0,74.0,0.0,0.0,0.0,0.0,1.0,0.0,9.0,0
38.00_74.00,2021-10-25,38.0,74.0,0.0,0.0,0.0,0.0,1.0,0.0,10.0,0
38.00_74.00,2021-11-01,38.0,74.0,0.0,0.0,0.0,0.0,1.0,0.0,11.0,0
38.00_74.00,2021-11-08,38.0,74.0,0.0,0.0,0.0,0.0,0.0,0.0,12.0,0
38.00_74.00,2021-11-15,38.0,74.0,0.0,0.0,0.0,0.0,0.0,0.0,13.0,0
38.00_74.00,2021-11-22,38.0,74.0,0.0,0.0,0.0,0.0,0.0,0.0,14.0,0
38.00_74.00,2021-11-29,38.0,74.0,0.0,0.0,0.0,0.0,0.0,0.0,15.0,0
38.00_74.00,2021-12-06,38.0,74.0,0.0,0.0,0.0,0.0,0.0,0.0,16.0,0
38.00_74.00,2021-12-13,38.0,74.0,0.0,0.0,0.0,0.0,0.0,0.0,17.0,0
38.00_74.00,2021-12-20,38.0,74.0,0.0,0.0,0.0,0.0,0.0,0.0,18.0,0
38.00_74.00,2021-12-27,38.0,74.0,0.0,0.0,0.0,0.0,0.0,0.0,19.0,0
38.00_74.00,2022-01-03,38.0,74.0,0.0,0.0,0.0,0.0,0.0,0.0,20.0,0
38.00_74.00,2022-01-10,38.0,74.0,0.0,0.0,0.0,0.0,0.0,0.0,21.0,0
38.00_74.00,2022-01-17,38.0,74.0,0.0,0.0,0.0,0.0,0.0,0.0,22.0,0
38.00_74.00,2022-01-24,38.0,74.0,0.0,0.0,0.0,0.0,0.0,0.0,23.0,0
38.00_74.00,2022-01-31,38.0,74.0,0.0,0.0,0.0,0.0,0.0,0.0,24.0,0
38.00_74.00,2022-02-07,38.0,74.0,0.0,0.0,0.0,0.0,0.0,0.0,25.0,0
38.00_74.00,2022-02-14,38.0,74.0,0.0,0.0,0.0,0.0,0.0,0.0,26.0,0
38.00_74.00,2022-02-21,38.0,74.0,0.0,0.0,0.0,0.0,0.0,0.0,27.0,0
38.00_74.00,2022-02-28,38.0,74.0,0.0,0.0,0.0,0.0,0.0,0.0,28.0,0
38.00_74.00,2022-03-07,38.0,74.0,0.0,0.0,0.0,0.0,0.0,0.0,29.0,0
38.00_74.00,2022-03-14,38.0,74.0,0.0,0.0,0.0,0.0,0.0,0.0,30.0,0
38.00_74.00,2022-03-21,38.0,74.0,0.0,0.0,0.0,0.0,0.0,0.0,31.0,0
38.00_74.00,2022-03-28,38.0,74.0,0.0,0.0,0.0,0.0,0.0,0.0,32.0,0
38.00_74.00,2022-04-04,38.0,74.0,0.0,0.0,0.0,0.0,0.0,0.0,33.0,0
38.00_74.00,2022-04-11,38.0,74.0,0.0,0.0,0.0,0.0,0.0,0.0,34.0,0
38.00_74.00,2022-04-18,38.0,74.0,0.0,0.0,0.0,0.0,0.0,0.0,35.0,0
38.00_74.00,2022-04-25,38.0,74.0,0.0,0.0,0.0,0.0,0.0,0.0,36.0,0
38.00_74.00,2022-05-02,38.0,74.0,0.0,0.0,0.0,0.0,0.0,0.0,37.0,0
38.00_74.00,2022-05-09,38.0,74.0,0.0,0.0,0.0,0.0,0.0,0.0,38.0,1
38.00_74.00,2022-05-16,38.0,74.0,1.0,4.5,4.5,4.5,1.0,5623413.251903491,0.0,0
38.00_74.00,2022-05-23,38.0,74.0,0.0,0.0,0.0,4.5,1.0,5623413.251903491,1.0,0
38.00_74.00,2022-05-30,38.0,74.0,0.0,0.0,0.0,4.5,1.0,5623413.251903491,2.0,0
38.00_74.00,2022-06-06,38.0,74.0,0.0,0.0,0.0,4.5,1.0,5623413.251903491,3.0,0
38.00_74.00,2022-06-13,38.0,74.0,0.0,0.0,0.0,0.0,1.0,5623413.251903491,4.0,0
38.00_74.00,2022-06-20,38.0,74.0,0.0,0.0,0.0,0.0,1.0,5623413.251903491,5.0,0
38.00_74.00,2022-06-27,38.0,74.0,0.0,0.0,0.0,0.0,1.0,5623413.251903491,6.0,0
38.00_74.00,2022-07-04,38.0,74.0,0.0,0.0,0.0,0.0,1.0,5623413.251903491,7.0,0
38.00_74.00,2022-07-11,38.0,74.0,0.0,0.0,0.0,0.0,1.0,0.0,8.0,0
38.00_74.00,2022-07-18,38.0,74.0,0.0,0.0,0.0,0.0,1.0,0.0,9.0,0
38.00_74.00,2022-07-25,38.0,74.0,0.0,0.0,0.0,0.0,1.0,0.0,10.0,0
38.00_74.00,2022-08-01,38.0,74.0,0.0,0.0,0.0,0.0,1.0,0.0,11.0,1
38.00_74.00,2022-08-08,38.0,74.0,1.0,4.5,4.5,4.5,1.0,5623413.251903491,0.0,0
38.00_74.00,2022-08-15,38.0,74.0,0.0,0.0,0.0,4.5,1.0,5623413.251903491,1.0,0
38.00_74.00,2022-08-22,38.0,74.0,0.0,0.0,0.0,4.5,1.0,5623413.251903491,2.0,0
38.00_74.00,2022-08-29,38.0,74.0,0.0,0.0,0.0,4.5,1.0,5623413.251903491,3.0,0
38.00_74.00,2022-09-05,38.0,74.0,0.0,0.0,0.0,0.0,1.0,5623413.251903491,4.0,0
38.00_74.00,2022-09-12,38.0,74.0,0.0,0.0,0.0,0.0,1.0,5623413.251903491,5.0,0
38.00_74.00,2022-09-19,38.0,74.0,0.0,0.0,0.0,0.0,1.0,5623413.251903491,6.0,0
38.00_74.00,2022-09-26,38.0,74.0,0.0,0.0,0.0,0.0,1.0,5623413.251903491,7.0,0
38.00_74.00,2022-10-03,38.0,74.0,0.0,0.0,0.0,0.0,1.0,0.0,8.0,0
38.00_74.00,2022-10-10,38.0,74.0,0.0,0.0,0.0,0.0,1.0,0.0,9.0,0
38.00_74.00,2022-10-17,38.0,74.0,0.0,0.0,0.0,0.0,1.0,0.0,10.0,0
38.00_74.00,2022-10-24,38.0,74.0,0.0,0.0,0.0,0.0,1.0,0.0,11.0,0
38.00_74.00,2022-10-31,38.0,74.0,0.0,0.0,0.0,0.0,0.0,0.0,12.0,0
38.00_74.00,2022-11-07,38.0,74.0,0.0,0.0,0.0,0.0,0.0,0.0,13.0,0
38.00_74.00,2022-11-14,38.0,74.0,0.0,0.0,0.0,0.0,0.0,0.0,14.0,0
38.00_74.00,2022-11-21,38.0,74.0,0.0,0.0,0.0,0.0,0.0,0.0,15.0,1
38.00_74.00,2022-11-28,38.0,74.0,1.0,4.9,4.9,4.9,1.0,22387211.385683425,0.0,0
38.00_74.00,2022-12-05,38.0,74.0,0.0,0.0,0.0,4.9,1.0,22387211.385683425,1.0,0
38.00_74.00,2022-12-12,38.0,74.0,0.0,0.0,0.0,4.9,1.0,22387211.385683425,2.0,0
38.00_74.00,2022-12-19,38.0,74.0,0.0,0.0,0.0,4.9,1.0,22387211.385683425,3.0,0
38.00_74.00,2022-12-26,38.0,74.0,0.0,0.0,0.0,0.0,1.0,22387211.385683425,4.0,0
38.00_74.00,2023-01-02,38.0,74.0,0.0,0.0,0.0,0.0,1.0,22387211.385683425,5.0,0
38.00_74.00,2023-01-09,38.0,74.0,0.0,0.0,0.0,0.0,1.0,22387211.385683425,6.0,0
38.00_74.00,2023-01-16,38.0,74.0,0.0,0.0,0.0,0.0,1.0,22387211.385683425,7.0,0
38.00_74.00,2023-01-23,38.0,74.0,0.0,0.0,0.0,0.0,1.0,0.0,8.0,1
38.00_74.00,2023-01-30,38.0,74.0,1.0,4.5,4.5,4.5,2.0,5623413.251903491,0.0,0
38.00_74.00,2023-02-06,38.0,74.0,0.0,0.0,0.0,4.5,2.0,5623413.251903491,1.0,0
38.00_74.00,2023-02-13,38.0,74.0,0.0,0.0,0.0,4.5,2.0,5623413.251903491,2.0,0
38.00_74.00,2023-02-20,38.0,74.0,0.0,0.0,0.0,4.5,1.0,5623413.251903491,3.0,0
38.00_74.00,2023-02-27,38.0,74.0,0.0,0.0,0.0,0.0,1.0,5623413.251903491,4.0,1
38.00_74.00,2023-03-06,38.0,74.0,1.0,4.6,4.6,4.6,2.0,13566695.599146295,0.0,0
38.00_74.00,2023-03-13,38.0,74.0,0.0,0.0,0.0,4.6,2.0,13566695.599146295,1.0,1
38.00_74.00,2023-03-20,38.0,74.0,1.0,4.7,4.7,4.7,3.0,24786880.142165948,0.0,0
38.00_74.00,2023-03-27,38.0,74.0,0.0,0.0,0.0,4.7,3.0,19163466.890262455,1.0,0
38.00_74.00,2023-04-03,38.0,74.0,0.0,0.0,0.0,4.7,3.0,19163466.890262455,2.0,1
38.00_74.00,2023-04-10,38.0,74.0,1.0,4.6,4.6,4.7,4.0,27106749.23750526,0.0,0
38.00_74.00,2023-04-17,38.0,74.0,0.0,0.0,0.0,4.6,4.0,27106749.237505265,1.0,0
38.00_74.00,2023-04-24,38.0,74.0,0.0,0.0,0.0,4.6,3.0,27106749.237505265,2.0,0
38.00_74.00,2023-05-01,38.0,74.0,0.0,0.0,0.0,4.6,3.0,19163466.89026246,3.0,0
38.00_74.00,2023-05-08,38.0,74.0,0.0,0.0,0.0,0.0,3.0,19163466.89026246,4.0,0
38.00_74.00,2023-05-15,38.0,74.0,0.0,0.0,0.0,0.0,3.0,7943282.347242805,5.0,0
38.00_74.00,2023-05-22,38.0,74.0,0.0,0.0,0.0,0.0,3.0,7943282.347242805,6.0,0
38.00_74.00,2023-05-29,38.0,74.0,0.0,0.0,0.0,0.0,2.0,7943282.347242805,7.0,0
38.00_74.00,2023-06-05,38.0,74.0,0.0,0.0,0.0,0.0,2.0,0.0,8.0,0
38.00_74.00,2023-06-12,38.0,74.0,0.0,0.0,0.0,0.0,1.0,0.0,9.0,0
38.00_74.00,2023-06-19,38.0,74.0,0.0,0.0,0.0,0.0,1.0,0.0,10.0,0
38.00_74.00,2023-06-26,38.0,74.0,0.0,0.0,0.0,0.0,1.0,0.0,11.0,0
38.00_74.00,2023-07-03,38.0,74.0,0.0,0.0,0.0,0.0,0.0,0.0,12.0,1
38.00_74.00,2023-07-10,38.0,74.0,1.0,4.6,4.6,4.6,1.0,7943282.347242805,0.0,0
38.00_74.00,2023-07-17,38.0,74.0,0.0,0.0,0.0,4.6,1.0,7943282.347242805,1.0,0
38.00_74.00,2023-07-24,38.0,74.0,0.0,0.0,0.0,4.6,1.0,7943282.347242805,2.0,0
38.00_74.00,2023-07-31,38.0,74.0,0.0,0.0,0.0,4.6,1.0,7943282.347242805,3.0,0
38.00_74.00,2023-08-07,38.0,74.0,0.0,0.0,0.0,0.0,1.0,7943282.347242805,4.0,0
38.00_74.00,2023-08-14,38.0,74.0,0.0,0.0,0.0,0.0,1.0,7943282.347242805,5.0,0
38.00_74.00,2023-08-21,38.0,74.0,0.0,0.0,0.0,0.0,1.0,7943282.347242805,6.0,0
38.00_74.00,2023-08-28,38.0,74.0,0.0,0.0,0.0,0.0,1.0,7943282.347242805,7.0,0
38.00_74.00,2023-09-04,38.0,74.0,0.0,0.0,0.0,0.0,1.0,0.0,8.0,0
38.00_74.00,2023-09-11,38.0,74.0,0.0,0.0,0.0,0.0,1.0,0.0,9.0,0
38.00_74.00,2023-09-18,38.0,74.0,0.0,0.0,0.0,0.0,1.0,0.0,10.0,0
38.00_74.00,2023-09-25,38.0,74.0,0.0,0.0,0.0,0.0,1.0,0.0,11.0,0
38.00_74.00,2023-10-02,38.0,74.0,0.0,0.0,0.0,0.0,0.0,0.0,12.0,0
38.00_74.00,2023-10-09,38.0,74.0,0.0,0.0,0.0,0.0,0.0,0.0,13.0,0
38.00_74.00,2023-10-16,38.0,74.0,0.0,0.0,0.0,0.0,0.0,0.0,14.0,0
38.00_74.00,2023-10-23,38.0,74.0,0.0,0.0,0.0,0.0,0.0,0.0,15.0,0
38.00_74.00,2023-10-30,38.0,74.0,0.0,0.0,0.0,0.0,0.0,0.0,16.0,0
38.00_74.00,2023-11-06,38.0,74.0,0.0,0.0,0.0,0.0,0.0,0.0,17.0,1
38.00_74.00,2023-11-13,38.0,74.0,1.0,4.6,4.6,4.6,1.0,7943282.347242805,0.0,0
38.00_74.00,2023-11-20,38.0,74.0,0.0,0.0,0.0,4.6,1.0,7943282.347242805,1.0,0
38.00_74.00,2023-11-27,38.0,74.0,0.0,0.0,0.0,4.6,1.0,7943282.347242805,2.0,0
38.00_74.00,2023-12-04,38.0,74.0,0.0,0.0,0.0,4.6,1.0,7943282.347242805,3.0,0
38.00_74.00,2023-12-11,38.0,74.0,0.0,0.0,0.0,0.0,1.0,7943282.347242805,4.0,0
38.00_74.00,2023-12-18,38.0,74.0,0.0,0.0,0.0,0.0,1.0,7943282.347242805,5.0,0
38.00_74.00,2023-12-25,38.0,74.0,0.0,0.0,0.0,0.0,1.0,7943282.347242805,6.0,0
38.00_77.00,2010-03-22,38.0,77.0,0.0,0.0,0.0,0.0,1.0,0.0,11.0,0
38.00_77.00,2010-03-29,38.0,77.0,0.0,0.0,0.0,0.0,0.0,0.0,12.0,0
38.00_77.00,2010-04-05,38.0,77.0,0.0,0.0,0.0,0.0,0.0,0.0,13.0,0
38.00_77.00,2010-04-12,38.0,77.0,0.0,0.0,0.0,0.0,0.0,0.0,14.0,0
38.00_77.00,2010-04-19,38.0,77.0,0.0,0.0,0.0,0.0,0.0,0.0,15.0,0
38.00_77.00,2010-04-26,38.0,77.0,0.0,0.0,0.0,0.0,0.0,0.0,16.0,0
38.00_77.00,2010-05-03,38.0,77.0,0.0,0.0,0.0,0.0,0.0,0.0,17.0,0
38.00_77.00,2010-05-10,38.0,77.0,0.0,0.0,0.0,0.0,0.0,0.0,18.0,0
38.00_77.00,2010-05-17,38.0,77.0,0.0,0.0,0.0,0.0,0.0,0.0,19.0,1
38.00_77.00,2010-05-24,38.0,77.0,1.0,4.6,4.6,4.6,1.0,7943282.347242805,0.0,0
38.00_77.00,2010-05-31,38.0,77.0,0.0,0.0,0.0,4.6,1.0,7943282.347242805,1.0,0
38.00_77.00,2010-06-07,38.0,77.0,0.0,0.0,0.0,4.6,1.0,7943282.347242805,2.0,0
38.00_77.00,2010-06-14,38.0,77.0,0.0,0.0,0.0,4.6,1.0,7943282.347242805,3.0,0
38.00_77.00,2010-06-21,38.0,77.0,0.0,0.0,0.0,0.0,1.0,7943282.347242805,4.0,0
38.00_77.00,2010-06-28,38.0,77.0,0.0,0.0,0.0,0.0,1.0,7943282.347242805,5.0,0
38.00_77.00,2010-07-05,38.0,77.0,0.0,0.0,0.0,0.0,1.0,7943282.347242805,6.0,0
38.00_77.00,2010-07-12,38.0,77.0,0.0,0.0,0.0,0.0,1.0,7943282.347242805,7.0,0
38.00_77.00,2010-07-19,38.0,77.0,0.0,0.0,0.0,0.0,1.0,0.0,8.0,0
38.00_77.00,2010-07-26,38.0,77.0,0.0,0.0,0.0,0.0,1.0,0.0,9.0,0
38.00_77.00,2010-08-02,38.0,77.0,0.0,0.0,0.0,0.0,1.0,0.0,10.0,0
38.00_77.00,2010-08-09,38.0,77.0,0.0,0.0,0.0,0.0,1.0,0.0,11.0,0
38.00_77.00,2010-08-16,38.0,77.0,0.0,0.0,0.0,0.0,0.0,0.0,12.0,0
38.00_77.00,2010-08-23,38.0,77.0,0.0,0.0,0.0,0.0,0.0,0.0,13.0,0
38.00_77.00,2010-08-30,38.0,77.0,0.0,0.0,0.0,0.0,0.0,0.0,14.0,0
38.00_77.00,2010-09-06,38.0,77.0,0.0,0.0,0.0,0.0,0.0,0.0,15.0,0
38.00_77.00,2010-09-13,38.0,77.0,0.0,0.0,0.0,0.0,0.0,0.0,16.0,0
38.00_77.00,2010-09-20,38.0,77.0,0.0,0.0,0.0,0.0,0.0,0.0,17.0,0
38.00_77.00,2010-09-27,38.0,77.0,0.0,0.0,0.0,0.0,0.0,0.0,18.0,0
38.00_77.00,2010-10-04,38.0,77.0,0.0,0.0,0.0,0.0,0.0,0.0,19.0,0
38.00_77.00,2010-10-11,38.0,77.0,0.0,0.0,0.0,0.0,0.0,0.0,20.0,0
38.00_77.00,2010-10-18,38.0,77.0,0.0,0.0,0.0,0.0,0.0,0.0,21.0,0
38.00_77.00,2010-10-25,38.0,77.0,0.0,0.0,0.0,0.0,0.0,0.0,22.0,0
38.00_77.00,2010-11-01,38.0,77.0,0.0,0.0,0.0,0.0,0.0,0.0,23.0,0
38.00_77.00,2010-11-08,38.0,77.0,0.0,0.0,0.0,0.0,0.0,0.0,24.0,0
38.00_77.00,2010-11-15,38.0,77.0,0.0,0.0,0.0,0.0,0.0,0.0,25.0,0
38.00_77.00,2010-11-22,38.0,77.0,0.0,0.0,0.0,0.0,0.0,0.0,26.0,0
38.00_77.00,2010-11-29,38.0,77.0,0.0,0.0,0.0,0.0,0.0,0.0,27.0,0
38.00_77.00,2010-12-06,38.0,77.0,0.0,0.0,0.0,0.0,0.0,0.0,28.0,0
38.00_77.00,2010-12-13,38.0,77.0,0.0,0.0,0.0,0.0,0.0,0.0,29.0,0
38.00_77.00,2010-12-20,38.0,77.0,0.0,0.0,0.0,0.0,0.0,0.0,30.0,0
38.00_77.00,2010-12-27,38.0,77.0,0.0,0.0,0.0,0.0,0.0,0.0,31.0,0
38.00_77.00,2011-01-03,38.0,77.0,0.0,0.0,0.0,0.0,0.0,0.0,32.0,0
38.00_77.00,2011-01-10,38.0,77.0,0.0,0.0,0.0,0.0,0.0,0.0,33.0,0
38.00_77.00,2011-01-17,38.0,77.0,0.0,0.0,0.0,0.0,0.0,0.0,34.0,0
38.00_77.00,2011-01-24,38.0,77.0,0.0,0.0,0.0,0.0,0.0,0.0,35.0,0
38.00_77.00,2011-01-31,38.0,77.0,0.0,0.0,0.0,0.0,0.0,0.0,36.0,0
38.00_77.00,2011-02-07,38.0,77.0,0.0,0.0,0.0,0.0,0.0,0.0,37.0,0
38.00_77.00,2011-02-14,38.0,77.0,0.0,0.0,0.0,0.0,0.0,0.0,38.0,0
38.00_77.00,2011-02-21,38.0,77.0,0.0,0.0,0.0,0.0,0.0,0.0,39.0,0
38.00_77.00,2011-02-28,38.0,77.0,0.0,0.0,0.0,0.0,0.0,0.0,40.0,0
38.00_77.00,2011-03-07,38.0,77.0,0.0,0.0,0.0,0.0,0.0,0.0,41.0,0
38.00_77.00,2011-03-14,38.0,77.0,0.0,0.0,0.0,0.0,0.0,0.0,42.0,1
38.00_77.00,2011-03-21,38.0,77.0,1.0,4.9,4.9,4.9,1.0,22387211.385683425,0.0,0
38.00_77.00,2011-03-28,38.0,77.0,0.0,0.0,0.0,4.9,1.0,22387211.385683425,1.0,0
38.00_77.00,2011-04-04,38.0,77.0,0.0,0.0,0.0,4.9,1.0,22387211.385683425,2.0,0
38.00_77.00,2011-04-11,38.0,77.0,0.0,0.0,0.0,4.9,1.0,22387211.385683425,3.0,0
38.00_77.00,2011-04-18,38.0,77.0,0.0,0.0,0.0,0.0,1.0,22387211.385683425,4.0,0
38.00_77.00,2011-04-25,38.0,77.0,0.0,0.0,0.0,0.0,1.0,22387211.385683425,5.0,0
38.00_77.00,2011-05-02,38.0,77.0,0.0,0.0,0.0,0.0,1.0,22387211.385683425,6.0,0
38.00_77.00,2011-05-09,38.0,77.0,0.0,0.0,0.0,0.0,1.0,22387211.385683425,7.0,0
38.00_77.00,2011-05-16,38.0,77.0,0.0,0.0,0.0,0.0,1.0,0.0,8.0,0
38.00_77.00,2011-05-23,38.0,77.0,0.0,0.0,0.0,0.0,1.0,0.0,9.0,0
38.00_77.00,2011-05-30,38.0,77.0,0.0,0.0,0.0,0.0,1.0,0.0,10.0,0
38.00_77.00,2011-06-06,38.0,77.0,0.0,0.0,0.0,0.0,1.0,0.0,11.0,0
38.00_77.00,2011-06-13,38.0,77.0,0.0,0.0,0.0,0.0,0.0,0.0,12.0,0
38.00_77.00,2011-06-20,38.0,77.0,0.0,0.0,0.0,0.0,0.0,0.0,13.0,0
38.00_77.00,2011-06-27,38.0,77.0,0.0,0.0,0.0,0.0,0.0,0.0,14.0,0
38.00_77.00,2011-07-04,38.0,77.0,0.0,0.0,0.0,0.0,0.0,0.0,15.0,0
38.00_77.00,2011-07-11,38.0,77.0,0.0,0.0,0.0,0.0,0.0,0.0,16.0,0
38.00_77.00,2011-07-18,38.0,77.0,0.0,0.0,0.0,0.0,0.0,0.0,17.0,0
38.00_77.00,2011-07-25,38.0,77.0,0.0,0.0,0.0,0.0,0.0,0.0,18.0,0
38.00_77.00,2011-08-01,38.0,77.0,0.0,0.0,0.0,0.0,0.0,0.0,19.0,0
38.00_77.00,2011-08-08,38.0,77.0,0.0,0.0,0.0,0.0,0.0,0.0,20.0,1
38.00_77.00,2011-08-15,38.0,77.0,1.0,5.6,5.6,5.6,1.0,251188643.1509572,0.0,0
38.00_77.00,2011-08-22,38.0,77.0,0.0,0.0,0.0,5.6,1.0,251188643.1509572,1.0,1
38.00_77.00,2011-08-29,38.0,77.0,1.0,4.8,4.8,5.6,2.0,267037575.07556832,0.0,0
38.00_77.00,2011-09-05,38.0,77.0,0.0,0.0,0.0,5.6,2.0,267037575.07556832,1.0,0
38.00_77.00,2011-09-12,38.0,77.0,0.0,0.0,0.0,4.8,2.0,267037575.07556832,2.0,0
38.00_77.00,2011-09-19,38.0,77.0,0.0,0.0,0.0,4.8,2.0,267037575.07556832,3.0,0
38.00_77.00,2011-09-26,38.0,77.0,0.0,0.0,0.0,0.0,2.0,267037575.07556832,4.0,0
38.00_77.00,2011-10-03,38.0,77.0,0.0,0.0,0.0,0.0,2.0,267037575.07556832,5.0,0
38.00_77.00,2011-10-10,38.0,77.0,0.0,0.0,0.0,0.0,2.0,15848931.924611108,6.0,0
38.00_77.00,2011-10-17,38.0,77.0,0.0,0.0,0.0,0.0,2.0,15848931.924611108,7.0,0
38.00_77.00,2011-10-24,38.0,77.0,0.0,0.0,0.0,0.0,2.0,0.0,8.0,0
38.00_77.00,2011-10-31,38.0,77.0,0.0,0.0,0.0,0.0,2.0,0.0,9.0,0
38.00_77.00,2011-11-07,38.0,77.0,0.0,0.0,0.0,0.0,1.0,0.0,10.0,0
38.00_77.00,2011-11-14,38.0,77.0,0.0,0.0,0.0,0.0,1.0,0.0,11.0,0
38.00_77.00,2011-11-21,38.0,77.0,0.0,0.0,0.0,0.0,0.0,0.0,12.0,0
38.00_77.00,2011-11-28,38.0,77.0,0.0,0.0,0.0,0.0,0.0,0.0,13.0,0
38.00_77.00,2011-12-05,38.0,77.0,0.0,0.0,0.0,0.0,0.0,0.0,14.0,0
38.00_77.00,2011-12-12,38.0,77.0,0.0,0.0,0.0,0.0,0.0,0.0,15.0,0
38.00_77.00,2011-12-19,38.0,77.0,0.0,0.0,0.0,0.0,0.0,0.0,16.0,0
38.00_77.00,2011-12-26,38.0,77.0,0.0,0.0,0.0,0.0,0.0,0.0,17.0,0
38.00_77.00,2012-01-02,38.0,77.0,0.0,0.0,0.0,0.0,0.0,0.0,18.0,1
38.00_77.00,2012-01-09,38.0,77.0,1.0,4.5,4.5,4.5,1.0,5623413.251903491,0.0,0
38.00_77.00,2012-01-16,38.0,77.0,0.0,0.0,0.0,4.5,1.0,5623413.251903491,1.0,0
38.00_77.00,2012-01-23,38.0,77.0,0.0,0.0,0.0,4.5,1.0,5623413.251903491,2.0,0
38.00_77.00,2012-01-30,38.0,77.0,0.0,0.0,0.0,4.5,1.0,5623413.251903491,3.0,0
38.00_77.00,2012-02-06,38.0,77.0,0.0,0.0,0.0,0.0,1.0,5623413.251903491,4.0,0
38.00_77.00,2012-02-13,38.0,77.0,0.0,0.0,0.0,0.0,1.0,5623413.251903491,5.0,0
38.00_77.00,2012-02-20,38.0,77.0,0.0,0.0,0.0,0.0,1.0,5623413.251903491,6.0,0
38.00_77.00,2012-02-27,38.0,77.0,0.0,0.0,0.0,0.0,1.0,5623413.251903491,7.0,1
38.00_77.00,2012-03-05,38.0,77.0,1.0,4.5,4.5,4.5,2.0,5623413.251903491,0.0,0
38.00_77.00,2012-03-12,38.0,77.0,0.0,0.0,0.0,4.5,2.0,5623413.251903491,1.0,0
38.00_77.00,2012-03-19,38.0,77.0,0.0,0.0,0.0,4.5,2.0,5623413.251903491,2.0,0
38.00_77.00,2012-03-26,38.0,77.0,0.0,0.0,0.0,4.5,2.0,5623413.251903491,3.0,0
38.00_77.00,2012-04-02,38.0,77.0,0.0,0.0,0.0,0.0,1.0,5623413.251903491,4.0,0
38.00_77.00,2012-04-09,38.0,77.0,0.0,0.0,0.0,0.0,1.0,5623413.251903491,5.0,0
38.00_77.00,2012-04-16,38.0,77.0,0.0,0.0,0.0,0.0,1.0,5623413.251903491,6.0,1
38.00_77.00,2012-04-23,38.0,77.0,1.0,4.6,4.6,4.6,2.0,13566695.599146295,0.0,0
38.00_77.00,2012-04-30,38.0,77.0,0.0,0.0,0.0,4.6,2.0,7943282.347242805,1.0,0
38.00_77.00,2012-05-07,38.0,77.0,0.0,0.0,0.0,4.6,2.0,7943282.347242805,2.0,0
38.00_77.00,2012-05-14,38.0,77.0,0.0,0.0,0.0,4.6,2.0,7943282.347242805,3.0,0
38.00_77.00,2012-05-21,38.0,77.0,0.0,0.0,0.0,0.0,2.0,7943282.347242805,4.0,0
38.00_77.00,2012-05-28,38.0,77.0,0.0,0.0,0.0,0.0,1.0,7943282.347242805,5.0,0
38.00_77.00,2012-06-04,38.0,77.0,0.0,0.0,0.0,0.0,1.0,7943282.347242805,6.0,0
38.00_77.00,2012-06-11,38.0,77.0,0.0,0.0,0.0,0.0,1.0,7943282.347242805,7.0,0
38.00_77.00,2012-06-18,38.0,77.0,0.0,0.0,0.0,0.0,1.0,0.0,8.0,0
38.00_77.00,2012-06-25,38.0,77.0,0.0,0.0,0.0,0.0,1.0,0.0,9.0,0
38.00_77.00,2012-07-02,38.0,77.0,0.0,0.0,0.0,0.0,1.0,0.0,10.0,0
38.00_77.00,2012-07-09,38.0,77.0,0.0,0.0,0.0,0.0,1.0,0.0,11.0,0
38.00_77.00,2012-07-16,38.0,77.0,0.0,0.0,0.0,0.0,0.0,0.0,12.0,0
38.00_77.00,2012-07-23,38.0,77.0,0.0,0.0,0.0,0.0,0.0,0.0,13.0,0
38.00_77.00,2012-07-30,38.0,77.0,0.0,0.0,0.0,0.0,0.0,0.0,14.0,0
38.00_77.00,2012-08-06,38.0,77.0,0.0,0.0,0.0,0.0,0.0,0.0,15.0,1
38.00_77.00,2012-08-13,38.0,77.0,1.0,5.1,5.1,5.1,1.0,44668359.21509626,0.0,0
38.00_77.00,2012-08-20,38.0,77.0,0.0,0.0,0.0,5.1,1.0,44668359.21509626,1.0,0
38.00_77.00,2012-08-27,38.0,77.0,0.0,0.0,0.0,5.1,1.0,44668359.21509626,2.0,0
38.00_77.00,2012-09-03,38.0,77.0,0.0,0.0,0.0,5.1,1.0,44668359.21509626,3.0,0
38.00_77.00,2012-09-10,38.0,77.0,0.0,0.0,0.0,0.0,1.0,44668359.21509626,4.0,0
38.00_77.00,2012-09-17,38.0,77.0,0.0,0.0,0.0,0.0,1.0,44668359.21509626,5.0,1
38.00_77.00,2012-09-24,38.0,77.0,1.0,4.5,4.5,4.5,2.0,50291772.46699975,0.0,0
38.00_77.00,2012-10-01,38.0,77.0,0.0,0.0,0.0,4.5,2.0,50291772.46699975,1.0,0
38.00_77.00,2012-10-08,38.0,77.0,0.0,0.0,0.0,4.5,2.0,5623413.251903491,2.0,0
38.00_77.00,2012-10-15,38.0,77.0,0.0,0.0,0.0,4.5,2.0,5623413.251903491,3.0,0
38.00_77.00,2012-10-22,38.0,77.0,0.0,0.0,0.0,0.0,2.0,5623413.251903491,4.0,0
38.00_77.00,2012-10-29,38.0,77.0,0.0,0.0,0.0,0.0,2.0,5623413.251903491,5.0,0
38.00_77.00,2012-11-05,38.0,77.0,0.0,0.0,0.0,0.0,1.0,5623413.251903491,6.0,0
38.00_77.00,2012-11-12,38.0,77.0,0.0,0.0,0.0,0.0,1.0,5623413.251903491,7.0,0
38.00_77.00,2012-11-19,38.0,77.0,0.0,0.0,0.0,0.0,1.0,0.0,8.0,0
38.00_77.00,2012-11-26,38.0,77.0,0.0,0.0,0.0,0.0,1.0,0.0,9.0,0
38.00_77.00,2012-12-03,38.0,77.0,0.0,0.0,0.0,0.0,1.0,0.0,10.0,0
38.00_77.00,2012-12-10,38.0,77.0,0.0,0.0,0.0,0.0,1.0,0.0,11.0,1
38.00_77.00,2012-12-17,38.0,77.0,1.0,4.9,4.9,4.9,1.0,22387211.385683425,0.0,0
38.00_77.00,2012-12-24,38.0,77.0,0.0,0.0,0.0,4.9,1.0,22387211.385683425,1.0,0
38.00_77.00,2012-12-31,38.0,77.0,0.0,0.0,0.0,4.9,1.0,22387211.385683425,2.0,0
38.00_77.00,2013-01-07,38.0,77.0,0.0,0.0,0.0,4.9,1.0,22387211.385683425,3.0,0
38.00_77.00,2013-01-14,38.0,77.0,0.0,0.0,0.0,0.0,1.0,22387211.385683425,4.0,0
38.00_77.00,2013-01-21,38.0,77.0,0.0,0.0,0.0,0.0,1.0,22387211.385683425,5.0,1
38.00_77.00,2013-01-28,38.0,77.0,1.0,4.7,4.7,4.7,2.0,33607395.92870308,0.0,0
38.00_77.00,2013-02-04,38.0,77.0,0.0,0.0,0.0,4.7,2.0,33607395.92870308,1.0,0
38.00_77.00,2013-02-11,38.0,77.0,0.0,0.0,0.0,4.7,2.0,11220184.543019652,2.0,0
38.00_77.00,2013-02-18,38.0,77.0,0.0,0.0,0.0,4.7,2.0,11220184.543019652,3.0,2
38.00_77.00,2013-02-25,38.0,77.0,2.0,4.9,4.7,4.9,4.0,44827580.47172273,0.0,0
38.00_77.00,2013-03-04,38.0,77.0,0.0,0.0,0.0,4.9,4.0,44827580.47172273,1.0,0
38.00_77.00,2013-03-11,38.0,77.0,0.0,0.0,0.0,4.9,3.0,44827580.47172273,2.0,1
38.00_77.00,2013-03-18,38.0,77.0,1.0,5.4,5.4,5.4,4.0,170720121.65113986,0.0,0
38.00_77.00,2013-03-25,38.0,77.0,0.0,0.0,0.0,5.4,4.0,159499937.1081202,1.0,0
38.00_77.00,2013-04-01,38.0,77.0,0.0,0.0,0.0,5.4,4.0,159499937.1081202,2.0,0
38.00_77.00,2013-04-08,38.0,77.0,0.0,0.0,0.0,5.4,4.0,159499937.1081202,3.0,0
38.00_77.00,2013-04-15,38.0,77.0,0.0,0.0,0.0,0.0,4.0,159499937.1081202,4.0,0
38.00_77.00,2013-04-22,38.0,77.0,0.0,0.0,0.0,0.0,3.0,125892541.17941713,5.0,0
38.00_77.00,2013-04-29,38.0,77.0,0.0,0.0,0.0,0.0,3.0,125892541.17941713,6.0,1
38.00_77.00,2013-05-06,38.0,77.0,1.0,4.5,4.5,4.5,4.0,131515954.43132062,0.0,0
38.00_77.00,2013-05-13,38.0,77.0,0.0,0.0,0.0,4.5,4.0,5623413.251903491,1.0,0
38.00_77.00,2013-05-20,38.0,77.0,0.0,0.0,0.0,4.5,2.0,5623413.251903491,2.0,0
38.00_77.00,2013-05-27,38.0,77.0,0.0,0.0,0.0,4.5,2.0,5623413.251903491,3.0,0
38.00_77.00,2013-06-03,38.0,77.0,0.0,0.0,0.0,0.0,2.0,5623413.251903491,4.0,0
38.00_77.00,2013-06-10,38.0,77.0,0.0,0.0,0.0,0.0,1.0,5623413.251903491,5.0,0
38.00_77.00,2013-06-17,38.0,77.0,0.0,0.0,0.0,0.0,1.0,5623413.251903491,6.0,0
38.00_77.00,2013-06-24,38.0,77.0,0.0,0.0,0.0,0.0,1.0,5623413.251903491,7.0,0
38.00_77.00,2013-07-01,38.0,77.0,0.0,0.0,0.0,0.0,1.0,0.0,8.0,0
38.00_77.00,2013-07-08,38.0,77.0,0.0,0.0,0.0,0.0,1.0,0.0,9.0,0
38.00_77.00,2013-07-15,38.0,77.0,0.0,0.0,0.0,0.0,1.0,0.0,10.0,0
38.00_77.00,2013-07-22,38.0,77.0,0.0,0.0,0.0,0.0,1.0,0.0,11.0,0
38.00_77.00,2013-07-29,38.0,77.0,0.0,0.0,0.0,0.0,0.0,0.0,12.0,0
38.00_77.00,2013-08-05,38.0,77.0,0.0,0.0,0.0,0.0,0.0,0.0,13.0,0
38.00_77.00,2013-08-12,38.0,77.0,0.0,0.0,0.0,0.0,0.0,0.0,14.0,0
38.00_77.00,2013-08-19,38.0,77.0,0.0,0.0,0.0,0.0,0.0,0.0,15.0,0
38.00_77.00,2013-08-26,38.0,77.0,0.0,0.0,0.0,0.0,0.0,0.0,16.0,0
38.00_77.00,2013-09-02,38.0,77.0,0.0,0.0,0.0,0.0,0.0,0.0,17.0,0
38.00_77.00,2013-09-09,38.0,77.0,0.0,0.0,0.0,0.0,0.0,0.0,18.0,0
38.00_77.00,2013-09-16,38.0,77.0,0.0,0.0,0.0,0.0,0.0,0.0,19.0,0
38.00_77.00,2013-09-23,38.0,77.0,0.0,0.0,0.0,0.0,0.0,0.0,20.0,0
38.00_77.00,2013-09-30,38.0,77.0,0.0,0.0,0.0,0.0,0.0,0.0,21.0,0
38.00_77.00,2013-10-07,38.0,77.0,0.0,0.0,0.0,0.0,0.0,0.0,22.0,0
38.00_77.00,2013-10-14,38.0,77.0,0.0,0.0,0.0,0.0,0.0,0.0,23.0,0
38.00_77.00,2013-10-21,38.0,77.0,0.0,0.0,0.0,0.0,0.0,0.0,24.0,0
38.00_77.00,2013-10-28,38.0,77.0,0.0,0.0,0.0,0.0,0.0,0.0,25.0,0
38.00_77.00,2013-11-04,38.0,77.0,0.0,0.0,0.0,0.0,0.0,0.0,26.0,0
38.00_77.00,2013-11-11,38.0,77.0,0.0,0.0,0.0,0.0,0.0,0.0,27.0,0
38.00_77.00,2013-11-18,38.0,77.0,0.0,0.0,0.0,0.0,0.0,0.0,28.0,0
38.00_77.00,2013-11-25,38.0,77.0,0.0,0.0,0.0,0.0,0.0,0.0,29.0,1
38.00_77.00,2013-12-02,38.0,77.0,1.0,5.0,5.0,5.0,1.0,31622776.60168379,0.0,0
38.00_77.00,2013-12-09,38.0,77.0,0.0,0.0,0.0,5.0,1.0,31622776.60168379,1.0,0
38.00_77.00,2013-12-16,38.0,77.0,0.0,0.0,0.0,5.0,1.0,31622776.60168379,2.0,0
38.00_77.00,2013-12-23,38.0,77.0,0.0,0.0,0.0,5.0,1.0,31622776.60168379,3.0,0
38.00_77.00,2013-12-30,38.0,77.0,0.0,0.0,0.0,0.0,1.0,31622776.60168379,4.0,0
38.00_77.00,2014-01-06,38.0,77.0,0.0,0.0,0.0,0.0,1.0,31622776.60168379,5.0,0
38.00_77.00,2014-01-13,38.0,77.0,0.0,0.0,0.0,0.0,1.0,31622776.60168379,6.0,0
38.00_77.00,2014-01-20,38.0,77.0,0.0,0.0,0.0,0.0,1.0,31622776.60168379,7.0,0
38.00_77.00,2014-01-27,38.0,77.0,0.0,0.0,0.0,0.0,1.0,0.0,8.0,0
38.00_77.00,2014-02-03,38.0,77.0,0.0,0.0,0.0,0.0,1.0,0.0,9.0,0
38.00_77.00,2014-02-10,38.0,77.0,0.0,0.0,0.0,0.0,1.0,0.0,10.0,0
38.00_77.00,2014-02-17,38.0,77.0,0.0,0.0,0.0,0.0,1.0,0.0,11.0,0
38.00_77.00,2014-02-24,38.0,77.0,0.0,0.0,0.0,0.0,0.0,0.0,12.0,0
38.00_77.00,2014-03-03,38.0,77.0,0.0,0.0,0.0,0.0,0.0,0.0,13.0,0
38.00_77.00,2014-03-10,38.0,77.0,0.0,0.0,0.0,0.0,0.0,0.0,14.0,0
38.00_77.00,2014-03-17,38.0,77.0,0.0,0.0,0.0,0.0,0.0,0.0,15.0,1
38.00_77.00,2014-03-24,38.0,77.0,1.0,4.7,4.7,4.7,1.0,11220184.543019652,0.0,0
38.00_77.00,2014-03-31,38.0,77.0,0.0,0.0,0.0,4.7,1.0,11220184.543019652,1.0,0
38.00_77.00,2014-04-07,38.0,77.0,0.0,0.0,0.0,4.7,1.0,11220184.543019652,2.0,0
38.00_77.00,2014-04-14,38.0,77.0,0.0,0.0,0.0,4.7,1.0,11220184.543019652,3.0,0
38.00_77.00,2014-04-21,38.0,77.0,0.0,0.0,0.0,0.0,1.0,11220184.543019652,4.0,0
38.00_77.00,2014-04-28,38.0,77.0,0.0,0.0,0.0,0.0,1.0,11220184.543019652,5.0,1
38.00_77.00,2014-05-05,38.0,77.0,1.0,5.4,5.4,5.4,2.0,137112725.7224368,0.0,0
38.00_77.00,2014-05-12,38.0,77.0,0.0,0.0,0.0,5.4,2.0,137112725.7224368,1.0,0
38.00_77.00,2014-05-19,38.0,77.0,0.0,0.0,0.0,5.4,2.0,125892541.17941713,2.0,0
38.00_77.00,2014-05-26,38.0,77.0,0.0,0.0,0.0,5.4,2.0,125892541.17941713,3.0,0
38.00_77.00,2014-06-02,38.0,77.0,0.0,0.0,0.0,0.0,2.0,125892541.17941713,4.0,0
38.00_77.00,2014-06-09,38.0,77.0,0.0,0.0,0.0,0.0,2.0,125892541.17941713,5.0,0
38.00_77.00,2014-06-16,38.0,77.0,0.0,0.0,0.0,0.0,1.0,125892541.17941713,6.0,0
38.00_77.00,2014-06-23,38.0,77.0,0.0,0.0,0.0,0.0,1.0,125892541.17941713,7.0,0
38.00_77.00,2014-06-30,38.0,77.0,0.0,0.0,0.0,0.0,1.0,0.0,8.0,0
38.00_77.00,2014-07-07,38.0,77.0,0.0,0.0,0.0,0.0,1.0,0.0,9.0,1
38.00_77.00,2014-07-14,38.0,77.0,1.0,5.0,5.0,5.0,2.0,31622776.60168379,0.0,0
38.00_77.00,2014-07-21,38.0,77.0,0.0,0.0,0.0,5.0,2.0,31622776.60168379,1.0,0
38.00_77.00,2014-07-28,38.0,77.0,0.0,0.0,0.0,5.0,1.0,31622776.60168379,2.0,0
38.00_77.00,2014-08-04,38.0,77.0,0.0,0.0,0.0,5.0,1.0,31622776.60168379,3.0,0
38.00_77.00,2014-08-11,38.0,77.0,0.0,0.0,0.0,0.0,1.0,31622776.60168379,4.0,0
38.00_77.00,2014-08-18,38.0,77.0,0.0,0.0,0.0,0.0,1.0,31622776.60168379,5.0,0
38.00_77.00,2014-08-25,38.0,77.0,0.0,0.0,0.0,0.0,1.0,31622776.60168379,6.0,0
38.00_77.00,2014-09-01,38.0,77.0,0.0,0.0,0.0,0.0,1.0,31622776.60168379,7.0,0
38.00_77.00,2014-09-08,38.0,77.0,0.0,0.0,0.0,0.0,1.0,0.0,8.0,0
38.00_77.00,2014-09-15,38.0,77.0,0.0,0.0,0.0,0.0,1.0,0.0,9.0,0
38.00_77.00,2014-09-22,38.0,77.0,0.0,0.0,0.0,0.0,1.0,0.0,10.0,0
38.00_77.00,2014-09-29,38.0,77.0,0.0,0.0,0.0,0.0,1.0,0.0,11.0,0
38.00_77.00,2014-10-06,38.0,77.0,0.0,0.0,0.0,0.0,0.0,0.0,12.0,0
38.00_77.00,2014-10-13,38.0,77.0,0.0,0.0,0.0,0.0,0.0,0.0,13.0,0
38.00_77.00,2014-10-20,38.0,77.0,0.0,0.0,0.0,0.0,0.0,0.0,14.0,0
38.00_77.00,2014-10-27,38.0,77.0,0.0,0.0,0.0,0.0,0.0,0.0,15.0,0
38.00_77.00,2014-11-03,38.0,77.0,0.0,0.0,0.0,0.0,0.0,0.0,16.0,0
38.00_77.00,2014-11-10,38.0,77.0,0.0,0.0,0.0,0.0,0.0,0.0,17.0,0
38.00_77.00,2014-11-17,38.0,77.0,0.0,0.0,0.0,0.0,0.0,0.0,18.0,0
38.00_77.00,2014-11-24,38.0,77.0,0.0,0.0,0.0,0.0,0.0,0.0,19.0,0
38.00_77.00,2014-12-01,38.0,77.0,0.0,0.0,0.0,0.0,0.0,0.0,20.0,0
38.00_77.00,2014-12-08,38.0,77.0,0.0,0.0,0.0,0.0,0.0,0.0,21.0,0
38.00_77.00,2014-12-15,38.0,77.0,0.0,0.0,0.0,0.0,0.0,0.0,22.0,0
38.00_77.00,2014-12-22,38.0,77.0,0.0,0.0,0.0,0.0,0.0,0.0,23.0,0
38.00_77.00,2014-12-29,38.0,77.0,0.0,0.0,0.0,0.0,0.0,0.0,24.0,0
38.00_77.00,2015-01-05,38.0,77.0,0.0,0.0,0.0,0.0,0.0,0.0,25.0,1
38.00_77.00,2015-01-12,38.0,77.0,1.0,5.1,5.1,5.1,1.0,44668359.21509626,0.0,0
38.00_77.00,2015-01-19,38.0,77.0,0.0,0.0,0.0,5.1,1.0,44668359.21509626,1.0,0
38.00_77.00,2015-01-26,38.0,77.0,0.0,0.0,0.0,5.1,1.0,44668359.21509626,2.0,0
38.00_77.00,2015-02-02,38.0,77.0,0.0,0.0,0.0,5.1,1.0,44668359.21509626,3.0,0
38.00_77.00,2015-02-09,38.0,77.0,0.0,0.0,0.0,0.0,1.0,44668359.21509626,4.0,0
38.00_77.00,2015-02-16,38.0,77.0,0.0,0.0,0.0,0.0,1.0,44668359.21509626,5.0,0
38.00_77.00,2015-02-23,38.0,77.0,0.0,0.0,0.0,0.0,1.0,44668359.21509626,6.0,0
38.00_77.00,2015-03-02,38.0,77.0,0.0,0.0,0.0,0.0,1.0,44668359.21509626,7.0,0
38.00_77.00,2015-03-09,38.0,77.0,0.0,0.0,0.0,0.0,1.0,0.0,8.0,0
38.00_77.00,2015-03-16,38.0,77.0,0.0,0.0,0.0,0.0,1.0,0.0,9.0,0
38.00_77.00,2015-03-23,38.0,77.0,0.0,0.0,0.0,0.0,1.0,0.0,10.0,0
38.00_77.00,2015-03-30,38.0,77.0,0.0,0.0,0.0,0.0,1.0,0.0,11.0,0
38.00_77.00,2015-04-06,38.0,77.0,0.0,0.0,0.0,0.0,0.0,0.0,12.0,0
38.00_77.00,2015-04-13,38.0,77.0,0.0,0.0,0.0,0.0,0.0,0.0,13.0,0
38.00_77.00,2015-04-20,38.0,77.0,0.0,0.0,0.0,0.0,0.0,0.0,14.0,0
38.00_77.00,2015-04-27,38.0,77.0,0.0,0.0,0.0,0.0,0.0,0.0,15.0,0
38.00_77.00,2015-05-04,38.0,77.0,0.0,0.0,0.0,0.0,0.0,0.0,16.0,0
38.00_77.00,2015-05-11,38.0,77.0,0.0,0.0,0.0,0.0,0.0,0.0,17.0,0
38.00_77.00,2015-05-18,38.0,77.0,0.0,0.0,0.0,0.0,0.0,0.0,18.0,0
38.00_77.00,2015-05-25,38.0,77.0,0.0,0.0,0.0,0.0,0.0,0.0,19.0,0
38.00_77.00,2015-06-01,38.0,77.0,0.0,0.0,0.0,0.0,0.0,0.0,20.0,0
38.00_77.00,2015-06-08,38.0,77.0,0.0,0.0,0.0,0.0,0.0,0.0,21.0,0
38.00_77.00,2015-06-15,38.0,77.0,0.0,0.0,0.0,0.0,0.0,0.0,22.0,1
38.00_77.00,2015-06-22,38.0,77.0,1.0,4.5,4.5,4.5,1.0,5623413.251903491,0.0,0
38.00_77.00,2015-06-29,38.0,77.0,0.0,0.0,0.0,4.5,1.0,5623413.251903491,1.0,0
38.00_77.00,2015-07-06,38.0,77.0,0.0,0.0,0.0,4.5,1.0,5623413.251903491,2.0,1
38.00_77.00,2015-07-13,38.0,77.0,1.0,4.6,4.6,4.6,2.0,13566695.599146295,0.0,0
38.00_77.00,2015-07-20,38.0,77.0,0.0,0.0,0.0,4.6,2.0,13566695.599146295,1.0,0
38.00_77.00,2015-07-27,38.0,77.0,0.0,0.0,0.0,4.6,2.0,13566695.599146295,2.0,0
38.00_77.00,2015-08-03,38.0,77.0,0.0,0.0,0.0,4.6,2.0,13566695.599146295,3.0,0
38.00_77.00,2015-08-10,38.0,77.0,0.0,0.0,0.0,0.0,2.0,13566695.599146295,4.0,0
38.00_77.00,2015-08-17,38.0,77.0,0.0,0.0,0.0,0.0,2.0,7943282.347242805,5.0,0
38.00_77.00,2015-08-24,38.0,77.0,0.0,0.0,0.0,0.0,2.0,7943282.347242805,6.0,0
38.00_77.00,2015-08-31,38.0,77.0,0.0,0.0,0.0,0.0,2.0,7943282.347242805,7.0,0
38.00_77.00,2015-09-07,38.0,77.0,0.0,0.0,0.0,0.0,2.0,0.0,8.0,0
38.00_77.00,2015-09-14,38.0,77.0,0.0,0.0,0.0,0.0,1.0,0.0,9.0,0
38.00_77.00,2015-09-21,38.0,77.0,0.0,0.0,0.0,0.0,1.0,0.0,10.0,0
38.00_77.00,2015-09-28,38.0,77.0,0.0,0.0,0.0,0.0,1.0,0.0,11.0,0
38.00_77.00,2015-10-05,38.0,77.0,0.0,0.0,0.0,0.0,0.0,0.0,12.0,0
38.00_77.00,2015-10-12,38.0,77.0,0.0,0.0,0.0,0.0,0.0,0.0,13.0,0
38.00_77.00,2015-10-19,38.0,77.0,0.0,0.0,0.0,0.0,0.0,0.0,14.0,0
38.00_77.00,2015-10-26,38.0,77.0,0.0,0.0,0.0,0.0,0.0,0.0,15.0,0
38.00_77.00,2015-11-02,38.0,77.0,0.0,0.0,0.0,0.0,0.0,0.0,16.0,0
38.00_77.00,2015-11-09,38.0,77.0,0.0,0.0,0.0,0.0,0.0,0.0,17.0,0
38.00_77.00,2015-11-16,38.0,77.0,0.0,0.0,0.0,0.0,0.0,0.0,18.0,0
38.00_77.00,2015-11-23,38.0,77.0,0.0,0.0,0.0,0.0,0.0,0.0,19.0,0
38.00_77.00,2015-11-30,38.0,77.0,0.0,0.0,0.0,0.0,0.0,0.0,20.0,0
38.00_77.00,2015-12-07,38.0,77.0,0.0,0.0,0.0,0.0,0.0,0.0,21.0,0
38.00_77.00,2015-12-14,38.0,77.0,0.0,0.0,0.0,0.0,0.0,0.0,22.0,0
38.00_77.00,2015-12-21,38.0,77.0,0.0,0.0,0.0,0.0,0.0,0.0,23.0,0
38.00_77.00,2015-12-28,38.0,77.0,0.0,0.0,0.0,0.0,0.0,0.0,24.0,0
38.00_77.00,2016-01-04,38.0,77.0,0.0,0.0,0.0,0.0,0.0,0.0,25.0,0
38.00_77.00,2016-01-11,38.0,77.0,0.0,0.0,0.0,0.0,0.0,0.0,26.0,0
38.00_77.00,2016-01-18,38.0,77.0,0.0,0.0,0.0,0.0,0.0,0.0,27.0,0
38.00_77.00,2016-01-25,38.0,77.0,0.0,0.0,0.0,0.0,0.0,0.0,28.0,0
38.00_77.00,2016-02-01,38.0,77.0,0.0,0.0,0.0,0.0,0.0,0.0,29.0,1
38.00_77.00,2016-02-08,38.0,77.0,1.0,4.7,4.7,4.7,1.0,11220184.543019652,0.0,0
38.00_77.00,2016-02-15,38.0,77.0,0.0,0.0,0.0,4.7,1.0,11220184.543019652,1.0,0
38.00_77.00,2016-02-22,38.0,77.0,0.0,0.0,0.0,4.7,1.0,11220184.543019652,2.0,0
38.00_77.00,2016-02-29,38.0,77.0,0.0,0.0,0.0,4.7,1.0,11220184.543019652,3.0,0
38.00_77.00,2016-03-07,38.0,77.0,0.0,0.0,0.0,0.0,1.0,11220184.543019652,4.0,0
38.00_77.00,2016-03-14,38.0,77.0,0.0,0.0,0.0,0.0,1.0,11220184.543019652,5.0,0
38.00_77.00,2016-03-21,38.0,77.0,0.0,0.0,0.0,0.0,1.0,11220184.543019652,6.0,0
38.00_77.00,2016-03-28,38.0,77.0,0.0,0.0,0.0,0.0,1.0,11220184.543019652,7.0,0
38.00_77.00,2016-04-04,38.0,77.0,0.0,0.0,0.0,0.0,1.0,0.0,8.0,0
38.00_77.00,2016-04-11,38.0,77.0,0.0,0.0,0.0,0.0,1.0,0.0,9.0,0
38.00_77.00,2016-04-18,38.0,77.0,0.0,0.0,0.0,0.0,1.0,0.0,10.0,0
38.00_77.00,2016-04-25,38.0,77.0,0.0,0.0,0.0,0.0,1.0,0.0,11.0,0
38.00_77.00,2016-05-02,38.0,77.0,0.0,0.0,0.0,0.0,0.0,0.0,12.0,0
38.00_77.00,2016-05-09,38.0,77.0,0.0,0.0,0.0,0.0,0.0,0.0,13.0,0
38.00_77.00,2016-05-16,38.0,77.0,0.0,0.0,0.0,0.0,0.0,0.0,14.0,0
38.00_77.00,2016-05-23,38.0,77.0,0.0,0.0,0.0,0.0,0.0,0.0,15.0,0
38.00_77.00,2016-05-30,38.0,77.0,0.0,0.0,0.0,0.0,0.0,0.0,16.0,0
38.00_77.00,2016-06-06,38.0,77.0,0.0,0.0,0.0,0.0,0.0,0.0,17.0,0
38.00_77.00,2016-06-13,38.0,77.0,0.0,0.0,0.0,0.0,0.0,0.0,18.0,0
38.00_77.00,2016-06-20,38.0,77.0,0.0,0.0,0.0,0.0,0.0,0.0,19.0,0
38.00_77.00,2016-06-27,38.0,77.0,0.0,0.0,0.0,0.0,0.0,0.0,20.0,0
38.00_77.00,2016-07-04,38.0,77.0,0.0,0.0,0.0,0.0,0.0,0.0,21.0,1
38.00_77.00,2016-07-11,38.0,77.0,1.0,4.7,4.7,4.7,1.0,11220184.543019652,0.0,0
38.00_77.00,2016-07-18,38.0,77.0,0.0,0.0,0.0,4.7,1.0,11220184.543019652,1.0,0
38.00_77.00,2016-07-25,38.0,77.0,0.0,0.0,0.0,4.7,1.0,11220184.543019652,2.0,1
38.00_77.00,2016-08-01,38.0,77.0,1.0,4.7,4.7,4.7,2.0,22440369.086039305,0.0,0
38.00_77.00,2016-08-08,38.0,77.0,0.0,0.0,0.0,4.7,2.0,22440369.086039305,1.0,1
38.00_77.00,2016-08-15,38.0,77.0,1.0,5.2,5.2,5.2,3.0,85536103.53405873,0.0,0
38.00_77.00,2016-08-22,38.0,77.0,0.0,0.0,0.0,5.2,3.0,85536103.53405873,1.0,0
38.00_77.00,2016-08-29,38.0,77.0,0.0,0.0,0.0,5.2,3.0,85536103.53405873,2.0,0
38.00_77.00,2016-09-05,38.0,77.0,0.0,0.0,0.0,5.2,3.0,74315918.99103908,3.0,0
38.00_77.00,2016-09-12,38.0,77.0,0.0,0.0,0.0,0.0,3.0,74315918.99103908,4.0,0
38.00_77.00,2016-09-19,38.0,77.0,0.0,0.0,0.0,0.0,3.0,74315918.99103908,5.0,0
38.00_77.00,2016-09-26,38.0,77.0,0.0,0.0,0.0,0.0,3.0,63095734.44801943,6.0,0
38.00_77.00,2016-10-03,38.0,77.0,0.0,0.0,0.0,0.0,2.0,63095734.44801943,7.0,0
38.00_77.00,2016-10-10,38.0,77.0,0.0,0.0,0.0,0.0,2.0,0.0,8.0,0
38.00_77.00,2016-10-17,38.0,77.0,0.0,0.0,0.0,0.0,2.0,0.0,9.0,0
38.00_77.00,2016-10-24,38.0,77.0,0.0,0.0,0.0,0.0,1.0,0.0,10.0,0
38.00_77.00,2016-10-31,38.0,77.0,0.0,0.0,0.0,0.0,1.0,0.0,11.0,0
38.00_77.00,2016-11-07,38.0,77.0,0.0,0.0,0.0,0.0,0.0,0.0,12.0,0
38.00_77.00,2016-11-14,38.0,77.0,0.0,0.0,0.0,0.0,0.0,0.0,13.0,0
38.00_77.00,2016-11-21,38.0,77.0,0.0,0.0,0.0,0.0,0.0,0.0,14.0,0
38.00_77.00,2016-11-28,38.0,77.0,0.0,0.0,0.0,0.0,0.0,0.0,15.0,0
38.00_77.00,2016-12-05,38.0,77.0,0.0,0.0,0.0,0.0,0.0,0.0,16.0,0
38.00_77.00,2016-12-12,38.0,77.0,0.0,0.0,0.0,0.0,0.0,0.0,17.0,0
38.00_77.00,2016-12-19,38.0,77.0,0.0,0.0,0.0,0.0,0.0,0.0,18.0,0
38.00_77.00,2016-12-26,38.0,77.0,0.0,0.0,0.0,0.0,0.0,0.0,19.0,0
38.00_77.00,2017-01-02,38.0,77.0,0.0,0.0,0.0,0.0,0.0,0.0,20.0,0
38.00_77.00,2017-01-09,38.0,77.0,0.0,0.0,0.0,0.0,0.0,0.0,21.0,0
38.00_77.00,2017-01-16,38.0,77.0,0.0,0.0,0.0,0.0,0.0,0.0,22.0,1
38.00_77.00,2017-01-23,38.0,77.0,1.0,4.6,4.6,4.6,1.0,7943282.347242805,0.0,0
38.00_77.00,2017-01-30,38.0,77.0,0.0,0.0,0.0,4.6,1.0,7943282.347242805,1.0,0
38.00_77.00,2017-02-06,38.0,77.0,0.0,0.0,0.0,4.6,1.0,7943282.347242805,2.0,0
38.00_77.00,2017-02-13,38.0,77.0,0.0,0.0,0.0,4.6,1.0,7943282.347242805,3.0,0
38.00_77.00,2017-02-20,38.0,77.0,0.0,0.0,0.0,0.0,1.0,7943282.347242805,4.0,0
38.00_77.00,2017-02-27,38.0,77.0,0.0,0.0,0.0,0.0,1.0,7943282.347242805,5.0,0
38.00_77.00,2017-03-06,38.0,77.0,0.0,0.0,0.0,0.0,1.0,7943282.347242805,6.0,0
38.00_77.00,2017-03-13,38.0,77.0,0.0,0.0,0.0,0.0,1.0,7943282.347242805,7.0,0
38.00_77.00,2017-03-20,38.0,77.0,0.0,0.0,0.0,0.0,1.0,0.0,8.0,0
38.00_77.00,2017-03-27,38.0,77.0,0.0,0.0,0.0,0.0,1.0,0.0,9.0,0
38.00_77.00,2017-04-03,38.0,77.0,0.0,0.0,0.0,0.0,1.0,0.0,10.0,0
38.00_77.00,2017-04-10,38.0,77.0,0.0,0.0,0.0,0.0,1.0,0.0,11.0,0
38.00_77.00,2017-04-17,38.0,77.0,0.0,0.0,0.0,0.0,0.0,0.0,12.0,0
38.00_77.00,2017-04-24,38.0,77.0,0.0,0.0,0.0,0.0,0.0,0.0,13.0,0
38.00_77.00,2017-05-01,38.0,77.0,0.0,0.0,0.0,0.0,0.0,0.0,14.0,0
38.00_77.00,2017-05-08,38.0,77.0,0.0,0.0,0.0,0.0,0.0,0.0,15.0,0
38.00_77.00,2017-05-15,38.0,77.0,0.0,0.0,0.0,0.0,0.0,0.0,16.0,0
38.00_77.00,2017-05-22,38.0,77.0,0.0,0.0,0.0,0.0,0.0,0.0,17.0,0
38.00_77.00,2017-05-29,38.0,77.0,0.0,0.0,0.0,0.0,0.0,0.0,18.0,0
38.00_77.00,2017-06-05,38.0,77.0,0.0,0.0,0.0,0.0,0.0,0.0,19.0,0
38.00_77.00,2017-06-12,38.0,77.0,0.0,0.0,0.0,0.0,0.0,0.0,20.0,0
38.00_77.00,2017-06-19,38.0,77.0,0.0,0.0,0.0,0.0,0.0,0.0,21.0,0
38.00_77.00,2017-06-26,38.0,77.0,0.0,0.0,0.0,0.0,0.0,0.0,22.0,0
38.00_77.00,2017-07-03,38.0,77.0,0.0,0.0,0.0,0.0,0.0,0.0,23.0,0
38.00_77.00,2017-07-10,38.0,77.0,0.0,0.0,0.0,0.0,0.0,0.0,24.0,0
38.00_77.00,2017-07-17,38.0,77.0,0.0,0.0,0.0,0.0,0.0,0.0,25.0,1
38.00_77.00,2017-07-24,38.0,77.0,1.0,4.5,4.5,4.5,1.0,5623413.251903491,0.0,0
38.00_77.00,2017-07-31,38.0,77.0,0.0,0.0,0.0,4.5,1.0,5623413.251903491,1.0,0
38.00_77.00,2017-08-07,38.0,77.0,0.0,0.0,0.0,4.5,1.0,5623413.251903491,2.0,0
38.00_77.00,2017-08-14,38.0,77.0,0.0,0.0,0.0,4.5,1.0,5623413.251903491,3.0,0
38.00_77.00,2017-08-21,38.0,77.0,0.0,0.0,0.0,0.0,1.0,5623413.251903491,4.0,0
38.00_77.00,2017-08-28,38.0,77.0,0.0,0.0,0.0,0.0,1.0,5623413.251903491,5.0,0
38.00_77.00,2017-09-04,38.0,77.0,0.0,0.0,0.0,0.0,1.0,5623413.251903491,6.0,0
38.00_77.00,2017-09-11,38.0,77.0,0.0,0.0,0.0,0.0,1.0,5623413.251903491,7.0,0
38.00_77.00,2017-09-18,38.0,77.0,0.0,0.0,0.0,0.0,1.0,0.0,8.0,1
38.00_77.00,2017-09-25,38.0,77.0,1.0,4.5,4.5,4.5,2.0,5623413.251903491,0.0,0
38.00_77.00,2017-10-02,38.0,77.0,0.0,0.0,0.0,4.5,2.0,5623413.251903491,1.0,0
38.00_77.00,2017-10-09,38.0,77.0,0.0,0.0,0.0,4.5,2.0,5623413.251903491,2.0,0
38.00_77.00,2017-10-16,38.0,77.0,0.0,0.0,0.0,4.5,1.0,5623413.251903491,3.0,1
38.00_77.00,2017-10-23,38.0,77.0,1.0,4.6,4.6,4.6,2.0,13566695.599146295,0.0,0
38.00_77.00,2017-10-30,38.0,77.0,0.0,0.0,0.0,4.6,2.0,13566695.599146295,1.0,0
38.00_77.00,2017-11-06,38.0,77.0,0.0,0.0,0.0,4.6,2.0,13566695.599146295,2.0,0
38.00_77.00,2017-11-13,38.0,77.0,0.0,0.0,0.0,4.6,2.0,13566695.599146295,3.0,0
38.00_77.00,2017-11-20,38.0,77.0,0.0,0.0,0.0,0.0,2.0,7943282.347242805,4.0,0
38.00_77.00,2017-11-27,38.0,77.0,0.0,0.0,0.0,0.0,2.0,7943282.347242805,5.0,0
38.00_77.00,2017-12-04,38.0,77.0,0.0,0.0,0.0,0.0,2.0,7943282.347242805,6.0,0
38.00_77.00,2017-12-11,38.0,77.0,0.0,0.0,0.0,0.0,2.0,7943282.347242805,7.0,0
38.00_77.00,2017-12-18,38.0,77.0,0.0,0.0,0.0,0.0,1.0,0.0,8.0,0
38.00_77.00,2017-12-25,38.0,77.0,0.0,0.0,0.0,0.0,1.0,0.0,9.0,0
38.00_77.00,2018-01-01,38.0,77.0,0.0,0.0,0.0,0.0,1.0,0.0,10.0,0
38.00_77.00,2018-01-08,38.0,77.0,0.0,0.0,0.0,0.0,1.0,0.0,11.0,0
38.00_77.00,2018-01-15,38.0,77.0,0.0,0.0,0.0,0.0,0.0,0.0,12.0,0
38.00_77.00,2018-01-22,38.0,77.0,0.0,0.0,0.0,0.0,0.0,0.0,13.0,0
38.00_77.00,2018-01-29,38.0,77.0,0.0,0.0,0.0,0.0,0.0,0.0,14.0,0
38.00_77.00,2018-02-05,38.0,77.0,0.0,0.0,0.0,0.0,0.0,0.0,15.0,0
38.00_77.00,2018-02-12,38.0,77.0,0.0,0.0,0.0,0.0,0.0,0.0,16.0,0
38.00_77.00,2018-02-19,38.0,77.0,0.0,0.0,0.0,0.0,0.0,0.0,17.0,0
38.00_77.00,2018-02-26,38.0,77.0,0.0,0.0,0.0,0.0,0.0,0.0,18.0,0
38.00_77.00,2018-03-05,38.0,77.0,0.0,0.0,0.0,0.0,0.0,0.0,19.0,0
38.00_77.00,2018-03-12,38.0,77.0,0.0,0.0,0.0,0.0,0.0,0.0,20.0,0
38.00_77.00,2018-03-19,38.0,77.0,0.0,0.0,0.0,0.0,0.0,0.0,21.0,0
38.00_77.00,2018-03-26,38.0,77.0,0.0,0.0,0.0,0.0,0.0,0.0,22.0,0
38.00_77.00,2018-04-02,38.0,77.0,0.0,0.0,0.0,0.0,0.0,0.0,23.0,1
38.00_77.00,2018-04-09,38.0,77.0,1.0,4.5,4.5,4.5,1.0,5623413.251903491,0.0,1
38.00_77.00,2018-04-16,38.0,77.0,1.0,5.0,5.0,5.0,2.0,37246189.853587285,0.0,0
38.00_77.00,2018-04-23,38.0,77.0,0.0,0.0,0.0,5.0,2.0,37246189.853587285,1.0,0
38.00_77.00,2018-04-30,38.0,77.0,0.0,0.0,0.0,5.0,2.0,37246189.853587285,2.0,0
38.00_77.00,2018-05-07,38.0,77.0,0.0,0.0,0.0,5.0,2.0,37246189.853587285,3.0,0
38.00_77.00,2018-05-14,38.0,77.0,0.0,0.0,0.0,0.0,2.0,37246189.853587285,4.0,0
38.00_77.00,2018-05-21,38.0,77.0,0.0,0.0,0.0,0.0,2.0,37246189.853587285,5.0,0
38.00_77.00,2018-05-28,38.0,77.0,0.0,0.0,0.0,0.0,2.0,37246189.853587285,6.0,0
38.00_77.00,2018-06-04,38.0,77.0,0.0,0.0,0.0,0.0,2.0,31622776.60168379,7.0,0
38.00_77.00,2018-06-11,38.0,77.0,0.0,0.0,0.0,0.0,2.0,0.0,8.0,0
38.00_77.00,2018-06-18,38.0,77.0,0.0,0.0,0.0,0.0,2.0,0.0,9.0,0
38.00_77.00,2018-06-25,38.0,77.0,0.0,0.0,0.0,0.0,2.0,0.0,10.0,0
38.00_77.00,2018-07-02,38.0,77.0,0.0,0.0,0.0,0.0,1.0,0.0,11.0,0
38.00_77.00,2018-07-09,38.0,77.0,0.0,0.0,0.0,0.0,0.0,0.0,12.0,0
38.00_77.00,2018-07-16,38.0,77.0,0.0,0.0,0.0,0.0,0.0,0.0,13.0,0
38.00_77.00,2018-07-23,38.0,77.0,0.0,0.0,0.0,0.0,0.0,0.0,14.0,0
38.00_77.00,2018-07-30,38.0,77.0,0.0,0.0,0.0,0.0,0.0,0.0,15.0,0
38.00_77.00,2018-08-06,38.0,77.0,0.0,0.0,0.0,0.0,0.0,0.0,16.0,0
38.00_77.00,2018-08-13,38.0,77.0,0.0,0.0,0.0,0.0,0.0,0.0,17.0,0
38.00_77.00,2018-08-20,38.0,77.0,0.0,0.0,0.0,0.0,0.0,0.0,18.0,0
38.00_77.00,2018-08-27,38.0,77.0,0.0,0.0,0.0,0.0,0.0,0.0,19.0,0
38.00_77.00,2018-09-03,38.0,77.0,0.0,0.0,0.0,0.0,0.0,0.0,20.0,0
38.00_77.00,2018-09-10,38.0,77.0,0.0,0.0,0.0,0.0,0.0,0.0,21.0,0
38.00_77.00,2018-09-17,38.0,77.0,0.0,0.0,0.0,0.0,0.0,0.0,22.0,0
38.00_77.00,2018-09-24,38.0,77.0,0.0,0.0,0.0,0.0,0.0,0.0,23.0,0
38.00_77.00,2018-10-01,38.0,77.0,0.0,0.0,0.0,0.0,0.0,0.0,24.0,0
38.00_77.00,2018-10-08,38.0,77.0,0.0,0.0,0.0,0.0,0.0,0.0,25.0,0
38.00_77.00,2018-10-15,38.0,77.0,0.0,0.0,0.0,0.0,0.0,0.0,26.0,0
38.00_77.00,2018-10-22,38.0,77.0,0.0,0.0,0.0,0.0,0.0,0.0,27.0,1
38.00_77.00,2018-10-29,38.0,77.0,1.0,4.9,4.9,4.9,1.0,22387211.38568342,0.0,1
38.00_77.00,2018-11-05,38.0,77.0,1.0,4.9,4.9,4.9,2.0,44774422.77136685,0.0,0
38.00_77.00,2018-11-12,38.0,77.0,0.0,0.0,0.0,4.9,2.0,44774422.77136685,1.0,0
38.00_77.00,2018-11-19,38.0,77.0,0.0,0.0,0.0,4.9,2.0,44774422.77136685,2.0,0
38.00_77.00,2018-11-26,38.0,77.0,0.0,0.0,0.0,4.9,2.0,44774422.77136685,3.0,0
38.00_77.00,2018-12-03,38.0,77.0,0.0,0.0,0.0,0.0,2.0,44774422.77136685,4.0,1
38.00_77.00,2018-12-10,38.0,77.0,1.0,4.6,4.6,4.6,3.0,52717705.11860965,0.0,0
38.00_77.00,2018-12-17,38.0,77.0,0.0,0.0,0.0,4.6,3.0,52717705.11860965,1.0,0
38.00_77.00,2018-12-24,38.0,77.0,0.0,0.0,0.0,4.6,3.0,30330493.732926227,2.0,0
38.00_77.00,2018-12-31,38.0,77.0,0.0,0.0,0.0,4.6,3.0,7943282.347242801,3.0,1
38.00_77.00,2019-01-07,38.0,77.0,1.0,5.0,5.0,5.0,4.0,39566058.94892659,0.0,0
38.00_77.00,2019-01-14,38.0,77.0,0.0,0.0,0.0,5.0,4.0,39566058.9489266,1.0,1
38.00_77.00,2019-01-21,38.0,77.0,1.0,4.6,4.6,5.0,4.0,47509341.2961694,0.0,0
38.00_77.00,2019-01-28,38.0,77.0,0.0,0.0,0.0,5.0,3.0,47509341.2961694,1.0,0
38.00_77.00,2019-02-04,38.0,77.0,0.0,0.0,0.0,4.6,3.0,39566058.9489266,2.0,0
38.00_77.00,2019-02-11,38.0,77.0,0.0,0.0,0.0,4.6,3.0,39566058.9489266,3.0,0
38.00_77.00,2019-02-18,38.0,77.0,0.0,0.0,0.0,0.0,3.0,39566058.9489266,4.0,0
38.00_77.00,2019-02-25,38.0,77.0,0.0,0.0,0.0,0.0,3.0,39566058.9489266,5.0,0
38.00_77.00,2019-03-04,38.0,77.0,0.0,0.0,0.0,0.0,2.0,7943282.347242801,6.0,0
38.00_77.00,2019-03-11,38.0,77.0,0.0,0.0,0.0,0.0,2.0,7943282.347242801,7.0,0
38.00_77.00,2019-03-18,38.0,77.0,0.0,0.0,0.0,0.0,2.0,0.0,8.0,0
38.00_77.00,2019-03-25,38.0,77.0,0.0,0.0,0.0,0.0,2.0,0.0,9.0,0
38.00_77.00,2019-04-01,38.0,77.0,0.0,0.0,0.0,0.0,1.0,0.0,10.0,0
38.00_77.00,2019-04-08,38.0,77.0,0.0,0.0,0.0,0.0,1.0,0.0,11.0,0
38.00_77.00,2019-04-15,38.0,77.0,0.0,0.0,0.0,0.0,0.0,0.0,12.0,0
38.00_77.00,2019-04-22,38.0,77.0,0.0,0.0,0.0,0.0,0.0,0.0,13.0,0
38.00_77.00,2019-04-29,38.0,77.0,0.0,0.0,0.0,0.0,0.0,0.0,14.0,0
38.00_77.00,2019-05-06,38.0,77.0,0.0,0.0,0.0,0.0,0.0,0.0,15.0,0
38.00_77.00,2019-05-13,38.0,77.0,0.0,0.0,0.0,0.0,0.0,0.0,16.0,0
38.00_77.00,2019-05-20,38.0,77.0,0.0,0.0,0.0,0.0,0.0,0.0,17.0,0
38.00_77.00,2019-05-27,38.0,77.0,0.0,0.0,0.0,0.0,0.0,0.0,18.0,0
38.00_77.00,2019-06-03,38.0,77.0,0.0,0.0,0.0,0.0,0.0,0.0,19.0,0
38.00_77.00,2019-06-10,38.0,77.0,0.0,0.0,0.0,0.0,0.0,0.0,20.0,0
38.00_77.00,2019-06-17,38.0,77.0,0.0,0.0,0.0,0.0,0.0,0.0,21.0,0
38.00_77.00,2019-06-24,38.0,77.0,0.0,0.0,0.0,0.0,0.0,0.0,22.0,0
38.00_77.00,2019-07-01,38.0,77.0,0.0,0.0,0.0,0.0,0.0,0.0,23.0,0
38.00_77.00,2019-07-08,38.0,77.0,0.0,0.0,0.0,0.0,0.0,0.0,24.0,0
38.00_77.00,2019-07-15,38.0,77.0,0.0,0.0,0.0,0.0,0.0,0.0,25.0,0
38.00_77.00,2019-07-22,38.0,77.0,0.0,0.0,0.0,0.0,0.0,0.0,26.0,0
38.00_77.00,2019-07-29,38.0,77.0,0.0,0.0,0.0,0.0,0.0,0.0,27.0,0
38.00_77.00,2019-08-05,38.0,77.0,0.0,0.0,0.0,0.0,0.0,0.0,28.0,0
38.00_77.00,2019-08-12,38.0,77.0,0.0,0.0,0.0,0.0,0.0,0.0,29.0,0
38.00_77.00,2019-08-19,38.0,77.0,0.0,0.0,0.0,0.0,0.0,0.0,30.0,0
38.00_77.00,2019-08-26,38.0,77.0,0.0,0.0,0.0,0.0,0.0,0.0,31.0,0
38.00_77.00,2019-09-02,38.0,77.0,0.0,0.0,0.0,0.0,0.0,0.0,32.0,0
38.00_77.00,2019-09-09,38.0,77.0,0.0,0.0,0.0,0.0,0.0,0.0,33.0,0
38.00_77.00,2019-09-16,38.0,77.0,0.0,0.0,0.0,0.0,0.0,0.0,34.0,0
38.00_77.00,2019-09-23,38.0,77.0,0.0,0.0,0.0,0.0,0.0,0.0,35.0,0
38.00_77.00,2019-09-30,38.0,77.0,0.0,0.0,0.0,0.0,0.0,0.0,36.0,0
38.00_77.00,2019-10-07,38.0,77.0,0.0,0.0,0.0,0.0,0.0,0.0,37.0,0
38.00_77.00,2019-10-14,38.0,77.0,0.0,0.0,0.0,0.0,0.0,0.0,38.0,0
38.00_77.00,2019-10-21,38.0,77.0,0.0,0.0,0.0,0.0,0.0,0.0,39.0,0
38.00_77.00,2019-10-28,38.0,77.0,0.0,0.0,0.0,0.0,0.0,0.0,40.0,0
38.00_77.00,2019-11-04,38.0,77.0,0.0,0.0,0.0,0.0,0.0,0.0,41.0,0
38.00_77.00,2019-11-11,38.0,77.0,0.0,0.0,0.0,0.0,0.0,0.0,42.0,0
38.00_77.00,2019-11-18,38.0,77.0,0.0,0.0,0.0,0.0,0.0,0.0,43.0,0
38.00_77.00,2019-11-25,38.0,77.0,0.0,0.0,0.0,0.0,0.0,0.0,44.0,0
38.00_77.00,2019-12-02,38.0,77.0,0.0,0.0,0.0,0.0,0.0,0.0,45.0,2
38.00_77.00,2019-12-09,38.0,77.0,2.0,4.5,4.5,4.5,2.0,11246826.503806978,0.0,1
38.00_77.00,2019-12-16,38.0,77.0,1.0,4.7,4.7,4.7,3.0,22467011.04682663,0.0,0
38.00_77.00,2019-12-23,38.0,77.0,0.0,0.0,0.0,4.7,3.0,22467011.04682663,1.0,0
38.00_77.00,2019-12-30,38.0,77.0,0.0,0.0,0.0,4.7,3.0,22467011.04682663,2.0,0
38.00_77.00,2020-01-06,38.0,77.0,0.0,0.0,0.0,4.7,3.0,22467011.04682663,3.0,0
38.00_77.00,2020-01-13,38.0,77.0,0.0,0.0,0.0,0.0,3.0,22467011.04682663,4.0,7
38.00_77.00,2020-01-20,38.0,77.0,7.0,6.0,4.5,6.0,10.0,1188069103.8943949,0.0,2
38.00_77.00,2020-01-27,38.0,77.0,2.0,4.5,4.5,6.0,12.0,1199315930.398202,0.0,1
38.00_77.00,2020-02-03,38.0,77.0,1.0,4.6,4.6,6.0,13.0,1196012386.2416377,0.0,0
38.00_77.00,2020-02-10,38.0,77.0,0.0,0.0,0.0,6.0,13.0,1184792201.6986182,1.0,0
38.00_77.00,2020-02-17,38.0,77.0,0.0,0.0,0.0,4.6,13.0,1184792201.6986182,2.0,1
38.00_77.00,2020-02-24,38.0,77.0,1.0,4.8,4.8,4.8,14.0,1200641133.6232293,0.0,0
38.00_77.00,2020-03-02,38.0,77.0,0.0,0.0,0.0,4.8,12.0,1200641133.6232293,1.0,0
38.00_77.00,2020-03-09,38.0,77.0,0.0,0.0,0.0,4.8,11.0,1200641133.6232293,2.0,0
38.00_77.00,2020-03-16,38.0,77.0,0.0,0.0,0.0,4.8,11.0,35039040.775660895,3.0,0
38.00_77.00,2020-03-23,38.0,77.0,0.0,0.0,0.0,0.0,11.0,23792214.271853913,4.0,0
38.00_77.00,2020-03-30,38.0,77.0,0.0,0.0,0.0,0.0,11.0,15848931.924611107,5.0,0
38.00_77.00,2020-04-06,38.0,77.0,0.0,0.0,0.0,0.0,11.0,15848931.924611107,6.0,0
38.00_77.00,2020-04-13,38.0,77.0,0.0,0.0,0.0,0.0,4.0,15848931.924611107,7.0,0
38.00_77.00,2020-04-20,38.0,77.0,0.0,0.0,0.0,0.0,2.0,0.0,8.0,1
38.00_77.00,2020-04-27,38.0,77.0,1.0,4.5,4.5,4.5,2.0,5623413.251903491,0.0,0
38.00_77.00,2020-05-04,38.0,77.0,0.0,0.0,0.0,4.5,2.0,5623413.251903491,1.0,2
38.00_77.00,2020-05-11,38.0,77.0,2.0,5.3,4.6,5.3,4.0,102691789.41252069,0.0,0
38.00_77.00,2020-05-18,38.0,77.0,0.0,0.0,0.0,5.3,3.0,102691789.41252069,1.0,0
38.00_77.00,2020-05-25,38.0,77.0,0.0,0.0,0.0,5.3,3.0,102691789.41252069,2.0,0
38.00_77.00,2020-06-01,38.0,77.0,0.0,0.0,0.0,5.3,3.0,102691789.41252069,3.0,0
38.00_77.00,2020-06-08,38.0,77.0,0.0,0.0,0.0,0.0,3.0,102691789.41252069,4.0,0
38.00_77.00,2020-06-15,38.0,77.0,0.0,0.0,0.0,0.0,3.0,102691789.41252069,5.0,0
38.00_77.00,2020-06-22,38.0,77.0,0.0,0.0,0.0,0.0,3.0,97068376.1606172,6.0,0
38.00_77.00,2020-06-29,38.0,77.0,0.0,0.0,0.0,0.0,3.0,97068376.1606172,7.0,0
38.00_77.00,2020-07-06,38.0,77.0,0.0,0.0,0.0,0.0,3.0,0.0,8.0,0
38.00_77.00,2020-07-13,38.0,77.0,0.0,0.0,0.0,0.0,3.0,0.0,9.0,0
38.00_77.00,2020-07-20,38.0,77.0,0.0,0.0,0.0,0.0,2.0,0.0,10.0,0
38.00_77.00,2020-07-27,38.0,77.0,0.0,0.0,0.0,0.0,2.0,0.0,11.0,1
38.00_77.00,2020-08-03,38.0,77.0,1.0,4.6,4.6,4.6,1.0,7943282.347242805,0.0,0
38.00_77.00,2020-08-10,38.0,77.0,0.0,0.0,0.0,4.6,1.0,7943282.347242805,1.0,0
38.00_77.00,2020-08-17,38.0,77.0,0.0,0.0,0.0,4.6,1.0,7943282.347242805,2.0,0
38.00_77.00,2020-08-24,38.0,77.0,0.0,0.0,0.0,4.6,1.0,7943282.347242805,3.0,0
38.00_77.00,2020-08-31,38.0,77.0,0.0,0.0,0.0,0.0,1.0,7943282.347242805,4.0,0
38.00_77.00,2020-09-07,38.0,77.0,0.0,0.0,0.0,0.0,1.0,7943282.347242805,5.0,0
38.00_77.00,2020-09-14,38.0,77.0,0.0,0.0,0.0,0.0,1.0,7943282.347242805,6.0,0
38.00_77.00,2020-09-21,38.0,77.0,0.0,0.0,0.0,0.0,1.0,7943282.347242805,7.0,0
38.00_77.00,2020-09-28,38.0,77.0,0.0,0.0,0.0,0.0,1.0,0.0,8.0,0
38.00_77.00,2020-10-05,38.0,77.0,0.0,0.0,0.0,0.0,1.0,0.0,9.0,0
38.00_77.00,2020-10-12,38.0,77.0,0.0,0.0,0.0,0.0,1.0,0.0,10.0,0
38.00_77.00,2020-10-19,38.0,77.0,0.0,0.0,0.0,0.0,1.0,0.0,11.0,1
38.00_77.00,2020-10-26,38.0,77.0,1.0,4.5,4.5,4.5,1.0,5623413.251903491,0.0,0
38.00_77.00,2020-11-02,38.0,77.0,0.0,0.0,0.0,4.5,1.0,5623413.251903491,1.0,0
38.00_77.00,2020-11-09,38.0,77.0,0.0,0.0,0.0,4.5,1.0,5623413.251903491,2.0,0
38.00_77.00,2020-11-16,38.0,77.0,0.0,0.0,0.0,4.5,1.0,5623413.251903491,3.0,0
38.00_77.00,2020-11-23,38.0,77.0,0.0,0.0,0.0,0.0,1.0,5623413.251903491,4.0,0
38.00_77.00,2020-11-30,38.0,77.0,0.0,0.0,0.0,0.0,1.0,5623413.251903491,5.0,0
38.00_77.00,2020-12-07,38.0,77.0,0.0,0.0,0.0,0.0,1.0,5623413.251903491,6.0,0
38.00_77.00,2020-12-14,38.0,77.0,0.0,0.0,0.0,0.0,1.0,5623413.251903491,7.0,0
38.00_77.00,2020-12-21,38.0,77.0,0.0,0.0,0.0,0.0,1.0,0.0,8.0,0
38.00_77.00,2020-12-28,38.0,77.0,0.0,0.0,0.0,0.0,1.0,0.0,9.0,0
38.00_77.00,2021-01-04,38.0,77.0,0.0,0.0,0.0,0.0,1.0,0.0,10.0,0
38.00_77.00,2021-01-11,38.0,77.0,0.0,0.0,0.0,0.0,1.0,0.0,11.0,0
38.00_77.00,2021-01-18,38.0,77.0,0.0,0.0,0.0,0.0,0.0,0.0,12.0,0
38.00_77.00,2021-01-25,38.0,77.0,0.0,0.0,0.0,0.0,0.0,0.0,13.0,0
38.00_77.00,2021-02-01,38.0,77.0,0.0,0.0,0.0,0.0,0.0,0.0,14.0,0
38.00_77.00,2021-02-08,38.0,77.0,0.0,0.0,0.0,0.0,0.0,0.0,15.0,0
38.00_77.00,2021-02-15,38.0,77.0,0.0,0.0,0.0,0.0,0.0,0.0,16.0,0
38.00_77.00,2021-02-22,38.0,77.0,0.0,0.0,0.0,0.0,0.0,0.0,17.0,0
38.00_77.00,2021-03-01,38.0,77.0,0.0,0.0,0.0,0.0,0.0,0.0,18.0,0
38.00_77.00,2021-03-08,38.0,77.0,0.0,0.0,0.0,0.0,0.0,0.0,19.0,0
38.00_77.00,2021-03-15,38.0,77.0,0.0,0.0,0.0,0.0,0.0,0.0,20.0,0
38.00_77.00,2021-03-22,38.0,77.0,0.0,0.0,0.0,0.0,0.0,0.0,21.0,0
38.00_77.00,2021-03-29,38.0,77.0,0.0,0.0,0.0,0.0,0.0,0.0,22.0,1
38.00_77.00,2021-04-05,38.0,77.0,1.0,4.6,4.6,4.6,1.0,7943282.347242805,0.0,0
38.00_77.00,2021-04-12,38.0,77.0,0.0,0.0,0.0,4.6,1.0,7943282.347242805,1.0,0
38.00_77.00,2021-04-19,38.0,77.0,0.0,0.0,0.0,4.6,1.0,7943282.347242805,2.0,0
38.00_77.00,2021-04-26,38.0,77.0,0.0,0.0,0.0,4.6,1.0,7943282.347242805,3.0,0
38.00_77.00,2021-05-03,38.0,77.0,0.0,0.0,0.0,0.0,1.0,7943282.347242805,4.0,0
38.00_77.00,2021-05-10,38.0,77.0,0.0,0.0,0.0,0.0,1.0,7943282.347242805,5.0,0
38.00_77.00,2021-05-17,38.0,77.0,0.0,0.0,0.0,0.0,1.0,7943282.347242805,6.0,0
38.00_77.00,2021-05-24,38.0,77.0,0.0,0.0,0.0,0.0,1.0,7943282.347242805,7.0,0
38.00_77.00,2021-05-31,38.0,77.0,0.0,0.0,0.0,0.0,1.0,0.0,8.0,0
38.00_77.00,2021-06-07,38.0,77.0,0.0,0.0,0.0,0.0,1.0,0.0,9.0,0
38.00_77.00,2021-06-14,38.0,77.0,0.0,0.0,0.0,0.0,1.0,0.0,10.0,0
38.00_77.00,2021-06-21,38.0,77.0,0.0,0.0,0.0,0.0,1.0,0.0,11.0,0
38.00_77.00,2021-06-28,38.0,77.0,0.0,0.0,0.0,0.0,0.0,0.0,12.0,0
38.00_77.00,2021-07-05,38.0,77.0,0.0,0.0,0.0,0.0,0.0,0.0,13.0,0
38.00_77.00,2021-07-12,38.0,77.0,0.0,0.0,0.0,0.0,0.0,0.0,14.0,0
38.00_77.00,2021-07-19,38.0,77.0,0.0,0.0,0.0,0.0,0.0,0.0,15.0,1
38.00_77.00,2021-07-26,38.0,77.0,1.0,4.6,4.6,4.6,1.0,7943282.347242805,0.0,0
38.00_77.00,2021-08-02,38.0,77.0,0.0,0.0,0.0,4.6,1.0,7943282.347242805,1.0,0
38.00_77.00,2021-08-09,38.0,77.0,0.0,0.0,0.0,4.6,1.0,7943282.347242805,2.0,0
38.00_77.00,2021-08-16,38.0,77.0,0.0,0.0,0.0,4.6,1.0,7943282.347242805,3.0,0
38.00_77.00,2021-08-23,38.0,77.0,0.0,0.0,0.0,0.0,1.0,7943282.347242805,4.0,0
38.00_77.00,2021-08-30,38.0,77.0,0.0,0.0,0.0,0.0,1.0,7943282.347242805,5.0,0
38.00_77.00,2021-09-06,38.0,77.0,0.0,0.0,0.0,0.0,1.0,7943282.347242805,6.0,1
38.00_77.00,2021-09-13,38.0,77.0,1.0,4.6,4.6,4.6,2.0,15886564.69448561,0.0,0
38.00_77.00,2021-09-20,38.0,77.0,0.0,0.0,0.0,4.6,2.0,7943282.347242805,1.0,0
38.00_77.00,2021-09-27,38.0,77.0,0.0,0.0,0.0,4.6,2.0,7943282.347242805,2.0,0
38.00_77.00,2021-10-04,38.0,77.0,0.0,0.0,0.0,4.6,2.0,7943282.347242805,3.0,0
38.00_77.00,2021-10-11,38.0,77.0,0.0,0.0,0.0,0.0,2.0,7943282.347242805,4.0,0
38.00_77.00,2021-10-18,38.0,77.0,0.0,0.0,0.0,0.0,1.0,7943282.347242805,5.0,0
38.00_77.00,2021-10-25,38.0,77.0,0.0,0.0,0.0,0.0,1.0,7943282.347242805,6.0,0
38.00_77.00,2021-11-01,38.0,77.0,0.0,0.0,0.0,0.0,1.0,7943282.347242805,7.0,1
38.00_77.00,2021-11-08,38.0,77.0,1.0,4.6,4.6,4.6,2.0,7943282.347242805,0.0,0
38.00_77.00,2021-11-15,38.0,77.0,0.0,0.0,0.0,4.6,2.0,7943282.347242805,1.0,0
38.00_77.00,2021-11-22,38.0,77.0,0.0,0.0,0.0,4.6,2.0,7943282.347242805,2.0,0
38.00_77.00,2021-11-29,38.0,77.0,0.0,0.0,0.0,4.6,2.0,7943282.347242805,3.0,0
38.00_77.00,2021-12-06,38.0,77.0,0.0,0.0,0.0,0.0,1.0,7943282.347242805,4.0,0
38.00_77.00,2021-12-13,38.0,77.0,0.0,0.0,0.0,0.0,1.0,7943282.347242805,5.0,0
38.00_77.00,2021-12-20,38.0,77.0,0.0,0.0,0.0,0.0,1.0,7943282.347242805,6.0,0
38.00_77.00,2021-12-27,38.0,77.0,0.0,0.0,0.0,0.0,1.0,7943282.347242805,7.0,0
38.00_77.00,2022-01-03,38.0,77.0,0.0,0.0,0.0,0.0,1.0,0.0,8.0,0
38.00_77.00,2022-01-10,38.0,77.0,0.0,0.0,0.0,0.0,1.0,0.0,9.0,0
38.00_77.00,2022-01-17,38.0,77.0,0.0,0.0,0.0,0.0,1.0,0.0,10.0,0
38.00_77.00,2022-01-24,38.0,77.0,0.0,0.0,0.0,0.0,1.0,0.0,11.0,0
38.00_77.00,2022-01-31,38.0,77.0,0.0,0.0,0.0,0.0,0.0,0.0,12.0,0
38.00_77.00,2022-02-07,38.0,77.0,0.0,0.0,0.0,0.0,0.0,0.0,13.0,0
38.00_77.00,2022-02-14,38.0,77.0,0.0,0.0,0.0,0.0,0.0,0.0,14.0,0
38.00_77.00,2022-02-21,38.0,77.0,0.0,0.0,0.0,0.0,0.0,0.0,15.0,0
38.00_77.00,2022-02-28,38.0,77.0,0.0,0.0,0.0,0.0,0.0,0.0,16.0,0
38.00_77.00,2022-03-07,38.0,77.0,0.0,0.0,0.0,0.0,0.0,0.0,17.0,0
38.00_77.00,2022-03-14,38.0,77.0,0.0,0.0,0.0,0.0,0.0,0.0,18.0,0
38.00_77.00,2022-03-21,38.0,77.0,0.0,0.0,0.0,0.0,0.0,0.0,19.0,0
38.00_77.00,2022-03-28,38.0,77.0,0.0,0.0,0.0,0.0,0.0,0.0,20.0,0
38.00_77.00,2022-04-04,38.0,77.0,0.0,0.0,0.0,0.0,0.0,0.0,21.0,0
38.00_77.00,2022-04-11,38.0,77.0,0.0,0.0,0.0,0.0,0.0,0.0,22.0,0
38.00_77.00,2022-04-18,38.0,77.0,0.0,0.0,0.0,0.0,0.0,0.0,23.0,0
38.00_77.00,2022-04-25,38.0,77.0,0.0,0.0,0.0,0.0,0.0,0.0,24.0,0
38.00_77.00,2022-05-02,38.0,77.0,0.0,0.0,0.0,0.0,0.0,0.0,25.0,0
38.00_77.00,2022-05-09,38.0,77.0,0.0,0.0,0.0,0.0,0.0,0.0,26.0,0
38.00_77.00,2022-05-16,38.0,77.0,0.0,0.0,0.0,0.0,0.0,0.0,27.0,0
38.00_77.00,2022-05-23,38.0,77.0,0.0,0.0,0.0,0.0,0.0,0.0,28.0,0
38.00_77.00,2022-05-30,38.0,77.0,0.0,0.0,0.0,0.0,0.0,0.0,29.0,0
38.00_77.00,2022-06-06,38.0,77.0,0.0,0.0,0.0,0.0,0.0,0.0,30.0,0
38.00_77.00,2022-06-13,38.0,77.0,0.0,0.0,0.0,0.0,0.0,0.0,31.0,0
38.00_77.00,2022-06-20,38.0,77.0,0.0,0.0,0.0,0.0,0.0,0.0,32.0,0
38.00_77.00,2022-06-27,38.0,77.0,0.0,0.0,0.0,0.0,0.0,0.0,33.0,1
38.00_77.00,2022-07-04,38.0,77.0,1.0,5.0,5.0,5.0,1.0,31622776.60168379,0.0,0
38.00_77.00,2022-07-11,38.0,77.0,0.0,0.0,0.0,5.0,1.0,31622776.60168379,1.0,0
38.00_77.00,2022-07-18,38.0,77.0,0.0,0.0,0.0,5.0,1.0,31622776.60168379,2.0,0
38.00_77.00,2022-07-25,38.0,77.0,0.0,0.0,0.0,5.0,1.0,31622776.60168379,3.0,0
38.00_77.00,2022-08-01,38.0,77.0,0.0,0.0,0.0,0.0,1.0,31622776.60168379,4.0,0
38.00_77.00,2022-08-08,38.0,77.0,0.0,0.0,0.0,0.0,1.0,31622776.60168379,5.0,1
38.00_77.00,2022-08-15,38.0,77.0,1.0,4.5,4.5,4.5,2.0,37246189.853587285,0.0,0
38.00_77.00,2022-08-22,38.0,77.0,0.0,0.0,0.0,4.5,2.0,37246189.853587285,1.0,0
38.00_77.00,2022-08-29,38.0,77.0,0.0,0.0,0.0,4.5,2.0,5623413.251903491,2.0,0
38.00_77.00,2022-09-05,38.0,77.0,0.0,0.0,0.0,4.5,2.0,5623413.251903491,3.0,0
38.00_77.00,2022-09-12,38.0,77.0,0.0,0.0,0.0,0.0,2.0,5623413.251903491,4.0,0
38.00_77.00,2022-09-19,38.0,77.0,0.0,0.0,0.0,0.0,2.0,5623413.251903491,5.0,0
38.00_77.00,2022-09-26,38.0,77.0,0.0,0.0,0.0,0.0,1.0,5623413.251903491,6.0,0
38.00_77.00,2022-10-03,38.0,77.0,0.0,0.0,0.0,0.0,1.0,5623413.251903491,7.0,0
38.00_77.00,2022-10-10,38.0,77.0,0.0,0.0,0.0,0.0,1.0,0.0,8.0,1
38.00_77.00,2022-10-17,38.0,77.0,1.0,4.9,4.9,4.9,2.0,22387211.385683425,0.0,0
38.00_77.00,2022-10-24,38.0,77.0,0.0,0.0,0.0,4.9,2.0,22387211.385683425,1.0,0
38.00_77.00,2022-10-31,38.0,77.0,0.0,0.0,0.0,4.9,2.0,22387211.385683425,2.0,0
38.00_77.00,2022-11-07,38.0,77.0,0.0,0.0,0.0,4.9,1.0,22387211.385683425,3.0,0
38.00_77.00,2022-11-14,38.0,77.0,0.0,0.0,0.0,0.0,1.0,22387211.385683425,4.0,0
38.00_77.00,2022-11-21,38.0,77.0,0.0,0.0,0.0,0.0,1.0,22387211.385683425,5.0,0
38.00_77.00,2022-11-28,38.0,77.0,0.0,0.0,0.0,0.0,1.0,22387211.385683425,6.0,1
38.00_77.00,2022-12-05,38.0,77.0,1.0,4.8,4.8,4.8,2.0,38236143.31029453,0.0,0
38.00_77.00,2022-12-12,38.0,77.0,0.0,0.0,0.0,4.8,2.0,15848931.924611108,1.0,0
38.00_77.00,2022-12-19,38.0,77.0,0.0,0.0,0.0,4.8,2.0,15848931.924611108,2.0,0
38.00_77.00,2022-12-26,38.0,77.0,0.0,0.0,0.0,4.8,2.0,15848931.924611108,3.0,0
38.00_77.00,2023-01-02,38.0,77.0,0.0,0.0,0.0,0.0,2.0,15848931.924611108,4.0,0
38.00_77.00,2023-01-09,38.0,77.0,0.0,0.0,0.0,0.0,1.0,15848931.924611108,5.0,0
38.00_77.00,2023-01-16,38.0,77.0,0.0,0.0,0.0,0.0,1.0,15848931.924611108,6.0,0
38.00_77.00,2023-01-23,38.0,77.0,0.0,0.0,0.0,0.0,1.0,15848931.924611108,7.0,0
38.00_77.00,2023-01-30,38.0,77.0,0.0,0.0,0.0,0.0,1.0,0.0,8.0,0
38.00_77.00,2023-02-06,38.0,77.0,0.0,0.0,0.0,0.0,1.0,0.0,9.0,0
38.00_77.00,2023-02-13,38.0,77.0,0.0,0.0,0.0,0.0,1.0,0.0,10.0,0
38.00_77.00,2023-02-20,38.0,77.0,0.0,0.0,0.0,0.0,1.0,0.0,11.0,0
38.00_77.00,2023-02-27,38.0,77.0,0.0,0.0,0.0,0.0,0.0,0.0,12.0,0
38.00_77.00,2023-03-06,38.0,77.0,0.0,0.0,0.0,0.0,0.0,0.0,13.0,0
38.00_77.00,2023-03-13,38.0,77.0,0.0,0.0,0.0,0.0,0.0,0.0,14.0,0
38.00_77.00,2023-03-20,38.0,77.0,0.0,0.0,0.0,0.0,0.0,0.0,15.0,0
38.00_77.00,2023-03-27,38.0,77.0,0.0,0.0,0.0,0.0,0.0,0.0,16.0,0
38.00_77.00,2023-04-03,38.0,77.0,0.0,0.0,0.0,0.0,0.0,0.0,17.0,0
38.00_77.00,2023-04-10,38.0,77.0,0.0,0.0,0.0,0.0,0.0,0.0,18.0,0
38.00_77.00,2023-04-17,38.0,77.0,0.0,0.0,0.0,0.0,0.0,0.0,19.0,0
38.00_77.00,2023-04-24,38.0,77.0,0.0,0.0,0.0,0.0,0.0,0.0,20.0,0
38.00_77.00,2023-05-01,38.0,77.0,0.0,0.0,0.0,0.0,0.0,0.0,21.0,0
38.00_77.00,2023-05-08,38.0,77.0,0.0,0.0,0.0,0.0,0.0,0.0,22.0,0
38.00_77.00,2023-05-15,38.0,77.0,0.0,0.0,0.0,0.0,0.0,0.0,23.0,0
38.00_77.00,2023-05-22,38.0,77.0,0.0,0.0,0.0,0.0,0.0,0.0,24.0,0
38.00_77.00,2023-05-29,38.0,77.0,0.0,0.0,0.0,0.0,0.0,0.0,25.0,0
38.00_77.00,2023-06-05,38.0,77.0,0.0,0.0,0.0,0.0,0.0,0.0,26.0,0
38.00_77.00,2023-06-12,38.0,77.0,0.0,0.0,0.0,0.0,0.0,0.0,27.0,0
38.00_77.00,2023-06-19,38.0,77.0,0.0,0.0,0.0,0.0,0.0,0.0,28.0,0
38.00_77.00,2023-06-26,38.0,77.0,0.0,0.0,0.0,0.0,0.0,0.0,29.0,0
38.00_77.00,2023-07-03,38.0,77.0,0.0,0.0,0.0,0.0,0.0,0.0,30.0,0
38.00_77.00,2023-07-10,38.0,77.0,0.0,0.0,0.0,0.0,0.0,0.0,31.0,0
38.00_77.00,2023-07-17,38.0,77.0,0.0,0.0,0.0,0.0,0.0,0.0,32.0,0
38.00_77.00,2023-07-24,38.0,77.0,0.0,0.0,0.0,0.0,0.0,0.0,33.0,0
38.00_77.00,2023-07-31,38.0,77.0,0.0,0.0,0.0,0.0,0.0,0.0,34.0,0
38.00_77.00,2023-08-07,38.0,77.0,0.0,0.0,0.0,0.0,0.0,0.0,35.0,0
38.00_77.00,2023-08-14,38.0,77.0,0.0,0.0,0.0,0.0,0.0,0.0,36.0,1
38.00_77.00,2023-08-21,38.0,77.0,1.0,4.7,4.7,4.7,1.0,11220184.543019652,0.0,0
38.00_77.00,2023-08-28,38.0,77.0,0.0,0.0,0.0,4.7,1.0,11220184.543019652,1.0,1
38.00_77.00,2023-09-04,38.0,77.0,1.0,4.5,4.5,4.7,2.0,16843597.79492314,0.0,0
38.00_77.00,2023-09-11,38.0,77.0,0.0,0.0,0.0,4.7,2.0,16843597.79492314,1.0,0
38.00_77.00,2023-09-18,38.0,77.0,0.0,0.0,0.0,4.5,2.0,16843597.79492314,2.0,0
38.00_77.00,2023-09-25,38.0,77.0,0.0,0.0,0.0,4.5,2.0,16843597.79492314,3.0,0
38.00_77.00,2023-10-02,38.0,77.0,0.0,0.0,0.0,0.0,2.0,16843597.79492314,4.0,0
38.00_77.00,2023-10-09,38.0,77.0,0.0,0.0,0.0,0.0,2.0,16843597.79492314,5.0,0
38.00_77.00,2023-10-16,38.0,77.0,0.0,0.0,0.0,0.0,2.0,5623413.251903491,6.0,0
38.00_77.00,2023-10-23,38.0,77.0,0.0,0.0,0.0,0.0,2.0,5623413.251903491,7.0,0
38.00_77.00,2023-10-30,38.0,77.0,0.0,0.0,0.0,0.0,2.0,0.0,8.0,0
38.00_77.00,2023-11-06,38.0,77.0,0.0,0.0,0.0,0.0,2.0,0.0,9.0,3
38.00_77.00,2023-11-13,38.0,77.0,3.0,5.3,4.5,5.3,4.0,110597438.989889,0.0,0
38.00_77.00,2023-11-20,38.0,77.0,0.0,0.0,0.0,5.3,4.0,110597438.989889,1.0,0
38.00_77.00,2023-11-27,38.0,77.0,0.0,0.0,0.0,5.3,3.0,110597438.989889,2.0,0
38.00_77.00,2023-12-04,38.0,77.0,0.0,0.0,0.0,5.3,3.0,110597438.989889,3.0,0
38.00_77.00,2023-12-11,38.0,77.0,0.0,0.0,0.0,0.0,3.0,110597438.989889,4.0,0
38.00_77.00,2023-12-18,38.0,77.0,0.0,0.0,0.0,0.0,3.0,110597438.989889,5.0,1
38.00_77.00,2023-12-25,38.0,77.0,1.0,5.2,5.2,5.2,4.0,173693173.4379084,0.0,0
38.00_80.00,2010-03-22,38.0,80.0,0.0,0.0,0.0,0.0,0.0,0.0,500.0,0
38.00_80.00,2010-03-29,38.0,80.0,0.0,0.0,0.0,0.0,0.0,0.0,500.0,0
38.00_80.00,2010-04-05,38.0,80.0,0.0,0.0,0.0,0.0,0.0,0.0,500.0,0
38.00_80.00,2010-04-12,38.0,80.0,0.0,0.0,0.0,0.0,0.0,0.0,500.0,0
38.00_80.00,2010-04-19,38.0,80.0,0.0,0.0,0.0,0.0,0.0,0.0,500.0,0
38.00_80.00,2010-04-26,38.0,80.0,0.0,0.0,0.0,0.0,0.0,0.0,500.0,0
38.00_80.00,2010-05-03,38.0,80.0,0.0,0.0,0.0,0.0,0.0,0.0,500.0,0
38.00_80.00,2010-05-10,38.0,80.0,0.0,0.0,0.0,0.0,0.0,0.0,500.0,0
38.00_80.00,2010-05-17,38.0,80.0,0.0,0.0,0.0,0.0,0.0,0.0,500.0,0
38.00_80.00,2010-05-24,38.0,80.0,0.0,0.0,0.0,0.0,0.0,0.0,500.0,0
38.00_80.00,2010-05-31,38.0,80.0,0.0,0.0,0.0,0.0,0.0,0.0,500.0,0
38.00_80.00,2010-06-07,38.0,80.0,0.0,0.0,0.0,0.0,0.0,0.0,500.0,0
38.00_80.00,2010-06-14,38.0,80.0,0.0,0.0,0.0,0.0,0.0,0.0,500.0,0
38.00_80.00,2010-06-21,38.0,80.0,0.0,0.0,0.0,0.0,0.0,0.0,500.0,0
38.00_80.00,2010-06-28,38.0,80.0,0.0,0.0,0.0,0.0,0.0,0.0,500.0,0
38.00_80.00,2010-07-05,38.0,80.0,0.0,0.0,0.0,0.0,0.0,0.0,500.0,0
38.00_80.00,2010-07-12,38.0,80.0,0.0,0.0,0.0,0.0,0.0,0.0,500.0,0
38.00_80.00,2010-07-19,38.0,80.0,0.0,0.0,0.0,0.0,0.0,0.0,500.0,0
38.00_80.00,2010-07-26,38.0,80.0,0.0,0.0,0.0,0.0,0.0,0.0,500.0,0
38.00_80.00,2010-08-02,38.0,80.0,0.0,0.0,0.0,0.0,0.0,0.0,500.0,0
38.00_80.00,2010-08-09,38.0,80.0,0.0,0.0,0.0,0.0,0.0,0.0,500.0,0
38.00_80.00,2010-08-16,38.0,80.0,0.0,0.0,0.0,0.0,0.0,0.0,500.0,0
38.00_80.00,2010-08-23,38.0,80.0,0.0,0.0,0.0,0.0,0.0,0.0,500.0,0
38.00_80.00,2010-08-30,38.0,80.0,0.0,0.0,0.0,0.0,0.0,0.0,500.0,0
38.00_80.00,2010-09-06,38.0,80.0,0.0,0.0,0.0,0.0,0.0,0.0,500.0,0
38.00_80.00,2010-09-13,38.0,80.0,0.0,0.0,0.0,0.0,0.0,0.0,500.0,0
38.00_80.00,2010-09-20,38.0,80.0,0.0,0.0,0.0,0.0,0.0,0.0,500.0,0
38.00_80.00,2010-09-27,38.0,80.0,0.0,0.0,0.0,0.0,0.0,0.0,500.0,0
38.00_80.00,2010-10-04,38.0,80.0,0.0,0.0,0.0,0.0,0.0,0.0,500.0,0
38.00_80.00,2010-10-11,38.0,80.0,0.0,0.0,0.0,0.0,0.0,0.0,500.0,0
38.00_80.00,2010-10-18,38.0,80.0,0.0,0.0,0.0,0.0,0.0,0.0,500.0,0
38.00_80.00,2010-10-25,38.0,80.0,0.0,0.0,0.0,0.0,0.0,0.0,500.0,0
38.00_80.00,2010-11-01,38.0,80.0,0.0,0.0,0.0,0.0,0.0,0.0,500.0,0
38.00_80.00,2010-11-08,38.0,80.0,0.0,0.0,0.0,0.0,0.0,0.0,500.0,0
38.00_80.00,2010-11-15,38.0,80.0,0.0,0.0,0.0,0.0,0.0,0.0,500.0,0
38.00_80.00,2010-11-22,38.0,80.0,0.0,0.0,0.0,0.0,0.0,0.0,500.0,0
38.00_80.00,2010-11-29,38.0,80.0,0.0,0.0,0.0,0.0,0.0,0.0,500.0,0
38.00_80.00,2010-12-06,38.0,80.0,0.0,0.0,0.0,0.0,0.0,0.0,500.0,0
38.00_80.00,2010-12-13,38.0,80.0,0.0,0.0,0.0,0.0,0.0,0.0,500.0,0
38.00_80.00,2010-12-20,38.0,80.0,0.0,0.0,0.0,0.0,0.0,0.0,500.0,0
38.00_80.00,2010-12-27,38.0,80.0,0.0,0.0,0.0,0.0,0.0,0.0,500.0,0
38.00_80.00,2011-01-03,38.0,80.0,0.0,0.0,0.0,0.0,0.0,0.0,500.0,0
38.00_80.00,2011-01-10,38.0,80.0,0.0,0.0,0.0,0.0,0.0,0.0,500.0,0
38.00_80.00,2011-01-17,38.0,80.0,0.0,0.0,0.0,0.0,0.0,0.0,500.0,0
38.00_80.00,2011-01-24,38.0,80.0,0.0,0.0,0.0,0.0,0.0,0.0,500.0,0
38.00_80.00,2011-01-31,38.0,80.0,0.0,0.0,0.0,0.0,0.0,0.0,500.0,0
38.00_80.00,2011-02-07,38.0,80.0,0.0,0.0,0.0,0.0,0.0,0.0,500.0,0
38.00_80.00,2011-02-14,38.0,80.0,0.0,0.0,0.0,0.0,0.0,0.0,500.0,0
38.00_80.00,2011-02-21,38.0,80.0,0.0,0.0,0.0,0.0,0.0,0.0,500.0,0
38.00_80.00,2011-02-28,38.0,80.0,0.0,0.0,0.0,0.0,0.0,0.0,500.0,0
38.00_80.00,2011-03-07,38.0,80.0,0.0,0.0,0.0,0.0,0.0,0.0,500.0,0
38.00_80.00,2011-03-14,38.0,80.0,0.0,0.0,0.0,0.0,0.0,0.0,500.0,0
38.00_80.00,2011-03-21,38.0,80.0,0.0,0.0,0.0,0.0,0.0,0.0,500.0,0
38.00_80.00,2011-03-28,38.0,80.0,0.0,0.0,0.0,0.0,0.0,0.0,500.0,0
38.00_80.00,2011-04-04,38.0,80.0,0.0,0.0,0.0,0.0,0.0,0.0,500.0,0
38.00_80.00,2011-04-11,38.0,80.0,0.0,0.0,0.0,0.0,0.0,0.0,500.0,0
38.00_80.00,2011-04-18,38.0,80.0,0.0,0.0,0.0,0.0,0.0,0.0,500.0,0
38.00_80.00,2011-04-25,38.0,80.0,0.0,0.0,0.0,0.0,0.0,0.0,500.0,0
38.00_80.00,2011-05-02,38.0,80.0,0.0,0.0,0.0,0.0,0.0,0.0,500.0,0
38.00_80.00,2011-05-09,38.0,80.0,0.0,0.0,0.0,0.0,0.0,0.0,500.0,0
38.00_80.00,2011-05-16,38.0,80.0,0.0,0.0,0.0,0.0,0.0,0.0,500.0,0
38.00_80.00,2011-05-23,38.0,80.0,0.0,0.0,0.0,0.0,0.0,0.0,500.0,0
38.00_80.00,2011-05-30,38.0,80.0,0.0,0.0,0.0,0.0,0.0,0.0,500.0,0
38.00_80.00,2011-06-06,38.0,80.0,0.0,0.0,0.0,0.0,0.0,0.0,500.0,0
38.00_80.00,2011-06-13,38.0,80.0,0.0,0.0,0.0,0.0,0.0,0.0,500.0,0
38.00_80.00,2011-06-20,38.0,80.0,0.0,0.0,0.0,0.0,0.0,0.0,500.0,0
38.00_80.00,2011-06-27,38.0,80.0,0.0,0.0,0.0,0.0,0.0,0.0,500.0,0
38.00_80.00,2011-07-04,38.0,80.0,0.0,0.0,0.0,0.0,0.0,0.0,500.0,0
38.00_80.00,2011-07-11,38.0,80.0,0.0,0.0,0.0,0.0,0.0,0.0,500.0,0
38.00_80.00,2011-07-18,38.0,80.0,0.0,0.0,0.0,0.0,0.0,0.0,500.0,0
38.00_80.00,2011-07-25,38.0,80.0,0.0,0.0,0.0,0.0,0.0,0.0,500.0,0
38.00_80.00,2011-08-01,38.0,80.0,0.0,0.0,0.0,0.0,0.0,0.0,500.0,0
38.00_80.00,2011-08-08,38.0,80.0,0.0,0.0,0.0,0.0,0.0,0.0,500.0,0
38.00_80.00,2011-08-15,38.0,80.0,0.0,0.0,0.0,0.0,0.0,0.0,500.0,0
38.00_80.00,2011-08-22,38.0,80.0,0.0,0.0,0.0,0.0,0.0,0.0,500.0,0
38.00_80.00,2011-08-29,38.0,80.0,0.0,0.0,0.0,0.0,0.0,0.0,500.0,0
38.00_80.00,2011-09-05,38.0,80.0,0.0,0.0,0.0,0.0,0.0,0.0,500.0,0
38.00_80.00,2011-09-12,38.0,80.0,0.0,0.0,0.0,0.0,0.0,0.0,500.0,0
38.00_80.00,2011-09-19,38.0,80.0,0.0,0.0,0.0,0.0,0.0,0.0,500.0,0
38.00_80.00,2011-09-26,38.0,80.0,0.0,0.0,0.0,0.0,0.0,0.0,500.0,0
38.00_80.00,2011-10-03,38.0,80.0,0.0,0.0,0.0,0.0,0.0,0.0,500.0,0
38.00_80.00,2011-10-10,38.0,80.0,0.0,0.0,0.0,0.0,0.0,0.0,500.0,0
38.00_80.00,2011-10-17,38.0,80.0,0.0,0.0,0.0,0.0,0.0,0.0,500.0,0
38.00_80.00,2011-10-24,38.0,80.0,0.0,0.0,0.0,0.0,0.0,0.0,500.0,0
38.00_80.00,2011-10-31,38.0,80.0,0.0,0.0,0.0,0.0,0.0,0.0,500.0,0
38.00_80.00,2011-11-07,38.0,80.0,0.0,0.0,0.0,0.0,0.0,0.0,500.0,0
38.00_80.00,2011-11-14,38.0,80.0,0.0,0.0,0.0,0.0,0.0,0.0,500.0,0
38.00_80.00,2011-11-21,38.0,80.0,0.0,0.0,0.0,0.0,0.0,0.0,500.0,0
38.00_80.00,2011-11-28,38.0,80.0,0.0,0.0,0.0,0.0,0.0,0.0,500.0,0
38.00_80.00,2011-12-05,38.0,80.0,0.0,0.0,0.0,0.0,0.0,0.0,500.0,0
38.00_80.00,2011-12-12,38.0,80.0,0.0,0.0,0.0,0.0,0.0,0.0,500.0,0
38.00_80.00,2011-12-19,38.0,80.0,0.0,0.0,0.0,0.0,0.0,0.0,500.0,0
38.00_80.00,2011-12-26,38.0,80.0,0.0,0.0,0.0,0.0,0.0,0.0,500.0,0
38.00_80.00,2012-01-02,38.0,80.0,0.0,0.0,0.0,0.0,0.0,0.0,500.0,0
38.00_80.00,2012-01-09,38.0,80.0,0.0,0.0,0.0,0.0,0.0,0.0,500.0,0
38.00_80.00,2012-01-16,38.0,80.0,0.0,0.0,0.0,0.0,0.0,0.0,500.0,0
38.00_80.00,2012-01-23,38.0,80.0,0.0,0.0,0.0,0.0,0.0,0.0,500.0,0
38.00_80.00,2012-01-30,38.0,80.0,0.0,0.0,0.0,0.0,0.0,0.0,500.0,0
38.00_80.00,2012-02-06,38.0,80.0,0.0,0.0,0.0,0.0,0.0,0.0,500.0,0
38.00_80.00,2012-02-13,38.0,80.0,0.0,0.0,0.0,0.0,0.0,0.0,500.0,0
38.00_80.00,2012-02-20,38.0,80.0,0.0,0.0,0.0,0.0,0.0,0.0,500.0,0
38.00_80.00,2012-02-27,38.0,80.0,0.0,0.0,0.0,0.0,0.0,0.0,500.0,0
38.00_80.00,2012-03-05,38.0,80.0,0.0,0.0,0.0,0.0,0.0,0.0,500.0,1
38.00_80.00,2012-03-12,38.0,80.0,1.0,5.9,5.9,5.9,1.0,707945784.3841403,0.0,0
38.00_80.00,2012-03-19,38.0,80.0,0.0,0.0,0.0,5.9,1.0,707945784.3841403,1.0,0
38.00_80.00,2012-03-26,38.0,80.0,0.0,0.0,0.0,5.9,1.0,707945784.3841403,2.0,0
38.00_80.00,2012-04-02,38.0,80.0,0.0,0.0,0.0,5.9,1.0,707945784.3841403,3.0,0
38.00_80.00,2012-04-09,38.0,80.0,0.0,0.0,0.0,0.0,1.0,707945784.3841403,4.0,0
38.00_80.00,2012-04-16,38.0,80.0,0.0,0.0,0.0,0.0,1.0,707945784.3841403,5.0,0
38.00_80.00,2012-04-23,38.0,80.0,0.0,0.0,0.0,0.0,1.0,707945784.3841403,6.0,0
38.00_80.00,2012-04-30,38.0,80.0,0.0,0.0,0.0,0.0,1.0,707945784.3841403,7.0,0
38.00_80.00,2012-05-07,38.0,80.0,0.0,0.0,0.0,0.0,1.0,0.0,8.0,0
38.00_80.00,2012-05-14,38.0,80.0,0.0,0.0,0.0,0.0,1.0,0.0,9.0,0
38.00_80.00,2012-05-21,38.0,80.0,0.0,0.0,0.0,0.0,1.0,0.0,10.0,0
38.00_80.00,2012-05-28,38.0,80.0,0.0,0.0,0.0,0.0,1.0,0.0,11.0,0
38.00_80.00,2012-06-04,38.0,80.0,0.0,0.0,0.0,0.0,0.0,0.0,12.0,0
38.00_80.00,2012-06-11,38.0,80.0,0.0,0.0,0.0,0.0,0.0,0.0,13.0,0
38.00_80.00,2012-06-18,38.0,80.0,0.0,0.0,0.0,0.0,0.0,0.0,14.0,0
38.00_80.00,2012-06-25,38.0,80.0,0.0,0.0,0.0,0.0,0.0,0.0,15.0,0
38.00_80.00,2012-07-02,38.0,80.0,0.0,0.0,0.0,0.0,0.0,0.0,16.0,0
38.00_80.00,2012-07-09,38.0,80.0,0.0,0.0,0.0,0.0,0.0,0.0,17.0,0
38.00_80.00,2012-07-16,38.0,80.0,0.0,0.0,0.0,0.0,0.0,0.0,18.0,0
38.00_80.00,2012-07-23,38.0,80.0,0.0,0.0,0.0,0.0,0.0,0.0,19.0,0
38.00_80.00,2012-07-30,38.0,80.0,0.0,0.0,0.0,0.0,0.0,0.0,20.0,0
38.00_80.00,2012-08-06,38.0,80.0,0.0,0.0,0.0,0.0,0.0,0.0,21.0,0
38.00_80.00,2012-08-13,38.0,80.0,0.0,0.0,0.0,0.0,0.0,0.0,22.0,0
38.00_80.00,2012-08-20,38.0,80.0,0.0,0.0,0.0,0.0,0.0,0.0,23.0,0
38.00_80.00,2012-08-27,38.0,80.0,0.0,0.0,0.0,0.0,0.0,0.0,24.0,0
38.00_80.00,2012-09-03,38.0,80.0,0.0,0.0,0.0,0.0,0.0,0.0,25.0,0
38.00_80.00,2012-09-10,38.0,80.0,0.0,0.0,0.0,0.0,0.0,0.0,26.0,0
38.00_80.00,2012-09-17,38.0,80.0,0.0,0.0,0.0,0.0,0.0,0.0,27.0,0
38.00_80.00,2012-09-24,38.0,80.0,0.0,0.0,0.0,0.0,0.0,0.0,28.0,0
38.00_80.00,2012-10-01,38.0,80.0,0.0,0.0,0.0,0.0,0.0,0.0,29.0,0
38.00_80.00,2012-10-08,38.0,80.0,0.0,0.0,0.0,0.0,0.0,0.0,30.0,0
38.00_80.00,2012-10-15,38.0,80.0,0.0,0.0,0.0,0.0,0.0,0.0,31.0,0
38.00_80.00,2012-10-22,38.0,80.0,0.0,0.0,0.0,0.0,0.0,0.0,32.0,0
38.00_80.00,2012-10-29,38.0,80.0,0.0,0.0,0.0,0.0,0.0,0.0,33.0,0
38.00_80.00,2012-11-05,38.0,80.0,0.0,0.0,0.0,0.0,0.0,0.0,34.0,0
38.00_80.00,2012-11-12,38.0,80.0,0.0,0.0,0.0,0.0,0.0,0.0,35.0,0
38.00_80.00,2012-11-19,38.0,80.0,0.0,0.0,0.0,0.0,0.0,0.0,36.0,0
38.00_80.00,2012-11-26,38.0,80.0,0.0,0.0,0.0,0.0,0.0,0.0,37.0,0
38.00_80.00,2012-12-03,38.0,80.0,0.0,0.0,0.0,0.0,0.0,0.0,38.0,0
38.00_80.00,2012-12-10,38.0,80.0,0.0,0.0,0.0,0.0,0.0,0.0,39.0,0
38.00_80.00,2012-12-17,38.0,80.0,0.0,0.0,0.0,0.0,0.0,0.0,40.0,0
38.00_80.00,2012-12-24,38.0,80.0,0.0,0.0,0.0,0.0,0.0,0.0,41.0,0
38.00_80.00,2012-12-31,38.0,80.0,0.0,0.0,0.0,0.0,0.0,0.0,42.0,0
38.00_80.00,2013-01-07,38.0,80.0,0.0,0.0,0.0,0.0,0.0,0.0,43.0,0
38.00_80.00,2013-01-14,38.0,80.0,0.0,0.0,0.0,0.0,0.0,0.0,44.0,0
38.00_80.00,2013-01-21,38.0,80.0,0.0,0.0,0.0,0.0,0.0,0.0,45.0,0
38.00_80.00,2013-01-28,38.0,80.0,0.0,0.0,0.0,0.0,0.0,0.0,46.0,0
38.00_80.00,2013-02-04,38.0,80.0,0.0,0.0,0.0,0.0,0.0,0.0,47.0,0
38.00_80.00,2013-02-11,38.0,80.0,0.0,0.0,0.0,0.0,0.0,0.0,48.0,0
38.00_80.00,2013-02-18,38.0,80.0,0.0,0.0,0.0,0.0,0.0,0.0,49.0,0
38.00_80.00,2013-02-25,38.0,80.0,0.0,0.0,0.0,0.0,0.0,0.0,50.0,0
38.00_80.00,2013-03-04,38.0,80.0,0.0,0.0,0.0,0.0,0.0,0.0,51.0,0
38.00_80.00,2013-03-11,38.0,80.0,0.0,0.0,0.0,0.0,0.0,0.0,52.0,0
38.00_80.00,2013-03-18,38.0,80.0,0.0,0.0,0.0,0.0,0.0,0.0,53.0,0
38.00_80.00,2013-03-25,38.0,80.0,0.0,0.0,0.0,0.0,0.0,0.0,54.0,0
38.00_80.00,2013-04-01,38.0,80.0,0.0,0.0,0.0,0.0,0.0,0.0,55.0,0
38.00_80.00,2013-04-08,38.0,80.0,0.0,0.0,0.0,0.0,0.0,0.0,56.0,0
38.00_80.00,2013-04-15,38.0,80.0,0.0,0.0,0.0,0.0,0.0,0.0,57.0,0
38.00_80.00,2013-04-22,38.0,80.0,0.0,0.0,0.0,0.0,0.0,0.0,58.0,0
38.00_80.00,2013-04-29,38.0,80.0,0.0,0.0,0.0,0.0,0.0,0.0,59.0,0
38.00_80.00,2013-05-06,38.0,80.0,0.0,0.0,0.0,0.0,0.0,0.0,60.0,0
38.00_80.00,2013-05-13,38.0,80.0,0.0,0.0,0.0,0.0,0.0,0.0,61.0,0
38.00_80.00,2013-05-20,38.0,80.0,0.0,0.0,0.0,0.0,0.0,0.0,62.0,0
38.00_80.00,2013-05-27,38.0,80.0,0.0,0.0,0.0,0.0,0.0,0.0,63.0,0
38.00_80.00,2013-06-03,38.0,80.0,0.0,0.0,0.0,0.0,0.0,0.0,64.0,0
38.00_80.00,2013-06-10,38.0,80.0,0.0,0.0,0.0,0.0,0.0,0.0,65.0,0
38.00_80.00,2013-06-17,38.0,80.0,0.0,0.0,0.0,0.0,0.0,0.0,66.0,0
38.00_80.00,2013-06-24,38.0,80.0,0.0,0.0,0.0,0.0,0.0,0.0,67.0,0
38.00_80.00,2013-07-01,38.0,80.0,0.0,0.0,0.0,0.0,0.0,0.0,68.0,0
38.00_80.00,2013-07-08,38.0,80.0,0.0,0.0,0.0,0.0,0.0,0.0,69.0,0
38.00_80.00,2013-07-15,38.0,80.0,0.0,0.0,0.0,0.0,0.0,0.0,70.0,0
38.00_80.00,2013-07-22,38.0,80.0,0.0,0.0,0.0,0.0,0.0,0.0,71.0,0
38.00_80.00,2013-07-29,38.0,80.0,0.0,0.0,0.0,0.0,0.0,0.0,72.0,0
38.00_80.00,2013-08-05,38.0,80.0,0.0,0.0,0.0,0.0,0.0,0.0,73.0,0
38.00_80.00,2013-08-12,38.0,80.0,0.0,0.0,0.0,0.0,0.0,0.0,74.0,0
38.00_80.00,2013-08-19,38.0,80.0,0.0,0.0,0.0,0.0,0.0,0.0,75.0,0
38.00_80.00,2013-08-26,38.0,80.0,0.0,0.0,0.0,0.0,0.0,0.0,76.0,0
38.00_80.00,2013-09-02,38.0,80.0,0.0,0.0,0.0,0.0,0.0,0.0,77.0,0
38.00_80.00,2013-09-09,38.0,80.0,0.0,0.0,0.0,0.0,0.0,0.0,78.0,0
38.00_80.00,2013-09-16,38.0,80.0,0.0,0.0,0.0,0.0,0.0,0.0,79.0,0
38.00_80.00,2013-09-23,38.0,80.0,0.0,0.0,0.0,0.0,0.0,0.0,80.0,0
38.00_80.00,2013-09-30,38.0,80.0,0.0,0.0,0.0,0.0,0.0,0.0,81.0,0
38.00_80.00,2013-10-07,38.0,80.0,0.0,0.0,0.0,0.0,0.0,0.0,82.0,0
38.00_80.00,2013-10-14,38.0,80.0,0.0,0.0,0.0,0.0,0.0,0.0,83.0,0
38.00_80.00,2013-10-21,38.0,80.0,0.0,0.0,0.0,0.0,0.0,0.0,84.0,0
38.00_80.00,2013-10-28,38.0,80.0,0.0,0.0,0.0,0.0,0.0,0.0,85.0,0
38.00_80.00,2013-11-04,38.0,80.0,0.0,0.0,0.0,0.0,0.0,0.0,86.0,0
38.00_80.00,2013-11-11,38.0,80.0,0.0,0.0,0.0,0.0,0.0,0.0,87.0,0
38.00_80.00,2013-11-18,38.0,80.0,0.0,0.0,0.0,0.0,0.0,0.0,88.0,0
38.00_80.00,2013-11-25,38.0,80.0,0.0,0.0,0.0,0.0,0.0,0.0,89.0,0
38.00_80.00,2013-12-02,38.0,80.0,0.0,0.0,0.0,0.0,0.0,0.0,90.0,0
38.00_80.00,2013-12-09,38.0,80.0,0.0,0.0,0.0,0.0,0.0,0.0,91.0,0
38.00_80.00,2013-12-16,38.0,80.0,0.0,0.0,0.0,0.0,0.0,0.0,92.0,0
38.00_80.00,2013-12-23,38.0,80.0,0.0,0.0,0.0,0.0,0.0,0.0,93.0,0
38.00_80.00,2013-12-30,38.0,80.0,0.0,0.0,0.0,0.0,0.0,0.0,94.0,0
38.00_80.00,2014-01-06,38.0,80.0,0.0,0.0,0.0,0.0,0.0,0.0,95.0,0
38.00_80.00,2014-01-13,38.0,80.0,0.0,0.0,0.0,0.0,0.0,0.0,96.0,0
38.00_80.00,2014-01-20,38.0,80.0,0.0,0.0,0.0,0.0,0.0,0.0,97.0,0
38.00_80.00,2014-01-27,38.0,80.0,0.0,0.0,0.0,0.0,0.0,0.0,98.0,0
38.00_80.00,2014-02-03,38.0,80.0,0.0,0.0,0.0,0.0,0.0,0.0,99.0,0
38.00_80.00,2014-02-10,38.0,80.0,0.0,0.0,0.0,0.0,0.0,0.0,100.0,0
38.00_80.00,2014-02-17,38.0,80.0,0.0,0.0,0.0,0.0,0.0,0.0,101.0,0
38.00_80.00,2014-02-24,38.0,80.0,0.0,0.0,0.0,0.0,0.0,0.0,102.0,0
38.00_80.00,2014-03-03,38.0,80.0,0.0,0.0,0.0,0.0,0.0,0.0,103.0,0
38.00_80.00,2014-03-10,38.0,80.0,0.0,0.0,0.0,0.0,0.0,0.0,104.0,0
38.00_80.00,2014-03-17,38.0,80.0,0.0,0.0,0.0,0.0,0.0,0.0,105.0,0
38.00_80.00,2014-03-24,38.0,80.0,0.0,0.0,0.0,0.0,0.0,0.0,106.0,0
38.00_80.00,2014-03-31,38.0,80.0,0.0,0.0,0.0,0.0,0.0,0.0,107.0,0
38.00_80.00,2014-04-07,38.0,80.0,0.0,0.0,0.0,0.0,0.0,0.0,108.0,0
38.00_80.00,2014-04-14,38.0,80.0,0.0,0.0,0.0,0.0,0.0,0.0,109.0,0
38.00_80.00,2014-04-21,38.0,80.0,0.0,0.0,0.0,0.0,0.0,0.0,110.0,0
38.00_80.00,2014-04-28,38.0,80.0,0.0,0.0,0.0,0.0,0.0,0.0,111.0,0
38.00_80.00,2014-05-05,38.0,80.0,0.0,0.0,0.0,0.0,0.0,0.0,112.0,0
38.00_80.00,2014-05-12,38.0,80.0,0.0,0.0,0.0,0.0,0.0,0.0,113.0,0
38.00_80.00,2014-05-19,38.0,80.0,0.0,0.0,0.0,0.0,0.0,0.0,114.0,0
38.00_80.00,2014-05-26,38.0,80.0,0.0,0.0,0.0,0.0,0.0,0.0,115.0,0
38.00_80.00,2014-06-02,38.0,80.0,0.0,0.0,0.0,0.0,0.0,0.0,116.0,0
38.00_80.00,2014-06-09,38.0,80.0,0.0,0.0,0.0,0.0,0.0,0.0,117.0,0
38.00_80.00,2014-06-16,38.0,80.0,0.0,0.0,0.0,0.0,0.0,0.0,118.0,0
38.00_80.00,2014-06-23,38.0,80.0,0.0,0.0,0.0,0.0,0.0,0.0,119.0,0
38.00_80.00,2014-06-30,38.0,80.0,0.0,0.0,0.0,0.0,0.0,0.0,120.0,0
38.00_80.00,2014-07-07,38.0,80.0,0.0,0.0,0.0,0.0,0.0,0.0,121.0,0
38.00_80.00,2014-07-14,38.0,80.0,0.0,0.0,0.0,0.0,0.0,0.0,122.0,0
38.00_80.00,2014-07-21,38.0,80.0,0.0,0.0,0.0,0.0,0.0,0.0,123.0,1
38.00_80.00,2014-07-28,38.0,80.0,1.0,4.6,4.6,4.6,1.0,7943282.347242805,0.0,0
38.00_80.00,2014-08-04,38.0,80.0,0.0,0.0,0.0,4.6,1.0,7943282.347242805,1.0,0
38.00_80.00,2014-08-11,38.0,80.0,0.0,0.0,0.0,4.6,1.0,7943282.347242805,2.0,0
38.00_80.00,2014-08-18,38.0,80.0,0.0,0.0,0.0,4.6,1.0,7943282.347242805,3.0,0
38.00_80.00,2014-08-25,38.0,80.0,0.0,0.0,0.0,0.0,1.0,7943282.347242805,4.0,0
38.00_80.00,2014-09-01,38.0,80.0,0.0,0.0,0.0,0.0,1.0,7943282.347242805,5.0,0
38.00_80.00,2014-09-08,38.0,80.0,0.0,0.0,0.0,0.0,1.0,7943282.347242805,6.0,0
38.00_80.00,2014-09-15,38.0,80.0,0.0,0.0,0.0,0.0,1.0,7943282.347242805,7.0,0
38.00_80.00,2014-09-22,38.0,80.0,0.0,0.0,0.0,0.0,1.0,0.0,8.0,0
38.00_80.00,2014-09-29,38.0,80.0,0.0,0.0,0.0,0.0,1.0,0.0,9.0,0
38.00_80.00,2014-10-06,38.0,80.0,0.0,0.0,0.0,0.0,1.0,0.0,10.0,0
38.00_80.00,2014-10-13,38.0,80.0,0.0,0.0,0.0,0.0,1.0,0.0,11.0,0
38.00_80.00,2014-10-20,38.0,80.0,0.0,0.0,0.0,0.0,0.0,0.0,12.0,0
38.00_80.00,2014-10-27,38.0,80.0,0.0,0.0,0.0,0.0,0.0,0.0,13.0,0
38.00_80.00,2014-11-03,38.0,80.0,0.0,0.0,0.0,0.0,0.0,0.0,14.0,0
38.00_80.00,2014-11-10,38.0,80.0,0.0,0.0,0.0,0.0,0.0,0.0,15.0,0
38.00_80.00,2014-11-17,38.0,80.0,0.0,0.0,0.0,0.0,0.0,0.0,16.0,0
38.00_80.00,2014-11-24,38.0,80.0,0.0,0.0,0.0,0.0,0.0,0.0,17.0,0
38.00_80.00,2014-12-01,38.0,80.0,0.0,0.0,0.0,0.0,0.0,0.0,18.0,0
38.00_80.00,2014-12-08,38.0,80.0,0.0,0.0,0.0,0.0,0.0,0.0,19.0,0
38.00_80.00,2014-12-15,38.0,80.0,0.0,0.0,0.0,0.0,0.0,0.0,20.0,0
38.00_80.00,2014-12-22,38.0,80.0,0.0,0.0,0.0,0.0,0.0,0.0,21.0,0
38.00_80.00,2014-12-29,38.0,80.0,0.0,0.0,0.0,0.0,0.0,0.0,22.0,0
38.00_80.00,2015-01-05,38.0,80.0,0.0,0.0,0.0,0.0,0.0,0.0,23.0,0
38.00_80.00,2015-01-12,38.0,80.0,0.0,0.0,0.0,0.0,0.0,0.0,24.0,0
38.00_80.00,2015-01-19,38.0,80.0,0.0,0.0,0.0,0.0,0.0,0.0,25.0,0
38.00_80.00,2015-01-26,38.0,80.0,0.0,0.0,0.0,0.0,0.0,0.0,26.0,0
38.00_80.00,2015-02-02,38.0,80.0,0.0,0.0,0.0,0.0,0.0,0.0,27.0,0
38.00_80.00,2015-02-09,38.0,80.0,0.0,0.0,0.0,0.0,0.0,0.0,28.0,0
38.00_80.00,2015-02-16,38.0,80.0,0.0,0.0,0.0,0.0,0.0,0.0,29.0,0
38.00_80.00,2015-02-23,38.0,80.0,0.0,0.0,0.0,0.0,0.0,0.0,30.0,0
38.00_80.00,2015-03-02,38.0,80.0,0.0,0.0,0.0,0.0,0.0,0.0,31.0,0
38.00_80.00,2015-03-09,38.0,80.0,0.0,0.0,0.0,0.0,0.0,0.0,32.0,0
38.00_80.00,2015-03-16,38.0,80.0,0.0,0.0,0.0,0.0,0.0,0.0,33.0,0
38.00_80.00,2015-03-23,38.0,80.0,0.0,0.0,0.0,0.0,0.0,0.0,34.0,0
38.00_80.00,2015-03-30,38.0,80.0,0.0,0.0,0.0,0.0,0.0,0.0,35.0,0
38.00_80.00,2015-04-06,38.0,80.0,0.0,0.0,0.0,0.0,0.0,0.0,36.0,0
38.00_80.00,2015-04-13,38.0,80.0,0.0,0.0,0.0,0.0,0.0,0.0,37.0,0
38.00_80.00,2015-04-20,38.0,80.0,0.0,0.0,0.0,0.0,0.0,0.0,38.0,0
38.00_80.00,2015-04-27,38.0,80.0,0.0,0.0,0.0,0.0,0.0,0.0,39.0,0
38.00_80.00,2015-05-04,38.0,80.0,0.0,0.0,0.0,0.0,0.0,0.0,40.0,0
38.00_80.00,2015-05-11,38.0,80.0,0.0,0.0,0.0,0.0,0.0,0.0,41.0,0
38.00_80.00,2015-05-18,38.0,80.0,0.0,0.0,0.0,0.0,0.0,0.0,42.0,0
38.00_80.00,2015-05-25,38.0,80.0,0.0,0.0,0.0,0.0,0.0,0.0,43.0,0
38.00_80.00,2015-06-01,38.0,80.0,0.0,0.0,0.0,0.0,0.0,0.0,44.0,0
38.00_80.00,2015-06-08,38.0,80.0,0.0,0.0,0.0,0.0,0.0,0.0,45.0,0
38.00_80.00,2015-06-15,38.0,80.0,0.0,0.0,0.0,0.0,0.0,0.0,46.0,0
38.00_80.00,2015-06-22,38.0,80.0,0.0,0.0,0.0,0.0,0.0,0.0,47.0,0
38.00_80.00,2015-06-29,38.0,80.0,0.0,0.0,0.0,0.0,0.0,0.0,48.0,0
38.00_80.00,2015-07-06,38.0,80.0,0.0,0.0,0.0,0.0,0.0,0.0,49.0,0
38.00_80.00,2015-07-13,38.0,80.0,0.0,0.0,0.0,0.0,0.0,0.0,50.0,0
38.00_80.00,2015-07-20,38.0,80.0,0.0,0.0,0.0,0.0,0.0,0.0,51.0,0
38.00_80.00,2015-07-27,38.0,80.0,0.0,0.0,0.0,0.0,0.0,0.0,52.0,0
38.00_80.00,2015-08-03,38.0,80.0,0.0,0.0,0.0,0.0,0.0,0.0,53.0,0
38.00_80.00,2015-08-10,38.0,80.0,0.0,0.0,0.0,0.0,0.0,0.0,54.0,0
38.00_80.00,2015-08-17,38.0,80.0,0.0,0.0,0.0,0.0,0.0,0.0,55.0,0
38.00_80.00,2015-08-24,38.0,80.0,0.0,0.0,0.0,0.0,0.0,0.0,56.0,0
38.00_80.00,2015-08-31,38.0,80.0,0.0,0.0,0.0,0.0,0.0,0.0,57.0,0
38.00_80.00,2015-09-07,38.0,80.0,0.0,0.0,0.0,0.0,0.0,0.0,58.0,0
38.00_80.00,2015-09-14,38.0,80.0,0.0,0.0,0.0,0.0,0.0,0.0,59.0,0
38.00_80.00,2015-09-21,38.0,80.0,0.0,0.0,0.0,0.0,0.0,0.0,60.0,0
38.00_80.00,2015-09-28,38.0,80.0,0.0,0.0,0.0,0.0,0.0,0.0,61.0,0
38.00_80.00,2015-10-05,38.0,80.0,0.0,0.0,0.0,0.0,0.0,0.0,62.0,0
38.00_80.00,2015-10-12,38.0,80.0,0.0,0.0,0.0,0.0,0.0,0.0,63.0,0
38.00_80.00,2015-10-19,38.0,80.0,0.0,0.0,0.0,0.0,0.0,0.0,64.0,0
38.00_80.00,2015-10-26,38.0,80.0,0.0,0.0,0.0,0.0,0.0,0.0,65.0,0
38.00_80.00,2015-11-02,38.0,80.0,0.0,0.0,0.0,0.0,0.0,0.0,66.0,0
38.00_80.00,2015-11-09,38.0,80.0,0.0,0.0,0.0,0.0,0.0,0.0,67.0,0
38.00_80.00,2015-11-16,38.0,80.0,0.0,0.0,0.0,0.0,0.0,0.0,68.0,0
38.00_80.00,2015-11-23,38.0,80.0,0.0,0.0,0.0,0.0,0.0,0.0,69.0,0
38.00_80.00,2015-11-30,38.0,80.0,0.0,0.0,0.0,0.0,0.0,0.0,70.0,0
38.00_80.00,2015-12-07,38.0,80.0,0.0,0.0,0.0,0.0,0.0,0.0,71.0,0
38.00_80.00,2015-12-14,38.0,80.0,0.0,0.0,0.0,0.0,0.0,0.0,72.0,0
38.00_80.00,2015-12-21,38.0,80.0,0.0,0.0,0.0,0.0,0.0,0.0,73.0,0
38.00_80.00,2015-12-28,38.0,80.0,0.0,0.0,0.0,0.0,0.0,0.0,74.0,0
38.00_80.00,2016-01-04,38.0,80.0,0.0,0.0,0.0,0.0,0.0,0.0,75.0,0
38.00_80.00,2016-01-11,38.0,80.0,0.0,0.0,0.0,0.0,0.0,0.0,76.0,0
38.00_80.00,2016-01-18,38.0,80.0,0.0,0.0,0.0,0.0,0.0,0.0,77.0,0
38.00_80.00,2016-01-25,38.0,80.0,0.0,0.0,0.0,0.0,0.0,0.0,78.0,0
38.00_80.00,2016-02-01,38.0,80.0,0.0,0.0,0.0,0.0,0.0,0.0,79.0,0
38.00_80.00,2016-02-08,38.0,80.0,0.0,0.0,0.0,0.0,0.0,0.0,80.0,0
38.00_80.00,2016-02-15,38.0,80.0,0.0,0.0,0.0,0.0,0.0,0.0,81.0,0
38.00_80.00,2016-02-22,38.0,80.0,0.0,0.0,0.0,0.0,0.0,0.0,82.0,0
38.00_80.00,2016-02-29,38.0,80.0,0.0,0.0,0.0,0.0,0.0,0.0,83.0,0
38.00_80.00,2016-03-07,38.0,80.0,0.0,0.0,0.0,0.0,0.0,0.0,84.0,0
38.00_80.00,2016-03-14,38.0,80.0,0.0,0.0,0.0,0.0,0.0,0.0,85.0,0
38.00_80.00,2016-03-21,38.0,80.0,0.0,0.0,0.0,0.0,0.0,0.0,86.0,0
38.00_80.00,2016-03-28,38.0,80.0,0.0,0.0,0.0,0.0,0.0,0.0,87.0,0
38.00_80.00,2016-04-04,38.0,80.0,0.0,0.0,0.0,0.0,0.0,0.0,88.0,0
38.00_80.00,2016-04-11,38.0,80.0,0.0,0.0,0.0,0.0,0.0,0.0,89.0,0
38.00_80.00,2016-04-18,38.0,80.0,0.0,0.0,0.0,0.0,0.0,0.0,90.0,0
38.00_80.00,2016-04-25,38.0,80.0,0.0,0.0,0.0,0.0,0.0,0.0,91.0,0
38.00_80.00,2016-05-02,38.0,80.0,0.0,0.0,0.0,0.0,0.0,0.0,92.0,0
38.00_80.00,2016-05-09,38.0,80.0,0.0,0.0,0.0,0.0,0.0,0.0,93.0,0
38.00_80.00,2016-05-16,38.0,80.0,0.0,0.0,0.0,0.0,0.0,0.0,94.0,0
38.00_80.00,2016-05-23,38.0,80.0,0.0,0.0,0.0,0.0,0.0,0.0,95.0,0
38.00_80.00,2016-05-30,38.0,80.0,0.0,0.0,0.0,0.0,0.0,0.0,96.0,0
38.00_80.00,2016-06-06,38.0,80.0,0.0,0.0,0.0,0.0,0.0,0.0,97.0,0
38.00_80.00,2016-06-13,38.0,80.0,0.0,0.0,0.0,0.0,0.0,0.0,98.0,0
38.00_80.00,2016-06-20,38.0,80.0,0.0,0.0,0.0,0.0,0.0,0.0,99.0,0
38.00_80.00,2016-06-27,38.0,80.0,0.0,0.0,0.0,0.0,0.0,0.0,100.0,0
38.00_80.00,2016-07-04,38.0,80.0,0.0,0.0,0.0,0.0,0.0,0.0,101.0,0
38.00_80.00,2016-07-11,38.0,80.0,0.0,0.0,0.0,0.0,0.0,0.0,102.0,0
38.00_80.00,2016-07-18,38.0,80.0,0.0,0.0,0.0,0.0,0.0,0.0,103.0,0
38.00_80.00,2016-07-25,38.0,80.0,0.0,0.0,0.0,0.0,0.0,0.0,104.0,0
38.00_80.00,2016-08-01,38.0,80.0,0.0,0.0,0.0,0.0,0.0,0.0,105.0,0
38.00_80.00,2016-08-08,38.0,80.0,0.0,0.0,0.0,0.0,0.0,0.0,106.0,0
38.00_80.00,2016-08-15,38.0,80.0,0.0,0.0,0.0,0.0,0.0,0.0,107.0,0
38.00_80.00,2016-08-22,38.0,80.0,0.0,0.0,0.0,0.0,0.0,0.0,108.0,0
38.00_80.00,2016-08-29,38.0,80.0,0.0,0.0,0.0,0.0,0.0,0.0,109.0,0
38.00_80.00,2016-09-05,38.0,80.0,0.0,0.0,0.0,0.0,0.0,0.0,110.0,0
38.00_80.00,2016-09-12,38.0,80.0,0.0,0.0,0.0,0.0,0.0,0.0,111.0,0
38.00_80.00,2016-09-19,38.0,80.0,0.0,0.0,0.0,0.0,0.0,0.0,112.0,0
38.00_80.00,2016-09-26,38.0,80.0,0.0,0.0,0.0,0.0,0.0,0.0,113.0,0
38.00_80.00,2016-10-03,38.0,80.0,0.0,0.0,0.0,0.0,0.0,0.0,114.0,0
38.00_80.00,2016-10-10,38.0,80.0,0.0,0.0,0.0,0.0,0.0,0.0,115.0,0
38.00_80.00,2016-10-17,38.0,80.0,0.0,0.0,0.0,0.0,0.0,0.0,116.0,0
38.00_80.00,2016-10-24,38.0,80.0,0.0,0.0,0.0,0.0,0.0,0.0,117.0,0
38.00_80.00,2016-10-31,38.0,80.0,0.0,0.0,0.0,0.0,0.0,0.0,118.0,0
38.00_80.00,2016-11-07,38.0,80.0,0.0,0.0,0.0,0.0,0.0,0.0,119.0,0
38.00_80.00,2016-11-14,38.0,80.0,0.0,0.0,0.0,0.0,0.0,0.0,120.0,0
38.00_80.00,2016-11-21,38.0,80.0,0.0,0.0,0.0,0.0,0.0,0.0,121.0,0
38.00_80.00,2016-11-28,38.0,80.0,0.0,0.0,0.0,0.0,0.0,0.0,122.0,0
38.00_80.00,2016-12-05,38.0,80.0,0.0,0.0,0.0,0.0,0.0,0.0,123.0,0
38.00_80.00,2016-12-12,38.0,80.0,0.0,0.0,0.0,0.0,0.0,0.0,124.0,0
38.00_80.00,2016-12-19,38.0,80.0,0.0,0.0,0.0,0.0,0.0,0.0,125.0,0
38.00_80.00,2016-12-26,38.0,80.0,0.0,0.0,0.0,0.0,0.0,0.0,126.0,0
38.00_80.00,2017-01-02,38.0,80.0,0.0,0.0,0.0,0.0,0.0,0.0,127.0,0
38.00_80.00,2017-01-09,38.0,80.0,0.0,0.0,0.0,0.0,0.0,0.0,128.0,0
38.00_80.00,2017-01-16,38.0,80.0,0.0,0.0,0.0,0.0,0.0,0.0,129.0,0
38.00_80.00,2017-01-23,38.0,80.0,0.0,0.0,0.0,0.0,0.0,0.0,130.0,0
38.00_80.00,2017-01-30,38.0,80.0,0.0,0.0,0.0,0.0,0.0,0.0,131.0,0
38.00_80.00,2017-02-06,38.0,80.0,0.0,0.0,0.0,0.0,0.0,0.0,132.0,0
38.00_80.00,2017-02-13,38.0,80.0,0.0,0.0,0.0,0.0,0.0,0.0,133.0,0
38.00_80.00,2017-02-20,38.0,80.0,0.0,0.0,0.0,0.0,0.0,0.0,134.0,0
38.00_80.00,2017-02-27,38.0,80.0,0.0,0.0,0.0,0.0,0.0,0.0,135.0,1
38.00_80.00,2017-03-06,38.0,80.0,1.0,4.6,4.6,4.6,1.0,7943282.347242805,0.0,0
38.00_80.00,2017-03-13,38.0,80.0,0.0,0.0,0.0,4.6,1.0,7943282.347242805,1.0,0
38.00_80.00,2017-03-20,38.0,80.0,0.0,0.0,0.0,4.6,1.0,7943282.347242805,2.0,0
38.00_80.00,2017-03-27,38.0,80.0,0.0,0.0,0.0,4.6,1.0,7943282.347242805,3.0,0
38.00_80.00,2017-04-03,38.0,80.0,0.0,0.0,0.0,0.0,1.0,7943282.347242805,4.0,0
38.00_80.00,2017-04-10,38.0,80.0,0.0,0.0,0.0,0.0,1.0,7943282.347242805,5.0,0
38.00_80.00,2017-04-17,38.0,80.0,0.0,0.0,0.0,0.0,1.0,7943282.347242805,6.0,0
38.00_80.00,2017-04-24,38.0,80.0,0.0,0.0,0.0,0.0,1.0,7943282.347242805,7.0,0
38.00_80.00,2017-05-01,38.0,80.0,0.0,0.0,0.0,0.0,1.0,0.0,8.0,0
38.00_80.00,2017-05-08,38.0,80.0,0.0,0.0,0.0,0.0,1.0,0.0,9.0,0
38.00_80.00,2017-05-15,38.0,80.0,0.0,0.0,0.0,0.0,1.0,0.0,10.0,0
38.00_80.00,2017-05-22,38.0,80.0,0.0,0.0,0.0,0.0,1.0,0.0,11.0,0
38.00_80.00,2017-05-29,38.0,80.0,0.0,0.0,0.0,0.0,0.0,0.0,12.0,0
38.00_80.00,2017-06-05,38.0,80.0,0.0,0.0,0.0,0.0,0.0,0.0,13.0,0
38.00_80.00,2017-06-12,38.0,80.0,0.0,0.0,0.0,0.0,0.0,0.0,14.0,0
38.00_80.00,2017-06-19,38.0,80.0,0.0,0.0,0.0,0.0,0.0,0.0,15.0,0
38.00_80.00,2017-06-26,38.0,80.0,0.0,0.0,0.0,0.0,0.0,0.0,16.0,0
38.00_80.00,2017-07-03,38.0,80.0,0.0,0.0,0.0,0.0,0.0,0.0,17.0,0
38.00_80.00,2017-07-10,38.0,80.0,0.0,0.0,0.0,0.0,0.0,0.0,18.0,0
38.00_80.00,2017-07-17,38.0,80.0,0.0,0.0,0.0,0.0,0.0,0.0,19.0,0
38.00_80.00,2017-07-24,38.0,80.0,0.0,0.0,0.0,0.0,0.0,0.0,20.0,0
38.00_80.00,2017-07-31,38.0,80.0,0.0,0.0,0.0,0.0,0.0,0.0,21.0,0
38.00_80.00,2017-08-07,38.0,80.0,0.0,0.0,0.0,0.0,0.0,0.0,22.0,0
38.00_80.00,2017-08-14,38.0,80.0,0.0,0.0,0.0,0.0,0.0,0.0,23.0,0
38.00_80.00,2017-08-21,38.0,80.0,0.0,0.0,0.0,0.0,0.0,0.0,24.0,0
38.00_80.00,2017-08-28,38.0,80.0,0.0,0.0,0.0,0.0,0.0,0.0,25.0,0
38.00_80.00,2017-09-04,38.0,80.0,0.0,0.0,0.0,0.0,0.0,0.0,26.0,0
38.00_80.00,2017-09-11,38.0,80.0,0.0,0.0,0.0,0.0,0.0,0.0,27.0,0
38.00_80.00,2017-09-18,38.0,80.0,0.0,0.0,0.0,0.0,0.0,0.0,28.0,0
38.00_80.00,2017-09-25,38.0,80.0,0.0,0.0,0.0,0.0,0.0,0.0,29.0,0
38.00_80.00,2017-10-02,38.0,80.0,0.0,0.0,0.0,0.0,0.0,0.0,30.0,0
38.00_80.00,2017-10-09,38.0,80.0,0.0,0.0,0.0,0.0,0.0,0.0,31.0,0
38.00_80.00,2017-10-16,38.0,80.0,0.0,0.0,0.0,0.0,0.0,0.0,32.0,0
38.00_80.00,2017-10-23,38.0,80.0,0.0,0.0,0.0,0.0,0.0,0.0,33.0,0
38.00_80.00,2017-10-30,38.0,80.0,0.0,0.0,0.0,0.0,0.0,0.0,34.0,0
38.00_80.00,2017-11-06,38.0,80.0,0.0,0.0,0.0,0.0,0.0,0.0,35.0,0
38.00_80.00,2017-11-13,38.0,80.0,0.0,0.0,0.0,0.0,0.0,0.0,36.0,0
38.00_80.00,2017-11-20,38.0,80.0,0.0,0.0,0.0,0.0,0.0,0.0,37.0,0
38.00_80.00,2017-11-27,38.0,80.0,0.0,0.0,0.0,0.0,0.0,0.0,38.0,0
38.00_80.00,2017-12-04,38.0,80.0,0.0,0.0,0.0,0.0,0.0,0.0,39.0,0
38.00_80.00,2017-12-11,38.0,80.0,0.0,0.0,0.0,0.0,0.0,0.0,40.0,0
38.00_80.00,2017-12-18,38.0,80.0,0.0,0.0,0.0,0.0,0.0,0.0,41.0,0
38.00_80.00,2017-12-25,38.0,80.0,0.0,0.0,0.0,0.0,0.0,0.0,42.0,0
38.00_80.00,2018-01-01,38.0,80.0,0.0,0.0,0.0,0.0,0.0,0.0,43.0,0
38.00_80.00,2018-01-08,38.0,80.0,0.0,0.0,0.0,0.0,0.0,0.0,44.0,0
38.00_80.00,2018-01-15,38.0,80.0,0.0,0.0,0.0,0.0,0.0,0.0,45.0,0
38.00_80.00,2018-01-22,38.0,80.0,0.0,0.0,0.0,0.0,0.0,0.0,46.0,0
38.00_80.00,2018-01-29,38.0,80.0,0.0,0.0,0.0,0.0,0.0,0.0,47.0,0
38.00_80.00,2018-02-05,38.0,80.0,0.0,0.0,0.0,0.0,0.0,0.0,48.0,0
38.00_80.00,2018-02-12,38.0,80.0,0.0,0.0,0.0,0.0,0.0,0.0,49.0,0
38.00_80.00,2018-02-19,38.0,80.0,0.0,0.0,0.0,0.0,0.0,0.0,50.0,0
38.00_80.00,2018-02-26,38.0,80.0,0.0,0.0,0.0,0.0,0.0,0.0,51.0,0
38.00_80.00,2018-03-05,38.0,80.0,0.0,0.0,0.0,0.0,0.0,0.0,52.0,0
38.00_80.00,2018-03-12,38.0,80.0,0.0,0.0,0.0,0.0,0.0,0.0,53.0,0
38.00_80.00,2018-03-19,38.0,80.0,0.0,0.0,0.0,0.0,0.0,0.0,54.0,0
38.00_80.00,2018-03-26,38.0,80.0,0.0,0.0,0.0,0.0,0.0,0.0,55.0,0
38.00_80.00,2018-04-02,38.0,80.0,0.0,0.0,0.0,0.0,0.0,0.0,56.0,0
38.00_80.00,2018-04-09,38.0,80.0,0.0,0.0,0.0,0.0,0.0,0.0,57.0,0
38.00_80.00,2018-04-16,38.0,80.0,0.0,0.0,0.0,0.0,0.0,0.0,58.0,0
38.00_80.00,2018-04-23,38.0,80.0,0.0,0.0,0.0,0.0,0.0,0.0,59.0,0
38.00_80.00,2018-04-30,38.0,80.0,0.0,0.0,0.0,0.0,0.0,0.0,60.0,0
38.00_80.00,2018-05-07,38.0,80.0,0.0,0.0,0.0,0.0,0.0,0.0,61.0,0
38.00_80.00,2018-05-14,38.0,80.0,0.0,0.0,0.0,0.0,0.0,0.0,62.0,0
38.00_80.00,2018-05-21,38.0,80.0,0.0,0.0,0.0,0.0,0.0,0.0,63.0,0
38.00_80.00,2018-05-28,38.0,80.0,0.0,0.0,0.0,0.0,0.0,0.0,64.0,0
38.00_80.00,2018-06-04,38.0,80.0,0.0,0.0,0.0,0.0,0.0,0.0,65.0,0
38.00_80.00,2018-06-11,38.0,80.0,0.0,0.0,0.0,0.0,0.0,0.0,66.0,0
38.00_80.00,2018-06-18,38.0,80.0,0.0,0.0,0.0,0.0,0.0,0.0,67.0,0
38.00_80.00,2018-06-25,38.0,80.0,0.0,0.0,0.0,0.0,0.0,0.0,68.0,0
38.00_80.00,2018-07-02,38.0,80.0,0.0,0.0,0.0,0.0,0.0,0.0,69.0,0
38.00_80.00,2018-07-09,38.0,80.0,0.0,0.0,0.0,0.0,0.0,0.0,70.0,0
38.00_80.00,2018-07-16,38.0,80.0,0.0,0.0,0.0,0.0,0.0,0.0,71.0,0
38.00_80.00,2018-07-23,38.0,80.0,0.0,0.0,0.0,0.0,0.0,0.0,72.0,0
38.00_80.00,2018-07-30,38.0,80.0,0.0,0.0,0.0,0.0,0.0,0.0,73.0,0
38.00_80.00,2018-08-06,38.0,80.0,0.0,0.0,0.0,0.0,0.0,0.0,74.0,0
38.00_80.00,2018-08-13,38.0,80.0,0.0,0.0,0.0,0.0,0.0,0.0,75.0,0
38.00_80.00,2018-08-20,38.0,80.0,0.0,0.0,0.0,0.0,0.0,0.0,76.0,0
38.00_80.00,2018-08-27,38.0,80.0,0.0,0.0,0.0,0.0,0.0,0.0,77.0,0
38.00_80.00,2018-09-03,38.0,80.0,0.0,0.0,0.0,0.0,0.0,0.0,78.0,0
38.00_80.00,2018-09-10,38.0,80.0,0.0,0.0,0.0,0.0,0.0,0.0,79.0,0
38.00_80.00,2018-09-17,38.0,80.0,0.0,0.0,0.0,0.0,0.0,0.0,80.0,0
38.00_80.00,2018-09-24,38.0,80.0,0.0,0.0,0.0,0.0,0.0,0.0,81.0,1
38.00_80.00,2018-10-01,38.0,80.0,1.0,4.8,4.8,4.8,1.0,15848931.924611108,0.0,0
38.00_80.00,2018-10-08,38.0,80.0,0.0,0.0,0.0,4.8,1.0,15848931.924611108,1.0,0
38.00_80.00,2018-10-15,38.0,80.0,0.0,0.0,0.0,4.8,1.0,15848931.924611108,2.0,0
38.00_80.00,2018-10-22,38.0,80.0,0.0,0.0,0.0,4.8,1.0,15848931.924611108,3.0,0
38.00_80.00,2018-10-29,38.0,80.0,0.0,0.0,0.0,0.0,1.0,15848931.924611108,4.0,0
38.00_80.00,2018-11-05,38.0,80.0,0.0,0.0,0.0,0.0,1.0,15848931.924611108,5.0,0
38.00_80.00,2018-11-12,38.0,80.0,0.0,0.0,0.0,0.0,1.0,15848931.924611108,6.0,0
38.00_80.00,2018-11-19,38.0,80.0,0.0,0.0,0.0,0.0,1.0,15848931.924611108,7.0,0
38.00_80.00,2018-11-26,38.0,80.0,0.0,0.0,0.0,0.0,1.0,0.0,8.0,0
38.00_80.00,2018-12-03,38.0,80.0,0.0,0.0,0.0,0.0,1.0,0.0,9.0,0
38.00_80.00,2018-12-10,38.0,80.0,0.0,0.0,0.0,0.0,1.0,0.0,10.0,0
38.00_80.00,2018-12-17,38.0,80.0,0.0,0.0,0.0,0.0,1.0,0.0,11.0,0
38.00_80.00,2018-12-24,38.0,80.0,0.0,0.0,0.0,0.0,0.0,0.0,12.0,0
38.00_80.00,2018-12-31,38.0,80.0,0.0,0.0,0.0,0.0,0.0,0.0,13.0,0
38.00_80.00,2019-01-07,38.0,80.0,0.0,0.0,0.0,0.0,0.0,0.0,14.0,0
38.00_80.00,2019-01-14,38.0,80.0,0.0,0.0,0.0,0.0,0.0,0.0,15.0,0
38.00_80.00,2019-01-21,38.0,80.0,0.0,0.0,0.0,0.0,0.0,0.0,16.0,0
38.00_80.00,2019-01-28,38.0,80.0,0.0,0.0,0.0,0.0,0.0,0.0,17.0,0
38.00_80.00,2019-02-04,38.0,80.0,0.0,0.0,0.0,0.0,0.0,0.0,18.0,0
38.00_80.00,2019-02-11,38.0,80.0,0.0,0.0,0.0,0.0,0.0,0.0,19.0,0
38.00_80.00,2019-02-18,38.0,80.0,0.0,0.0,0.0,0.0,0.0,0.0,20.0,0
38.00_80.00,2019-02-25,38.0,80.0,0.0,0.0,0.0,0.0,0.0,0.0,21.0,0
38.00_80.00,2019-03-04,38.0,80.0,0.0,0.0,0.0,0.0,0.0,0.0,22.0,0
38.00_80.00,2019-03-11,38.0,80.0,0.0,0.0,0.0,0.0,0.0,0.0,23.0,0
38.00_80.00,2019-03-18,38.0,80.0,0.0,0.0,0.0,0.0,0.0,0.0,24.0,0
38.00_80.00,2019-03-25,38.0,80.0,0.0,0.0,0.0,0.0,0.0,0.0,25.0,0
38.00_80.00,2019-04-01,38.0,80.0,0.0,0.0,0.0,0.0,0.0,0.0,26.0,0
38.00_80.00,2019-04-08,38.0,80.0,0.0,0.0,0.0,0.0,0.0,0.0,27.0,0
38.00_80.00,2019-04-15,38.0,80.0,0.0,0.0,0.0,0.0,0.0,0.0,28.0,0
38.00_80.00,2019-04-22,38.0,80.0,0.0,0.0,0.0,0.0,0.0,0.0,29.0,0
38.00_80.00,2019-04-29,38.0,80.0,0.0,0.0,0.0,0.0,0.0,0.0,30.0,0
38.00_80.00,2019-05-06,38.0,80.0,0.0,0.0,0.0,0.0,0.0,0.0,31.0,0
38.00_80.00,2019-05-13,38.0,80.0,0.0,0.0,0.0,0.0,0.0,0.0,32.0,0
38.00_80.00,2019-05-20,38.0,80.0,0.0,0.0,0.0,0.0,0.0,0.0,33.0,0
38.00_80.00,2019-05-27,38.0,80.0,0.0,0.0,0.0,0.0,0.0,0.0,34.0,0
38.00_80.00,2019-06-03,38.0,80.0,0.0,0.0,0.0,0.0,0.0,0.0,35.0,0
38.00_80.00,2019-06-10,38.0,80.0,0.0,0.0,0.0,0.0,0.0,0.0,36.0,0
38.00_80.00,2019-06-17,38.0,80.0,0.0,0.0,0.0,0.0,0.0,0.0,37.0,0
38.00_80.00,2019-06-24,38.0,80.0,0.0,0.0,0.0,0.0,0.0,0.0,38.0,0
38.00_80.00,2019-07-01,38.0,80.0,0.0,0.0,0.0,0.0,0.0,0.0,39.0,0
38.00_80.00,2019-07-08,38.0,80.0,0.0,0.0,0.0,0.0,0.0,0.0,40.0,0
38.00_80.00,2019-07-15,38.0,80.0,0.0,0.0,0.0,0.0,0.0,0.0,41.0,0
38.00_80.00,2019-07-22,38.0,80.0,0.0,0.0,0.0,0.0,0.0,0.0,42.0,0
38.00_80.00,2019-07-29,38.0,80.0,0.0,0.0,0.0,0.0,0.0,0.0,43.0,0
38.00_80.00,2019-08-05,38.0,80.0,0.0,0.0,0.0,0.0,0.0,0.0,44.0,0
38.00_80.00,2019-08-12,38.0,80.0,0.0,0.0,0.0,0.0,0.0,0.0,45.0,0
38.00_80.00,2019-08-19,38.0,80.0,0.0,0.0,0.0,0.0,0.0,0.0,46.0,0
38.00_80.00,2019-08-26,38.0,80.0,0.0,0.0,0.0,0.0,0.0,0.0,47.0,0
38.00_80.00,2019-09-02,38.0,80.0,0.0,0.0,0.0,0.0,0.0,0.0,48.0,0
38.00_80.00,2019-09-09,38.0,80.0,0.0,0.0,0.0,0.0,0.0,0.0,49.0,0
38.00_80.00,2019-09-16,38.0,80.0,0.0,0.0,0.0,0.0,0.0,0.0,50.0,0
38.00_80.00,2019-09-23,38.0,80.0,0.0,0.0,0.0,0.0,0.0,0.0,51.0,0
38.00_80.00,2019-09-30,38.0,80.0,0.0,0.0,0.0,0.0,0.0,0.0,52.0,0
38.00_80.00,2019-10-07,38.0,80.0,0.0,0.0,0.0,0.0,0.0,0.0,53.0,0
38.00_80.00,2019-10-14,38.0,80.0,0.0,0.0,0.0,0.0,0.0,0.0,54.0,0
38.00_80.00,2019-10-21,38.0,80.0,0.0,0.0,0.0,0.0,0.0,0.0,55.0,0
38.00_80.00,2019-10-28,38.0,80.0,0.0,0.0,0.0,0.0,0.0,0.0,56.0,0
38.00_80.00,2019-11-04,38.0,80.0,0.0,0.0,0.0,0.0,0.0,0.0,57.0,0
38.00_80.00,2019-11-11,38.0,80.0,0.0,0.0,0.0,0.0,0.0,0.0,58.0,0
38.00_80.00,2019-11-18,38.0,80.0,0.0,0.0,0.0,0.0,0.0,0.0,59.0,0
38.00_80.00,2019-11-25,38.0,80.0,0.0,0.0,0.0,0.0,0.0,0.0,60.0,0
38.00_80.00,2019-12-02,38.0,80.0,0.0,0.0,0.0,0.0,0.0,0.0,61.0,0
38.00_80.00,2019-12-09,38.0,80.0,0.0,0.0,0.0,0.0,0.0,0.0,62.0,0
38.00_80.00,2019-12-16,38.0,80.0,0.0,0.0,0.0,0.0,0.0,0.0,63.0,0
38.00_80.00,2019-12-23,38.0,80.0,0.0,0.0,0.0,0.0,0.0,0.0,64.0,0
38.00_80.00,2019-12-30,38.0,80.0,0.0,0.0,0.0,0.0,0.0,0.0,65.0,0
38.00_80.00,2020-01-06,38.0,80.0,0.0,0.0,0.0,0.0,0.0,0.0,66.0,0
38.00_80.00,2020-01-13,38.0,80.0,0.0,0.0,0.0,0.0,0.0,0.0,67.0,0
38.00_80.00,2020-01-20,38.0,80.0,0.0,0.0,0.0,0.0,0.0,0.0,68.0,0
38.00_80.00,2020-01-27,38.0,80.0,0.0,0.0,0.0,0.0,0.0,0.0,69.0,0
38.00_80.00,2020-02-03,38.0,80.0,0.0,0.0,0.0,0.0,0.0,0.0,70.0,0
38.00_80.00,2020-02-10,38.0,80.0,0.0,0.0,0.0,0.0,0.0,0.0,71.0,0
38.00_80.00,2020-02-17,38.0,80.0,0.0,0.0,0.0,0.0,0.0,0.0,72.0,0
38.00_80.00,2020-02-24,38.0,80.0,0.0,0.0,0.0,0.0,0.0,0.0,73.0,0
38.00_80.00,2020-03-02,38.0,80.0,0.0,0.0,0.0,0.0,0.0,0.0,74.0,0
38.00_80.00,2020-03-09,38.0,80.0,0.0,0.0,0.0,0.0,0.0,0.0,75.0,0
38.00_80.00,2020-03-16,38.0,80.0,0.0,0.0,0.0,0.0,0.0,0.0,76.0,0
38.00_80.00,2020-03-23,38.0,80.0,0.0,0.0,0.0,0.0,0.0,0.0,77.0,0
38.00_80.00,2020-03-30,38.0,80.0,0.0,0.0,0.0,0.0,0.0,0.0,78.0,0
38.00_80.00,2020-04-06,38.0,80.0,0.0,0.0,0.0,0.0,0.0,0.0,79.0,0
38.00_80.00,2020-04-13,38.0,80.0,0.0,0.0,0.0,0.0,0.0,0.0,80.0,0
38.00_80.00,2020-04-20,38.0,80.0,0.0,0.0,0.0,0.0,0.0,0.0,81.0,0
38.00_80.00,2020-04-27,38.0,80.0,0.0,0.0,0.0,0.0,0.0,0.0,82.0,0
38.00_80.00,2020-05-04,38.0,80.0,0.0,0.0,0.0,0.0,0.0,0.0,83.0,0
38.00_80.00,2020-05-11,38.0,80.0,0.0,0.0,0.0,0.0,0.0,0.0,84.0,0
38.00_80.00,2020-05-18,38.0,80.0,0.0,0.0,0.0,0.0,0.0,0.0,85.0,0
38.00_80.00,2020-05-25,38.0,80.0,0.0,0.0,0.0,0.0,0.0,0.0,86.0,0
38.00_80.00,2020-06-01,38.0,80.0,0.0,0.0,0.0,0.0,0.0,0.0,87.0,0
38.00_80.00,2020-06-08,38.0,80.0,0.0,0.0,0.0,0.0,0.0,0.0,88.0,0
38.00_80.00,2020-06-15,38.0,80.0,0.0,0.0,0.0,0.0,0.0,0.0,89.0,0
38.00_80.00,2020-06-22,38.0,80.0,0.0,0.0,0.0,0.0,0.0,0.0,90.0,0
38.00_80.00,2020-06-29,38.0,80.0,0.0,0.0,0.0,0.0,0.0,0.0,91.0,0
38.00_80.00,2020-07-06,38.0,80.0,0.0,0.0,0.0,0.0,0.0,0.0,92.0,0
38.00_80.00,2020-07-13,38.0,80.0,0.0,0.0,0.0,0.0,0.0,0.0,93.0,0
38.00_80.00,2020-07-20,38.0,80.0,0.0,0.0,0.0,0.0,0.0,0.0,94.0,0
38.00_80.00,2020-07-27,38.0,80.0,0.0,0.0,0.0,0.0,0.0,0.0,95.0,0
38.00_80.00,2020-08-03,38.0,80.0,0.0,0.0,0.0,0.0,0.0,0.0,96.0,0
38.00_80.00,2020-08-10,38.0,80.0,0.0,0.0,0.0,0.0,0.0,0.0,97.0,0
38.00_80.00,2020-08-17,38.0,80.0,0.0,0.0,0.0,0.0,0.0,0.0,98.0,0
38.00_80.00,2020-08-24,38.0,80.0,0.0,0.0,0.0,0.0,0.0,0.0,99.0,0
38.00_80.00,2020-08-31,38.0,80.0,0.0,0.0,0.0,0.0,0.0,0.0,100.0,0
38.00_80.00,2020-09-07,38.0,80.0,0.0,0.0,0.0,0.0,0.0,0.0,101.0,0
38.00_80.00,2020-09-14,38.0,80.0,0.0,0.0,0.0,0.0,0.0,0.0,102.0,0
38.00_80.00,2020-09-21,38.0,80.0,0.0,0.0,0.0,0.0,0.0,0.0,103.0,0
38.00_80.00,2020-09-28,38.0,80.0,0.0,0.0,0.0,0.0,0.0,0.0,104.0,0
38.00_80.00,2020-10-05,38.0,80.0,0.0,0.0,0.0,0.0,0.0,0.0,105.0,0
38.00_80.00,2020-10-12,38.0,80.0,0.0,0.0,0.0,0.0,0.0,0.0,106.0,0
38.00_80.00,2020-10-19,38.0,80.0,0.0,0.0,0.0,0.0,0.0,0.0,107.0,0
38.00_80.00,2020-10-26,38.0,80.0,0.0,0.0,0.0,0.0,0.0,0.0,108.0,0
38.00_80.00,2020-11-02,38.0,80.0,0.0,0.0,0.0,0.0,0.0,0.0,109.0,0
38.00_80.00,2020-11-09,38.0,80.0,0.0,0.0,0.0,0.0,0.0,0.0,110.0,0
38.00_80.00,2020-11-16,38.0,80.0,0.0,0.0,0.0,0.0,0.0,0.0,111.0,0
38.00_80.00,2020-11-23,38.0,80.0,0.0,0.0,0.0,0.0,0.0,0.0,112.0,0
38.00_80.00,2020-11-30,38.0,80.0,0.0,0.0,0.0,0.0,0.0,0.0,113.0,0
38.00_80.00,2020-12-07,38.0,80.0,0.0,0.0,0.0,0.0,0.0,0.0,114.0,0
38.00_80.00,2020-12-14,38.0,80.0,0.0,0.0,0.0,0.0,0.0,0.0,115.0,0
38.00_80.00,2020-12-21,38.0,80.0,0.0,0.0,0.0,0.0,0.0,0.0,116.0,0
38.00_80.00,2020-12-28,38.0,80.0,0.0,0.0,0.0,0.0,0.0,0.0,117.0,0
38.00_80.00,2021-01-04,38.0,80.0,0.0,0.0,0.0,0.0,0.0,0.0,118.0,0
38.00_80.00,2021-01-11,38.0,80.0,0.0,0.0,0.0,0.0,0.0,0.0,119.0,0
38.00_80.00,2021-01-18,38.0,80.0,0.0,0.0,0.0,0.0,0.0,0.0,120.0,0
38.00_80.00,2021-01-25,38.0,80.0,0.0,0.0,0.0,0.0,0.0,0.0,121.0,0
38.00_80.00,2021-02-01,38.0,80.0,0.0,0.0,0.0,0.0,0.0,0.0,122.0,0
38.00_80.00,2021-02-08,38.0,80.0,0.0,0.0,0.0,0.0,0.0,0.0,123.0,0
38.00_80.00,2021-02-15,38.0,80.0,0.0,0.0,0.0,0.0,0.0,0.0,124.0,0
38.00_80.00,2021-02-22,38.0,80.0,0.0,0.0,0.0,0.0,0.0,0.0,125.0,0
38.00_80.00,2021-03-01,38.0,80.0,0.0,0.0,0.0,0.0,0.0,0.0,126.0,0
38.00_80.00,2021-03-08,38.0,80.0,0.0,0.0,0.0,0.0,0.0,0.0,127.0,0
38.00_80.00,2021-03-15,38.0,80.0,0.0,0.0,0.0,0.0,0.0,0.0,128.0,0
38.00_80.00,2021-03-22,38.0,80.0,0.0,0.0,0.0,0.0,0.0,0.0,129.0,0
38.00_80.00,2021-03-29,38.0,80.0,0.0,0.0,0.0,0.0,0.0,0.0,130.0,0
38.00_80.00,2021-04-05,38.0,80.0,0.0,0.0,0.0,0.0,0.0,0.0,131.0,0
38.00_80.00,2021-04-12,38.0,80.0,0.0,0.0,0.0,0.0,0.0,0.0,132.0,0
38.00_80.00,2021-04-19,38.0,80.0,0.0,0.0,0.0,0.0,0.0,0.0,133.0,0
38.00_80.00,2021-04-26,38.0,80.0,0.0,0.0,0.0,0.0,0.0,0.0,134.0,0
38.00_80.00,2021-05-03,38.0,80.0,0.0,0.0,0.0,0.0,0.0,0.0,135.0,0
38.00_80.00,2021-05-10,38.0,80.0,0.0,0.0,0.0,0.0,0.0,0.0,136.0,0
38.00_80.00,2021-05-17,38.0,80.0,0.0,0.0,0.0,0.0,0.0,0.0,137.0,0
38.00_80.00,2021-05-24,38.0,80.0,0.0,0.0,0.0,0.0,0.0,0.0,138.0,0
38.00_80.00,2021-05-31,38.0,80.0,0.0,0.0,0.0,0.0,0.0,0.0,139.0,0
38.00_80.00,2021-06-07,38.0,80.0,0.0,0.0,0.0,0.0,0.0,0.0,140.0,0
38.00_80.00,2021-06-14,38.0,80.0,0.0,0.0,0.0,0.0,0.0,0.0,141.0,0
38.00_80.00,2021-06-21,38.0,80.0,0.0,0.0,0.0,0.0,0.0,0.0,142.0,0
38.00_80.00,2021-06-28,38.0,80.0,0.0,0.0,0.0,0.0,0.0,0.0,143.0,0
38.00_80.00,2021-07-05,38.0,80.0,0.0,0.0,0.0,0.0,0.0,0.0,144.0,0
38.00_80.00,2021-07-12,38.0,80.0,0.0,0.0,0.0,0.0,0.0,0.0,145.0,0
38.00_80.00,2021-07-19,38.0,80.0,0.0,0.0,0.0,0.0,0.0,0.0,146.0,1
38.00_80.00,2021-07-26,38.0,80.0,1.0,4.5,4.5,4.5,1.0,5623413.251903491,0.0,0
38.00_80.00,2021-08-02,38.0,80.0,0.0,0.0,0.0,4.5,1.0,5623413.251903491,1.0,0
38.00_80.00,2021-08-09,38.0,80.0,0.0,0.0,0.0,4.5,1.0,5623413.251903491,2.0,0
38.00_80.00,2021-08-16,38.0,80.0,0.0,0.0,0.0,4.5,1.0,5623413.251903491,3.0,0
38.00_80.00,2021-08-23,38.0,80.0,0.0,0.0,0.0,0.0,1.0,5623413.251903491,4.0,0
38.00_80.00,2021-08-30,38.0,80.0,0.0,0.0,0.0,0.0,1.0,5623413.251903491,5.0,0
38.00_80.00,2021-09-06,38.0,80.0,0.0,0.0,0.0,0.0,1.0,5623413.251903491,6.0,0
38.00_80.00,2021-09-13,38.0,80.0,0.0,0.0,0.0,0.0,1.0,5623413.251903491,7.0,0
38.00_80.00,2021-09-20,38.0,80.0,0.0,0.0,0.0,0.0,1.0,0.0,8.0,0
38.00_80.00,2021-09-27,38.0,80.0,0.0,0.0,0.0,0.0,1.0,0.0,9.0,0
38.00_80.00,2021-10-04,38.0,80.0,0.0,0.0,0.0,0.0,1.0,0.0,10.0,0
38.00_80.00,2021-10-11,38.0,80.0,0.0,0.0,0.0,0.0,1.0,0.0,11.0,0
38.00_80.00,2021-10-18,38.0,80.0,0.0,0.0,0.0,0.0,0.0,0.0,12.0,0
38.00_80.00,2021-10-25,38.0,80.0,0.0,0.0,0.0,0.0,0.0,0.0,13.0,0
38.00_80.00,2021-11-01,38.0,80.0,0.0,0.0,0.0,0.0,0.0,0.0,14.0,0
38.00_80.00,2021-11-08,38.0,80.0,0.0,0.0,0.0,0.0,0.0,0.0,15.0,0
38.00_80.00,2021-11-15,38.0,80.0,0.0,0.0,0.0,0.0,0.0,0.0,16.0,0
38.00_80.00,2021-11-22,38.0,80.0,0.0,0.0,0.0,0.0,0.0,0.0,17.0,0
38.00_80.00,2021-11-29,38.0,80.0,0.0,0.0,0.0,0.0,0.0,0.0,18.0,0
38.00_80.00,2021-12-06,38.0,80.0,0.0,0.0,0.0,0.0,0.0,0.0,19.0,0
38.00_80.00,2021-12-13,38.0,80.0,0.0,0.0,0.0,0.0,0.0,0.0,20.0,0
38.00_80.00,2021-12-20,38.0,80.0,0.0,0.0,0.0,0.0,0.0,0.0,21.0,0
38.00_80.00,2021-12-27,38.0,80.0,0.0,0.0,0.0,0.0,0.0,0.0,22.0,0
38.00_80.00,2022-01-03,38.0,80.0,0.0,0.0,0.0,0.0,0.0,0.0,23.0,0
38.00_80.00,2022-01-10,38.0,80.0,0.0,0.0,0.0,0.0,0.0,0.0,24.0,0
38.00_80.00,2022-01-17,38.0,80.0,0.0,0.0,0.0,0.0,0.0,0.0,25.0,0
38.00_80.00,2022-01-24,38.0,80.0,0.0,0.0,0.0,0.0,0.0,0.0,26.0,0
38.00_80.00,2022-01-31,38.0,80.0,0.0,0.0,0.0,0.0,0.0,0.0,27.0,0
38.00_80.00,2022-02-07,38.0,80.0,0.0,0.0,0.0,0.0,0.0,0.0,28.0,0
38.00_80.00,2022-02-14,38.0,80.0,0.0,0.0,0.0,0.0,0.0,0.0,29.0,0
38.00_80.00,2022-02-21,38.0,80.0,0.0,0.0,0.0,0.0,0.0,0.0,30.0,0
38.00_80.00,2022-02-28,38.0,80.0,0.0,0.0,0.0,0.0,0.0,0.0,31.0,0
38.00_80.00,2022-03-07,38.0,80.0,0.0,0.0,0.0,0.0,0.0,0.0,32.0,0
38.00_80.00,2022-03-14,38.0,80.0,0.0,0.0,0.0,0.0,0.0,0.0,33.0,0
38.00_80.00,2022-03-21,38.0,80.0,0.0,0.0,0.0,0.0,0.0,0.0,34.0,0
38.00_80.00,2022-03-28,38.0,80.0,0.0,0.0,0.0,0.0,0.0,0.0,35.0,0
38.00_80.00,2022-04-04,38.0,80.0,0.0,0.0,0.0,0.0,0.0,0.0,36.0,0
38.00_80.00,2022-04-11,38.0,80.0,0.0,0.0,0.0,0.0,0.0,0.0,37.0,0
38.00_80.00,2022-04-18,38.0,80.0,0.0,0.0,0.0,0.0,0.0,0.0,38.0,0
38.00_80.00,2022-04-25,38.0,80.0,0.0,0.0,0.0,0.0,0.0,0.0,39.0,0
38.00_80.00,2022-05-02,38.0,80.0,0.0,0.0,0.0,0.0,0.0,0.0,40.0,0
38.00_80.00,2022-05-09,38.0,80.0,0.0,0.0,0.0,0.0,0.0,0.0,41.0,0
38.00_80.00,2022-05-16,38.0,80.0,0.0,0.0,0.0,0.0,0.0,0.0,42.0,0
38.00_80.00,2022-05-23,38.0,80.0,0.0,0.0,0.0,0.0,0.0,0.0,43.0,0
38.00_80.00,2022-05-30,38.0,80.0,0.0,0.0,0.0,0.0,0.0,0.0,44.0,0
38.00_80.00,2022-06-06,38.0,80.0,0.0,0.0,0.0,0.0,0.0,0.0,45.0,0
38.00_80.00,2022-06-13,38.0,80.0,0.0,0.0,0.0,0.0,0.0,0.0,46.0,0
38.00_80.00,2022-06-20,38.0,80.0,0.0,0.0,0.0,0.0,0.0,0.0,47.0,0
38.00_80.00,2022-06-27,38.0,80.0,0.0,0.0,0.0,0.0,0.0,0.0,48.0,0
38.00_80.00,2022-07-04,38.0,80.0,0.0,0.0,0.0,0.0,0.0,0.0,49.0,0
38.00_80.00,2022-07-11,38.0,80.0,0.0,0.0,0.0,0.0,0.0,0.0,50.0,0
38.00_80.00,2022-07-18,38.0,80.0,0.0,0.0,0.0,0.0,0.0,0.0,51.0,0
38.00_80.00,2022-07-25,38.0,80.0,0.0,0.0,0.0,0.0,0.0,0.0,52.0,0
38.00_80.00,2022-08-01,38.0,80.0,0.0,0.0,0.0,0.0,0.0,0.0,53.0,0
38.00_80.00,2022-08-08,38.0,80.0,0.0,0.0,0.0,0.0,0.0,0.0,54.0,0
38.00_80.00,2022-08-15,38.0,80.0,0.0,0.0,0.0,0.0,0.0,0.0,55.0,0
38.00_80.00,2022-08-22,38.0,80.0,0.0,0.0,0.0,0.0,0.0,0.0,56.0,0
38.00_80.00,2022-08-29,38.0,80.0,0.0,0.0,0.0,0.0,0.0,0.0,57.0,0
38.00_80.00,2022-09-05,38.0,80.0,0.0,0.0,0.0,0.0,0.0,0.0,58.0,0
38.00_80.00,2022-09-12,38.0,80.0,0.0,0.0,0.0,0.0,0.0,0.0,59.0,0
38.00_80.00,2022-09-19,38.0,80.0,0.0,0.0,0.0,0.0,0.0,0.0,60.0,0
38.00_80.00,2022-09-26,38.0,80.0,0.0,0.0,0.0,0.0,0.0,0.0,61.0,0
38.00_80.00,2022-10-03,38.0,80.0,0.0,0.0,0.0,0.0,0.0,0.0,62.0,0
38.00_80.00,2022-10-10,38.0,80.0,0.0,0.0,0.0,0.0,0.0,0.0,63.0,0
38.00_80.00,2022-10-17,38.0,80.0,0.0,0.0,0.0,0.0,0.0,0.0,64.0,0
38.00_80.00,2022-10-24,38.0,80.0,0.0,0.0,0.0,0.0,0.0,0.0,65.0,0
38.00_80.00,2022-10-31,38.0,80.0,0.0,0.0,0.0,0.0,0.0,0.0,66.0,0
38.00_80.00,2022-11-07,38.0,80.0,0.0,0.0,0.0,0.0,0.0,0.0,67.0,0
38.00_80.00,2022-11-14,38.0,80.0,0.0,0.0,0.0,0.0,0.0,0.0,68.0,0
38.00_80.00,2022-11-21,38.0,80.0,0.0,0.0,0.0,0.0,0.0,0.0,69.0,0
38.00_80.00,2022-11-28,38.0,80.0,0.0,0.0,0.0,0.0,0.0,0.0,70.0,0
38.00_80.00,2022-12-05,38.0,80.0,0.0,0.0,0.0,0.0,0.0,0.0,71.0,0
38.00_80.00,2022-12-12,38.0,80.0,0.0,0.0,0.0,0.0,0.0,0.0,72.0,0
38.00_80.00,2022-12-19,38.0,80.0,0.0,0.0,0.0,0.0,0.0,0.0,73.0,0
38.00_80.00,2022-12-26,38.0,80.0,0.0,0.0,0.0,0.0,0.0,0.0,74.0,0
38.00_80.00,2023-01-02,38.0,80.0,0.0,0.0,0.0,0.0,0.0,0.0,75.0,0
38.00_80.00,2023-01-09,38.0,80.0,0.0,0.0,0.0,0.0,0.0,0.0,76.0,0
38.00_80.00,2023-01-16,38.0,80.0,0.0,0.0,0.0,0.0,0.0,0.0,77.0,0
38.00_80.00,2023-01-23,38.0,80.0,0.0,0.0,0.0,0.0,0.0,0.0,78.0,1
38.00_80.00,2023-01-30,38.0,80.0,1.0,5.7,5.7,5.7,1.0,354813389.23357606,0.0,0
38.00_80.00,2023-02-06,38.0,80.0,0.0,0.0,0.0,5.7,1.0,354813389.23357606,1.0,0
38.00_80.00,2023-02-13,38.0,80.0,0.0,0.0,0.0,5.7,1.0,354813389.23357606,2.0,0
38.00_80.00,2023-02-20,38.0,80.0,0.0,0.0,0.0,5.7,1.0,354813389.23357606,3.0,0
38.00_80.00,2023-02-27,38.0,80.0,0.0,0.0,0.0,0.0,1.0,354813389.23357606,4.0,0
38.00_80.00,2023-03-06,38.0,80.0,0.0,0.0,0.0,0.0,1.0,354813389.23357606,5.0,0
38.00_80.00,2023-03-13,38.0,80.0,0.0,0.0,0.0,0.0,1.0,354813389.23357606,6.0,0
38.00_80.00,2023-03-20,38.0,80.0,0.0,0.0,0.0,0.0,1.0,354813389.23357606,7.0,0
38.00_80.00,2023-03-27,38.0,80.0,0.0,0.0,0.0,0.0,1.0,0.0,8.0,0
38.00_80.00,2023-04-03,38.0,80.0,0.0,0.0,0.0,0.0,1.0,0.0,9.0,0
38.00_80.00,2023-04-10,38.0,80.0,0.0,0.0,0.0,0.0,1.0,0.0,10.0,0
38.00_80.00,2023-04-17,38.0,80.0,0.0,0.0,0.0,0.0,1.0,0.0,11.0,0
38.00_80.00,2023-04-24,38.0,80.0,0.0,0.0,0.0,0.0,0.0,0.0,12.0,0
38.00_80.00,2023-05-01,38.0,80.0,0.0,0.0,0.0,0.0,0.0,0.0,13.0,0
38.00_80.00,2023-05-08,38.0,80.0,0.0,0.0,0.0,0.0,0.0,0.0,14.0,0
38.00_80.00,2023-05-15,38.0,80.0,0.0,0.0,0.0,0.0,0.0,0.0,15.0,0
38.00_80.00,2023-05-22,38.0,80.0,0.0,0.0,0.0,0.0,0.0,0.0,16.0,0
38.00_80.00,2023-05-29,38.0,80.0,0.0,0.0,0.0,0.0,0.0,0.0,17.0,0
38.00_80.00,2023-06-05,38.0,80.0,0.0,0.0,0.0,0.0,0.0,0.0,18.0,0
38.00_80.00,2023-06-12,38.0,80.0,0.0,0.0,0.0,0.0,0.0,0.0,19.0,0
38.00_80.00,2023-06-19,38.0,80.0,0.0,0.0,0.0,0.0,0.0,0.0,20.0,0
38.00_80.00,2023-06-26,38.0,80.0,0.0,0.0,0.0,0.0,0.0,0.0,21.0,0
38.00_80.00,2023-07-03,38.0,80.0,0.0,0.0,0.0,0.0,0.0,0.0,22.0,0
38.00_80.00,2023-07-10,38.0,80.0,0.0,0.0,0.0,0.0,0.0,0.0,23.0,0
38.00_80.00,2023-07-17,38.0,80.0,0.0,0.0,0.0,0.0,0.0,0.0,24.0,0
38.00_80.00,2023-07-24,38.0,80.0,0.0,0.0,0.0,0.0,0.0,0.0,25.0,0
38.00_80.00,2023-07-31,38.0,80.0,0.0,0.0,0.0,0.0,0.0,0.0,26.0,0
38.00_80.00,2023-08-07,38.0,80.0,0.0,0.0,0.0,0.0,0.0,0.0,27.0,0
38.00_80.00,2023-08-14,38.0,80.0,0.0,0.0,0.0,0.0,0.0,0.0,28.0,0
38.00_80.00,2023-08-21,38.0,80.0,0.0,0.0,0.0,0.0,0.0,0.0,29.0,0
38.00_80.00,2023-08-28,38.0,80.0,0.0,0.0,0.0,0.0,0.0,0.0,30.0,0
38.00_80.00,2023-09-04,38.0,80.0,0.0,0.0,0.0,0.0,0.0,0.0,31.0,0
38.00_80.00,2023-09-11,38.0,80.0,0.0,0.0,0.0,0.0,0.0,0.0,32.0,0
38.00_80.00,2023-09-18,38.0,80.0,0.0,0.0,0.0,0.0,0.0,0.0,33.0,0
38.00_80.00,2023-09-25,38.0,80.0,0.0,0.0,0.0,0.0,0.0,0.0,34.0,0
38.00_80.00,2023-10-02,38.0,80.0,0.0,0.0,0.0,0.0,0.0,0.0,35.0,0
38.00_80.00,2023-10-09,38.0,80.0,0.0,0.0,0.0,0.0,0.0,0.0,36.0,0
38.00_80.00,2023-10-16,38.0,80.0,0.0,0.0,0.0,0.0,0.0,0.0,37.0,0
38.00_80.00,2023-10-23,38.0,80.0,0.0,0.0,0.0,0.0,0.0,0.0,38.0,0
38.00_80.00,2023-10-30,38.0,80.0,0.0,0.0,0.0,0.0,0.0,0.0,39.0,0
38.00_80.00,2023-11-06,38.0,80.0,0.0,0.0,0.0,0.0,0.0,0.0,40.0,0
38.00_80.00,2023-11-13,38.0,80.0,0.0,0.0,0.0,0.0,0.0,0.0,41.0,0
38.00_80.00,2023-11-20,38.0,80.0,0.0,0.0,0.0,0.0,0.0,0.0,42.0,0
38.00_80.00,2023-11-27,38.0,80.0,0.0,0.0,0.0,0.0,0.0,0.0,43.0,0
38.00_80.00,2023-12-04,38.0,80.0,0.0,0.0,0.0,0.0,0.0,0.0,44.0,0
38.00_80.00,2023-12-11,38.0,80.0,0.0,0.0,0.0,0.0,0.0,0.0,45.0,0
38.00_80.00,2023-12-18,38.0,80.0,0.0,0.0,0.0,0.0,0.0,0.0,46.0,0
38.00_80.00,2023-12-25,38.0,80.0,0.0,0.0,0.0,0.0,0.0,0.0,47.0,0
38.00_83.00,2010-03-22,38.0,83.0,0.0,0.0,0.0,0.0,0.0,0.0,500.0,0
38.00_83.00,2010-03-29,38.0,83.0,0.0,0.0,0.0,0.0,0.0,0.0,500.0,0
38.00_83.00,2010-04-05,38.0,83.0,0.0,0.0,0.0,0.0,0.0,0.0,500.0,0
38.00_83.00,2010-04-12,38.0,83.0,0.0,0.0,0.0,0.0,0.0,0.0,500.0,0
38.00_83.00,2010-04-19,38.0,83.0,0.0,0.0,0.0,0.0,0.0,0.0,500.0,0
38.00_83.00,2010-04-26,38.0,83.0,0.0,0.0,0.0,0.0,0.0,0.0,500.0,0
38.00_83.00,2010-05-03,38.0,83.0,0.0,0.0,0.0,0.0,0.0,0.0,500.0,0
38.00_83.00,2010-05-10,38.0,83.0,0.0,0.0,0.0,0.0,0.0,0.0,500.0,0
38.00_83.00,2010-05-17,38.0,83.0,0.0,0.0,0.0,0.0,0.0,0.0,500.0,0
38.00_83.00,2010-05-24,38.0,83.0,0.0,0.0,0.0,0.0,0.0,0.0,500.0,0
38.00_83.00,2010-05-31,38.0,83.0,0.0,0.0,0.0,0.0,0.0,0.0,500.0,0
38.00_83.00,2010-06-07,38.0,83.0,0.0,0.0,0.0,0.0,0.0,0.0,500.0,0
38.00_83.00,2010-06-14,38.0,83.0,0.0,0.0,0.0,0.0,0.0,0.0,500.0,0
38.00_83.00,2010-06-21,38.0,83.0,0.0,0.0,0.0,0.0,0.0,0.0,500.0,0
38.00_83.00,2010-06-28,38.0,83.0,0.0,0.0,0.0,0.0,0.0,0.0,500.0,0
38.00_83.00,2010-07-05,38.0,83.0,0.0,0.0,0.0,0.0,0.0,0.0,500.0,0
38.00_83.00,2010-07-12,38.0,83.0,0.0,0.0,0.0,0.0,0.0,0.0,500.0,0
38.00_83.00,2010-07-19,38.0,83.0,0.0,0.0,0.0,0.0,0.0,0.0,500.0,0
38.00_83.00,2010-07-26,38.0,83.0,0.0,0.0,0.0,0.0,0.0,0.0,500.0,0
38.00_83.00,2010-08-02,38.0,83.0,0.0,0.0,0.0,0.0,0.0,0.0,500.0,0
38.00_83.00,2010-08-09,38.0,83.0,0.0,0.0,0.0,0.0,0.0,0.0,500.0,0
38.00_83.00,2010-08-16,38.0,83.0,0.0,0.0,0.0,0.0,0.0,0.0,500.0,0
38.00_83.00,2010-08-23,38.0,83.0,0.0,0.0,0.0,0.0,0.0,0.0,500.0,0
38.00_83.00,2010-08-30,38.0,83.0,0.0,0.0,0.0,0.0,0.0,0.0,500.0,0
38.00_83.00,2010-09-06,38.0,83.0,0.0,0.0,0.0,0.0,0.0,0.0,500.0,0
38.00_83.00,2010-09-13,38.0,83.0,0.0,0.0,0.0,0.0,0.0,0.0,500.0,0
38.00_83.00,2010-09-20,38.0,83.0,0.0,0.0,0.0,0.0,0.0,0.0,500.0,0
38.00_83.00,2010-09-27,38.0,83.0,0.0,0.0,0.0,0.0,0.0,0.0,500.0,0
38.00_83.00,2010-10-04,38.0,83.0,0.0,0.0,0.0,0.0,0.0,0.0,500.0,0
38.00_83.00,2010-10-11,38.0,83.0,0.0,0.0,0.0,0.0,0.0,0.0,500.0,0
38.00_83.00,2010-10-18,38.0,83.0,0.0,0.0,0.0,0.0,0.0,0.0,500.0,0
38.00_83.00,2010-10-25,38.0,83.0,0.0,0.0,0.0,0.0,0.0,0.0,500.0,0
38.00_83.00,2010-11-01,38.0,83.0,0.0,0.0,0.0,0.0,0.0,0.0,500.0,0
38.00_83.00,2010-11-08,38.0,83.0,0.0,0.0,0.0,0.0,0.0,0.0,500.0,0
38.00_83.00,2010-11-15,38.0,83.0,0.0,0.0,0.0,0.0,0.0,0.0,500.0,0
38.00_83.00,2010-11-22,38.0,83.0,0.0,0.0,0.0,0.0,0.0,0.0,500.0,0
38.00_83.00,2010-11-29,38.0,83.0,0.0,0.0,0.0,0.0,0.0,0.0,500.0,0
38.00_83.00,2010-12-06,38.0,83.0,0.0,0.0,0.0,0.0,0.0,0.0,500.0,0
38.00_83.00,2010-12-13,38.0,83.0,0.0,0.0,0.0,0.0,0.0,0.0,500.0,0
38.00_83.00,2010-12-20,38.0,83.0,0.0,0.0,0.0,0.0,0.0,0.0,500.0,0
38.00_83.00,2010-12-27,38.0,83.0,0.0,0.0,0.0,0.0,0.0,0.0,500.0,0
38.00_83.00,2011-01-03,38.0,83.0,0.0,0.0,0.0,0.0,0.0,0.0,500.0,0
38.00_83.00,2011-01-10,38.0,83.0,0.0,0.0,0.0,0.0,0.0,0.0,500.0,0
38.00_83.00,2011-01-17,38.0,83.0,0.0,0.0,0.0,0.0,0.0,0.0,500.0,0
38.00_83.00,2011-01-24,38.0,83.0,0.0,0.0,0.0,0.0,0.0,0.0,500.0,0
38.00_83.00,2011-01-31,38.0,83.0,0.0,0.0,0.0,0.0,0.0,0.0,500.0,0
38.00_83.00,2011-02-07,38.0,83.0,0.0,0.0,0.0,0.0,0.0,0.0,500.0,0
38.00_83.00,2011-02-14,38.0,83.0,0.0,0.0,0.0,0.0,0.0,0.0,500.0,0
38.00_83.00,2011-02-21,38.0,83.0,0.0,0.0,0.0,0.0,0.0,0.0,500.0,0
38.00_83.00,2011-02-28,38.0,83.0,0.0,0.0,0.0,0.0,0.0,0.0,500.0,0
38.00_83.00,2011-03-07,38.0,83.0,0.0,0.0,0.0,0.0,0.0,0.0,500.0,0
38.00_83.00,2011-03-14,38.0,83.0,0.0,0.0,0.0,0.0,0.0,0.0,500.0,0
38.00_83.00,2011-03-21,38.0,83.0,0.0,0.0,0.0,0.0,0.0,0.0,500.0,0
38.00_83.00,2011-03-28,38.0,83.0,0.0,0.0,0.0,0.0,0.0,0.0,500.0,0
38.00_83.00,2011-04-04,38.0,83.0,0.0,0.0,0.0,0.0,0.0,0.0,500.0,0
38.00_83.00,2011-04-11,38.0,83.0,0.0,0.0,0.0,0.0,0.0,0.0,500.0,0
38.00_83.00,2011-04-18,38.0,83.0,0.0,0.0,0.0,0.0,0.0,0.0,500.0,0
38.00_83.00,2011-04-25,38.0,83.0,0.0,0.0,0.0,0.0,0.0,0.0,500.0,0
38.00_83.00,2011-05-02,38.0,83.0,0.0,0.0,0.0,0.0,0.0,0.0,500.0,0
38.00_83.00,2011-05-09,38.0,83.0,0.0,0.0,0.0,0.0,0.0,0.0,500.0,0
38.00_83.00,2011-05-16,38.0,83.0,0.0,0.0,0.0,0.0,0.0,0.0,500.0,0
38.00_83.00,2011-05-23,38.0,83.0,0.0,0.0,0.0,0.0,0.0,0.0,500.0,0
38.00_83.00,2011-05-30,38.0,83.0,0.0,0.0,0.0,0.0,0.0,0.0,500.0,0
38.00_83.00,2011-06-06,38.0,83.0,0.0,0.0,0.0,0.0,0.0,0.0,500.0,0
38.00_83.00,2011-06-13,38.0,83.0,0.0,0.0,0.0,0.0,0.0,0.0,500.0,0
38.00_83.00,2011-06-20,38.0,83.0,0.0,0.0,0.0,0.0,0.0,0.0,500.0,0
38.00_83.00,2011-06-27,38.0,83.0,0.0,0.0,0.0,0.0,0.0,0.0,500.0,0
38.00_83.00,2011-07-04,38.0,83.0,0.0,0.0,0.0,0.0,0.0,0.0,500.0,0
38.00_83.00,2011-07-11,38.0,83.0,0.0,0.0,0.0,0.0,0.0,0.0,500.0,0
38.00_83.00,2011-07-18,38.0,83.0,0.0,0.0,0.0,0.0,0.0,0.0,500.0,0
38.00_83.00,2011-07-25,38.0,83.0,0.0,0.0,0.0,0.0,0.0,0.0,500.0,0
38.00_83.00,2011-08-01,38.0,83.0,0.0,0.0,0.0,0.0,0.0,0.0,500.0,0
38.00_83.00,2011-08-08,38.0,83.0,0.0,0.0,0.0,0.0,0.0,0.0,500.0,0
38.00_83.00,2011-08-15,38.0,83.0,0.0,0.0,0.0,0.0,0.0,0.0,500.0,0
38.00_83.00,2011-08-22,38.0,83.0,0.0,0.0,0.0,0.0,0.0,0.0,500.0,0
38.00_83.00,2011-08-29,38.0,83.0,0.0,0.0,0.0,0.0,0.0,0.0,500.0,0
38.00_83.00,2011-09-05,38.0,83.0,0.0,0.0,0.0,0.0,0.0,0.0,500.0,0
38.00_83.00,2011-09-12,38.0,83.0,0.0,0.0,0.0,0.0,0.0,0.0,500.0,0
38.00_83.00,2011-09-19,38.0,83.0,0.0,0.0,0.0,0.0,0.0,0.0,500.0,0
38.00_83.00,2011-09-26,38.0,83.0,0.0,0.0,0.0,0.0,0.0,0.0,500.0,0
38.00_83.00,2011-10-03,38.0,83.0,0.0,0.0,0.0,0.0,0.0,0.0,500.0,0
38.00_83.00,2011-10-10,38.0,83.0,0.0,0.0,0.0,0.0,0.0,0.0,500.0,0
38.00_83.00,2011-10-17,38.0,83.0,0.0,0.0,0.0,0.0,0.0,0.0,500.0,0
38.00_83.00,2011-10-24,38.0,83.0,0.0,0.0,0.0,0.0,0.0,0.0,500.0,0
38.00_83.00,2011-10-31,38.0,83.0,0.0,0.0,0.0,0.0,0.0,0.0,500.0,0
38.00_83.00,2011-11-07,38.0,83.0,0.0,0.0,0.0,0.0,0.0,0.0,500.0,0
38.00_83.00,2011-11-14,38.0,83.0,0.0,0.0,0.0,0.0,0.0,0.0,500.0,0
38.00_83.00,2011-11-21,38.0,83.0,0.0,0.0,0.0,0.0,0.0,0.0,500.0,0
38.00_83.00,2011-11-28,38.0,83.0,0.0,0.0,0.0,0.0,0.0,0.0,500.0,0
38.00_83.00,2011-12-05,38.0,83.0,0.0,0.0,0.0,0.0,0.0,0.0,500.0,0
38.00_83.00,2011-12-12,38.0,83.0,0.0,0.0,0.0,0.0,0.0,0.0,500.0,0
38.00_83.00,2011-12-19,38.0,83.0,0.0,0.0,0.0,0.0,0.0,0.0,500.0,0
38.00_83.00,2011-12-26,38.0,83.0,0.0,0.0,0.0,0.0,0.0,0.0,500.0,0
38.00_83.00,2012-01-02,38.0,83.0,0.0,0.0,0.0,0.0,0.0,0.0,500.0,0
38.00_83.00,2012-01-09,38.0,83.0,0.0,0.0,0.0,0.0,0.0,0.0,500.0,0
38.00_83.00,2012-01-16,38.0,83.0,0.0,0.0,0.0,0.0,0.0,0.0,500.0,0
38.00_83.00,2012-01-23,38.0,83.0,0.0,0.0,0.0,0.0,0.0,0.0,500.0,0
38.00_83.00,2012-01-30,38.0,83.0,0.0,0.0,0.0,0.0,0.0,0.0,500.0,0
38.00_83.00,2012-02-06,38.0,83.0,0.0,0.0,0.0,0.0,0.0,0.0,500.0,0
38.00_83.00,2012-02-13,38.0,83.0,0.0,0.0,0.0,0.0,0.0,0.0,500.0,0
38.00_83.00,2012-02-20,38.0,83.0,0.0,0.0,0.0,0.0,0.0,0.0,500.0,0
38.00_83.00,2012-02-27,38.0,83.0,0.0,0.0,0.0,0.0,0.0,0.0,500.0,0
38.00_83.00,2012-03-05,38.0,83.0,0.0,0.0,0.0,0.0,0.0,0.0,500.0,0
38.00_83.00,2012-03-12,38.0,83.0,0.0,0.0,0.0,0.0,0.0,0.0,500.0,0
38.00_83.00,2012-03-19,38.0,83.0,0.0,0.0,0.0,0.0,0.0,0.0,500.0,0
38.00_83.00,2012-03-26,38.0,83.0,0.0,0.0,0.0,0.0,0.0,0.0,500.0,0
38.00_83.00,2012-04-02,38.0,83.0,0.0,0.0,0.0,0.0,0.0,0.0,500.0,0
38.00_83.00,2012-04-09,38.0,83.0,0.0,0.0,0.0,0.0,0.0,0.0,500.0,0
38.00_83.00,2012-04-16,38.0,83.0,0.0,0.0,0.0,0.0,0.0,0.0,500.0,0
38.00_83.00,2012-04-23,38.0,83.0,0.0,0.0,0.0,0.0,0.0,0.0,500.0,0
38.00_83.00,2012-04-30,38.0,83.0,0.0,0.0,0.0,0.0,0.0,0.0,500.0,0
38.00_83.00,2012-05-07,38.0,83.0,0.0,0.0,0.0,0.0,0.0,0.0,500.0,0
38.00_83.00,2012-05-14,38.0,83.0,0.0,0.0,0.0,0.0,0.0,0.0,500.0,0
38.00_83.00,2012-05-21,38.0,83.0,0.0,0.0,0.0,0.0,0.0,0.0,500.0,0
38.00_83.00,2012-05-28,38.0,83.0,0.0,0.0,0.0,0.0,0.0,0.0,500.0,0
38.00_83.00,2012-06-04,38.0,83.0,0.0,0.0,0.0,0.0,0.0,0.0,500.0,0
38.00_83.00,2012-06-11,38.0,83.0,0.0,0.0,0.0,0.0,0.0,0.0,500.0,0
38.00_83.00,2012-06-18,38.0,83.0,0.0,0.0,0.0,0.0,0.0,0.0,500.0,0
38.00_83.00,2012-06-25,38.0,83.0,0.0,0.0,0.0,0.0,0.0,0.0,500.0,0
38.00_83.00,2012-07-02,38.0,83.0,0.0,0.0,0.0,0.0,0.0,0.0,500.0,0
38.00_83.00,2012-07-09,38.0,83.0,0.0,0.0,0.0,0.0,0.0,0.0,500.0,0
38.00_83.00,2012-07-16,38.0,83.0,0.0,0.0,0.0,0.0,0.0,0.0,500.0,0
38.00_83.00,2012-07-23,38.0,83.0,0.0,0.0,0.0,0.0,0.0,0.0,500.0,0
38.00_83.00,2012-07-30,38.0,83.0,0.0,0.0,0.0,0.0,0.0,0.0,500.0,0
38.00_83.00,2012-08-06,38.0,83.0,0.0,0.0,0.0,0.0,0.0,0.0,500.0,0
38.00_83.00,2012-08-13,38.0,83.0,0.0,0.0,0.0,0.0,0.0,0.0,500.0,0
38.00_83.00,2012-08-20,38.0,83.0,0.0,0.0,0.0,0.0,0.0,0.0,500.0,0
38.00_83.00,2012-08-27,38.0,83.0,0.0,0.0,0.0,0.0,0.0,0.0,500.0,0
38.00_83.00,2012-09-03,38.0,83.0,0.0,0.0,0.0,0.0,0.0,0.0,500.0,0
38.00_83.00,2012-09-10,38.0,83.0,0.0,0.0,0.0,0.0,0.0,0.0,500.0,0
38.00_83.00,2012-09-17,38.0,83.0,0.0,0.0,0.0,0.0,0.0,0.0,500.0,0
38.00_83.00,2012-09-24,38.0,83.0,0.0,0.0,0.0,0.0,0.0,0.0,500.0,0
38.00_83.00,2012-10-01,38.0,83.0,0.0,0.0,0.0,0.0,0.0,0.0,500.0,0
38.00_83.00,2012-10-08,38.0,83.0,0.0,0.0,0.0,0.0,0.0,0.0,500.0,0
38.00_83.00,2012-10-15,38.0,83.0,0.0,0.0,0.0,0.0,0.0,0.0,500.0,0
38.00_83.00,2012-10-22,38.0,83.0,0.0,0.0,0.0,0.0,0.0,0.0,500.0,0
38.00_83.00,2012-10-29,38.0,83.0,0.0,0.0,0.0,0.0,0.0,0.0,500.0,0
38.00_83.00,2012-11-05,38.0,83.0,0.0,0.0,0.0,0.0,0.0,0.0,500.0,0
38.00_83.00,2012-11-12,38.0,83.0,0.0,0.0,0.0,0.0,0.0,0.0,500.0,0
38.00_83.00,2012-11-19,38.0,83.0,0.0,0.0,0.0,0.0,0.0,0.0,500.0,0
38.00_83.00,2012-11-26,38.0,83.0,0.0,0.0,0.0,0.0,0.0,0.0,500.0,0
38.00_83.00,2012-12-03,38.0,83.0,0.0,0.0,0.0,0.0,0.0,0.0,500.0,0
38.00_83.00,2012-12-10,38.0,83.0,0.0,0.0,0.0,0.0,0.0,0.0,500.0,0
38.00_83.00,2012-12-17,38.0,83.0,0.0,0.0,0.0,0.0,0.0,0.0,500.0,0
38.00_83.00,2012-12-24,38.0,83.0,0.0,0.0,0.0,0.0,0.0,0.0,500.0,0
38.00_83.00,2012-12-31,38.0,83.0,0.0,0.0,0.0,0.0,0.0,0.0,500.0,0
38.00_83.00,2013-01-07,38.0,83.0,0.0,0.0,0.0,0.0,0.0,0.0,500.0,0
38.00_83.00,2013-01-14,38.0,83.0,0.0,0.0,0.0,0.0,0.0,0.0,500.0,0
38.00_83.00,2013-01-21,38.0,83.0,0.0,0.0,0.0,0.0,0.0,0.0,500.0,0
38.00_83.00,2013-01-28,38.0,83.0,0.0,0.0,0.0,0.0,0.0,0.0,500.0,0
38.00_83.00,2013-02-04,38.0,83.0,0.0,0.0,0.0,0.0,0.0,0.0,500.0,0
38.00_83.00,2013-02-11,38.0,83.0,0.0,0.0,0.0,0.0,0.0,0.0,500.0,0
38.00_83.00,2013-02-18,38.0,83.0,0.0,0.0,0.0,0.0,0.0,0.0,500.0,0
38.00_83.00,2013-02-25,38.0,83.0,0.0,0.0,0.0,0.0,0.0,0.0,500.0,0
38.00_83.00,2013-03-04,38.0,83.0,0.0,0.0,0.0,0.0,0.0,0.0,500.0,0
38.00_83.00,2013-03-11,38.0,83.0,0.0,0.0,0.0,0.0,0.0,0.0,500.0,0
38.00_83.00,2013-03-18,38.0,83.0,0.0,0.0,0.0,0.0,0.0,0.0,500.0,0
38.00_83.00,2013-03-25,38.0,83.0,0.0,0.0,0.0,0.0,0.0,0.0,500.0,0
38.00_83.00,2013-04-01,38.0,83.0,0.0,0.0,0.0,0.0,0.0,0.0,500.0,0
38.00_83.00,2013-04-08,38.0,83.0,0.0,0.0,0.0,0.0,0.0,0.0,500.0,0
38.00_83.00,2013-04-15,38.0,83.0,0.0,0.0,0.0,0.0,0.0,0.0,500.0,0
38.00_83.00,2013-04-22,38.0,83.0,0.0,0.0,0.0,0.0,0.0,0.0,500.0,0
38.00_83.00,2013-04-29,38.0,83.0,0.0,0.0,0.0,0.0,0.0,0.0,500.0,0
38.00_83.00,2013-05-06,38.0,83.0,0.0,0.0,0.0,0.0,0.0,0.0,500.0,0
38.00_83.00,2013-05-13,38.0,83.0,0.0,0.0,0.0,0.0,0.0,0.0,500.0,0
38.00_83.00,2013-05-20,38.0,83.0,0.0,0.0,0.0,0.0,0.0,0.0,500.0,0
38.00_83.00,2013-05-27,38.0,83.0,0.0,0.0,0.0,0.0,0.0,0.0,500.0,0
38.00_83.00,2013-06-03,38.0,83.0,0.0,0.0,0.0,0.0,0.0,0.0,500.0,0
38.00_83.00,2013-06-10,38.0,83.0,0.0,0.0,0.0,0.0,0.0,0.0,500.0,0
38.00_83.00,2013-06-17,38.0,83.0,0.0,0.0,0.0,0.0,0.0,0.0,500.0,0
38.00_83.00,2013-06-24,38.0,83.0,0.0,0.0,0.0,0.0,0.0,0.0,500.0,0
38.00_83.00,2013-07-01,38.0,83.0,0.0,0.0,0.0,0.0,0.0,0.0,500.0,0
38.00_83.00,2013-07-08,38.0,83.0,0.0,0.0,0.0,0.0,0.0,0.0,500.0,0
38.00_83.00,2013-07-15,38.0,83.0,0.0,0.0,0.0,0.0,0.0,0.0,500.0,0
38.00_83.00,2013-07-22,38.0,83.0,0.0,0.0,0.0,0.0,0.0,0.0,500.0,0
38.00_83.00,2013-07-29,38.0,83.0,0.0,0.0,0.0,0.0,0.0,0.0,500.0,0
38.00_83.00,2013-08-05,38.0,83.0,0.0,0.0,0.0,0.0,0.0,0.0,500.0,0
38.00_83.00,2013-08-12,38.0,83.0,0.0,0.0,0.0,0.0,0.0,0.0,500.0,0
38.00_83.00,2013-08-19,38.0,83.0,0.0,0.0,0.0,0.0,0.0,0.0,500.0,0
38.00_83.00,2013-08-26,38.0,83.0,0.0,0.0,0.0,0.0,0.0,0.0,500.0,0
38.00_83.00,2013-09-02,38.0,83.0,0.0,0.0,0.0,0.0,0.0,0.0,500.0,0
38.00_83.00,2013-09-09,38.0,83.0,0.0,0.0,0.0,0.0,0.0,0.0,500.0,0
38.00_83.00,2013-09-16,38.0,83.0,0.0,0.0,0.0,0.0,0.0,0.0,500.0,0
38.00_83.00,2013-09-23,38.0,83.0,0.0,0.0,0.0,0.0,0.0,0.0,500.0,0
38.00_83.00,2013-09-30,38.0,83.0,0.0,0.0,0.0,0.0,0.0,0.0,500.0,0
38.00_83.00,2013-10-07,38.0,83.0,0.0,0.0,0.0,0.0,0.0,0.0,500.0,0
38.00_83.00,2013-10-14,38.0,83.0,0.0,0.0,0.0,0.0,0.0,0.0,500.0,0
38.00_83.00,2013-10-21,38.0,83.0,0.0,0.0,0.0,0.0,0.0,0.0,500.0,0
38.00_83.00,2013-10-28,38.0,83.0,0.0,0.0,0.0,0.0,0.0,0.0,500.0,0
38.00_83.00,2013-11-04,38.0,83.0,0.0,0.0,0.0,0.0,0.0,0.0,500.0,0
38.00_83.00,2013-11-11,38.0,83.0,0.0,0.0,0.0,0.0,0.0,0.0,500.0,0
38.00_83.00,2013-11-18,38.0,83.0,0.0,0.0,0.0,0.0,0.0,0.0,500.0,0
38.00_83.00,2013-11-25,38.0,83.0,0.0,0.0,0.0,0.0,0.0,0.0,500.0,0
38.00_83.00,2013-12-02,38.0,83.0,0.0,0.0,0.0,0.0,0.0,0.0,500.0,0
38.00_83.00,2013-12-09,38.0,83.0,0.0,0.0,0.0,0.0,0.0,0.0,500.0,0
38.00_83.00,2013-12-16,38.0,83.0,0.0,0.0,0.0,0.0,0.0,0.0,500.0,0
38.00_83.00,2013-12-23,38.0,83.0,0.0,0.0,0.0,0.0,0.0,0.0,500.0,0
38.00_83.00,2013-12-30,38.0,83.0,0.0,0.0,0.0,0.0,0.0,0.0,500.0,0
38.00_83.00,2014-01-06,38.0,83.0,0.0,0.0,0.0,0.0,0.0,0.0,500.0,0
38.00_83.00,2014-01-13,38.0,83.0,0.0,0.0,0.0,0.0,0.0,0.0,500.0,0
38.00_83.00,2014-01-20,38.0,83.0,0.0,0.0,0.0,0.0,0.0,0.0,500.0,0
38.00_83.00,2014-01-27,38.0,83.0,0.0,0.0,0.0,0.0,0.0,0.0,500.0,0
38.00_83.00,2014-02-03,38.0,83.0,0.0,0.0,0.0,0.0,0.0,0.0,500.0,0
38.00_83.00,2014-02-10,38.0,83.0,0.0,0.0,0.0,0.0,0.0,0.0,500.0,0
38.00_83.00,2014-02-17,38.0,83.0,0.0,0.0,0.0,0.0,0.0,0.0,500.0,0
38.00_83.00,2014-02-24,38.0,83.0,0.0,0.0,0.0,0.0,0.0,0.0,500.0,0
38.00_83.00,2014-03-03,38.0,83.0,0.0,0.0,0.0,0.0,0.0,0.0,500.0,0
38.00_83.00,2014-03-10,38.0,83.0,0.0,0.0,0.0,0.0,0.0,0.0,500.0,0
38.00_83.00,2014-03-17,38.0,83.0,0.0,0.0,0.0,0.0,0.0,0.0,500.0,0
38.00_83.00,2014-03-24,38.0,83.0,0.0,0.0,0.0,0.0,0.0,0.0,500.0,0
38.00_83.00,2014-03-31,38.0,83.0,0.0,0.0,0.0,0.0,0.0,0.0,500.0,0
38.00_83.00,2014-04-07,38.0,83.0,0.0,0.0,0.0,0.0,0.0,0.0,500.0,0
38.00_83.00,2014-04-14,38.0,83.0,0.0,0.0,0.0,0.0,0.0,0.0,500.0,0
38.00_83.00,2014-04-21,38.0,83.0,0.0,0.0,0.0,0.0,0.0,0.0,500.0,0
38.00_83.00,2014-04-28,38.0,83.0,0.0,0.0,0.0,0.0,0.0,0.0,500.0,0
38.00_83.00,2014-05-05,38.0,83.0,0.0,0.0,0.0,0.0,0.0,0.0,500.0,0
38.00_83.00,2014-05-12,38.0,83.0,0.0,0.0,0.0,0.0,0.0,0.0,500.0,0
38.00_83.00,2014-05-19,38.0,83.0,0.0,0.0,0.0,0.0,0.0,0.0,500.0,0
38.00_83.00,2014-05-26,38.0,83.0,0.0,0.0,0.0,0.0,0.0,0.0,500.0,0
38.00_83.00,2014-06-02,38.0,83.0,0.0,0.0,0.0,0.0,0.0,0.0,500.0,0
38.00_83.00,2014-06-09,38.0,83.0,0.0,0.0,0.0,0.0,0.0,0.0,500.0,0
38.00_83.00,2014-06-16,38.0,83.0,0.0,0.0,0.0,0.0,0.0,0.0,500.0,0
38.00_83.00,2014-06-23,38.0,83.0,0.0,0.0,0.0,0.0,0.0,0.0,500.0,0
38.00_83.00,2014-06-30,38.0,83.0,0.0,0.0,0.0,0.0,0.0,0.0,500.0,0
38.00_83.00,2014-07-07,38.0,83.0,0.0,0.0,0.0,0.0,0.0,0.0,500.0,0
38.00_83.00,2014-07-14,38.0,83.0,0.0,0.0,0.0,0.0,0.0,0.0,500.0,0
38.00_83.00,2014-07-21,38.0,83.0,0.0,0.0,0.0,0.0,0.0,0.0,500.0,0
38.00_83.00,2014-07-28,38.0,83.0,0.0,0.0,0.0,0.0,0.0,0.0,500.0,0
38.00_83.00,2014-08-04,38.0,83.0,0.0,0.0,0.0,0.0,0.0,0.0,500.0,0
38.00_83.00,2014-08-11,38.0,83.0,0.0,0.0,0.0,0.0,0.0,0.0,500.0,0
38.00_83.00,2014-08-18,38.0,83.0,0.0,0.0,0.0,0.0,0.0,0.0,500.0,0
38.00_83.00,2014-08-25,38.0,83.0,0.0,0.0,0.0,0.0,0.0,0.0,500.0,0
38.00_83.00,2014-09-01,38.0,83.0,0.0,0.0,0.0,0.0,0.0,0.0,500.0,0
38.00_83.00,2014-09-08,38.0,83.0,0.0,0.0,0.0,0.0,0.0,0.0,500.0,0
38.00_83.00,2014-09-15,38.0,83.0,0.0,0.0,0.0,0.0,0.0,0.0,500.0,0
38.00_83.00,2014-09-22,38.0,83.0,0.0,0.0,0.0,0.0,0.0,0.0,500.0,0
38.00_83.00,2014-09-29,38.0,83.0,0.0,0.0,0.0,0.0,0.0,0.0,500.0,0
38.00_83.00,2014-10-06,38.0,83.0,0.0,0.0,0.0,0.0,0.0,0.0,500.0,0
38.00_83.00,2014-10-13,38.0,83.0,0.0,0.0,0.0,0.0,0.0,0.0,500.0,0
38.00_83.00,2014-10-20,38.0,83.0,0.0,0.0,0.0,0.0,0.0,0.0,500.0,0
38.00_83.00,2014-10-27,38.0,83.0,0.0,0.0,0.0,0.0,0.0,0.0,500.0,0
38.00_83.00,2014-11-03,38.0,83.0,0.0,0.0,0.0,0.0,0.0,0.0,500.0,0
38.00_83.00,2014-11-10,38.0,83.0,0.0,0.0,0.0,0.0,0.0,0.0,500.0,0
38.00_83.00,2014-11-17,38.0,83.0,0.0,0.0,0.0,0.0,0.0,0.0,500.0,0
38.00_83.00,2014-11-24,38.0,83.0,0.0,0.0,0.0,0.0,0.0,0.0,500.0,0
38.00_83.00,2014-12-01,38.0,83.0,0.0,0.0,0.0,0.0,0.0,0.0,500.0,0
38.00_83.00,2014-12-08,38.0,83.0,0.0,0.0,0.0,0.0,0.0,0.0,500.0,0
38.00_83.00,2014-12-15,38.0,83.0,0.0,0.0,0.0,0.0,0.0,0.0,500.0,0
38.00_83.00,2014-12-22,38.0,83.0,0.0,0.0,0.0,0.0,0.0,0.0,500.0,0
38.00_83.00,2014-12-29,38.0,83.0,0.0,0.0,0.0,0.0,0.0,0.0,500.0,0
38.00_83.00,2015-01-05,38.0,83.0,0.0,0.0,0.0,0.0,0.0,0.0,500.0,0
38.00_83.00,2015-01-12,38.0,83.0,0.0,0.0,0.0,0.0,0.0,0.0,500.0,0
38.00_83.00,2015-01-19,38.0,83.0,0.0,0.0,0.0,0.0,0.0,0.0,500.0,0
38.00_83.00,2015-01-26,38.0,83.0,0.0,0.0,0.0,0.0,0.0,0.0,500.0,0
38.00_83.00,2015-02-02,38.0,83.0,0.0,0.0,0.0,0.0,0.0,0.0,500.0,0
38.00_83.00,2015-02-09,38.0,83.0,0.0,0.0,0.0,0.0,0.0,0.0,500.0,0
38.00_83.00,2015-02-16,38.0,83.0,0.0,0.0,0.0,0.0,0.0,0.0,500.0,0
38.00_83.00,2015-02-23,38.0,83.0,0.0,0.0,0.0,0.0,0.0,0.0,500.0,0
38.00_83.00,2015-03-02,38.0,83.0,0.0,0.0,0.0,0.0,0.0,0.0,500.0,0
38.00_83.00,2015-03-09,38.0,83.0,0.0,0.0,0.0,0.0,0.0,0.0,500.0,0
38.00_83.00,2015-03-16,38.0,83.0,0.0,0.0,0.0,0.0,0.0,0.0,500.0,0
38.00_83.00,2015-03-23,38.0,83.0,0.0,0.0,0.0,0.0,0.0,0.0,500.0,0
38.00_83.00,2015-03-30,38.0,83.0,0.0,0.0,0.0,0.0,0.0,0.0,500.0,0
38.00_83.00,2015-04-06,38.0,83.0,0.0,0.0,0.0,0.0,0.0,0.0,500.0,0
38.00_83.00,2015-04-13,38.0,83.0,0.0,0.0,0.0,0.0,0.0,0.0,500.0,0
38.00_83.00,2015-04-20,38.0,83.0,0.0,0.0,0.0,0.0,0.0,0.0,500.0,0
38.00_83.00,2015-04-27,38.0,83.0,0.0,0.0,0.0,0.0,0.0,0.0,500.0,0
38.00_83.00,2015-05-04,38.0,83.0,0.0,0.0,0.0,0.0,0.0,0.0,500.0,0
38.00_83.00,2015-05-11,38.0,83.0,0.0,0.0,0.0,0.0,0.0,0.0,500.0,0
38.00_83.00,2015-05-18,38.0,83.0,0.0,0.0,0.0,0.0,0.0,0.0,500.0,0
38.00_83.00,2015-05-25,38.0,83.0,0.0,0.0,0.0,0.0,0.0,0.0,500.0,0
38.00_83.00,2015-06-01,38.0,83.0,0.0,0.0,0.0,0.0,0.0,0.0,500.0,0
38.00_83.00,2015-06-08,38.0,83.0,0.0,0.0,0.0,0.0,0.0,0.0,500.0,0
38.00_83.00,2015-06-15,38.0,83.0,0.0,0.0,0.0,0.0,0.0,0.0,500.0,0
38.00_83.00,2015-06-22,38.0,83.0,0.0,0.0,0.0,0.0,0.0,0.0,500.0,0
38.00_83.00,2015-06-29,38.0,83.0,0.0,0.0,0.0,0.0,0.0,0.0,500.0,0
38.00_83.00,2015-07-06,38.0,83.0,0.0,0.0,0.0,0.0,0.0,0.0,500.0,0
38.00_83.00,2015-07-13,38.0,83.0,0.0,0.0,0.0,0.0,0.0,0.0,500.0,0
38.00_83.00,2015-07-20,38.0,83.0,0.0,0.0,0.0,0.0,0.0,0.0,500.0,0
38.00_83.00,2015-07-27,38.0,83.0,0.0,0.0,0.0,0.0,0.0,0.0,500.0,0
38.00_83.00,2015-08-03,38.0,83.0,0.0,0.0,0.0,0.0,0.0,0.0,500.0,0
38.00_83.00,2015-08-10,38.0,83.0,0.0,0.0,0.0,0.0,0.0,0.0,500.0,0
38.00_83.00,2015-08-17,38.0,83.0,0.0,0.0,0.0,0.0,0.0,0.0,500.0,0
38.00_83.00,2015-08-24,38.0,83.0,0.0,0.0,0.0,0.0,0.0,0.0,500.0,0
38.00_83.00,2015-08-31,38.0,83.0,0.0,0.0,0.0,0.0,0.0,0.0,500.0,0
38.00_83.00,2015-09-07,38.0,83.0,0.0,0.0,0.0,0.0,0.0,0.0,500.0,0
38.00_83.00,2015-09-14,38.0,83.0,0.0,0.0,0.0,0.0,0.0,0.0,500.0,0
38.00_83.00,2015-09-21,38.0,83.0,0.0,0.0,0.0,0.0,0.0,0.0,500.0,0
38.00_83.00,2015-09-28,38.0,83.0,0.0,0.0,0.0,0.0,0.0,0.0,500.0,0
38.00_83.00,2015-10-05,38.0,83.0,0.0,0.0,0.0,0.0,0.0,0.0,500.0,0
38.00_83.00,2015-10-12,38.0,83.0,0.0,0.0,0.0,0.0,0.0,0.0,500.0,0
38.00_83.00,2015-10-19,38.0,83.0,0.0,0.0,0.0,0.0,0.0,0.0,500.0,0
38.00_83.00,2015-10-26,38.0,83.0,0.0,0.0,0.0,0.0,0.0,0.0,500.0,0
38.00_83.00,2015-11-02,38.0,83.0,0.0,0.0,0.0,0.0,0.0,0.0,500.0,0
38.00_83.00,2015-11-09,38.0,83.0,0.0,0.0,0.0,0.0,0.0,0.0,500.0,0
38.00_83.00,2015-11-16,38.0,83.0,0.0,0.0,0.0,0.0,0.0,0.0,500.0,0
38.00_83.00,2015-11-23,38.0,83.0,0.0,0.0,0.0,0.0,0.0,0.0,500.0,0
38.00_83.00,2015-11-30,38.0,83.0,0.0,0.0,0.0,0.0,0.0,0.0,500.0,0
38.00_83.00,2015-12-07,38.0,83.0,0.0,0.0,0.0,0.0,0.0,0.0,500.0,0
38.00_83.00,2015-12-14,38.0,83.0,0.0,0.0,0.0,0.0,0.0,0.0,500.0,0
38.00_83.00,2015-12-21,38.0,83.0,0.0,0.0,0.0,0.0,0.0,0.0,500.0,0
38.00_83.00,2015-12-28,38.0,83.0,0.0,0.0,0.0,0.0,0.0,0.0,500.0,0
38.00_83.00,2016-01-04,38.0,83.0,0.0,0.0,0.0,0.0,0.0,0.0,500.0,0
38.00_83.00,2016-01-11,38.0,83.0,0.0,0.0,0.0,0.0,0.0,0.0,500.0,0
38.00_83.00,2016-01-18,38.0,83.0,0.0,0.0,0.0,0.0,0.0,0.0,500.0,0
38.00_83.00,2016-01-25,38.0,83.0,0.0,0.0,0.0,0.0,0.0,0.0,500.0,0
38.00_83.00,2016-02-01,38.0,83.0,0.0,0.0,0.0,0.0,0.0,0.0,500.0,0
38.00_83.00,2016-02-08,38.0,83.0,0.0,0.0,0.0,0.0,0.0,0.0,500.0,0
38.00_83.00,2016-02-15,38.0,83.0,0.0,0.0,0.0,0.0,0.0,0.0,500.0,0
38.00_83.00,2016-02-22,38.0,83.0,0.0,0.0,0.0,0.0,0.0,0.0,500.0,0
38.00_83.00,2016-02-29,38.0,83.0,0.0,0.0,0.0,0.0,0.0,0.0,500.0,0
38.00_83.00,2016-03-07,38.0,83.0,0.0,0.0,0.0,0.0,0.0,0.0,500.0,0
38.00_83.00,2016-03-14,38.0,83.0,0.0,0.0,0.0,0.0,0.0,0.0,500.0,0
38.00_83.00,2016-03-21,38.0,83.0,0.0,0.0,0.0,0.0,0.0,0.0,500.0,0
38.00_83.00,2016-03-28,38.0,83.0,0.0,0.0,0.0,0.0,0.0,0.0,500.0,0
38.00_83.00,2016-04-04,38.0,83.0,0.0,0.0,0.0,0.0,0.0,0.0,500.0,0
38.00_83.00,2016-04-11,38.0,83.0,0.0,0.0,0.0,0.0,0.0,0.0,500.0,0
38.00_83.00,2016-04-18,38.0,83.0,0.0,0.0,0.0,0.0,0.0,0.0,500.0,0
38.00_83.00,2016-04-25,38.0,83.0,0.0,0.0,0.0,0.0,0.0,0.0,500.0,0
38.00_83.00,2016-05-02,38.0,83.0,0.0,0.0,0.0,0.0,0.0,0.0,500.0,0
38.00_83.00,2016-05-09,38.0,83.0,0.0,0.0,0.0,0.0,0.0,0.0,500.0,0
38.00_83.00,2016-05-16,38.0,83.0,0.0,0.0,0.0,0.0,0.0,0.0,500.0,0
38.00_83.00,2016-05-23,38.0,83.0,0.0,0.0,0.0,0.0,0.0,0.0,500.0,0
38.00_83.00,2016-05-30,38.0,83.0,0.0,0.0,0.0,0.0,0.0,0.0,500.0,0
38.00_83.00,2016-06-06,38.0,83.0,0.0,0.0,0.0,0.0,0.0,0.0,500.0,0
38.00_83.00,2016-06-13,38.0,83.0,0.0,0.0,0.0,0.0,0.0,0.0,500.0,0
38.00_83.00,2016-06-20,38.0,83.0,0.0,0.0,0.0,0.0,0.0,0.0,500.0,0
38.00_83.00,2016-06-27,38.0,83.0,0.0,0.0,0.0,0.0,0.0,0.0,500.0,0
38.00_83.00,2016-07-04,38.0,83.0,0.0,0.0,0.0,0.0,0.0,0.0,500.0,0
38.00_83.00,2016-07-11,38.0,83.0,0.0,0.0,0.0,0.0,0.0,0.0,500.0,0
38.00_83.00,2016-07-18,38.0,83.0,0.0,0.0,0.0,0.0,0.0,0.0,500.0,0
38.00_83.00,2016-07-25,38.0,83.0,0.0,0.0,0.0,0.0,0.0,0.0,500.0,0
38.00_83.00,2016-08-01,38.0,83.0,0.0,0.0,0.0,0.0,0.0,0.0,500.0,0
38.00_83.00,2016-08-08,38.0,83.0,0.0,0.0,0.0,0.0,0.0,0.0,500.0,0
38.00_83.00,2016-08-15,38.0,83.0,0.0,0.0,0.0,0.0,0.0,0.0,500.0,0
38.00_83.00,2016-08-22,38.0,83.0,0.0,0.0,0.0,0.0,0.0,0.0,500.0,0
38.00_83.00,2016-08-29,38.0,83.0,0.0,0.0,0.0,0.0,0.0,0.0,500.0,0
38.00_83.00,2016-09-05,38.0,83.0,0.0,0.0,0.0,0.0,0.0,0.0,500.0,0
38.00_83.00,2016-09-12,38.0,83.0,0.0,0.0,0.0,0.0,0.0,0.0,500.0,0
38.00_83.00,2016-09-19,38.0,83.0,0.0,0.0,0.0,0.0,0.0,0.0,500.0,0
38.00_83.00,2016-09-26,38.0,83.0,0.0,0.0,0.0,0.0,0.0,0.0,500.0,0
38.00_83.00,2016-10-03,38.0,83.0,0.0,0.0,0.0,0.0,0.0,0.0,500.0,0
38.00_83.00,2016-10-10,38.0,83.0,0.0,0.0,0.0,0.0,0.0,0.0,500.0,0
38.00_83.00,2016-10-17,38.0,83.0,0.0,0.0,0.0,0.0,0.0,0.0,500.0,0
38.00_83.00,2016-10-24,38.0,83.0,0.0,0.0,0.0,0.0,0.0,0.0,500.0,0
38.00_83.00,2016-10-31,38.0,83.0,0.0,0.0,0.0,0.0,0.0,0.0,500.0,0
38.00_83.00,2016-11-07,38.0,83.0,0.0,0.0,0.0,0.0,0.0,0.0,500.0,0
38.00_83.00,2016-11-14,38.0,83.0,0.0,0.0,0.0,0.0,0.0,0.0,500.0,0
38.00_83.00,2016-11-21,38.0,83.0,0.0,0.0,0.0,0.0,0.0,0.0,500.0,0
38.00_83.00,2016-11-28,38.0,83.0,0.0,0.0,0.0,0.0,0.0,0.0,500.0,0
38.00_83.00,2016-12-05,38.0,83.0,0.0,0.0,0.0,0.0,0.0,0.0,500.0,0
38.00_83.00,2016-12-12,38.0,83.0,0.0,0.0,0.0,0.0,0.0,0.0,500.0,0
38.00_83.00,2016-12-19,38.0,83.0,0.0,0.0,0.0,0.0,0.0,0.0,500.0,0
38.00_83.00,2016-12-26,38.0,83.0,0.0,0.0,0.0,0.0,0.0,0.0,500.0,0
38.00_83.00,2017-01-02,38.0,83.0,0.0,0.0,0.0,0.0,0.0,0.0,500.0,0
38.00_83.00,2017-01-09,38.0,83.0,0.0,0.0,0.0,0.0,0.0,0.0,500.0,0
38.00_83.00,2017-01-16,38.0,83.0,0.0,0.0,0.0,0.0,0.0,0.0,500.0,0
38.00_83.00,2017-01-23,38.0,83.0,0.0,0.0,0.0,0.0,0.0,0.0,500.0,0
38.00_83.00,2017-01-30,38.0,83.0,0.0,0.0,0.0,0.0,0.0,0.0,500.0,0
38.00_83.00,2017-02-06,38.0,83.0,0.0,0.0,0.0,0.0,0.0,0.0,500.0,0
38.00_83.00,2017-02-13,38.0,83.0,0.0,0.0,0.0,0.0,0.0,0.0,500.0,0
38.00_83.00,2017-02-20,38.0,83.0,0.0,0.0,0.0,0.0,0.0,0.0,500.0,0
38.00_83.00,2017-02-27,38.0,83.0,0.0,0.0,0.0,0.0,0.0,0.0,500.0,0
38.00_83.00,2017-03-06,38.0,83.0,0.0,0.0,0.0,0.0,0.0,0.0,500.0,0
38.00_83.00,2017-03-13,38.0,83.0,0.0,0.0,0.0,0.0,0.0,0.0,500.0,0
38.00_83.00,2017-03-20,38.0,83.0,0.0,0.0,0.0,0.0,0.0,0.0,500.0,0
38.00_83.00,2017-03-27,38.0,83.0,0.0,0.0,0.0,0.0,0.0,0.0,500.0,0
38.00_83.00,2017-04-03,38.0,83.0,0.0,0.0,0.0,0.0,0.0,0.0,500.0,0
38.00_83.00,2017-04-10,38.0,83.0,0.0,0.0,0.0,0.0,0.0,0.0,500.0,0
38.00_83.00,2017-04-17,38.0,83.0,0.0,0.0,0.0,0.0,0.0,0.0,500.0,0
38.00_83.00,2017-04-24,38.0,83.0,0.0,0.0,0.0,0.0,0.0,0.0,500.0,0
38.00_83.00,2017-05-01,38.0,83.0,0.0,0.0,0.0,0.0,0.0,0.0,500.0,0
38.00_83.00,2017-05-08,38.0,83.0,0.0,0.0,0.0,0.0,0.0,0.0,500.0,0
38.00_83.00,2017-05-15,38.0,83.0,0.0,0.0,0.0,0.0,0.0,0.0,500.0,0
38.00_83.00,2017-05-22,38.0,83.0,0.0,0.0,0.0,0.0,0.0,0.0,500.0,0
38.00_83.00,2017-05-29,38.0,83.0,0.0,0.0,0.0,0.0,0.0,0.0,500.0,0
38.00_83.00,2017-06-05,38.0,83.0,0.0,0.0,0.0,0.0,0.0,0.0,500.0,0
38.00_83.00,2017-06-12,38.0,83.0,0.0,0.0,0.0,0.0,0.0,0.0,500.0,0
38.00_83.00,2017-06-19,38.0,83.0,0.0,0.0,0.0,0.0,0.0,0.0,500.0,0
38.00_83.00,2017-06-26,38.0,83.0,0.0,0.0,0.0,0.0,0.0,0.0,500.0,0
38.00_83.00,2017-07-03,38.0,83.0,0.0,0.0,0.0,0.0,0.0,0.0,500.0,0
38.00_83.00,2017-07-10,38.0,83.0,0.0,0.0,0.0,0.0,0.0,0.0,500.0,0
38.00_83.00,2017-07-17,38.0,83.0,0.0,0.0,0.0,0.0,0.0,0.0,500.0,0
38.00_83.00,2017-07-24,38.0,83.0,0.0,0.0,0.0,0.0,0.0,0.0,500.0,0
38.00_83.00,2017-07-31,38.0,83.0,0.0,0.0,0.0,0.0,0.0,0.0,500.0,0
38.00_83.00,2017-08-07,38.0,83.0,0.0,0.0,0.0,0.0,0.0,0.0,500.0,0
38.00_83.00,2017-08-14,38.0,83.0,0.0,0.0,0.0,0.0,0.0,0.0,500.0,0
38.00_83.00,2017-08-21,38.0,83.0,0.0,0.0,0.0,0.0,0.0,0.0,500.0,0
38.00_83.00,2017-08-28,38.0,83.0,0.0,0.0,0.0,0.0,0.0,0.0,500.0,0
38.00_83.00,2017-09-04,38.0,83.0,0.0,0.0,0.0,0.0,0.0,0.0,500.0,0
38.00_83.00,2017-09-11,38.0,83.0,0.0,0.0,0.0,0.0,0.0,0.0,500.0,0
38.00_83.00,2017-09-18,38.0,83.0,0.0,0.0,0.0,0.0,0.0,0.0,500.0,0
38.00_83.00,2017-09-25,38.0,83.0,0.0,0.0,0.0,0.0,0.0,0.0,500.0,0
38.00_83.00,2017-10-02,38.0,83.0,0.0,0.0,0.0,0.0,0.0,0.0,500.0,0
38.00_83.00,2017-10-09,38.0,83.0,0.0,0.0,0.0,0.0,0.0,0.0,500.0,0
38.00_83.00,2017-10-16,38.0,83.0,0.0,0.0,0.0,0.0,0.0,0.0,500.0,0
38.00_83.00,2017-10-23,38.0,83.0,0.0,0.0,0.0,0.0,0.0,0.0,500.0,0
38.00_83.00,2017-10-30,38.0,83.0,0.0,0.0,0.0,0.0,0.0,0.0,500.0,0
38.00_83.00,2017-11-06,38.0,83.0,0.0,0.0,0.0,0.0,0.0,0.0,500.0,0
38.00_83.00,2017-11-13,38.0,83.0,0.0,0.0,0.0,0.0,0.0,0.0,500.0,0
38.00_83.00,2017-11-20,38.0,83.0,0.0,0.0,0.0,0.0,0.0,0.0,500.0,0
38.00_83.00,2017-11-27,38.0,83.0,0.0,0.0,0.0,0.0,0.0,0.0,500.0,0
38.00_83.00,2017-12-04,38.0,83.0,0.0,0.0,0.0,0.0,0.0,0.0,500.0,0
38.00_83.00,2017-12-11,38.0,83.0,0.0,0.0,0.0,0.0,0.0,0.0,500.0,0
38.00_83.00,2017-12-18,38.0,83.0,0.0,0.0,0.0,0.0,0.0,0.0,500.0,0
38.00_83.00,2017-12-25,38.0,83.0,0.0,0.0,0.0,0.0,0.0,0.0,500.0,0
38.00_83.00,2018-01-01,38.0,83.0,0.0,0.0,0.0,0.0,0.0,0.0,500.0,0
38.00_83.00,2018-01-08,38.0,83.0,0.0,0.0,0.0,0.0,0.0,0.0,500.0,0
38.00_83.00,2018-01-15,38.0,83.0,0.0,0.0,0.0,0.0,0.0,0.0,500.0,0
38.00_83.00,2018-01-22,38.0,83.0,0.0,0.0,0.0,0.0,0.0,0.0,500.0,0
38.00_83.00,2018-01-29,38.0,83.0,0.0,0.0,0.0,0.0,0.0,0.0,500.0,0
38.00_83.00,2018-02-05,38.0,83.0,0.0,0.0,0.0,0.0,0.0,0.0,500.0,0
38.00_83.00,2018-02-12,38.0,83.0,0.0,0.0,0.0,0.0,0.0,0.0,500.0,0
38.00_83.00,2018-02-19,38.0,83.0,0.0,0.0,0.0,0.0,0.0,0.0,500.0,0
38.00_83.00,2018-02-26,38.0,83.0,0.0,0.0,0.0,0.0,0.0,0.0,500.0,0
38.00_83.00,2018-03-05,38.0,83.0,0.0,0.0,0.0,0.0,0.0,0.0,500.0,0
38.00_83.00,2018-03-12,38.0,83.0,0.0,0.0,0.0,0.0,0.0,0.0,500.0,0
38.00_83.00,2018-03-19,38.0,83.0,0.0,0.0,0.0,0.0,0.0,0.0,500.0,0
38.00_83.00,2018-03-26,38.0,83.0,0.0,0.0,0.0,0.0,0.0,0.0,500.0,0
38.00_83.00,2018-04-02,38.0,83.0,0.0,0.0,0.0,0.0,0.0,0.0,500.0,0
38.00_83.00,2018-04-09,38.0,83.0,0.0,0.0,0.0,0.0,0.0,0.0,500.0,0
38.00_83.00,2018-04-16,38.0,83.0,0.0,0.0,0.0,0.0,0.0,0.0,500.0,0
38.00_83.00,2018-04-23,38.0,83.0,0.0,0.0,0.0,0.0,0.0,0.0,500.0,0
38.00_83.00,2018-04-30,38.0,83.0,0.0,0.0,0.0,0.0,0.0,0.0,500.0,0
38.00_83.00,2018-05-07,38.0,83.0,0.0,0.0,0.0,0.0,0.0,0.0,500.0,0
38.00_83.00,2018-05-14,38.0,83.0,0.0,0.0,0.0,0.0,0.0,0.0,500.0,0
38.00_83.00,2018-05-21,38.0,83.0,0.0,0.0,0.0,0.0,0.0,0.0,500.0,0
38.00_83.00,2018-05-28,38.0,83.0,0.0,0.0,0.0,0.0,0.0,0.0,500.0,0
38.00_83.00,2018-06-04,38.0,83.0,0.0,0.0,0.0,0.0,0.0,0.0,500.0,0
38.00_83.00,2018-06-11,38.0,83.0,0.0,0.0,0.0,0.0,0.0,0.0,500.0,0
38.00_83.00,2018-06-18,38.0,83.0,0.0,0.0,0.0,0.0,0.0,0.0,500.0,0
38.00_83.00,2018-06-25,38.0,83.0,0.0,0.0,0.0,0.0,0.0,0.0,500.0,0
38.00_83.00,2018-07-02,38.0,83.0,0.0,0.0,0.0,0.0,0.0,0.0,500.0,0
38.00_83.00,2018-07-09,38.0,83.0,0.0,0.0,0.0,0.0,0.0,0.0,500.0,0
38.00_83.00,2018-07-16,38.0,83.0,0.0,0.0,0.0,0.0,0.0,0.0,500.0,0
38.00_83.00,2018-07-23,38.0,83.0,0.0,0.0,0.0,0.0,0.0,0.0,500.0,0
38.00_83.00,2018-07-30,38.0,83.0,0.0,0.0,0.0,0.0,0.0,0.0,500.0,0
38.00_83.00,2018-08-06,38.0,83.0,0.0,0.0,0.0,0.0,0.0,0.0,500.0,0
38.00_83.00,2018-08-13,38.0,83.0,0.0,0.0,0.0,0.0,0.0,0.0,500.0,0
38.00_83.00,2018-08-20,38.0,83.0,0.0,0.0,0.0,0.0,0.0,0.0,500.0,0
38.00_83.00,2018-08-27,38.0,83.0,0.0,0.0,0.0,0.0,0.0,0.0,500.0,0
38.00_83.00,2018-09-03,38.0,83.0,0.0,0.0,0.0,0.0,0.0,0.0,500.0,0
38.00_83.00,2018-09-10,38.0,83.0,0.0,0.0,0.0,0.0,0.0,0.0,500.0,0
38.00_83.00,2018-09-17,38.0,83.0,0.0,0.0,0.0,0.0,0.0,0.0,500.0,0
38.00_83.00,2018-09-24,38.0,83.0,0.0,0.0,0.0,0.0,0.0,0.0,500.0,0
38.00_83.00,2018-10-01,38.0,83.0,0.0,0.0,0.0,0.0,0.0,0.0,500.0,0
38.00_83.00,2018-10-08,38.0,83.0,0.0,0.0,0.0,0.0,0.0,0.0,500.0,0
38.00_83.00,2018-10-15,38.0,83.0,0.0,0.0,0.0,0.0,0.0,0.0,500.0,0
38.00_83.00,2018-10-22,38.0,83.0,0.0,0.0,0.0,0.0,0.0,0.0,500.0,0
38.00_83.00,2018-10-29,38.0,83.0,0.0,0.0,0.0,0.0,0.0,0.0,500.0,0
38.00_83.00,2018-11-05,38.0,83.0,0.0,0.0,0.0,0.0,0.0,0.0,500.0,0
38.00_83.00,2018-11-12,38.0,83.0,0.0,0.0,0.0,0.0,0.0,0.0,500.0,0
38.00_83.00,2018-11-19,38.0,83.0,0.0,0.0,0.0,0.0,0.0,0.0,500.0,0
38.00_83.00,2018-11-26,38.0,83.0,0.0,0.0,0.0,0.0,0.0,0.0,500.0,0
38.00_83.00,2018-12-03,38.0,83.0,0.0,0.0,0.0,0.0,0.0,0.0,500.0,0
38.00_83.00,2018-12-10,38.0,83.0,0.0,0.0,0.0,0.0,0.0,0.0,500.0,0
38.00_83.00,2018-12-17,38.0,83.0,0.0,0.0,0.0,0.0,0.0,0.0,500.0,0
38.00_83.00,2018-12-24,38.0,83.0,0.0,0.0,0.0,0.0,0.0,0.0,500.0,0
38.00_83.00,2018-12-31,38.0,83.0,0.0,0.0,0.0,0.0,0.0,0.0,500.0,0
38.00_83.00,2019-01-07,38.0,83.0,0.0,0.0,0.0,0.0,0.0,0.0,500.0,0
38.00_83.00,2019-01-14,38.0,83.0,0.0,0.0,0.0,0.0,0.0,0.0,500.0,0
38.00_83.00,2019-01-21,38.0,83.0,0.0,0.0,0.0,0.0,0.0,0.0,500.0,0
38.00_83.00,2019-01-28,38.0,83.0,0.0,0.0,0.0,0.0,0.0,0.0,500.0,0
38.00_83.00,2019-02-04,38.0,83.0,0.0,0.0,0.0,0.0,0.0,0.0,500.0,0
38.00_83.00,2019-02-11,38.0,83.0,0.0,0.0,0.0,0.0,0.0,0.0,500.0,0
38.00_83.00,2019-02-18,38.0,83.0,0.0,0.0,0.0,0.0,0.0,0.0,500.0,0
38.00_83.00,2019-02-25,38.0,83.0,0.0,0.0,0.0,0.0,0.0,0.0,500.0,0
38.00_83.00,2019-03-04,38.0,83.0,0.0,0.0,0.0,0.0,0.0,0.0,500.0,0
38.00_83.00,2019-03-11,38.0,83.0,0.0,0.0,0.0,0.0,0.0,0.0,500.0,0
38.00_83.00,2019-03-18,38.0,83.0,0.0,0.0,0.0,0.0,0.0,0.0,500.0,0
38.00_83.00,2019-03-25,38.0,83.0,0.0,0.0,0.0,0.0,0.0,0.0,500.0,0
38.00_83.00,2019-04-01,38.0,83.0,0.0,0.0,0.0,0.0,0.0,0.0,500.0,0
38.00_83.00,2019-04-08,38.0,83.0,0.0,0.0,0.0,0.0,0.0,0.0,500.0,0
38.00_83.00,2019-04-15,38.0,83.0,0.0,0.0,0.0,0.0,0.0,0.0,500.0,0
38.00_83.00,2019-04-22,38.0,83.0,0.0,0.0,0.0,0.0,0.0,0.0,500.0,0
38.00_83.00,2019-04-29,38.0,83.0,0.0,0.0,0.0,0.0,0.0,0.0,500.0,0
38.00_83.00,2019-05-06,38.0,83.0,0.0,0.0,0.0,0.0,0.0,0.0,500.0,0
38.00_83.00,2019-05-13,38.0,83.0,0.0,0.0,0.0,0.0,0.0,0.0,500.0,0
38.00_83.00,2019-05-20,38.0,83.0,0.0,0.0,0.0,0.0,0.0,0.0,500.0,0
38.00_83.00,2019-05-27,38.0,83.0,0.0,0.0,0.0,0.0,0.0,0.0,500.0,0
38.00_83.00,2019-06-03,38.0,83.0,0.0,0.0,0.0,0.0,0.0,0.0,500.0,0
38.00_83.00,2019-06-10,38.0,83.0,0.0,0.0,0.0,0.0,0.0,0.0,500.0,0
38.00_83.00,2019-06-17,38.0,83.0,0.0,0.0,0.0,0.0,0.0,0.0,500.0,0
38.00_83.00,2019-06-24,38.0,83.0,0.0,0.0,0.0,0.0,0.0,0.0,500.0,0
38.00_83.00,2019-07-01,38.0,83.0,0.0,0.0,0.0,0.0,0.0,0.0,500.0,0
38.00_83.00,2019-07-08,38.0,83.0,0.0,0.0,0.0,0.0,0.0,0.0,500.0,0
38.00_83.00,2019-07-15,38.0,83.0,0.0,0.0,0.0,0.0,0.0,0.0,500.0,0
38.00_83.00,2019-07-22,38.0,83.0,0.0,0.0,0.0,0.0,0.0,0.0,500.0,0
38.00_83.00,2019-07-29,38.0,83.0,0.0,0.0,0.0,0.0,0.0,0.0,500.0,0
38.00_83.00,2019-08-05,38.0,83.0,0.0,0.0,0.0,0.0,0.0,0.0,500.0,0
38.00_83.00,2019-08-12,38.0,83.0,0.0,0.0,0.0,0.0,0.0,0.0,500.0,0
38.00_83.00,2019-08-19,38.0,83.0,0.0,0.0,0.0,0.0,0.0,0.0,500.0,0
38.00_83.00,2019-08-26,38.0,83.0,0.0,0.0,0.0,0.0,0.0,0.0,500.0,0
38.00_83.00,2019-09-02,38.0,83.0,0.0,0.0,0.0,0.0,0.0,0.0,500.0,0
38.00_83.00,2019-09-09,38.0,83.0,0.0,0.0,0.0,0.0,0.0,0.0,500.0,0
38.00_83.00,2019-09-16,38.0,83.0,0.0,0.0,0.0,0.0,0.0,0.0,500.0,0
38.00_83.00,2019-09-23,38.0,83.0,0.0,0.0,0.0,0.0,0.0,0.0,500.0,0
38.00_83.00,2019-09-30,38.0,83.0,0.0,0.0,0.0,0.0,0.0,0.0,500.0,0
38.00_83.00,2019-10-07,38.0,83.0,0.0,0.0,0.0,0.0,0.0,0.0,500.0,0
38.00_83.00,2019-10-14,38.0,83.0,0.0,0.0,0.0,0.0,0.0,0.0,500.0,0
38.00_83.00,2019-10-21,38.0,83.0,0.0,0.0,0.0,0.0,0.0,0.0,500.0,0
38.00_83.00,2019-10-28,38.0,83.0,0.0,0.0,0.0,0.0,0.0,0.0,500.0,0
38.00_83.00,2019-11-04,38.0,83.0,0.0,0.0,0.0,0.0,0.0,0.0,500.0,0
38.00_83.00,2019-11-11,38.0,83.0,0.0,0.0,0.0,0.0,0.0,0.0,500.0,0
38.00_83.00,2019-11-18,38.0,83.0,0.0,0.0,0.0,0.0,0.0,0.0,500.0,0
38.00_83.00,2019-11-25,38.0,83.0,0.0,0.0,0.0,0.0,0.0,0.0,500.0,0
38.00_83.00,2019-12-02,38.0,83.0,0.0,0.0,0.0,0.0,0.0,0.0,500.0,0
38.00_83.00,2019-12-09,38.0,83.0,0.0,0.0,0.0,0.0,0.0,0.0,500.0,0
38.00_83.00,2019-12-16,38.0,83.0,0.0,0.0,0.0,0.0,0.0,0.0,500.0,0
38.00_83.00,2019-12-23,38.0,83.0,0.0,0.0,0.0,0.0,0.0,0.0,500.0,0
38.00_83.00,2019-12-30,38.0,83.0,0.0,0.0,0.0,0.0,0.0,0.0,500.0,0
38.00_83.00,2020-01-06,38.0,83.0,0.0,0.0,0.0,0.0,0.0,0.0,500.0,0
38.00_83.00,2020-01-13,38.0,83.0,0.0,0.0,0.0,0.0,0.0,0.0,500.0,0
38.00_83.00,2020-01-20,38.0,83.0,0.0,0.0,0.0,0.0,0.0,0.0,500.0,0
38.00_83.00,2020-01-27,38.0,83.0,0.0,0.0,0.0,0.0,0.0,0.0,500.0,0
38.00_83.00,2020-02-03,38.0,83.0,0.0,0.0,0.0,0.0,0.0,0.0,500.0,0
38.00_83.00,2020-02-10,38.0,83.0,0.0,0.0,0.0,0.0,0.0,0.0,500.0,0
38.00_83.00,2020-02-17,38.0,83.0,0.0,0.0,0.0,0.0,0.0,0.0,500.0,0
38.00_83.00,2020-02-24,38.0,83.0,0.0,0.0,0.0,0.0,0.0,0.0,500.0,0
38.00_83.00,2020-03-02,38.0,83.0,0.0,0.0,0.0,0.0,0.0,0.0,500.0,0
38.00_83.00,2020-03-09,38.0,83.0,0.0,0.0,0.0,0.0,0.0,0.0,500.0,0
38.00_83.00,2020-03-16,38.0,83.0,0.0,0.0,0.0,0.0,0.0,0.0,500.0,0
38.00_83.00,2020-03-23,38.0,83.0,0.0,0.0,0.0,0.0,0.0,0.0,500.0,0
38.00_83.00,2020-03-30,38.0,83.0,0.0,0.0,0.0,0.0,0.0,0.0,500.0,0
38.00_83.00,2020-04-06,38.0,83.0,0.0,0.0,0.0,0.0,0.0,0.0,500.0,0
38.00_83.00,2020-04-13,38.0,83.0,0.0,0.0,0.0,0.0,0.0,0.0,500.0,2
38.00_83.00,2020-04-20,38.0,83.0,2.0,4.5,4.5,4.5,2.0,11246826.503806982,0.0,0
38.00_83.00,2020-04-27,38.0,83.0,0.0,0.0,0.0,4.5,2.0,11246826.503806982,1.0,0
38.00_83.00,2020-05-04,38.0,83.0,0.0,0.0,0.0,4.5,2.0,11246826.503806982,2.0,0
38.00_83.00,2020-05-11,38.0,83.0,0.0,0.0,0.0,4.5,2.0,11246826.503806982,3.0,0
38.00_83.00,2020-05-18,38.0,83.0,0.0,0.0,0.0,0.0,2.0,11246826.503806982,4.0,0
38.00_83.00,2020-05-25,38.0,83.0,0.0,0.0,0.0,0.0,2.0,11246826.503806982,5.0,0
38.00_83.00,2020-06-01,38.0,83.0,0.0,0.0,0.0,0.0,2.0,11246826.503806982,6.0,0
38.00_83.00,2020-06-08,38.0,83.0,0.0,0.0,0.0,0.0,2.0,11246826.503806982,7.0,0
38.00_83.00,2020-06-15,38.0,83.0,0.0,0.0,0.0,0.0,2.0,0.0,8.0,0
38.00_83.00,2020-06-22,38.0,83.0,0.0,0.0,0.0,0.0,2.0,0.0,9.0,0
38.00_83.00,2020-06-29,38.0,83.0,0.0,0.0,0.0,0.0,2.0,0.0,10.0,0
38.00_83.00,2020-07-06,38.0,83.0,0.0,0.0,0.0,0.0,2.0,0.0,11.0,0
38.00_83.00,2020-07-13,38.0,83.0,0.0,0.0,0.0,0.0,0.0,0.0,12.0,0
38.00_83.00,2020-07-20,38.0,83.0,0.0,0.0,0.0,0.0,0.0,0.0,13.0,0
38.00_83.00,2020-07-27,38.0,83.0,0.0,0.0,0.0,0.0,0.0,0.0,14.0,0
38.00_83.00,2020-08-03,38.0,83.0,0.0,0.0,0.0,0.0,0.0,0.0,15.0,0
38.00_83.00,2020-08-10,38.0,83.0,0.0,0.0,0.0,0.0,0.0,0.0,16.0,0
38.00_83.00,2020-08-17,38.0,83.0,0.0,0.0,0.0,0.0,0.0,0.0,17.0,0
38.00_83.00,2020-08-24,38.0,83.0,0.0,0.0,0.0,0.0,0.0,0.0,18.0,0
38.00_83.00,2020-08-31,38.0,83.0,0.0,0.0,0.0,0.0,0.0,0.0,19.0,0
38.00_83.00,2020-09-07,38.0,83.0,0.0,0.0,0.0,0.0,0.0,0.0,20.0,0
38.00_83.00,2020-09-14,38.0,83.0,0.0,0.0,0.0,0.0,0.0,0.0,21.0,0
38.00_83.00,2020-09-21,38.0,83.0,0.0,0.0,0.0,0.0,0.0,0.0,22.0,0
38.00_83.00,2020-09-28,38.0,83.0,0.0,0.0,0.0,0.0,0.0,0.0,23.0,0
38.00_83.00,2020-10-05,38.0,83.0,0.0,0.0,0.0,0.0,0.0,0.0,24.0,0
38.00_83.00,2020-10-12,38.0,83.0,0.0,0.0,0.0,0.0,0.0,0.0,25.0,0
38.00_83.00,2020-10-19,38.0,83.0,0.0,0.0,0.0,0.0,0.0,0.0,26.0,0
38.00_83.00,2020-10-26,38.0,83.0,0.0,0.0,0.0,0.0,0.0,0.0,27.0,0
38.00_83.00,2020-11-02,38.0,83.0,0.0,0.0,0.0,0.0,0.0,0.0,28.0,0
38.00_83.00,2020-11-09,38.0,83.0,0.0,0.0,0.0,0.0,0.0,0.0,29.0,0
38.00_83.00,2020-11-16,38.0,83.0,0.0,0.0,0.0,0.0,0.0,0.0,30.0,0
38.00_83.00,2020-11-23,38.0,83.0,0.0,0.0,0.0,0.0,0.0,0.0,31.0,0
38.00_83.00,2020-11-30,38.0,83.0,0.0,0.0,0.0,0.0,0.0,0.0,32.0,0
38.00_83.00,2020-12-07,38.0,83.0,0.0,0.0,0.0,0.0,0.0,0.0,33.0,0
38.00_83.00,2020-12-14,38.0,83.0,0.0,0.0,0.0,0.0,0.0,0.0,34.0,0
38.00_83.00,2020-12-21,38.0,83.0,0.0,0.0,0.0,0.0,0.0,0.0,35.0,0
38.00_83.00,2020-12-28,38.0,83.0,0.0,0.0,0.0,0.0,0.0,0.0,36.0,0
38.00_83.00,2021-01-04,38.0,83.0,0.0,0.0,0.0,0.0,0.0,0.0,37.0,0
38.00_83.00,2021-01-11,38.0,83.0,0.0,0.0,0.0,0.0,0.0,0.0,38.0,0
38.00_83.00,2021-01-18,38.0,83.0,0.0,0.0,0.0,0.0,0.0,0.0,39.0,0
38.00_83.00,2021-01-25,38.0,83.0,0.0,0.0,0.0,0.0,0.0,0.0,40.0,0
38.00_83.00,2021-02-01,38.0,83.0,0.0,0.0,0.0,0.0,0.0,0.0,41.0,0
38.00_83.00,2021-02-08,38.0,83.0,0.0,0.0,0.0,0.0,0.0,0.0,42.0,0
38.00_83.00,2021-02-15,38.0,83.0,0.0,0.0,0.0,0.0,0.0,0.0,43.0,0
38.00_83.00,2021-02-22,38.0,83.0,0.0,0.0,0.0,0.0,0.0,0.0,44.0,0
38.00_83.00,2021-03-01,38.0,83.0,0.0,0.0,0.0,0.0,0.0,0.0,45.0,0
38.00_83.00,2021-03-08,38.0,83.0,0.0,0.0,0.0,0.0,0.0,0.0,46.0,0
38.00_83.00,2021-03-15,38.0,83.0,0.0,0.0,0.0,0.0,0.0,0.0,47.0,0
38.00_83.00,2021-03-22,38.0,83.0,0.0,0.0,0.0,0.0,0.0,0.0,48.0,1
38.00_83.00,2021-03-29,38.0,83.0,1.0,4.6,4.6,4.6,1.0,7943282.347242805,0.0,0
38.00_83.00,2021-04-05,38.0,83.0,0.0,0.0,0.0,4.6,1.0,7943282.347242805,1.0,0
38.00_83.00,2021-04-12,38.0,83.0,0.0,0.0,0.0,4.6,1.0,7943282.347242805,2.0,0
38.00_83.00,2021-04-19,38.0,83.0,0.0,0.0,0.0,4.6,1.0,7943282.347242805,3.0,0
38.00_83.00,2021-04-26,38.0,83.0,0.0,0.0,0.0,0.0,1.0,7943282.347242805,4.0,0
38.00_83.00,2021-05-03,38.0,83.0,0.0,0.0,0.0,0.0,1.0,7943282.347242805,5.0,0
38.00_83.00,2021-05-10,38.0,83.0,0.0,0.0,0.0,0.0,1.0,7943282.347242805,6.0,0
38.00_83.00,2021-05-17,38.0,83.0,0.0,0.0,0.0,0.0,1.0,7943282.347242805,7.0,0
38.00_83.00,2021-05-24,38.0,83.0,0.0,0.0,0.0,0.0,1.0,0.0,8.0,0
38.00_83.00,2021-05-31,38.0,83.0,0.0,0.0,0.0,0.0,1.0,0.0,9.0,0
38.00_83.00,2021-06-07,38.0,83.0,0.0,0.0,0.0,0.0,1.0,0.0,10.0,0
38.00_83.00,2021-06-14,38.0,83.0,0.0,0.0,0.0,0.0,1.0,0.0,11.0,0
38.00_83.00,2021-06-21,38.0,83.0,0.0,0.0,0.0,0.0,0.0,0.0,12.0,0
38.00_83.00,2021-06-28,38.0,83.0,0.0,0.0,0.0,0.0,0.0,0.0,13.0,0
38.00_83.00,2021-07-05,38.0,83.0,0.0,0.0,0.0,0.0,0.0,0.0,14.0,0
38.00_83.00,2021-07-12,38.0,83.0,0.0,0.0,0.0,0.0,0.0,0.0,15.0,0
38.00_83.00,2021-07-19,38.0,83.0,0.0,0.0,0.0,0.0,0.0,0.0,16.0,0
38.00_83.00,2021-07-26,38.0,83.0,0.0,0.0,0.0,0.0,0.0,0.0,17.0,0
38.00_83.00,2021-08-02,38.0,83.0,0.0,0.0,0.0,0.0,0.0,0.0,18.0,1
38.00_83.00,2021-08-09,38.0,83.0,1.0,4.5,4.5,4.5,1.0,5623413.251903491,0.0,0
38.00_83.00,2021-08-16,38.0,83.0,0.0,0.0,0.0,4.5,1.0,5623413.251903491,1.0,0
38.00_83.00,2021-08-23,38.0,83.0,0.0,0.0,0.0,4.5,1.0,5623413.251903491,2.0,0
38.00_83.00,2021-08-30,38.0,83.0,0.0,0.0,0.0,4.5,1.0,5623413.251903491,3.0,0
38.00_83.00,2021-09-06,38.0,83.0,0.0,0.0,0.0,0.0,1.0,5623413.251903491,4.0,0
38.00_83.00,2021-09-13,38.0,83.0,0.0,0.0,0.0,0.0,1.0,5623413.251903491,5.0,0
38.00_83.00,2021-09-20,38.0,83.0,0.0,0.0,0.0,0.0,1.0,5623413.251903491,6.0,0
38.00_83.00,2021-09-27,38.0,83.0,0.0,0.0,0.0,0.0,1.0,5623413.251903491,7.0,0
38.00_83.00,2021-10-04,38.0,83.0,0.0,0.0,0.0,0.0,1.0,0.0,8.0,0
38.00_83.00,2021-10-11,38.0,83.0,0.0,0.0,0.0,0.0,1.0,0.0,9.0,0
38.00_83.00,2021-10-18,38.0,83.0,0.0,0.0,0.0,0.0,1.0,0.0,10.0,0
38.00_83.00,2021-10-25,38.0,83.0,0.0,0.0,0.0,0.0,1.0,0.0,11.0,0
38.00_83.00,2021-11-01,38.0,83.0,0.0,0.0,0.0,0.0,0.0,0.0,12.0,0
38.00_83.00,2021-11-08,38.0,83.0,0.0,0.0,0.0,0.0,0.0,0.0,13.0,0
38.00_83.00,2021-11-15,38.0,83.0,0.0,0.0,0.0,0.0,0.0,0.0,14.0,0
38.00_83.00,2021-11-22,38.0,83.0,0.0,0.0,0.0,0.0,0.0,0.0,15.0,0
38.00_83.00,2021-11-29,38.0,83.0,0.0,0.0,0.0,0.0,0.0,0.0,16.0,0
38.00_83.00,2021-12-06,38.0,83.0,0.0,0.0,0.0,0.0,0.0,0.0,17.0,0
38.00_83.00,2021-12-13,38.0,83.0,0.0,0.0,0.0,0.0,0.0,0.0,18.0,0
38.00_83.00,2021-12-20,38.0,83.0,0.0,0.0,0.0,0.0,0.0,0.0,19.0,0
38.00_83.00,2021-12-27,38.0,83.0,0.0,0.0,0.0,0.0,0.0,0.0,20.0,0
38.00_83.00,2022-01-03,38.0,83.0,0.0,0.0,0.0,0.0,0.0,0.0,21.0,0
38.00_83.00,2022-01-10,38.0,83.0,0.0,0.0,0.0,0.0,0.0,0.0,22.0,0
38.00_83.00,2022-01-17,38.0,83.0,0.0,0.0,0.0,0.0,0.0,0.0,23.0,0
38.00_83.00,2022-01-24,38.0,83.0,0.0,0.0,0.0,0.0,0.0,0.0,24.0,0
38.00_83.00,2022-01-31,38.0,83.0,0.0,0.0,0.0,0.0,0.0,0.0,25.0,0
38.00_83.00,2022-02-07,38.0,83.0,0.0,0.0,0.0,0.0,0.0,0.0,26.0,0
38.00_83.00,2022-02-14,38.0,83.0,0.0,0.0,0.0,0.0,0.0,0.0,27.0,0
38.00_83.00,2022-02-21,38.0,83.0,0.0,0.0,0.0,0.0,0.0,0.0,28.0,0
38.00_83.00,2022-02-28,38.0,83.0,0.0,0.0,0.0,0.0,0.0,0.0,29.0,0
38.00_83.00,2022-03-07,38.0,83.0,0.0,0.0,0.0,0.0,0.0,0.0,30.0,0
38.00_83.00,2022-03-14,38.0,83.0,0.0,0.0,0.0,0.0,0.0,0.0,31.0,0
38.00_83.00,2022-03-21,38.0,83.0,0.0,0.0,0.0,0.0,0.0,0.0,32.0,0
38.00_83.00,2022-03-28,38.0,83.0,0.0,0.0,0.0,0.0,0.0,0.0,33.0,0
38.00_83.00,2022-04-04,38.0,83.0,0.0,0.0,0.0,0.0,0.0,0.0,34.0,0
38.00_83.00,2022-04-11,38.0,83.0,0.0,0.0,0.0,0.0,0.0,0.0,35.0,0
38.00_83.00,2022-04-18,38.0,83.0,0.0,0.0,0.0,0.0,0.0,0.0,36.0,0
38.00_83.00,2022-04-25,38.0,83.0,0.0,0.0,0.0,0.0,0.0,0.0,37.0,0
38.00_83.00,2022-05-02,38.0,83.0,0.0,0.0,0.0,0.0,0.0,0.0,38.0,0
38.00_83.00,2022-05-09,38.0,83.0,0.0,0.0,0.0,0.0,0.0,0.0,39.0,0
38.00_83.00,2022-05-16,38.0,83.0,0.0,0.0,0.0,0.0,0.0,0.0,40.0,0
38.00_83.00,2022-05-23,38.0,83.0,0.0,0.0,0.0,0.0,0.0,0.0,41.0,0
38.00_83.00,2022-05-30,38.0,83.0,0.0,0.0,0.0,0.0,0.0,0.0,42.0,0
38.00_83.00,2022-06-06,38.0,83.0,0.0,0.0,0.0,0.0,0.0,0.0,43.0,0
38.00_83.00,2022-06-13,38.0,83.0,0.0,0.0,0.0,0.0,0.0,0.0,44.0,0
38.00_83.00,2022-06-20,38.0,83.0,0.0,0.0,0.0,0.0,0.0,0.0,45.0,0
38.00_83.00,2022-06-27,38.0,83.0,0.0,0.0,0.0,0.0,0.0,0.0,46.0,0
38.00_83.00,2022-07-04,38.0,83.0,0.0,0.0,0.0,0.0,0.0,0.0,47.0,0
38.00_83.00,2022-07-11,38.0,83.0,0.0,0.0,0.0,0.0,0.0,0.0,48.0,1
38.00_83.00,2022-07-18,38.0,83.0,1.0,4.9,4.9,4.9,1.0,22387211.385683425,0.0,0
38.00_83.00,2022-07-25,38.0,83.0,0.0,0.0,0.0,4.9,1.0,22387211.385683425,1.0,0
38.00_83.00,2022-08-01,38.0,83.0,0.0,0.0,0.0,4.9,1.0,22387211.385683425,2.0,0
38.00_83.00,2022-08-08,38.0,83.0,0.0,0.0,0.0,4.9,1.0,22387211.385683425,3.0,0
38.00_83.00,2022-08-15,38.0,83.0,0.0,0.0,0.0,0.0,1.0,22387211.385683425,4.0,0
38.00_83.00,2022-08-22,38.0,83.0,0.0,0.0,0.0,0.0,1.0,22387211.385683425,5.0,0
38.00_83.00,2022-08-29,38.0,83.0,0.0,0.0,0.0,0.0,1.0,22387211.385683425,6.0,0
38.00_83.00,2022-09-05,38.0,83.0,0.0,0.0,0.0,0.0,1.0,22387211.385683425,7.0,0
38.00_83.00,2022-09-12,38.0,83.0,0.0,0.0,0.0,0.0,1.0,0.0,8.0,0
38.00_83.00,2022-09-19,38.0,83.0,0.0,0.0,0.0,0.0,1.0,0.0,9.0,0
38.00_83.00,2022-09-26,38.0,83.0,0.0,0.0,0.0,0.0,1.0,0.0,10.0,0
38.00_83.00,2022-10-03,38.0,83.0,0.0,0.0,0.0,0.0,1.0,0.0,11.0,0
38.00_83.00,2022-10-10,38.0,83.0,0.0,0.0,0.0,0.0,0.0,0.0,12.0,1
38.00_83.00,2022-10-17,38.0,83.0,1.0,4.9,4.9,4.9,1.0,22387211.385683425,0.0,0
38.00_83.00,2022-10-24,38.0,83.0,0.0,0.0,0.0,4.9,1.0,22387211.385683425,1.0,0
38.00_83.00,2022-10-31,38.0,83.0,0.0,0.0,0.0,4.9,1.0,22387211.385683425,2.0,0
38.00_83.00,2022-11-07,38.0,83.0,0.0,0.0,0.0,4.9,1.0,22387211.385683425,3.0,0
38.00_83.00,2022-11-14,38.0,83.0,0.0,0.0,0.0,0.0,1.0,22387211.385683425,4.0,0
38.00_83.00,2022-11-21,38.0,83.0,0.0,0.0,0.0,0.0,1.0,22387211.385683425,5.0,0
38.00_83.00,2022-11-28,38.0,83.0,0.0,0.0,0.0,0.0,1.0,22387211.385683425,6.0,0
38.00_83.00,2022-12-05,38.0,83.0,0.0,0.0,0.0,0.0,1.0,22387211.385683425,7.0,0
38.00_83.00,2022-12-12,38.0,83.0,0.0,0.0,0.0,0.0,1.0,0.0,8.0,0
38.00_83.00,2022-12-19,38.0,83.0,0.0,0.0,0.0,0.0,1.0,0.0,9.0,0
38.00_83.00,2022-12-26,38.0,83.0,0.0,0.0,0.0,0.0,1.0,0.0,10.0,1
38.00_83.00,2023-01-02,38.0,83.0,1.0,4.5,4.5,4.5,2.0,5623413.251903491,0.0,0
38.00_83.00,2023-01-09,38.0,83.0,0.0,0.0,0.0,4.5,1.0,5623413.251903491,1.0,0
38.00_83.00,2023-01-16,38.0,83.0,0.0,0.0,0.0,4.5,1.0,5623413.251903491,2.0,0
38.00_83.00,2023-01-23,38.0,83.0,0.0,0.0,0.0,4.5,1.0,5623413.251903491,3.0,0
38.00_83.00,2023-01-30,38.0,83.0,0.0,0.0,0.0,0.0,1.0,5623413.251903491,4.0,0
38.00_83.00,2023-02-06,38.0,83.0,0.0,0.0,0.0,0.0,1.0,5623413.251903491,5.0,0
38.00_83.00,2023-02-13,38.0,83.0,0.0,0.0,0.0,0.0,1.0,5623413.251903491,6.0,0
38.00_83.00,2023-02-20,38.0,83.0,0.0,0.0,0.0,0.0,1.0,5623413.251903491,7.0,0
38.00_83.00,2023-02-27,38.0,83.0,0.0,0.0,0.0,0.0,1.0,0.0,8.0,0
38.00_83.00,2023-03-06,38.0,83.0,0.0,0.0,0.0,0.0,1.0,0.0,9.0,0
38.00_83.00,2023-03-13,38.0,83.0,0.0,0.0,0.0,0.0,1.0,0.0,10.0,0
38.00_83.00,2023-03-20,38.0,83.0,0.0,0.0,0.0,0.0,1.0,0.0,11.0,0
38.00_83.00,2023-03-27,38.0,83.0,0.0,0.0,0.0,0.0,0.0,0.0,12.0,0
38.00_83.00,2023-04-03,38.0,83.0,0.0,0.0,0.0,0.0,0.0,0.0,13.0,0
38.00_83.00,2023-04-10,38.0,83.0,0.0,0.0,0.0,0.0,0.0,0.0,14.0,0
38.00_83.00,2023-04-17,38.0,83.0,0.0,0.0,0.0,0.0,0.0,0.0,15.0,0
38.00_83.00,2023-04-24,38.0,83.0,0.0,0.0,0.0,0.0,0.0,0.0,16.0,0
38.00_83.00,2023-05-01,38.0,83.0,0.0,0.0,0.0,0.0,0.0,0.0,17.0,0
38.00_83.00,2023-05-08,38.0,83.0,0.0,0.0,0.0,0.0,0.0,0.0,18.0,0
38.00_83.00,2023-05-15,38.0,83.0,0.0,0.0,0.0,0.0,0.0,0.0,19.0,0
38.00_83.00,2023-05-22,38.0,83.0,0.0,0.0,0.0,0.0,0.0,0.0,20.0,0
38.00_83.00,2023-05-29,38.0,83.0,0.0,0.0,0.0,0.0,0.0,0.0,21.0,0
38.00_83.00,2023-06-05,38.0,83.0,0.0,0.0,0.0,0.0,0.0,0.0,22.0,0
38.00_83.00,2023-06-12,38.0,83.0,0.0,0.0,0.0,0.0,0.0,0.0,23.0,0
38.00_83.00,2023-06-19,38.0,83.0,0.0,0.0,0.0,0.0,0.0,0.0,24.0,0
38.00_83.00,2023-06-26,38.0,83.0,0.0,0.0,0.0,0.0,0.0,0.0,25.0,0
38.00_83.00,2023-07-03,38.0,83.0,0.0,0.0,0.0,0.0,0.0,0.0,26.0,0
38.00_83.00,2023-07-10,38.0,83.0,0.0,0.0,0.0,0.0,0.0,0.0,27.0,1
38.00_83.00,2023-07-17,38.0,83.0,1.0,4.6,4.6,4.6,1.0,7943282.347242805,0.0,0
38.00_83.00,2023-07-24,38.0,83.0,0.0,0.0,0.0,4.6,1.0,7943282.347242805,1.0,0
38.00_83.00,2023-07-31,38.0,83.0,0.0,0.0,0.0,4.6,1.0,7943282.347242805,2.0,0
38.00_83.00,2023-08-07,38.0,83.0,0.0,0.0,0.0,4.6,1.0,7943282.347242805,3.0,0
38.00_83.00,2023-08-14,38.0,83.0,0.0,0.0,0.0,0.0,1.0,7943282.347242805,4.0,0
38.00_83.00,2023-08-21,38.0,83.0,0.0,0.0,0.0,0.0,1.0,7943282.347242805,5.0,0
38.00_83.00,2023-08-28,38.0,83.0,0.0,0.0,0.0,0.0,1.0,7943282.347242805,6.0,0
38.00_83.00,2023-09-04,38.0,83.0,0.0,0.0,0.0,0.0,1.0,7943282.347242805,7.0,1
38.00_83.00,2023-09-11,38.0,83.0,1.0,4.5,4.5,4.5,2.0,5623413.251903491,0.0,0
38.00_83.00,2023-09-18,38.0,83.0,0.0,0.0,0.0,4.5,2.0,5623413.251903491,1.0,0
38.00_83.00,2023-09-25,38.0,83.0,0.0,0.0,0.0,4.5,2.0,5623413.251903491,2.0,0
38.00_83.00,2023-10-02,38.0,83.0,0.0,0.0,0.0,4.5,2.0,5623413.251903491,3.0,0
38.00_83.00,2023-10-09,38.0,83.0,0.0,0.0,0.0,0.0,1.0,5623413.251903491,4.0,0
38.00_83.00,2023-10-16,38.0,83.0,0.0,0.0,0.0,0.0,1.0,5623413.251903491,5.0,0
38.00_83.00,2023-10-23,38.0,83.0,0.0,0.0,0.0,0.0,1.0,5623413.251903491,6.0,0
38.00_83.00,2023-10-30,38.0,83.0,0.0,0.0,0.0,0.0,1.0,5623413.251903491,7.0,0
38.00_83.00,2023-11-06,38.0,83.0,0.0,0.0,0.0,0.0,1.0,0.0,8.0,0
38.00_83.00,2023-11-13,38.0,83.0,0.0,0.0,0.0,0.0,1.0,0.0,9.0,0
38.00_83.00,2023-11-20,38.0,83.0,0.0,0.0,0.0,0.0,1.0,0.0,10.0,0
38.00_83.00,2023-11-27,38.0,83.0,0.0,0.0,0.0,0.0,1.0,0.0,11.0,0
38.00_83.00,2023-12-04,38.0,83.0,0.0,0.0,0.0,0.0,0.0,0.0,12.0,0
38.00_83.00,2023-12-11,38.0,83.0,0.0,0.0,0.0,0.0,0.0,0.0,13.0,0
38.00_83.00,2023-12-18,38.0,83.0,0.0,0.0,0.0,0.0,0.0,0.0,14.0,0
38.00_83.00,2023-12-25,38.0,83.0,0.0,0.0,0.0,0.0,0.0,0.0,15.0,0
41.00_65.00,2010-03-22,41.0,65.0,0.0,0.0,0.0,0.0,0.0,0.0,500.0,0
41.00_65.00,2010-03-29,41.0,65.0,0.0,0.0,0.0,0.0,0.0,0.0,500.0,0
41.00_65.00,2010-04-05,41.0,65.0,0.0,0.0,0.0,0.0,0.0,0.0,500.0,0
41.00_65.00,2010-04-12,41.0,65.0,0.0,0.0,0.0,0.0,0.0,0.0,500.0,0
41.00_65.00,2010-04-19,41.0,65.0,0.0,0.0,0.0,0.0,0.0,0.0,500.0,0
41.00_65.00,2010-04-26,41.0,65.0,0.0,0.0,0.0,0.0,0.0,0.0,500.0,0
41.00_65.00,2010-05-03,41.0,65.0,0.0,0.0,0.0,0.0,0.0,0.0,500.0,0
41.00_65.00,2010-05-10,41.0,65.0,0.0,0.0,0.0,0.0,0.0,0.0,500.0,0
41.00_65.00,2010-05-17,41.0,65.0,0.0,0.0,0.0,0.0,0.0,0.0,500.0,0
41.00_65.00,2010-05-24,41.0,65.0,0.0,0.0,0.0,0.0,0.0,0.0,500.0,0
41.00_65.00,2010-05-31,41.0,65.0,0.0,0.0,0.0,0.0,0.0,0.0,500.0,0
41.00_65.00,2010-06-07,41.0,65.0,0.0,0.0,0.0,0.0,0.0,0.0,500.0,0
41.00_65.00,2010-06-14,41.0,65.0,0.0,0.0,0.0,0.0,0.0,0.0,500.0,0
41.00_65.00,2010-06-21,41.0,65.0,0.0,0.0,0.0,0.0,0.0,0.0,500.0,0
41.00_65.00,2010-06-28,41.0,65.0,0.0,0.0,0.0,0.0,0.0,0.0,500.0,0
41.00_65.00,2010-07-05,41.0,65.0,0.0,0.0,0.0,0.0,0.0,0.0,500.0,0
41.00_65.00,2010-07-12,41.0,65.0,0.0,0.0,0.0,0.0,0.0,0.0,500.0,0
41.00_65.00,2010-07-19,41.0,65.0,0.0,0.0,0.0,0.0,0.0,0.0,500.0,0
41.00_65.00,2010-07-26,41.0,65.0,0.0,0.0,0.0,0.0,0.0,0.0,500.0,0
41.00_65.00,2010-08-02,41.0,65.0,0.0,0.0,0.0,0.0,0.0,0.0,500.0,0
41.00_65.00,2010-08-09,41.0,65.0,0.0,0.0,0.0,0.0,0.0,0.0,500.0,0
41.00_65.00,2010-08-16,41.0,65.0,0.0,0.0,0.0,0.0,0.0,0.0,500.0,0
41.00_65.00,2010-08-23,41.0,65.0,0.0,0.0,0.0,0.0,0.0,0.0,500.0,0
41.00_65.00,2010-08-30,41.0,65.0,0.0,0.0,0.0,0.0,0.0,0.0,500.0,0
41.00_65.00,2010-09-06,41.0,65.0,0.0,0.0,0.0,0.0,0.0,0.0,500.0,0
41.00_65.00,2010-09-13,41.0,65.0,0.0,0.0,0.0,0.0,0.0,0.0,500.0,0
41.00_65.00,2010-09-20,41.0,65.0,0.0,0.0,0.0,0.0,0.0,0.0,500.0,0
41.00_65.00,2010-09-27,41.0,65.0,0.0,0.0,0.0,0.0,0.0,0.0,500.0,0
41.00_65.00,2010-10-04,41.0,65.0,0.0,0.0,0.0,0.0,0.0,0.0,500.0,0
41.00_65.00,2010-10-11,41.0,65.0,0.0,0.0,0.0,0.0,0.0,0.0,500.0,0
41.00_65.00,2010-10-18,41.0,65.0,0.0,0.0,0.0,0.0,0.0,0.0,500.0,0
41.00_65.00,2010-10-25,41.0,65.0,0.0,0.0,0.0,0.0,0.0,0.0,500.0,0
41.00_65.00,2010-11-01,41.0,65.0,0.0,0.0,0.0,0.0,0.0,0.0,500.0,0
41.00_65.00,2010-11-08,41.0,65.0,0.0,0.0,0.0,0.0,0.0,0.0,500.0,0
41.00_65.00,2010-11-15,41.0,65.0,0.0,0.0,0.0,0.0,0.0,0.0,500.0,0
41.00_65.00,2010-11-22,41.0,65.0,0.0,0.0,0.0,0.0,0.0,0.0,500.0,0
41.00_65.00,2010-11-29,41.0,65.0,0.0,0.0,0.0,0.0,0.0,0.0,500.0,0
41.00_65.00,2010-12-06,41.0,65.0,0.0,0.0,0.0,0.0,0.0,0.0,500.0,0
41.00_65.00,2010-12-13,41.0,65.0,0.0,0.0,0.0,0.0,0.0,0.0,500.0,0
41.00_65.00,2010-12-20,41.0,65.0,0.0,0.0,0.0,0.0,0.0,0.0,500.0,0
41.00_65.00,2010-12-27,41.0,65.0,0.0,0.0,0.0,0.0,0.0,0.0,500.0,0
41.00_65.00,2011-01-03,41.0,65.0,0.0,0.0,0.0,0.0,0.0,0.0,500.0,0
41.00_65.00,2011-01-10,41.0,65.0,0.0,0.0,0.0,0.0,0.0,0.0,500.0,0
41.00_65.00,2011-01-17,41.0,65.0,0.0,0.0,0.0,0.0,0.0,0.0,500.0,0
41.00_65.00,2011-01-24,41.0,65.0,0.0,0.0,0.0,0.0,0.0,0.0,500.0,0
41.00_65.00,2011-01-31,41.0,65.0,0.0,0.0,0.0,0.0,0.0,0.0,500.0,0
41.00_65.00,2011-02-07,41.0,65.0,0.0,0.0,0.0,0.0,0.0,0.0,500.0,0
41.00_65.00,2011-02-14,41.0,65.0,0.0,0.0,0.0,0.0,0.0,0.0,500.0,0
41.00_65.00,2011-02-21,41.0,65.0,0.0,0.0,0.0,0.0,0.0,0.0,500.0,0
41.00_65.00,2011-02-28,41.0,65.0,0.0,0.0,0.0,0.0,0.0,0.0,500.0,0
41.00_65.00,2011-03-07,41.0,65.0,0.0,0.0,0.0,0.0,0.0,0.0,500.0,0
41.00_65.00,2011-03-14,41.0,65.0,0.0,0.0,0.0,0.0,0.0,0.0,500.0,0
41.00_65.00,2011-03-21,41.0,65.0,0.0,0.0,0.0,0.0,0.0,0.0,500.0,0
41.00_65.00,2011-03-28,41.0,65.0,0.0,0.0,0.0,0.0,0.0,0.0,500.0,0
41.00_65.00,2011-04-04,41.0,65.0,0.0,0.0,0.0,0.0,0.0,0.0,500.0,0
41.00_65.00,2011-04-11,41.0,65.0,0.0,0.0,0.0,0.0,0.0,0.0,500.0,0
41.00_65.00,2011-04-18,41.0,65.0,0.0,0.0,0.0,0.0,0.0,0.0,500.0,0
41.00_65.00,2011-04-25,41.0,65.0,0.0,0.0,0.0,0.0,0.0,0.0,500.0,0
41.00_65.00,2011-05-02,41.0,65.0,0.0,0.0,0.0,0.0,0.0,0.0,500.0,0
41.00_65.00,2011-05-09,41.0,65.0,0.0,0.0,0.0,0.0,0.0,0.0,500.0,0
41.00_65.00,2011-05-16,41.0,65.0,0.0,0.0,0.0,0.0,0.0,0.0,500.0,0
41.00_65.00,2011-05-23,41.0,65.0,0.0,0.0,0.0,0.0,0.0,0.0,500.0,0
41.00_65.00,2011-05-30,41.0,65.0,0.0,0.0,0.0,0.0,0.0,0.0,500.0,0
41.00_65.00,2011-06-06,41.0,65.0,0.0,0.0,0.0,0.0,0.0,0.0,500.0,0
41.00_65.00,2011-06-13,41.0,65.0,0.0,0.0,0.0,0.0,0.0,0.0,500.0,1
41.00_65.00,2011-06-20,41.0,65.0,1.0,4.7,4.7,4.7,1.0,11220184.543019652,0.0,0
41.00_65.00,2011-06-27,41.0,65.0,0.0,0.0,0.0,4.7,1.0,11220184.543019652,1.0,0
41.00_65.00,2011-07-04,41.0,65.0,0.0,0.0,0.0,4.7,1.0,11220184.543019652,2.0,0
41.00_65.00,2011-07-11,41.0,65.0,0.0,0.0,0.0,4.7,1.0,11220184.543019652,3.0,0
41.00_65.00,2011-07-18,41.0,65.0,0.0,0.0,0.0,0.0,1.0,11220184.543019652,4.0,0
41.00_65.00,2011-07-25,41.0,65.0,0.0,0.0,0.0,0.0,1.0,11220184.543019652,5.0,0
41.00_65.00,2011-08-01,41.0,65.0,0.0,0.0,0.0,0.0,1.0,11220184.543019652,6.0,0
41.00_65.00,2011-08-08,41.0,65.0,0.0,0.0,0.0,0.0,1.0,11220184.543019652,7.0,0
41.00_65.00,2011-08-15,41.0,65.0,0.0,0.0,0.0,0.0,1.0,0.0,8.0,0
41.00_65.00,2011-08-22,41.0,65.0,0.0,0.0,0.0,0.0,1.0,0.0,9.0,0
41.00_65.00,2011-08-29,41.0,65.0,0.0,0.0,0.0,0.0,1.0,0.0,10.0,0
41.00_65.00,2011-09-05,41.0,65.0,0.0,0.0,0.0,0.0,1.0,0.0,11.0,0
41.00_65.00,2011-09-12,41.0,65.0,0.0,0.0,0.0,0.0,0.0,0.0,12.0,0
41.00_65.00,2011-09-19,41.0,65.0,0.0,0.0,0.0,0.0,0.0,0.0,13.0,0
41.00_65.00,2011-09-26,41.0,65.0,0.0,0.0,0.0,0.0,0.0,0.0,14.0,0
41.00_65.00,2011-10-03,41.0,65.0,0.0,0.0,0.0,0.0,0.0,0.0,15.0,0
41.00_65.00,2011-10-10,41.0,65.0,0.0,0.0,0.0,0.0,0.0,0.0,16.0,0
41.00_65.00,2011-10-17,41.0,65.0,0.0,0.0,0.0,0.0,0.0,0.0,17.0,0
41.00_65.00,2011-10-24,41.0,65.0,0.0,0.0,0.0,0.0,0.0,0.0,18.0,0
41.00_65.00,2011-10-31,41.0,65.0,0.0,0.0,0.0,0.0,0.0,0.0,19.0,0
41.00_65.00,2011-11-07,41.0,65.0,0.0,0.0,0.0,0.0,0.0,0.0,20.0,0
41.00_65.00,2011-11-14,41.0,65.0,0.0,0.0,0.0,0.0,0.0,0.0,21.0,0
41.00_65.00,2011-11-21,41.0,65.0,0.0,0.0,0.0,0.0,0.0,0.0,22.0,0
41.00_65.00,2011-11-28,41.0,65.0,0.0,0.0,0.0,0.0,0.0,0.0,23.0,0
41.00_65.00,2011-12-05,41.0,65.0,0.0,0.0,0.0,0.0,0.0,0.0,24.0,0
41.00_65.00,2011-12-12,41.0,65.0,0.0,0.0,0.0,0.0,0.0,0.0,25.0,0
41.00_65.00,2011-12-19,41.0,65.0,0.0,0.0,0.0,0.0,0.0,0.0,26.0,0
41.00_65.00,2011-12-26,41.0,65.0,0.0,0.0,0.0,0.0,0.0,0.0,27.0,0
41.00_65.00,2012-01-02,41.0,65.0,0.0,0.0,0.0,0.0,0.0,0.0,28.0,0
41.00_65.00,2012-01-09,41.0,65.0,0.0,0.0,0.0,0.0,0.0,0.0,29.0,0
41.00_65.00,2012-01-16,41.0,65.0,0.0,0.0,0.0,0.0,0.0,0.0,30.0,0
41.00_65.00,2012-01-23,41.0,65.0,0.0,0.0,0.0,0.0,0.0,0.0,31.0,0
41.00_65.00,2012-01-30,41.0,65.0,0.0,0.0,0.0,0.0,0.0,0.0,32.0,0
41.00_65.00,2012-02-06,41.0,65.0,0.0,0.0,0.0,0.0,0.0,0.0,33.0,0
41.00_65.00,2012-02-13,41.0,65.0,0.0,0.0,0.0,0.0,0.0,0.0,34.0,0
41.00_65.00,2012-02-20,41.0,65.0,0.0,0.0,0.0,0.0,0.0,0.0,35.0,0
41.00_65.00,2012-02-27,41.0,65.0,0.0,0.0,0.0,0.0,0.0,0.0,36.0,0
41.00_65.00,2012-03-05,41.0,65.0,0.0,0.0,0.0,0.0,0.0,0.0,37.0,0
41.00_65.00,2012-03-12,41.0,65.0,0.0,0.0,0.0,0.0,0.0,0.0,38.0,0
41.00_65.00,2012-03-19,41.0,65.0,0.0,0.0,0.0,0.0,0.0,0.0,39.0,0
41.00_65.00,2012-03-26,41.0,65.0,0.0,0.0,0.0,0.0,0.0,0.0,40.0,0
41.00_65.00,2012-04-02,41.0,65.0,0.0,0.0,0.0,0.0,0.0,0.0,41.0,0
41.00_65.00,2012-04-09,41.0,65.0,0.0,0.0,0.0,0.0,0.0,0.0,42.0,0
41.00_65.00,2012-04-16,41.0,65.0,0.0,0.0,0.0,0.0,0.0,0.0,43.0,0
41.00_65.00,2012-04-23,41.0,65.0,0.0,0.0,0.0,0.0,0.0,0.0,44.0,0
41.00_65.00,2012-04-30,41.0,65.0,0.0,0.0,0.0,0.0,0.0,0.0,45.0,0
41.00_65.00,2012-05-07,41.0,65.0,0.0,0.0,0.0,0.0,0.0,0.0,46.0,0
41.00_65.00,2012-05-14,41.0,65.0,0.0,0.0,0.0,0.0,0.0,0.0,47.0,0
41.00_65.00,2012-05-21,41.0,65.0,0.0,0.0,0.0,0.0,0.0,0.0,48.0,0
41.00_65.00,2012-05-28,41.0,65.0,0.0,0.0,0.0,0.0,0.0,0.0,49.0,0
41.00_65.00,2012-06-04,41.0,65.0,0.0,0.0,0.0,0.0,0.0,0.0,50.0,0
41.00_65.00,2012-06-11,41.0,65.0,0.0,0.0,0.0,0.0,0.0,0.0,51.0,0
41.00_65.00,2012-06-18,41.0,65.0,0.0,0.0,0.0,0.0,0.0,0.0,52.0,0
41.00_65.00,2012-06-25,41.0,65.0,0.0,0.0,0.0,0.0,0.0,0.0,53.0,0
41.00_65.00,2012-07-02,41.0,65.0,0.0,0.0,0.0,0.0,0.0,0.0,54.0,0
41.00_65.00,2012-07-09,41.0,65.0,0.0,0.0,0.0,0.0,0.0,0.0,55.0,0
41.00_65.00,2012-07-16,41.0,65.0,0.0,0.0,0.0,0.0,0.0,0.0,56.0,0
41.00_65.00,2012-07-23,41.0,65.0,0.0,0.0,0.0,0.0,0.0,0.0,57.0,0
41.00_65.00,2012-07-30,41.0,65.0,0.0,0.0,0.0,0.0,0.0,0.0,58.0,0
41.00_65.00,2012-08-06,41.0,65.0,0.0,0.0,0.0,0.0,0.0,0.0,59.0,0
41.00_65.00,2012-08-13,41.0,65.0,0.0,0.0,0.0,0.0,0.0,0.0,60.0,0
41.00_65.00,2012-08-20,41.0,65.0,0.0,0.0,0.0,0.0,0.0,0.0,61.0,0
41.00_65.00,2012-08-27,41.0,65.0,0.0,0.0,0.0,0.0,0.0,0.0,62.0,0
41.00_65.00,2012-09-03,41.0,65.0,0.0,0.0,0.0,0.0,0.0,0.0,63.0,0
41.00_65.00,2012-09-10,41.0,65.0,0.0,0.0,0.0,0.0,0.0,0.0,64.0,0
41.00_65.00,2012-09-17,41.0,65.0,0.0,0.0,0.0,0.0,0.0,0.0,65.0,0
41.00_65.00,2012-09-24,41.0,65.0,0.0,0.0,0.0,0.0,0.0,0.0,66.0,0
41.00_65.00,2012-10-01,41.0,65.0,0.0,0.0,0.0,0.0,0.0,0.0,67.0,0
41.00_65.00,2012-10-08,41.0,65.0,0.0,0.0,0.0,0.0,0.0,0.0,68.0,0
41.00_65.00,2012-10-15,41.0,65.0,0.0,0.0,0.0,0.0,0.0,0.0,69.0,0
41.00_65.00,2012-10-22,41.0,65.0,0.0,0.0,0.0,0.0,0.0,0.0,70.0,0
41.00_65.00,2012-10-29,41.0,65.0,0.0,0.0,0.0,0.0,0.0,0.0,71.0,0
41.00_65.00,2012-11-05,41.0,65.0,0.0,0.0,0.0,0.0,0.0,0.0,72.0,0
41.00_65.00,2012-11-12,41.0,65.0,0.0,0.0,0.0,0.0,0.0,0.0,73.0,0
41.00_65.00,2012-11-19,41.0,65.0,0.0,0.0,0.0,0.0,0.0,0.0,74.0,0
41.00_65.00,2012-11-26,41.0,65.0,0.0,0.0,0.0,0.0,0.0,0.0,75.0,0
41.00_65.00,2012-12-03,41.0,65.0,0.0,0.0,0.0,0.0,0.0,0.0,76.0,0
41.00_65.00,2012-12-10,41.0,65.0,0.0,0.0,0.0,0.0,0.0,0.0,77.0,0
41.00_65.00,2012-12-17,41.0,65.0,0.0,0.0,0.0,0.0,0.0,0.0,78.0,0
41.00_65.00,2012-12-24,41.0,65.0,0.0,0.0,0.0,0.0,0.0,0.0,79.0,0
41.00_65.00,2012-12-31,41.0,65.0,0.0,0.0,0.0,0.0,0.0,0.0,80.0,0
41.00_65.00,2013-01-07,41.0,65.0,0.0,0.0,0.0,0.0,0.0,0.0,81.0,0
41.00_65.00,2013-01-14,41.0,65.0,0.0,0.0,0.0,0.0,0.0,0.0,82.0,0
41.00_65.00,2013-01-21,41.0,65.0,0.0,0.0,0.0,0.0,0.0,0.0,83.0,0
41.00_65.00,2013-01-28,41.0,65.0,0.0,0.0,0.0,0.0,0.0,0.0,84.0,0
41.00_65.00,2013-02-04,41.0,65.0,0.0,0.0,0.0,0.0,0.0,0.0,85.0,0
41.00_65.00,2013-02-11,41.0,65.0,0.0,0.0,0.0,0.0,0.0,0.0,86.0,0
41.00_65.00,2013-02-18,41.0,65.0,0.0,0.0,0.0,0.0,0.0,0.0,87.0,0
41.00_65.00,2013-02-25,41.0,65.0,0.0,0.0,0.0,0.0,0.0,0.0,88.0,0
41.00_65.00,2013-03-04,41.0,65.0,0.0,0.0,0.0,0.0,0.0,0.0,89.0,0
41.00_65.00,2013-03-11,41.0,65.0,0.0,0.0,0.0,0.0,0.0,0.0,90.0,0
41.00_65.00,2013-03-18,41.0,65.0,0.0,0.0,0.0,0.0,0.0,0.0,91.0,0
41.00_65.00,2013-03-25,41.0,65.0,0.0,0.0,0.0,0.0,0.0,0.0,92.0,0
41.00_65.00,2013-04-01,41.0,65.0,0.0,0.0,0.0,0.0,0.0,0.0,93.0,0
41.00_65.00,2013-04-08,41.0,65.0,0.0,0.0,0.0,0.0,0.0,0.0,94.0,0
41.00_65.00,2013-04-15,41.0,65.0,0.0,0.0,0.0,0.0,0.0,0.0,95.0,0
41.00_65.00,2013-04-22,41.0,65.0,0.0,0.0,0.0,0.0,0.0,0.0,96.0,0
41.00_65.00,2013-04-29,41.0,65.0,0.0,0.0,0.0,0.0,0.0,0.0,97.0,0
41.00_65.00,2013-05-06,41.0,65.0,0.0,0.0,0.0,0.0,0.0,0.0,98.0,0
41.00_65.00,2013-05-13,41.0,65.0,0.0,0.0,0.0,0.0,0.0,0.0,99.0,0
41.00_65.00,2013-05-20,41.0,65.0,0.0,0.0,0.0,0.0,0.0,0.0,100.0,0
41.00_65.00,2013-05-27,41.0,65.0,0.0,0.0,0.0,0.0,0.0,0.0,101.0,0
41.00_65.00,2013-06-03,41.0,65.0,0.0,0.0,0.0,0.0,0.0,0.0,102.0,0
41.00_65.00,2013-06-10,41.0,65.0,0.0,0.0,0.0,0.0,0.0,0.0,103.0,0
41.00_65.00,2013-06-17,41.0,65.0,0.0,0.0,0.0,0.0,0.0,0.0,104.0,0
41.00_65.00,2013-06-24,41.0,65.0,0.0,0.0,0.0,0.0,0.0,0.0,105.0,0
41.00_65.00,2013-07-01,41.0,65.0,0.0,0.0,0.0,0.0,0.0,0.0,106.0,0
41.00_65.00,2013-07-08,41.0,65.0,0.0,0.0,0.0,0.0,0.0,0.0,107.0,0
41.00_65.00,2013-07-15,41.0,65.0,0.0,0.0,0.0,0.0,0.0,0.0,108.0,0
41.00_65.00,2013-07-22,41.0,65.0,0.0,0.0,0.0,0.0,0.0,0.0,109.0,0
41.00_65.00,2013-07-29,41.0,65.0,0.0,0.0,0.0,0.0,0.0,0.0,110.0,0
41.00_65.00,2013-08-05,41.0,65.0,0.0,0.0,0.0,0.0,0.0,0.0,111.0,0
41.00_65.00,2013-08-12,41.0,65.0,0.0,0.0,0.0,0.0,0.0,0.0,112.0,0
41.00_65.00,2013-08-19,41.0,65.0,0.0,0.0,0.0,0.0,0.0,0.0,113.0,0
41.00_65.00,2013-08-26,41.0,65.0,0.0,0.0,0.0,0.0,0.0,0.0,114.0,0
41.00_65.00,2013-09-02,41.0,65.0,0.0,0.0,0.0,0.0,0.0,0.0,115.0,0
41.00_65.00,2013-09-09,41.0,65.0,0.0,0.0,0.0,0.0,0.0,0.0,116.0,0
41.00_65.00,2013-09-16,41.0,65.0,0.0,0.0,0.0,0.0,0.0,0.0,117.0,0
41.00_65.00,2013-09-23,41.0,65.0,0.0,0.0,0.0,0.0,0.0,0.0,118.0,0
41.00_65.00,2013-09-30,41.0,65.0,0.0,0.0,0.0,0.0,0.0,0.0,119.0,0
41.00_65.00,2013-10-07,41.0,65.0,0.0,0.0,0.0,0.0,0.0,0.0,120.0,0
41.00_65.00,2013-10-14,41.0,65.0,0.0,0.0,0.0,0.0,0.0,0.0,121.0,0
41.00_65.00,2013-10-21,41.0,65.0,0.0,0.0,0.0,0.0,0.0,0.0,122.0,0
41.00_65.00,2013-10-28,41.0,65.0,0.0,0.0,0.0,0.0,0.0,0.0,123.0,0
41.00_65.00,2013-11-04,41.0,65.0,0.0,0.0,0.0,0.0,0.0,0.0,124.0,0
41.00_65.00,2013-11-11,41.0,65.0,0.0,0.0,0.0,0.0,0.0,0.0,125.0,0
41.00_65.00,2013-11-18,41.0,65.0,0.0,0.0,0.0,0.0,0.0,0.0,126.0,0
41.00_65.00,2013-11-25,41.0,65.0,0.0,0.0,0.0,0.0,0.0,0.0,127.0,0
41.00_65.00,2013-12-02,41.0,65.0,0.0,0.0,0.0,0.0,0.0,0.0,128.0,0
41.00_65.00,2013-12-09,41.0,65.0,0.0,0.0,0.0,0.0,0.0,0.0,129.0,0
41.00_65.00,2013-12-16,41.0,65.0,0.0,0.0,0.0,0.0,0.0,0.0,130.0,0
41.00_65.00,2013-12-23,41.0,65.0,0.0,0.0,0.0,0.0,0.0,0.0,131.0,0
41.00_65.00,2013-12-30,41.0,65.0,0.0,0.0,0.0,0.0,0.0,0.0,132.0,0
41.00_65.00,2014-01-06,41.0,65.0,0.0,0.0,0.0,0.0,0.0,0.0,133.0,0
41.00_65.00,2014-01-13,41.0,65.0,0.0,0.0,0.0,0.0,0.0,0.0,134.0,0
41.00_65.00,2014-01-20,41.0,65.0,0.0,0.0,0.0,0.0,0.0,0.0,135.0,0
41.00_65.00,2014-01-27,41.0,65.0,0.0,0.0,0.0,0.0,0.0,0.0,136.0,0
41.00_65.00,2014-02-03,41.0,65.0,0.0,0.0,0.0,0.0,0.0,0.0,137.0,0
41.00_65.00,2014-02-10,41.0,65.0,0.0,0.0,0.0,0.0,0.0,0.0,138.0,0
41.00_65.00,2014-02-17,41.0,65.0,0.0,0.0,0.0,0.0,0.0,0.0,139.0,0
41.00_65.00,2014-02-24,41.0,65.0,0.0,0.0,0.0,0.0,0.0,0.0,140.0,0
41.00_65.00,2014-03-03,41.0,65.0,0.0,0.0,0.0,0.0,0.0,0.0,141.0,0
41.00_65.00,2014-03-10,41.0,65.0,0.0,0.0,0.0,0.0,0.0,0.0,142.0,0
41.00_65.00,2014-03-17,41.0,65.0,0.0,0.0,0.0,0.0,0.0,0.0,143.0,0
41.00_65.00,2014-03-24,41.0,65.0,0.0,0.0,0.0,0.0,0.0,0.0,144.0,0
41.00_65.00,2014-03-31,41.0,65.0,0.0,0.0,0.0,0.0,0.0,0.0,145.0,0
41.00_65.00,2014-04-07,41.0,65.0,0.0,0.0,0.0,0.0,0.0,0.0,146.0,0
41.00_65.00,2014-04-14,41.0,65.0,0.0,0.0,0.0,0.0,0.0,0.0,147.0,0
41.00_65.00,2014-04-21,41.0,65.0,0.0,0.0,0.0,0.0,0.0,0.0,148.0,0
41.00_65.00,2014-04-28,41.0,65.0,0.0,0.0,0.0,0.0,0.0,0.0,149.0,0
41.00_65.00,2014-05-05,41.0,65.0,0.0,0.0,0.0,0.0,0.0,0.0,150.0,0
41.00_65.00,2014-05-12,41.0,65.0,0.0,0.0,0.0,0.0,0.0,0.0,151.0,0
41.00_65.00,2014-05-19,41.0,65.0,0.0,0.0,0.0,0.0,0.0,0.0,152.0,0
41.00_65.00,2014-05-26,41.0,65.0,0.0,0.0,0.0,0.0,0.0,0.0,153.0,0
41.00_65.00,2014-06-02,41.0,65.0,0.0,0.0,0.0,0.0,0.0,0.0,154.0,0
41.00_65.00,2014-06-09,41.0,65.0,0.0,0.0,0.0,0.0,0.0,0.0,155.0,0
41.00_65.00,2014-06-16,41.0,65.0,0.0,0.0,0.0,0.0,0.0,0.0,156.0,0
41.00_65.00,2014-06-23,41.0,65.0,0.0,0.0,0.0,0.0,0.0,0.0,157.0,0
41.00_65.00,2014-06-30,41.0,65.0,0.0,0.0,0.0,0.0,0.0,0.0,158.0,0
41.00_65.00,2014-07-07,41.0,65.0,0.0,0.0,0.0,0.0,0.0,0.0,159.0,0
41.00_65.00,2014-07-14,41.0,65.0,0.0,0.0,0.0,0.0,0.0,0.0,160.0,0
41.00_65.00,2014-07-21,41.0,65.0,0.0,0.0,0.0,0.0,0.0,0.0,161.0,0
41.00_65.00,2014-07-28,41.0,65.0,0.0,0.0,0.0,0.0,0.0,0.0,162.0,0
41.00_65.00,2014-08-04,41.0,65.0,0.0,0.0,0.0,0.0,0.0,0.0,163.0,0
41.00_65.00,2014-08-11,41.0,65.0,0.0,0.0,0.0,0.0,0.0,0.0,164.0,0
41.00_65.00,2014-08-18,41.0,65.0,0.0,0.0,0.0,0.0,0.0,0.0,165.0,0
41.00_65.00,2014-08-25,41.0,65.0,0.0,0.0,0.0,0.0,0.0,0.0,166.0,0
41.00_65.00,2014-09-01,41.0,65.0,0.0,0.0,0.0,0.0,0.0,0.0,167.0,0
41.00_65.00,2014-09-08,41.0,65.0,0.0,0.0,0.0,0.0,0.0,0.0,168.0,0
41.00_65.00,2014-09-15,41.0,65.0,0.0,0.0,0.0,0.0,0.0,0.0,169.0,0
41.00_65.00,2014-09-22,41.0,65.0,0.0,0.0,0.0,0.0,0.0,0.0,170.0,0
41.00_65.00,2014-09-29,41.0,65.0,0.0,0.0,0.0,0.0,0.0,0.0,171.0,0
41.00_65.00,2014-10-06,41.0,65.0,0.0,0.0,0.0,0.0,0.0,0.0,172.0,0
41.00_65.00,2014-10-13,41.0,65.0,0.0,0.0,0.0,0.0,0.0,0.0,173.0,0
41.00_65.00,2014-10-20,41.0,65.0,0.0,0.0,0.0,0.0,0.0,0.0,174.0,0
41.00_65.00,2014-10-27,41.0,65.0,0.0,0.0,0.0,0.0,0.0,0.0,175.0,0
41.00_65.00,2014-11-03,41.0,65.0,0.0,0.0,0.0,0.0,0.0,0.0,176.0,0
41.00_65.00,2014-11-10,41.0,65.0,0.0,0.0,0.0,0.0,0.0,0.0,177.0,0
41.00_65.00,2014-11-17,41.0,65.0,0.0,0.0,0.0,0.0,0.0,0.0,178.0,0
41.00_65.00,2014-11-24,41.0,65.0,0.0,0.0,0.0,0.0,0.0,0.0,179.0,0
41.00_65.00,2014-12-01,41.0,65.0,0.0,0.0,0.0,0.0,0.0,0.0,180.0,0
41.00_65.00,2014-12-08,41.0,65.0,0.0,0.0,0.0,0.0,0.0,0.0,181.0,0
41.00_65.00,2014-12-15,41.0,65.0,0.0,0.0,0.0,0.0,0.0,0.0,182.0,0
41.00_65.00,2014-12-22,41.0,65.0,0.0,0.0,0.0,0.0,0.0,0.0,183.0,0
41.00_65.00,2014-12-29,41.0,65.0,0.0,0.0,0.0,0.0,0.0,0.0,184.0,0
41.00_65.00,2015-01-05,41.0,65.0,0.0,0.0,0.0,0.0,0.0,0.0,185.0,0
41.00_65.00,2015-01-12,41.0,65.0,0.0,0.0,0.0,0.0,0.0,0.0,186.0,0
41.00_65.00,2015-01-19,41.0,65.0,0.0,0.0,0.0,0.0,0.0,0.0,187.0,0
41.00_65.00,2015-01-26,41.0,65.0,0.0,0.0,0.0,0.0,0.0,0.0,188.0,0
41.00_65.00,2015-02-02,41.0,65.0,0.0,0.0,0.0,0.0,0.0,0.0,189.0,0
41.00_65.00,2015-02-09,41.0,65.0,0.0,0.0,0.0,0.0,0.0,0.0,190.0,0
41.00_65.00,2015-02-16,41.0,65.0,0.0,0.0,0.0,0.0,0.0,0.0,191.0,0
41.00_65.00,2015-02-23,41.0,65.0,0.0,0.0,0.0,0.0,0.0,0.0,192.0,0
41.00_65.00,2015-03-02,41.0,65.0,0.0,0.0,0.0,0.0,0.0,0.0,193.0,0
41.00_65.00,2015-03-09,41.0,65.0,0.0,0.0,0.0,0.0,0.0,0.0,194.0,0
41.00_65.00,2015-03-16,41.0,65.0,0.0,0.0,0.0,0.0,0.0,0.0,195.0,0
41.00_65.00,2015-03-23,41.0,65.0,0.0,0.0,0.0,0.0,0.0,0.0,196.0,0
41.00_65.00,2015-03-30,41.0,65.0,0.0,0.0,0.0,0.0,0.0,0.0,197.0,0
41.00_65.00,2015-04-06,41.0,65.0,0.0,0.0,0.0,0.0,0.0,0.0,198.0,0
41.00_65.00,2015-04-13,41.0,65.0,0.0,0.0,0.0,0.0,0.0,0.0,199.0,0
41.00_65.00,2015-04-20,41.0,65.0,0.0,0.0,0.0,0.0,0.0,0.0,200.0,0
41.00_65.00,2015-04-27,41.0,65.0,0.0,0.0,0.0,0.0,0.0,0.0,201.0,0
41.00_65.00,2015-05-04,41.0,65.0,0.0,0.0,0.0,0.0,0.0,0.0,202.0,0
41.00_65.00,2015-05-11,41.0,65.0,0.0,0.0,0.0,0.0,0.0,0.0,203.0,0
41.00_65.00,2015-05-18,41.0,65.0,0.0,0.0,0.0,0.0,0.0,0.0,204.0,0
41.00_65.00,2015-05-25,41.0,65.0,0.0,0.0,0.0,0.0,0.0,0.0,205.0,0
41.00_65.00,2015-06-01,41.0,65.0,0.0,0.0,0.0,0.0,0.0,0.0,206.0,0
41.00_65.00,2015-06-08,41.0,65.0,0.0,0.0,0.0,0.0,0.0,0.0,207.0,0
41.00_65.00,2015-06-15,41.0,65.0,0.0,0.0,0.0,0.0,0.0,0.0,208.0,0
41.00_65.00,2015-06-22,41.0,65.0,0.0,0.0,0.0,0.0,0.0,0.0,209.0,0
41.00_65.00,2015-06-29,41.0,65.0,0.0,0.0,0.0,0.0,0.0,0.0,210.0,0
41.00_65.00,2015-07-06,41.0,65.0,0.0,0.0,0.0,0.0,0.0,0.0,211.0,0
41.00_65.00,2015-07-13,41.0,65.0,0.0,0.0,0.0,0.0,0.0,0.0,212.0,0
41.00_65.00,2015-07-20,41.0,65.0,0.0,0.0,0.0,0.0,0.0,0.0,213.0,0
41.00_65.00,2015-07-27,41.0,65.0,0.0,0.0,0.0,0.0,0.0,0.0,214.0,0
41.00_65.00,2015-08-03,41.0,65.0,0.0,0.0,0.0,0.0,0.0,0.0,215.0,0
41.00_65.00,2015-08-10,41.0,65.0,0.0,0.0,0.0,0.0,0.0,0.0,216.0,0
41.00_65.00,2015-08-17,41.0,65.0,0.0,0.0,0.0,0.0,0.0,0.0,217.0,0
41.00_65.00,2015-08-24,41.0,65.0,0.0,0.0,0.0,0.0,0.0,0.0,218.0,0
41.00_65.00,2015-08-31,41.0,65.0,0.0,0.0,0.0,0.0,0.0,0.0,219.0,0
41.00_65.00,2015-09-07,41.0,65.0,0.0,0.0,0.0,0.0,0.0,0.0,220.0,0
41.00_65.00,2015-09-14,41.0,65.0,0.0,0.0,0.0,0.0,0.0,0.0,221.0,0
41.00_65.00,2015-09-21,41.0,65.0,0.0,0.0,0.0,0.0,0.0,0.0,222.0,0
41.00_65.00,2015-09-28,41.0,65.0,0.0,0.0,0.0,0.0,0.0,0.0,223.0,0
41.00_65.00,2015-10-05,41.0,65.0,0.0,0.0,0.0,0.0,0.0,0.0,224.0,0
41.00_65.00,2015-10-12,41.0,65.0,0.0,0.0,0.0,0.0,0.0,0.0,225.0,0
41.00_65.00,2015-10-19,41.0,65.0,0.0,0.0,0.0,0.0,0.0,0.0,226.0,0
41.00_65.00,2015-10-26,41.0,65.0,0.0,0.0,0.0,0.0,0.0,0.0,227.0,0
41.00_65.00,2015-11-02,41.0,65.0,0.0,0.0,0.0,0.0,0.0,0.0,228.0,0
41.00_65.00,2015-11-09,41.0,65.0,0.0,0.0,0.0,0.0,0.0,0.0,229.0,0
41.00_65.00,2015-11-16,41.0,65.0,0.0,0.0,0.0,0.0,0.0,0.0,230.0,0
41.00_65.00,2015-11-23,41.0,65.0,0.0,0.0,0.0,0.0,0.0,0.0,231.0,0
41.00_65.00,2015-11-30,41.0,65.0,0.0,0.0,0.0,0.0,0.0,0.0,232.0,0
41.00_65.00,2015-12-07,41.0,65.0,0.0,0.0,0.0,0.0,0.0,0.0,233.0,0
41.00_65.00,2015-12-14,41.0,65.0,0.0,0.0,0.0,0.0,0.0,0.0,234.0,0
41.00_65.00,2015-12-21,41.0,65.0,0.0,0.0,0.0,0.0,0.0,0.0,235.0,0
41.00_65.00,2015-12-28,41.0,65.0,0.0,0.0,0.0,0.0,0.0,0.0,236.0,0
41.00_65.00,2016-01-04,41.0,65.0,0.0,0.0,0.0,0.0,0.0,0.0,237.0,0
41.00_65.00,2016-01-11,41.0,65.0,0.0,0.0,0.0,0.0,0.0,0.0,238.0,0
41.00_65.00,2016-01-18,41.0,65.0,0.0,0.0,0.0,0.0,0.0,0.0,239.0,0
41.00_65.00,2016-01-25,41.0,65.0,0.0,0.0,0.0,0.0,0.0,0.0,240.0,0
41.00_65.00,2016-02-01,41.0,65.0,0.0,0.0,0.0,0.0,0.0,0.0,241.0,0
41.00_65.00,2016-02-08,41.0,65.0,0.0,0.0,0.0,0.0,0.0,0.0,242.0,0
41.00_65.00,2016-02-15,41.0,65.0,0.0,0.0,0.0,0.0,0.0,0.0,243.0,0
41.00_65.00,2016-02-22,41.0,65.0,0.0,0.0,0.0,0.0,0.0,0.0,244.0,0
41.00_65.00,2016-02-29,41.0,65.0,0.0,0.0,0.0,0.0,0.0,0.0,245.0,0
41.00_65.00,2016-03-07,41.0,65.0,0.0,0.0,0.0,0.0,0.0,0.0,246.0,0
41.00_65.00,2016-03-14,41.0,65.0,0.0,0.0,0.0,0.0,0.0,0.0,247.0,0
41.00_65.00,2016-03-21,41.0,65.0,0.0,0.0,0.0,0.0,0.0,0.0,248.0,0
41.00_65.00,2016-03-28,41.0,65.0,0.0,0.0,0.0,0.0,0.0,0.0,249.0,0
41.00_65.00,2016-04-04,41.0,65.0,0.0,0.0,0.0,0.0,0.0,0.0,250.0,0
41.00_65.00,2016-04-11,41.0,65.0,0.0,0.0,0.0,0.0,0.0,0.0,251.0,0
41.00_65.00,2016-04-18,41.0,65.0,0.0,0.0,0.0,0.0,0.0,0.0,252.0,0
41.00_65.00,2016-04-25,41.0,65.0,0.0,0.0,0.0,0.0,0.0,0.0,253.0,0
41.00_65.00,2016-05-02,41.0,65.0,0.0,0.0,0.0,0.0,0.0,0.0,254.0,0
41.00_65.00,2016-05-09,41.0,65.0,0.0,0.0,0.0,0.0,0.0,0.0,255.0,0
41.00_65.00,2016-05-16,41.0,65.0,0.0,0.0,0.0,0.0,0.0,0.0,256.0,0
41.00_65.00,2016-05-23,41.0,65.0,0.0,0.0,0.0,0.0,0.0,0.0,257.0,0
41.00_65.00,2016-05-30,41.0,65.0,0.0,0.0,0.0,0.0,0.0,0.0,258.0,0
41.00_65.00,2016-06-06,41.0,65.0,0.0,0.0,0.0,0.0,0.0,0.0,259.0,0
41.00_65.00,2016-06-13,41.0,65.0,0.0,0.0,0.0,0.0,0.0,0.0,260.0,0
41.00_65.00,2016-06-20,41.0,65.0,0.0,0.0,0.0,0.0,0.0,0.0,261.0,0
41.00_65.00,2016-06-27,41.0,65.0,0.0,0.0,0.0,0.0,0.0,0.0,262.0,0
41.00_65.00,2016-07-04,41.0,65.0,0.0,0.0,0.0,0.0,0.0,0.0,263.0,0
41.00_65.00,2016-07-11,41.0,65.0,0.0,0.0,0.0,0.0,0.0,0.0,264.0,0
41.00_65.00,2016-07-18,41.0,65.0,0.0,0.0,0.0,0.0,0.0,0.0,265.0,0
41.00_65.00,2016-07-25,41.0,65.0,0.0,0.0,0.0,0.0,0.0,0.0,266.0,0
41.00_65.00,2016-08-01,41.0,65.0,0.0,0.0,0.0,0.0,0.0,0.0,267.0,0
41.00_65.00,2016-08-08,41.0,65.0,0.0,0.0,0.0,0.0,0.0,0.0,268.0,0
41.00_65.00,2016-08-15,41.0,65.0,0.0,0.0,0.0,0.0,0.0,0.0,269.0,0
41.00_65.00,2016-08-22,41.0,65.0,0.0,0.0,0.0,0.0,0.0,0.0,270.0,0
41.00_65.00,2016-08-29,41.0,65.0,0.0,0.0,0.0,0.0,0.0,0.0,271.0,0
41.00_65.00,2016-09-05,41.0,65.0,0.0,0.0,0.0,0.0,0.0,0.0,272.0,0
41.00_65.00,2016-09-12,41.0,65.0,0.0,0.0,0.0,0.0,0.0,0.0,273.0,0
41.00_65.00,2016-09-19,41.0,65.0,0.0,0.0,0.0,0.0,0.0,0.0,274.0,0
41.00_65.00,2016-09-26,41.0,65.0,0.0,0.0,0.0,0.0,0.0,0.0,275.0,0
41.00_65.00,2016-10-03,41.0,65.0,0.0,0.0,0.0,0.0,0.0,0.0,276.0,0
41.00_65.00,2016-10-10,41.0,65.0,0.0,0.0,0.0,0.0,0.0,0.0,277.0,0
41.00_65.00,2016-10-17,41.0,65.0,0.0,0.0,0.0,0.0,0.0,0.0,278.0,0
41.00_65.00,2016-10-24,41.0,65.0,0.0,0.0,0.0,0.0,0.0,0.0,279.0,0
41.00_65.00,2016-10-31,41.0,65.0,0.0,0.0,0.0,0.0,0.0,0.0,280.0,0
41.00_65.00,2016-11-07,41.0,65.0,0.0,0.0,0.0,0.0,0.0,0.0,281.0,0
41.00_65.00,2016-11-14,41.0,65.0,0.0,0.0,0.0,0.0,0.0,0.0,282.0,0
41.00_65.00,2016-11-21,41.0,65.0,0.0,0.0,0.0,0.0,0.0,0.0,283.0,0
41.00_65.00,2016-11-28,41.0,65.0,0.0,0.0,0.0,0.0,0.0,0.0,284.0,0
41.00_65.00,2016-12-05,41.0,65.0,0.0,0.0,0.0,0.0,0.0,0.0,285.0,0
41.00_65.00,2016-12-12,41.0,65.0,0.0,0.0,0.0,0.0,0.0,0.0,286.0,0
41.00_65.00,2016-12-19,41.0,65.0,0.0,0.0,0.0,0.0,0.0,0.0,287.0,0
41.00_65.00,2016-12-26,41.0,65.0,0.0,0.0,0.0,0.0,0.0,0.0,288.0,0
41.00_65.00,2017-01-02,41.0,65.0,0.0,0.0,0.0,0.0,0.0,0.0,289.0,0
41.00_65.00,2017-01-09,41.0,65.0,0.0,0.0,0.0,0.0,0.0,0.0,290.0,0
41.00_65.00,2017-01-16,41.0,65.0,0.0,0.0,0.0,0.0,0.0,0.0,291.0,0
41.00_65.00,2017-01-23,41.0,65.0,0.0,0.0,0.0,0.0,0.0,0.0,292.0,0
41.00_65.00,2017-01-30,41.0,65.0,0.0,0.0,0.0,0.0,0.0,0.0,293.0,0
41.00_65.00,2017-02-06,41.0,65.0,0.0,0.0,0.0,0.0,0.0,0.0,294.0,0
41.00_65.00,2017-02-13,41.0,65.0,0.0,0.0,0.0,0.0,0.0,0.0,295.0,0
41.00_65.00,2017-02-20,41.0,65.0,0.0,0.0,0.0,0.0,0.0,0.0,296.0,0
41.00_65.00,2017-02-27,41.0,65.0,0.0,0.0,0.0,0.0,0.0,0.0,297.0,0
41.00_65.00,2017-03-06,41.0,65.0,0.0,0.0,0.0,0.0,0.0,0.0,298.0,0
41.00_65.00,2017-03-13,41.0,65.0,0.0,0.0,0.0,0.0,0.0,0.0,299.0,0
41.00_65.00,2017-03-20,41.0,65.0,0.0,0.0,0.0,0.0,0.0,0.0,300.0,0
41.00_65.00,2017-03-27,41.0,65.0,0.0,0.0,0.0,0.0,0.0,0.0,301.0,0
41.00_65.00,2017-04-03,41.0,65.0,0.0,0.0,0.0,0.0,0.0,0.0,302.0,0
41.00_65.00,2017-04-10,41.0,65.0,0.0,0.0,0.0,0.0,0.0,0.0,303.0,0
41.00_65.00,2017-04-17,41.0,65.0,0.0,0.0,0.0,0.0,0.0,0.0,304.0,0
41.00_65.00,2017-04-24,41.0,65.0,0.0,0.0,0.0,0.0,0.0,0.0,305.0,0
41.00_65.00,2017-05-01,41.0,65.0,0.0,0.0,0.0,0.0,0.0,0.0,306.0,0
41.00_65.00,2017-05-08,41.0,65.0,0.0,0.0,0.0,0.0,0.0,0.0,307.0,0
41.00_65.00,2017-05-15,41.0,65.0,0.0,0.0,0.0,0.0,0.0,0.0,308.0,0
41.00_65.00,2017-05-22,41.0,65.0,0.0,0.0,0.0,0.0,0.0,0.0,309.0,0
41.00_65.00,2017-05-29,41.0,65.0,0.0,0.0,0.0,0.0,0.0,0.0,310.0,0
41.00_65.00,2017-06-05,41.0,65.0,0.0,0.0,0.0,0.0,0.0,0.0,311.0,0
41.00_65.00,2017-06-12,41.0,65.0,0.0,0.0,0.0,0.0,0.0,0.0,312.0,0
41.00_65.00,2017-06-19,41.0,65.0,0.0,0.0,0.0,0.0,0.0,0.0,313.0,0
41.00_65.00,2017-06-26,41.0,65.0,0.0,0.0,0.0,0.0,0.0,0.0,314.0,0
41.00_65.00,2017-07-03,41.0,65.0,0.0,0.0,0.0,0.0,0.0,0.0,315.0,0
41.00_65.00,2017-07-10,41.0,65.0,0.0,0.0,0.0,0.0,0.0,0.0,316.0,0
41.00_65.00,2017-07-17,41.0,65.0,0.0,0.0,0.0,0.0,0.0,0.0,317.0,0
41.00_65.00,2017-07-24,41.0,65.0,0.0,0.0,0.0,0.0,0.0,0.0,318.0,0
41.00_65.00,2017-07-31,41.0,65.0,0.0,0.0,0.0,0.0,0.0,0.0,319.0,0
41.00_65.00,2017-08-07,41.0,65.0,0.0,0.0,0.0,0.0,0.0,0.0,320.0,0
41.00_65.00,2017-08-14,41.0,65.0,0.0,0.0,0.0,0.0,0.0,0.0,321.0,0
41.00_65.00,2017-08-21,41.0,65.0,0.0,0.0,0.0,0.0,0.0,0.0,322.0,0
41.00_65.00,2017-08-28,41.0,65.0,0.0,0.0,0.0,0.0,0.0,0.0,323.0,0
41.00_65.00,2017-09-04,41.0,65.0,0.0,0.0,0.0,0.0,0.0,0.0,324.0,0
41.00_65.00,2017-09-11,41.0,65.0,0.0,0.0,0.0,0.0,0.0,0.0,325.0,0
41.00_65.00,2017-09-18,41.0,65.0,0.0,0.0,0.0,0.0,0.0,0.0,326.0,0
41.00_65.00,2017-09-25,41.0,65.0,0.0,0.0,0.0,0.0,0.0,0.0,327.0,0
41.00_65.00,2017-10-02,41.0,65.0,0.0,0.0,0.0,0.0,0.0,0.0,328.0,0
41.00_65.00,2017-10-09,41.0,65.0,0.0,0.0,0.0,0.0,0.0,0.0,329.0,0
41.00_65.00,2017-10-16,41.0,65.0,0.0,0.0,0.0,0.0,0.0,0.0,330.0,0
41.00_65.00,2017-10-23,41.0,65.0,0.0,0.0,0.0,0.0,0.0,0.0,331.0,0
41.00_65.00,2017-10-30,41.0,65.0,0.0,0.0,0.0,0.0,0.0,0.0,332.0,0
41.00_65.00,2017-11-06,41.0,65.0,0.0,0.0,0.0,0.0,0.0,0.0,333.0,0
41.00_65.00,2017-11-13,41.0,65.0,0.0,0.0,0.0,0.0,0.0,0.0,334.0,0
41.00_65.00,2017-11-20,41.0,65.0,0.0,0.0,0.0,0.0,0.0,0.0,335.0,0
41.00_65.00,2017-11-27,41.0,65.0,0.0,0.0,0.0,0.0,0.0,0.0,336.0,0
41.00_65.00,2017-12-04,41.0,65.0,0.0,0.0,0.0,0.0,0.0,0.0,337.0,0
41.00_65.00,2017-12-11,41.0,65.0,0.0,0.0,0.0,0.0,0.0,0.0,338.0,0
41.00_65.00,2017-12-18,41.0,65.0,0.0,0.0,0.0,0.0,0.0,0.0,339.0,0
41.00_65.00,2017-12-25,41.0,65.0,0.0,0.0,0.0,0.0,0.0,0.0,340.0,0
41.00_65.00,2018-01-01,41.0,65.0,0.0,0.0,0.0,0.0,0.0,0.0,341.0,0
41.00_65.00,2018-01-08,41.0,65.0,0.0,0.0,0.0,0.0,0.0,0.0,342.0,0
41.00_65.00,2018-01-15,41.0,65.0,0.0,0.0,0.0,0.0,0.0,0.0,343.0,0
41.00_65.00,2018-01-22,41.0,65.0,0.0,0.0,0.0,0.0,0.0,0.0,344.0,0
41.00_65.00,2018-01-29,41.0,65.0,0.0,0.0,0.0,0.0,0.0,0.0,345.0,0
41.00_65.00,2018-02-05,41.0,65.0,0.0,0.0,0.0,0.0,0.0,0.0,346.0,0
41.00_65.00,2018-02-12,41.0,65.0,0.0,0.0,0.0,0.0,0.0,0.0,347.0,0
41.00_65.00,2018-02-19,41.0,65.0,0.0,0.0,0.0,0.0,0.0,0.0,348.0,0
41.00_65.00,2018-02-26,41.0,65.0,0.0,0.0,0.0,0.0,0.0,0.0,349.0,0
41.00_65.00,2018-03-05,41.0,65.0,0.0,0.0,0.0,0.0,0.0,0.0,350.0,0
41.00_65.00,2018-03-12,41.0,65.0,0.0,0.0,0.0,0.0,0.0,0.0,351.0,0
41.00_65.00,2018-03-19,41.0,65.0,0.0,0.0,0.0,0.0,0.0,0.0,352.0,0
41.00_65.00,2018-03-26,41.0,65.0,0.0,0.0,0.0,0.0,0.0,0.0,353.0,0
41.00_65.00,2018-04-02,41.0,65.0,0.0,0.0,0.0,0.0,0.0,0.0,354.0,0
41.00_65.00,2018-04-09,41.0,65.0,0.0,0.0,0.0,0.0,0.0,0.0,355.0,0
41.00_65.00,2018-04-16,41.0,65.0,0.0,0.0,0.0,0.0,0.0,0.0,356.0,0
41.00_65.00,2018-04-23,41.0,65.0,0.0,0.0,0.0,0.0,0.0,0.0,357.0,0
41.00_65.00,2018-04-30,41.0,65.0,0.0,0.0,0.0,0.0,0.0,0.0,358.0,0
41.00_65.00,2018-05-07,41.0,65.0,0.0,0.0,0.0,0.0,0.0,0.0,359.0,0
41.00_65.00,2018-05-14,41.0,65.0,0.0,0.0,0.0,0.0,0.0,0.0,360.0,0
41.00_65.00,2018-05-21,41.0,65.0,0.0,0.0,0.0,0.0,0.0,0.0,361.0,0
41.00_65.00,2018-05-28,41.0,65.0,0.0,0.0,0.0,0.0,0.0,0.0,362.0,0
41.00_65.00,2018-06-04,41.0,65.0,0.0,0.0,0.0,0.0,0.0,0.0,363.0,0
41.00_65.00,2018-06-11,41.0,65.0,0.0,0.0,0.0,0.0,0.0,0.0,364.0,0
41.00_65.00,2018-06-18,41.0,65.0,0.0,0.0,0.0,0.0,0.0,0.0,365.0,0
41.00_65.00,2018-06-25,41.0,65.0,0.0,0.0,0.0,0.0,0.0,0.0,366.0,0
41.00_65.00,2018-07-02,41.0,65.0,0.0,0.0,0.0,0.0,0.0,0.0,367.0,0
41.00_65.00,2018-07-09,41.0,65.0,0.0,0.0,0.0,0.0,0.0,0.0,368.0,0
41.00_65.00,2018-07-16,41.0,65.0,0.0,0.0,0.0,0.0,0.0,0.0,369.0,0
41.00_65.00,2018-07-23,41.0,65.0,0.0,0.0,0.0,0.0,0.0,0.0,370.0,0
41.00_65.00,2018-07-30,41.0,65.0,0.0,0.0,0.0,0.0,0.0,0.0,371.0,0
41.00_65.00,2018-08-06,41.0,65.0,0.0,0.0,0.0,0.0,0.0,0.0,372.0,0
41.00_65.00,2018-08-13,41.0,65.0,0.0,0.0,0.0,0.0,0.0,0.0,373.0,0
41.00_65.00,2018-08-20,41.0,65.0,0.0,0.0,0.0,0.0,0.0,0.0,374.0,0
41.00_65.00,2018-08-27,41.0,65.0,0.0,0.0,0.0,0.0,0.0,0.0,375.0,0
41.00_65.00,2018-09-03,41.0,65.0,0.0,0.0,0.0,0.0,0.0,0.0,376.0,0
41.00_65.00,2018-09-10,41.0,65.0,0.0,0.0,0.0,0.0,0.0,0.0,377.0,0
41.00_65.00,2018-09-17,41.0,65.0,0.0,0.0,0.0,0.0,0.0,0.0,378.0,0
41.00_65.00,2018-09-24,41.0,65.0,0.0,0.0,0.0,0.0,0.0,0.0,379.0,0
41.00_65.00,2018-10-01,41.0,65.0,0.0,0.0,0.0,0.0,0.0,0.0,380.0,0
41.00_65.00,2018-10-08,41.0,65.0,0.0,0.0,0.0,0.0,0.0,0.0,381.0,0
41.00_65.00,2018-10-15,41.0,65.0,0.0,0.0,0.0,0.0,0.0,0.0,382.0,0
41.00_65.00,2018-10-22,41.0,65.0,0.0,0.0,0.0,0.0,0.0,0.0,383.0,0
41.00_65.00,2018-10-29,41.0,65.0,0.0,0.0,0.0,0.0,0.0,0.0,384.0,0
41.00_65.00,2018-11-05,41.0,65.0,0.0,0.0,0.0,0.0,0.0,0.0,385.0,0
41.00_65.00,2018-11-12,41.0,65.0,0.0,0.0,0.0,0.0,0.0,0.0,386.0,0
41.00_65.00,2018-11-19,41.0,65.0,0.0,0.0,0.0,0.0,0.0,0.0,387.0,0
41.00_65.00,2018-11-26,41.0,65.0,0.0,0.0,0.0,0.0,0.0,0.0,388.0,0
41.00_65.00,2018-12-03,41.0,65.0,0.0,0.0,0.0,0.0,0.0,0.0,389.0,0
41.00_65.00,2018-12-10,41.0,65.0,0.0,0.0,0.0,0.0,0.0,0.0,390.0,0
41.00_65.00,2018-12-17,41.0,65.0,0.0,0.0,0.0,0.0,0.0,0.0,391.0,0
41.00_65.00,2018-12-24,41.0,65.0,0.0,0.0,0.0,0.0,0.0,0.0,392.0,0
41.00_65.00,2018-12-31,41.0,65.0,0.0,0.0,0.0,0.0,0.0,0.0,393.0,0
41.00_65.00,2019-01-07,41.0,65.0,0.0,0.0,0.0,0.0,0.0,0.0,394.0,0
41.00_65.00,2019-01-14,41.0,65.0,0.0,0.0,0.0,0.0,0.0,0.0,395.0,0
41.00_65.00,2019-01-21,41.0,65.0,0.0,0.0,0.0,0.0,0.0,0.0,396.0,0
41.00_65.00,2019-01-28,41.0,65.0,0.0,0.0,0.0,0.0,0.0,0.0,397.0,0
41.00_65.00,2019-02-04,41.0,65.0,0.0,0.0,0.0,0.0,0.0,0.0,398.0,0
41.00_65.00,2019-02-11,41.0,65.0,0.0,0.0,0.0,0.0,0.0,0.0,399.0,0
41.00_65.00,2019-02-18,41.0,65.0,0.0,0.0,0.0,0.0,0.0,0.0,400.0,0
41.00_65.00,2019-02-25,41.0,65.0,0.0,0.0,0.0,0.0,0.0,0.0,401.0,0
41.00_65.00,2019-03-04,41.0,65.0,0.0,0.0,0.0,0.0,0.0,0.0,402.0,0
41.00_65.00,2019-03-11,41.0,65.0,0.0,0.0,0.0,0.0,0.0,0.0,403.0,0
41.00_65.00,2019-03-18,41.0,65.0,0.0,0.0,0.0,0.0,0.0,0.0,404.0,0
41.00_65.00,2019-03-25,41.0,65.0,0.0,0.0,0.0,0.0,0.0,0.0,405.0,0
41.00_65.00,2019-04-01,41.0,65.0,0.0,0.0,0.0,0.0,0.0,0.0,406.0,0
41.00_65.00,2019-04-08,41.0,65.0,0.0,0.0,0.0,0.0,0.0,0.0,407.0,0
41.00_65.00,2019-04-15,41.0,65.0,0.0,0.0,0.0,0.0,0.0,0.0,408.0,0
41.00_65.00,2019-04-22,41.0,65.0,0.0,0.0,0.0,0.0,0.0,0.0,409.0,0
41.00_65.00,2019-04-29,41.0,65.0,0.0,0.0,0.0,0.0,0.0,0.0,410.0,0
41.00_65.00,2019-05-06,41.0,65.0,0.0,0.0,0.0,0.0,0.0,0.0,411.0,0
41.00_65.00,2019-05-13,41.0,65.0,0.0,0.0,0.0,0.0,0.0,0.0,412.0,0
41.00_65.00,2019-05-20,41.0,65.0,0.0,0.0,0.0,0.0,0.0,0.0,413.0,0
41.00_65.00,2019-05-27,41.0,65.0,0.0,0.0,0.0,0.0,0.0,0.0,414.0,0
41.00_65.00,2019-06-03,41.0,65.0,0.0,0.0,0.0,0.0,0.0,0.0,415.0,0
41.00_65.00,2019-06-10,41.0,65.0,0.0,0.0,0.0,0.0,0.0,0.0,416.0,0
41.00_65.00,2019-06-17,41.0,65.0,0.0,0.0,0.0,0.0,0.0,0.0,417.0,0
41.00_65.00,2019-06-24,41.0,65.0,0.0,0.0,0.0,0.0,0.0,0.0,418.0,0
41.00_65.00,2019-07-01,41.0,65.0,0.0,0.0,0.0,0.0,0.0,0.0,419.0,0
41.00_65.00,2019-07-08,41.0,65.0,0.0,0.0,0.0,0.0,0.0,0.0,420.0,0
41.00_65.00,2019-07-15,41.0,65.0,0.0,0.0,0.0,0.0,0.0,0.0,421.0,0
41.00_65.00,2019-07-22,41.0,65.0,0.0,0.0,0.0,0.0,0.0,0.0,422.0,1
41.00_65.00,2019-07-29,41.0,65.0,1.0,4.6,4.6,4.6,1.0,7943282.347242805,0.0,0
41.00_65.00,2019-08-05,41.0,65.0,0.0,0.0,0.0,4.6,1.0,7943282.347242805,1.0,0
41.00_65.00,2019-08-12,41.0,65.0,0.0,0.0,0.0,4.6,1.0,7943282.347242805,2.0,0
41.00_65.00,2019-08-19,41.0,65.0,0.0,0.0,0.0,4.6,1.0,7943282.347242805,3.0,0
41.00_65.00,2019-08-26,41.0,65.0,0.0,0.0,0.0,0.0,1.0,7943282.347242805,4.0,0
41.00_65.00,2019-09-02,41.0,65.0,0.0,0.0,0.0,0.0,1.0,7943282.347242805,5.0,0
41.00_65.00,2019-09-09,41.0,65.0,0.0,0.0,0.0,0.0,1.0,7943282.347242805,6.0,0
41.00_65.00,2019-09-16,41.0,65.0,0.0,0.0,0.0,0.0,1.0,7943282.347242805,7.0,0
41.00_65.00,2019-09-23,41.0,65.0,0.0,0.0,0.0,0.0,1.0,0.0,8.0,0
41.00_65.00,2019-09-30,41.0,65.0,0.0,0.0,0.0,0.0,1.0,0.0,9.0,0
41.00_65.00,2019-10-07,41.0,65.0,0.0,0.0,0.0,0.0,1.0,0.0,10.0,0
41.00_65.00,2019-10-14,41.0,65.0,0.0,0.0,0.0,0.0,1.0,0.0,11.0,0
41.00_65.00,2019-10-21,41.0,65.0,0.0,0.0,0.0,0.0,0.0,0.0,12.0,0
41.00_65.00,2019-10-28,41.0,65.0,0.0,0.0,0.0,0.0,0.0,0.0,13.0,0
41.00_65.00,2019-11-04,41.0,65.0,0.0,0.0,0.0,0.0,0.0,0.0,14.0,0
41.00_65.00,2019-11-11,41.0,65.0,0.0,0.0,0.0,0.0,0.0,0.0,15.0,0
41.00_65.00,2019-11-18,41.0,65.0,0.0,0.0,0.0,0.0,0.0,0.0,16.0,0
41.00_65.00,2019-11-25,41.0,65.0,0.0,0.0,0.0,0.0,0.0,0.0,17.0,0
41.00_65.00,2019-12-02,41.0,65.0,0.0,0.0,0.0,0.0,0.0,0.0,18.0,0
41.00_65.00,2019-12-09,41.0,65.0,0.0,0.0,0.0,0.0,0.0,0.0,19.0,0
41.00_65.00,2019-12-16,41.0,65.0,0.0,0.0,0.0,0.0,0.0,0.0,20.0,0
41.00_65.00,2019-12-23,41.0,65.0,0.0,0.0,0.0,0.0,0.0,0.0,21.0,0
41.00_65.00,2019-12-30,41.0,65.0,0.0,0.0,0.0,0.0,0.0,0.0,22.0,0
41.00_65.00,2020-01-06,41.0,65.0,0.0,0.0,0.0,0.0,0.0,0.0,23.0,0
41.00_65.00,2020-01-13,41.0,65.0,0.0,0.0,0.0,0.0,0.0,0.0,24.0,0
41.00_65.00,2020-01-20,41.0,65.0,0.0,0.0,0.0,0.0,0.0,0.0,25.0,0
41.00_65.00,2020-01-27,41.0,65.0,0.0,0.0,0.0,0.0,0.0,0.0,26.0,0
41.00_65.00,2020-02-03,41.0,65.0,0.0,0.0,0.0,0.0,0.0,0.0,27.0,0
41.00_65.00,2020-02-10,41.0,65.0,0.0,0.0,0.0,0.0,0.0,0.0,28.0,0
41.00_65.00,2020-02-17,41.0,65.0,0.0,0.0,0.0,0.0,0.0,0.0,29.0,0
41.00_65.00,2020-02-24,41.0,65.0,0.0,0.0,0.0,0.0,0.0,0.0,30.0,0
41.00_65.00,2020-03-02,41.0,65.0,0.0,0.0,0.0,0.0,0.0,0.0,31.0,0
41.00_65.00,2020-03-09,41.0,65.0,0.0,0.0,0.0,0.0,0.0,0.0,32.0,0
41.00_65.00,2020-03-16,41.0,65.0,0.0,0.0,0.0,0.0,0.0,0.0,33.0,0
41.00_65.00,2020-03-23,41.0,65.0,0.0,0.0,0.0,0.0,0.0,0.0,34.0,0
41.00_65.00,2020-03-30,41.0,65.0,0.0,0.0,0.0,0.0,0.0,0.0,35.0,0
41.00_65.00,2020-04-06,41.0,65.0,0.0,0.0,0.0,0.0,0.0,0.0,36.0,0
41.00_65.00,2020-04-13,41.0,65.0,0.0,0.0,0.0,0.0,0.0,0.0,37.0,0
41.00_65.00,2020-04-20,41.0,65.0,0.0,0.0,0.0,0.0,0.0,0.0,38.0,0
41.00_65.00,2020-04-27,41.0,65.0,0.0,0.0,0.0,0.0,0.0,0.0,39.0,0
41.00_65.00,2020-05-04,41.0,65.0,0.0,0.0,0.0,0.0,0.0,0.0,40.0,0
41.00_65.00,2020-05-11,41.0,65.0,0.0,0.0,0.0,0.0,0.0,0.0,41.0,0
41.00_65.00,2020-05-18,41.0,65.0,0.0,0.0,0.0,0.0,0.0,0.0,42.0,0
41.00_65.00,2020-05-25,41.0,65.0,0.0,0.0,0.0,0.0,0.0,0.0,43.0,0
41.00_65.00,2020-06-01,41.0,65.0,0.0,0.0,0.0,0.0,0.0,0.0,44.0,0
41.00_65.00,2020-06-08,41.0,65.0,0.0,0.0,0.0,0.0,0.0,0.0,45.0,0
41.00_65.00,2020-06-15,41.0,65.0,0.0,0.0,0.0,0.0,0.0,0.0,46.0,0
41.00_65.00,2020-06-22,41.0,65.0,0.0,0.0,0.0,0.0,0.0,0.0,47.0,0
41.00_65.00,2020-06-29,41.0,65.0,0.0,0.0,0.0,0.0,0.0,0.0,48.0,0
41.00_65.00,2020-07-06,41.0,65.0,0.0,0.0,0.0,0.0,0.0,0.0,49.0,0
41.00_65.00,2020-07-13,41.0,65.0,0.0,0.0,0.0,0.0,0.0,0.0,50.0,0
41.00_65.00,2020-07-20,41.0,65.0,0.0,0.0,0.0,0.0,0.0,0.0,51.0,0
41.00_65.00,2020-07-27,41.0,65.0,0.0,0.0,0.0,0.0,0.0,0.0,52.0,0
41.00_65.00,2020-08-03,41.0,65.0,0.0,0.0,0.0,0.0,0.0,0.0,53.0,0
41.00_65.00,2020-08-10,41.0,65.0,0.0,0.0,0.0,0.0,0.0,0.0,54.0,0
41.00_65.00,2020-08-17,41.0,65.0,0.0,0.0,0.0,0.0,0.0,0.0,55.0,0
41.00_65.00,2020-08-24,41.0,65.0,0.0,0.0,0.0,0.0,0.0,0.0,56.0,0
41.00_65.00,2020-08-31,41.0,65.0,0.0,0.0,0.0,0.0,0.0,0.0,57.0,0
41.00_65.00,2020-09-07,41.0,65.0,0.0,0.0,0.0,0.0,0.0,0.0,58.0,1
41.00_65.00,2020-09-14,41.0,65.0,1.0,4.9,4.9,4.9,1.0,22387211.385683425,0.0,0
41.00_65.00,2020-09-21,41.0,65.0,0.0,0.0,0.0,4.9,1.0,22387211.385683425,1.0,0
41.00_65.00,2020-09-28,41.0,65.0,0.0,0.0,0.0,4.9,1.0,22387211.385683425,2.0,0
41.00_65.00,2020-10-05,41.0,65.0,0.0,0.0,0.0,4.9,1.0,22387211.385683425,3.0,0
41.00_65.00,2020-10-12,41.0,65.0,0.0,0.0,0.0,0.0,1.0,22387211.385683425,4.0,0
41.00_65.00,2020-10-19,41.0,65.0,0.0,0.0,0.0,0.0,1.0,22387211.385683425,5.0,0
41.00_65.00,2020-10-26,41.0,65.0,0.0,0.0,0.0,0.0,1.0,22387211.385683425,6.0,0
41.00_65.00,2020-11-02,41.0,65.0,0.0,0.0,0.0,0.0,1.0,22387211.385683425,7.0,0
41.00_65.00,2020-11-09,41.0,65.0,0.0,0.0,0.0,0.0,1.0,0.0,8.0,0
41.00_65.00,2020-11-16,41.0,65.0,0.0,0.0,0.0,0.0,1.0,0.0,9.0,0
41.00_65.00,2020-11-23,41.0,65.0,0.0,0.0,0.0,0.0,1.0,0.0,10.0,0
41.00_65.00,2020-11-30,41.0,65.0,0.0,0.0,0.0,0.0,1.0,0.0,11.0,0
41.00_65.00,2020-12-07,41.0,65.0,0.0,0.0,0.0,0.0,0.0,0.0,12.0,0
41.00_65.00,2020-12-14,41.0,65.0,0.0,0.0,0.0,0.0,0.0,0.0,13.0,0
41.00_65.00,2020-12-21,41.0,65.0,0.0,0.0,0.0,0.0,0.0,0.0,14.0,0
41.00_65.00,2020-12-28,41.0,65.0,0.0,0.0,0.0,0.0,0.0,0.0,15.0,0
41.00_65.00,2021-01-04,41.0,65.0,0.0,0.0,0.0,0.0,0.0,0.0,16.0,0
41.00_65.00,2021-01-11,41.0,65.0,0.0,0.0,0.0,0.0,0.0,0.0,17.0,0
41.00_65.00,2021-01-18,41.0,65.0,0.0,0.0,0.0,0.0,0.0,0.0,18.0,0
41.00_65.00,2021-01-25,41.0,65.0,0.0,0.0,0.0,0.0,0.0,0.0,19.0,0
41.00_65.00,2021-02-01,41.0,65.0,0.0,0.0,0.0,0.0,0.0,0.0,20.0,0
41.00_65.00,2021-02-08,41.0,65.0,0.0,0.0,0.0,0.0,0.0,0.0,21.0,0
41.00_65.00,2021-02-15,41.0,65.0,0.0,0.0,0.0,0.0,0.0,0.0,22.0,0
41.00_65.00,2021-02-22,41.0,65.0,0.0,0.0,0.0,0.0,0.0,0.0,23.0,0
41.00_65.00,2021-03-01,41.0,65.0,0.0,0.0,0.0,0.0,0.0,0.0,24.0,0
41.00_65.00,2021-03-08,41.0,65.0,0.0,0.0,0.0,0.0,0.0,0.0,25.0,0
41.00_65.00,2021-03-15,41.0,65.0,0.0,0.0,0.0,0.0,0.0,0.0,26.0,0
41.00_65.00,2021-03-22,41.0,65.0,0.0,0.0,0.0,0.0,0.0,0.0,27.0,0
41.00_65.00,2021-03-29,41.0,65.0,0.0,0.0,0.0,0.0,0.0,0.0,28.0,0
41.00_65.00,2021-04-05,41.0,65.0,0.0,0.0,0.0,0.0,0.0,0.0,29.0,0
41.00_65.00,2021-04-12,41.0,65.0,0.0,0.0,0.0,0.0,0.0,0.0,30.0,0
41.00_65.00,2021-04-19,41.0,65.0,0.0,0.0,0.0,0.0,0.0,0.0,31.0,0
41.00_65.00,2021-04-26,41.0,65.0,0.0,0.0,0.0,0.0,0.0,0.0,32.0,0
41.00_65.00,2021-05-03,41.0,65.0,0.0,0.0,0.0,0.0,0.0,0.0,33.0,0
41.00_65.00,2021-05-10,41.0,65.0,0.0,0.0,0.0,0.0,0.0,0.0,34.0,0
41.00_65.00,2021-05-17,41.0,65.0,0.0,0.0,0.0,0.0,0.0,0.0,35.0,0
41.00_65.00,2021-05-24,41.0,65.0,0.0,0.0,0.0,0.0,0.0,0.0,36.0,0
41.00_65.00,2021-05-31,41.0,65.0,0.0,0.0,0.0,0.0,0.0,0.0,37.0,0
41.00_65.00,2021-06-07,41.0,65.0,0.0,0.0,0.0,0.0,0.0,0.0,38.0,0
41.00_65.00,2021-06-14,41.0,65.0,0.0,0.0,0.0,0.0,0.0,0.0,39.0,0
41.00_65.00,2021-06-21,41.0,65.0,0.0,0.0,0.0,0.0,0.0,0.0,40.0,0
41.00_65.00,2021-06-28,41.0,65.0,0.0,0.0,0.0,0.0,0.0,0.0,41.0,0
41.00_65.00,2021-07-05,41.0,65.0,0.0,0.0,0.0,0.0,0.0,0.0,42.0,0
41.00_65.00,2021-07-12,41.0,65.0,0.0,0.0,0.0,0.0,0.0,0.0,43.0,0
41.00_65.00,2021-07-19,41.0,65.0,0.0,0.0,0.0,0.0,0.0,0.0,44.0,0
41.00_65.00,2021-07-26,41.0,65.0,0.0,0.0,0.0,0.0,0.0,0.0,45.0,0
41.00_65.00,2021-08-02,41.0,65.0,0.0,0.0,0.0,0.0,0.0,0.0,46.0,0
41.00_65.00,2021-08-09,41.0,65.0,0.0,0.0,0.0,0.0,0.0,0.0,47.0,0
41.00_65.00,2021-08-16,41.0,65.0,0.0,0.0,0.0,0.0,0.0,0.0,48.0,0
41.00_65.00,2021-08-23,41.0,65.0,0.0,0.0,0.0,0.0,0.0,0.0,49.0,0
41.00_65.00,2021-08-30,41.0,65.0,0.0,0.0,0.0,0.0,0.0,0.0,50.0,0
41.00_65.00,2021-09-06,41.0,65.0,0.0,0.0,0.0,0.0,0.0,0.0,51.0,0
41.00_65.00,2021-09-13,41.0,65.0,0.0,0.0,0.0,0.0,0.0,0.0,52.0,0
41.00_65.00,2021-09-20,41.0,65.0,0.0,0.0,0.0,0.0,0.0,0.0,53.0,0
41.00_65.00,2021-09-27,41.0,65.0,0.0,0.0,0.0,0.0,0.0,0.0,54.0,0
41.00_65.00,2021-10-04,41.0,65.0,0.0,0.0,0.0,0.0,0.0,0.0,55.0,0
41.00_65.00,2021-10-11,41.0,65.0,0.0,0.0,0.0,0.0,0.0,0.0,56.0,0
41.00_65.00,2021-10-18,41.0,65.0,0.0,0.0,0.0,0.0,0.0,0.0,57.0,0
41.00_65.00,2021-10-25,41.0,65.0,0.0,0.0,0.0,0.0,0.0,0.0,58.0,0
41.00_65.00,2021-11-01,41.0,65.0,0.0,0.0,0.0,0.0,0.0,0.0,59.0,0
41.00_65.00,2021-11-08,41.0,65.0,0.0,0.0,0.0,0.0,0.0,0.0,60.0,0
41.00_65.00,2021-11-15,41.0,65.0,0.0,0.0,0.0,0.0,0.0,0.0,61.0,0
41.00_65.00,2021-11-22,41.0,65.0,0.0,0.0,0.0,0.0,0.0,0.0,62.0,0
41.00_65.00,2021-11-29,41.0,65.0,0.0,0.0,0.0,0.0,0.0,0.0,63.0,0
41.00_65.00,2021-12-06,41.0,65.0,0.0,0.0,0.0,0.0,0.0,0.0,64.0,0
41.00_65.00,2021-12-13,41.0,65.0,0.0,0.0,0.0,0.0,0.0,0.0,65.0,0
41.00_65.00,2021-12-20,41.0,65.0,0.0,0.0,0.0,0.0,0.0,0.0,66.0,0
41.00_65.00,2021-12-27,41.0,65.0,0.0,0.0,0.0,0.0,0.0,0.0,67.0,0
41.00_65.00,2022-01-03,41.0,65.0,0.0,0.0,0.0,0.0,0.0,0.0,68.0,0
41.00_65.00,2022-01-10,41.0,65.0,0.0,0.0,0.0,0.0,0.0,0.0,69.0,0
41.00_65.00,2022-01-17,41.0,65.0,0.0,0.0,0.0,0.0,0.0,0.0,70.0,0
41.00_65.00,2022-01-24,41.0,65.0,0.0,0.0,0.0,0.0,0.0,0.0,71.0,0
41.00_65.00,2022-01-31,41.0,65.0,0.0,0.0,0.0,0.0,0.0,0.0,72.0,0
41.00_65.00,2022-02-07,41.0,65.0,0.0,0.0,0.0,0.0,0.0,0.0,73.0,0
41.00_65.00,2022-02-14,41.0,65.0,0.0,0.0,0.0,0.0,0.0,0.0,74.0,0
41.00_65.00,2022-02-21,41.0,65.0,0.0,0.0,0.0,0.0,0.0,0.0,75.0,0
41.00_65.00,2022-02-28,41.0,65.0,0.0,0.0,0.0,0.0,0.0,0.0,76.0,0
41.00_65.00,2022-03-07,41.0,65.0,0.0,0.0,0.0,0.0,0.0,0.0,77.0,0
41.00_65.00,2022-03-14,41.0,65.0,0.0,0.0,0.0,0.0,0.0,0.0,78.0,0
41.00_65.00,2022-03-21,41.0,65.0,0.0,0.0,0.0,0.0,0.0,0.0,79.0,0
41.00_65.00,2022-03-28,41.0,65.0,0.0,0.0,0.0,0.0,0.0,0.0,80.0,0
41.00_65.00,2022-04-04,41.0,65.0,0.0,0.0,0.0,0.0,0.0,0.0,81.0,0
41.00_65.00,2022-04-11,41.0,65.0,0.0,0.0,0.0,0.0,0.0,0.0,82.0,0
41.00_65.00,2022-04-18,41.0,65.0,0.0,0.0,0.0,0.0,0.0,0.0,83.0,0
41.00_65.00,2022-04-25,41.0,65.0,0.0,0.0,0.0,0.0,0.0,0.0,84.0,0
41.00_65.00,2022-05-02,41.0,65.0,0.0,0.0,0.0,0.0,0.0,0.0,85.0,0
41.00_65.00,2022-05-09,41.0,65.0,0.0,0.0,0.0,0.0,0.0,0.0,86.0,0
41.00_65.00,2022-05-16,41.0,65.0,0.0,0.0,0.0,0.0,0.0,0.0,87.0,0
41.00_65.00,2022-05-23,41.0,65.0,0.0,0.0,0.0,0.0,0.0,0.0,88.0,0
41.00_65.00,2022-05-30,41.0,65.0,0.0,0.0,0.0,0.0,0.0,0.0,89.0,0
41.00_65.00,2022-06-06,41.0,65.0,0.0,0.0,0.0,0.0,0.0,0.0,90.0,0
41.00_65.00,2022-06-13,41.0,65.0,0.0,0.0,0.0,0.0,0.0,0.0,91.0,0
41.00_65.00,2022-06-20,41.0,65.0,0.0,0.0,0.0,0.0,0.0,0.0,92.0,0
41.00_65.00,2022-06-27,41.0,65.0,0.0,0.0,0.0,0.0,0.0,0.0,93.0,0
41.00_65.00,2022-07-04,41.0,65.0,0.0,0.0,0.0,0.0,0.0,0.0,94.0,0
41.00_65.00,2022-07-11,41.0,65.0,0.0,0.0,0.0,0.0,0.0,0.0,95.0,0
41.00_65.00,2022-07-18,41.0,65.0,0.0,0.0,0.0,0.0,0.0,0.0,96.0,0
41.00_65.00,2022-07-25,41.0,65.0,0.0,0.0,0.0,0.0,0.0,0.0,97.0,0
41.00_65.00,2022-08-01,41.0,65.0,0.0,0.0,0.0,0.0,0.0,0.0,98.0,0
41.00_65.00,2022-08-08,41.0,65.0,0.0,0.0,0.0,0.0,0.0,0.0,99.0,0
41.00_65.00,2022-08-15,41.0,65.0,0.0,0.0,0.0,0.0,0.0,0.0,100.0,0
41.00_65.00,2022-08-22,41.0,65.0,0.0,0.0,0.0,0.0,0.0,0.0,101.0,0
41.00_65.00,2022-08-29,41.0,65.0,0.0,0.0,0.0,0.0,0.0,0.0,102.0,0
41.00_65.00,2022-09-05,41.0,65.0,0.0,0.0,0.0,0.0,0.0,0.0,103.0,0
41.00_65.00,2022-09-12,41.0,65.0,0.0,0.0,0.0,0.0,0.0,0.0,104.0,0
41.00_65.00,2022-09-19,41.0,65.0,0.0,0.0,0.0,0.0,0.0,0.0,105.0,0
41.00_65.00,2022-09-26,41.0,65.0,0.0,0.0,0.0,0.0,0.0,0.0,106.0,0
41.00_65.00,2022-10-03,41.0,65.0,0.0,0.0,0.0,0.0,0.0,0.0,107.0,0
41.00_65.00,2022-10-10,41.0,65.0,0.0,0.0,0.0,0.0,0.0,0.0,108.0,0
41.00_65.00,2022-10-17,41.0,65.0,0.0,0.0,0.0,0.0,0.0,0.0,109.0,0
41.00_65.00,2022-10-24,41.0,65.0,0.0,0.0,0.0,0.0,0.0,0.0,110.0,0
41.00_65.00,2022-10-31,41.0,65.0,0.0,0.0,0.0,0.0,0.0,0.0,111.0,0
41.00_65.00,2022-11-07,41.0,65.0,0.0,0.0,0.0,0.0,0.0,0.0,112.0,0
41.00_65.00,2022-11-14,41.0,65.0,0.0,0.0,0.0,0.0,0.0,0.0,113.0,0
41.00_65.00,2022-11-21,41.0,65.0,0.0,0.0,0.0,0.0,0.0,0.0,114.0,0
41.00_65.00,2022-11-28,41.0,65.0,0.0,0.0,0.0,0.0,0.0,0.0,115.0,0
41.00_65.00,2022-12-05,41.0,65.0,0.0,0.0,0.0,0.0,0.0,0.0,116.0,0
41.00_65.00,2022-12-12,41.0,65.0,0.0,0.0,0.0,0.0,0.0,0.0,117.0,0
41.00_65.00,2022-12-19,41.0,65.0,0.0,0.0,0.0,0.0,0.0,0.0,118.0,0
41.00_65.00,2022-12-26,41.0,65.0,0.0,0.0,0.0,0.0,0.0,0.0,119.0,0
41.00_65.00,2023-01-02,41.0,65.0,0.0,0.0,0.0,0.0,0.0,0.0,120.0,0
41.00_65.00,2023-01-09,41.0,65.0,0.0,0.0,0.0,0.0,0.0,0.0,121.0,0
41.00_65.00,2023-01-16,41.0,65.0,0.0,0.0,0.0,0.0,0.0,0.0,122.0,0
41.00_65.00,2023-01-23,41.0,65.0,0.0,0.0,0.0,0.0,0.0,0.0,123.0,0
41.00_65.00,2023-01-30,41.0,65.0,0.0,0.0,0.0,0.0,0.0,0.0,124.0,0
41.00_65.00,2023-02-06,41.0,65.0,0.0,0.0,0.0,0.0,0.0,0.0,125.0,0
41.00_65.00,2023-02-13,41.0,65.0,0.0,0.0,0.0,0.0,0.0,0.0,126.0,0
41.00_65.00,2023-02-20,41.0,65.0,0.0,0.0,0.0,0.0,0.0,0.0,127.0,0
41.00_65.00,2023-02-27,41.0,65.0,0.0,0.0,0.0,0.0,0.0,0.0,128.0,0
41.00_65.00,2023-03-06,41.0,65.0,0.0,0.0,0.0,0.0,0.0,0.0,129.0,0
41.00_65.00,2023-03-13,41.0,65.0,0.0,0.0,0.0,0.0,0.0,0.0,130.0,0
41.00_65.00,2023-03-20,41.0,65.0,0.0,0.0,0.0,0.0,0.0,0.0,131.0,0
41.00_65.00,2023-03-27,41.0,65.0,0.0,0.0,0.0,0.0,0.0,0.0,132.0,0
41.00_65.00,2023-04-03,41.0,65.0,0.0,0.0,0.0,0.0,0.0,0.0,133.0,0
41.00_65.00,2023-04-10,41.0,65.0,0.0,0.0,0.0,0.0,0.0,0.0,134.0,0
41.00_65.00,2023-04-17,41.0,65.0,0.0,0.0,0.0,0.0,0.0,0.0,135.0,0
41.00_65.00,2023-04-24,41.0,65.0,0.0,0.0,0.0,0.0,0.0,0.0,136.0,0
41.00_65.00,2023-05-01,41.0,65.0,0.0,0.0,0.0,0.0,0.0,0.0,137.0,0
41.00_65.00,2023-05-08,41.0,65.0,0.0,0.0,0.0,0.0,0.0,0.0,138.0,0
41.00_65.00,2023-05-15,41.0,65.0,0.0,0.0,0.0,0.0,0.0,0.0,139.0,0
41.00_65.00,2023-05-22,41.0,65.0,0.0,0.0,0.0,0.0,0.0,0.0,140.0,0
41.00_65.00,2023-05-29,41.0,65.0,0.0,0.0,0.0,0.0,0.0,0.0,141.0,0
41.00_65.00,2023-06-05,41.0,65.0,0.0,0.0,0.0,0.0,0.0,0.0,142.0,0
41.00_65.00,2023-06-12,41.0,65.0,0.0,0.0,0.0,0.0,0.0,0.0,143.0,0
41.00_65.00,2023-06-19,41.0,65.0,0.0,0.0,0.0,0.0,0.0,0.0,144.0,0
41.00_65.00,2023-06-26,41.0,65.0,0.0,0.0,0.0,0.0,0.0,0.0,145.0,0
41.00_65.00,2023-07-03,41.0,65.0,0.0,0.0,0.0,0.0,0.0,0.0,146.0,0
41.00_65.00,2023-07-10,41.0,65.0,0.0,0.0,0.0,0.0,0.0,0.0,147.0,0
41.00_65.00,2023-07-17,41.0,65.0,0.0,0.0,0.0,0.0,0.0,0.0,148.0,0
41.00_65.00,2023-07-24,41.0,65.0,0.0,0.0,0.0,0.0,0.0,0.0,149.0,0
41.00_65.00,2023-07-31,41.0,65.0,0.0,0.0,0.0,0.0,0.0,0.0,150.0,0
41.00_65.00,2023-08-07,41.0,65.0,0.0,0.0,0.0,0.0,0.0,0.0,151.0,0
41.00_65.00,2023-08-14,41.0,65.0,0.0,0.0,0.0,0.0,0.0,0.0,152.0,0
41.00_65.00,2023-08-21,41.0,65.0,0.0,0.0,0.0,0.0,0.0,0.0,153.0,0
41.00_65.00,2023-08-28,41.0,65.0,0.0,0.0,0.0,0.0,0.0,0.0,154.0,0
41.00_65.00,2023-09-04,41.0,65.0,0.0,0.0,0.0,0.0,0.0,0.0,155.0,0
41.00_65.00,2023-09-11,41.0,65.0,0.0,0.0,0.0,0.0,0.0,0.0,156.0,0
41.00_65.00,2023-09-18,41.0,65.0,0.0,0.0,0.0,0.0,0.0,0.0,157.0,0
41.00_65.00,2023-09-25,41.0,65.0,0.0,0.0,0.0,0.0,0.0,0.0,158.0,0
41.00_65.00,2023-10-02,41.0,65.0,0.0,0.0,0.0,0.0,0.0,0.0,159.0,0
41.00_65.00,2023-10-09,41.0,65.0,0.0,0.0,0.0,0.0,0.0,0.0,160.0,0
41.00_65.00,2023-10-16,41.0,65.0,0.0,0.0,0.0,0.0,0.0,0.0,161.0,0
41.00_65.00,2023-10-23,41.0,65.0,0.0,0.0,0.0,0.0,0.0,0.0,162.0,0
41.00_65.00,2023-10-30,41.0,65.0,0.0,0.0,0.0,0.0,0.0,0.0,163.0,0
41.00_65.00,2023-11-06,41.0,65.0,0.0,0.0,0.0,0.0,0.0,0.0,164.0,0
41.00_65.00,2023-11-13,41.0,65.0,0.0,0.0,0.0,0.0,0.0,0.0,165.0,0
41.00_65.00,2023-11-20,41.0,65.0,0.0,0.0,0.0,0.0,0.0,0.0,166.0,0
41.00_65.00,2023-11-27,41.0,65.0,0.0,0.0,0.0,0.0,0.0,0.0,167.0,0
41.00_65.00,2023-12-04,41.0,65.0,0.0,0.0,0.0,0.0,0.0,0.0,168.0,0
41.00_65.00,2023-12-11,41.0,65.0,0.0,0.0,0.0,0.0,0.0,0.0,169.0,0
41.00_65.00,2023-12-18,41.0,65.0,0.0,0.0,0.0,0.0,0.0,0.0,170.0,0
41.00_65.00,2023-12-25,41.0,65.0,0.0,0.0,0.0,0.0,0.0,0.0,171.0,0
41.00_68.00,2010-03-22,41.0,68.0,0.0,0.0,0.0,0.0,0.0,0.0,500.0,0
41.00_68.00,2010-03-29,41.0,68.0,0.0,0.0,0.0,0.0,0.0,0.0,500.0,0
41.00_68.00,2010-04-05,41.0,68.0,0.0,0.0,0.0,0.0,0.0,0.0,500.0,0
41.00_68.00,2010-04-12,41.0,68.0,0.0,0.0,0.0,0.0,0.0,0.0,500.0,0
41.00_68.00,2010-04-19,41.0,68.0,0.0,0.0,0.0,0.0,0.0,0.0,500.0,0
41.00_68.00,2010-04-26,41.0,68.0,0.0,0.0,0.0,0.0,0.0,0.0,500.0,0
41.00_68.00,2010-05-03,41.0,68.0,0.0,0.0,0.0,0.0,0.0,0.0,500.0,0
41.00_68.00,2010-05-10,41.0,68.0,0.0,0.0,0.0,0.0,0.0,0.0,500.0,0
41.00_68.00,2010-05-17,41.0,68.0,0.0,0.0,0.0,0.0,0.0,0.0,500.0,0
41.00_68.00,2010-05-24,41.0,68.0,0.0,0.0,0.0,0.0,0.0,0.0,500.0,0
41.00_68.00,2010-05-31,41.0,68.0,0.0,0.0,0.0,0.0,0.0,0.0,500.0,0
41.00_68.00,2010-06-07,41.0,68.0,0.0,0.0,0.0,0.0,0.0,0.0,500.0,0
41.00_68.00,2010-06-14,41.0,68.0,0.0,0.0,0.0,0.0,0.0,0.0,500.0,0
41.00_68.00,2010-06-21,41.0,68.0,0.0,0.0,0.0,0.0,0.0,0.0,500.0,0
41.00_68.00,2010-06-28,41.0,68.0,0.0,0.0,0.0,0.0,0.0,0.0,500.0,0
41.00_68.00,2010-07-05,41.0,68.0,0.0,0.0,0.0,0.0,0.0,0.0,500.0,0
41.00_68.00,2010-07-12,41.0,68.0,0.0,0.0,0.0,0.0,0.0,0.0,500.0,0
41.00_68.00,2010-07-19,41.0,68.0,0.0,0.0,0.0,0.0,0.0,0.0,500.0,0
41.00_68.00,2010-07-26,41.0,68.0,0.0,0.0,0.0,0.0,0.0,0.0,500.0,0
41.00_68.00,2010-08-02,41.0,68.0,0.0,0.0,0.0,0.0,0.0,0.0,500.0,0
41.00_68.00,2010-08-09,41.0,68.0,0.0,0.0,0.0,0.0,0.0,0.0,500.0,0
41.00_68.00,2010-08-16,41.0,68.0,0.0,0.0,0.0,0.0,0.0,0.0,500.0,0
41.00_68.00,2010-08-23,41.0,68.0,0.0,0.0,0.0,0.0,0.0,0.0,500.0,0
41.00_68.00,2010-08-30,41.0,68.0,0.0,0.0,0.0,0.0,0.0,0.0,500.0,0
41.00_68.00,2010-09-06,41.0,68.0,0.0,0.0,0.0,0.0,0.0,0.0,500.0,0
41.00_68.00,2010-09-13,41.0,68.0,0.0,0.0,0.0,0.0,0.0,0.0,500.0,0
41.00_68.00,2010-09-20,41.0,68.0,0.0,0.0,0.0,0.0,0.0,0.0,500.0,0
41.00_68.00,2010-09-27,41.0,68.0,0.0,0.0,0.0,0.0,0.0,0.0,500.0,0
41.00_68.00,2010-10-04,41.0,68.0,0.0,0.0,0.0,0.0,0.0,0.0,500.0,0
41.00_68.00,2010-10-11,41.0,68.0,0.0,0.0,0.0,0.0,0.0,0.0,500.0,0
41.00_68.00,2010-10-18,41.0,68.0,0.0,0.0,0.0,0.0,0.0,0.0,500.0,0
41.00_68.00,2010-10-25,41.0,68.0,0.0,0.0,0.0,0.0,0.0,0.0,500.0,0
41.00_68.00,2010-11-01,41.0,68.0,0.0,0.0,0.0,0.0,0.0,0.0,500.0,0
41.00_68.00,2010-11-08,41.0,68.0,0.0,0.0,0.0,0.0,0.0,0.0,500.0,0
41.00_68.00,2010-11-15,41.0,68.0,0.0,0.0,0.0,0.0,0.0,0.0,500.0,0
41.00_68.00,2010-11-22,41.0,68.0,0.0,0.0,0.0,0.0,0.0,0.0,500.0,0
41.00_68.00,2010-11-29,41.0,68.0,0.0,0.0,0.0,0.0,0.0,0.0,500.0,0
41.00_68.00,2010-12-06,41.0,68.0,0.0,0.0,0.0,0.0,0.0,0.0,500.0,0
41.00_68.00,2010-12-13,41.0,68.0,0.0,0.0,0.0,0.0,0.0,0.0,500.0,0
41.00_68.00,2010-12-20,41.0,68.0,0.0,0.0,0.0,0.0,0.0,0.0,500.0,0
41.00_68.00,2010-12-27,41.0,68.0,0.0,0.0,0.0,0.0,0.0,0.0,500.0,0
41.00_68.00,2011-01-03,41.0,68.0,0.0,0.0,0.0,0.0,0.0,0.0,500.0,0
41.00_68.00,2011-01-10,41.0,68.0,0.0,0.0,0.0,0.0,0.0,0.0,500.0,0
41.00_68.00,2011-01-17,41.0,68.0,0.0,0.0,0.0,0.0,0.0,0.0,500.0,0
41.00_68.00,2011-01-24,41.0,68.0,0.0,0.0,0.0,0.0,0.0,0.0,500.0,0
41.00_68.00,2011-01-31,41.0,68.0,0.0,0.0,0.0,0.0,0.0,0.0,500.0,0
41.00_68.00,2011-02-07,41.0,68.0,0.0,0.0,0.0,0.0,0.0,0.0,500.0,0
41.00_68.00,2011-02-14,41.0,68.0,0.0,0.0,0.0,0.0,0.0,0.0,500.0,0
41.00_68.00,2011-02-21,41.0,68.0,0.0,0.0,0.0,0.0,0.0,0.0,500.0,0
41.00_68.00,2011-02-28,41.0,68.0,0.0,0.0,0.0,0.0,0.0,0.0,500.0,0
41.00_68.00,2011-03-07,41.0,68.0,0.0,0.0,0.0,0.0,0.0,0.0,500.0,0
41.00_68.00,2011-03-14,41.0,68.0,0.0,0.0,0.0,0.0,0.0,0.0,500.0,0
41.00_68.00,2011-03-21,41.0,68.0,0.0,0.0,0.0,0.0,0.0,0.0,500.0,0
41.00_68.00,2011-03-28,41.0,68.0,0.0,0.0,0.0,0.0,0.0,0.0,500.0,0
41.00_68.00,2011-04-04,41.0,68.0,0.0,0.0,0.0,0.0,0.0,0.0,500.0,0
41.00_68.00,2011-04-11,41.0,68.0,0.0,0.0,0.0,0.0,0.0,0.0,500.0,0
41.00_68.00,2011-04-18,41.0,68.0,0.0,0.0,0.0,0.0,0.0,0.0,500.0,0
41.00_68.00,2011-04-25,41.0,68.0,0.0,0.0,0.0,0.0,0.0,0.0,500.0,0
41.00_68.00,2011-05-02,41.0,68.0,0.0,0.0,0.0,0.0,0.0,0.0,500.0,0
41.00_68.00,2011-05-09,41.0,68.0,0.0,0.0,0.0,0.0,0.0,0.0,500.0,0
41.00_68.00,2011-05-16,41.0,68.0,0.0,0.0,0.0,0.0,0.0,0.0,500.0,0
41.00_68.00,2011-05-23,41.0,68.0,0.0,0.0,0.0,0.0,0.0,0.0,500.0,0
41.00_68.00,2011-05-30,41.0,68.0,0.0,0.0,0.0,0.0,0.0,0.0,500.0,0
41.00_68.00,2011-06-06,41.0,68.0,0.0,0.0,0.0,0.0,0.0,0.0,500.0,0
41.00_68.00,2011-06-13,41.0,68.0,0.0,0.0,0.0,0.0,0.0,0.0,500.0,0
41.00_68.00,2011-06-20,41.0,68.0,0.0,0.0,0.0,0.0,0.0,0.0,500.0,0
41.00_68.00,2011-06-27,41.0,68.0,0.0,0.0,0.0,0.0,0.0,0.0,500.0,0
41.00_68.00,2011-07-04,41.0,68.0,0.0,0.0,0.0,0.0,0.0,0.0,500.0,0
41.00_68.00,2011-07-11,41.0,68.0,0.0,0.0,0.0,0.0,0.0,0.0,500.0,0
41.00_68.00,2011-07-18,41.0,68.0,0.0,0.0,0.0,0.0,0.0,0.0,500.0,0
41.00_68.00,2011-07-25,41.0,68.0,0.0,0.0,0.0,0.0,0.0,0.0,500.0,0
41.00_68.00,2011-08-01,41.0,68.0,0.0,0.0,0.0,0.0,0.0,0.0,500.0,0
41.00_68.00,2011-08-08,41.0,68.0,0.0,0.0,0.0,0.0,0.0,0.0,500.0,0
41.00_68.00,2011-08-15,41.0,68.0,0.0,0.0,0.0,0.0,0.0,0.0,500.0,0
41.00_68.00,2011-08-22,41.0,68.0,0.0,0.0,0.0,0.0,0.0,0.0,500.0,0
41.00_68.00,2011-08-29,41.0,68.0,0.0,0.0,0.0,0.0,0.0,0.0,500.0,0
41.00_68.00,2011-09-05,41.0,68.0,0.0,0.0,0.0,0.0,0.0,0.0,500.0,0
41.00_68.00,2011-09-12,41.0,68.0,0.0,0.0,0.0,0.0,0.0,0.0,500.0,0
41.00_68.00,2011-09-19,41.0,68.0,0.0,0.0,0.0,0.0,0.0,0.0,500.0,0
41.00_68.00,2011-09-26,41.0,68.0,0.0,0.0,0.0,0.0,0.0,0.0,500.0,0
41.00_68.00,2011-10-03,41.0,68.0,0.0,0.0,0.0,0.0,0.0,0.0,500.0,0
41.00_68.00,2011-10-10,41.0,68.0,0.0,0.0,0.0,0.0,0.0,0.0,500.0,0
41.00_68.00,2011-10-17,41.0,68.0,0.0,0.0,0.0,0.0,0.0,0.0,500.0,0
41.00_68.00,2011-10-24,41.0,68.0,0.0,0.0,0.0,0.0,0.0,0.0,500.0,0
41.00_68.00,2011-10-31,41.0,68.0,0.0,0.0,0.0,0.0,0.0,0.0,500.0,0
41.00_68.00,2011-11-07,41.0,68.0,0.0,0.0,0.0,0.0,0.0,0.0,500.0,0
41.00_68.00,2011-11-14,41.0,68.0,0.0,0.0,0.0,0.0,0.0,0.0,500.0,0
41.00_68.00,2011-11-21,41.0,68.0,0.0,0.0,0.0,0.0,0.0,0.0,500.0,0
41.00_68.00,2011-11-28,41.0,68.0,0.0,0.0,0.0,0.0,0.0,0.0,500.0,0
41.00_68.00,2011-12-05,41.0,68.0,0.0,0.0,0.0,0.0,0.0,0.0,500.0,0
41.00_68.00,2011-12-12,41.0,68.0,0.0,0.0,0.0,0.0,0.0,0.0,500.0,0
41.00_68.00,2011-12-19,41.0,68.0,0.0,0.0,0.0,0.0,0.0,0.0,500.0,0
41.00_68.00,2011-12-26,41.0,68.0,0.0,0.0,0.0,0.0,0.0,0.0,500.0,0
41.00_68.00,2012-01-02,41.0,68.0,0.0,0.0,0.0,0.0,0.0,0.0,500.0,0
41.00_68.00,2012-01-09,41.0,68.0,0.0,0.0,0.0,0.0,0.0,0.0,500.0,0
41.00_68.00,2012-01-16,41.0,68.0,0.0,0.0,0.0,0.0,0.0,0.0,500.0,0
41.00_68.00,2012-01-23,41.0,68.0,0.0,0.0,0.0,0.0,0.0,0.0,500.0,0
41.00_68.00,2012-01-30,41.0,68.0,0.0,0.0,0.0,0.0,0.0,0.0,500.0,0
41.00_68.00,2012-02-06,41.0,68.0,0.0,0.0,0.0,0.0,0.0,0.0,500.0,0
41.00_68.00,2012-02-13,41.0,68.0,0.0,0.0,0.0,0.0,0.0,0.0,500.0,0
41.00_68.00,2012-02-20,41.0,68.0,0.0,0.0,0.0,0.0,0.0,0.0,500.0,0
41.00_68.00,2012-02-27,41.0,68.0,0.0,0.0,0.0,0.0,0.0,0.0,500.0,0
41.00_68.00,2012-03-05,41.0,68.0,0.0,0.0,0.0,0.0,0.0,0.0,500.0,0
41.00_68.00,2012-03-12,41.0,68.0,0.0,0.0,0.0,0.0,0.0,0.0,500.0,0
41.00_68.00,2012-03-19,41.0,68.0,0.0,0.0,0.0,0.0,0.0,0.0,500.0,0
41.00_68.00,2012-03-26,41.0,68.0,0.0,0.0,0.0,0.0,0.0,0.0,500.0,0
41.00_68.00,2012-04-02,41.0,68.0,0.0,0.0,0.0,0.0,0.0,0.0,500.0,0
41.00_68.00,2012-04-09,41.0,68.0,0.0,0.0,0.0,0.0,0.0,0.0,500.0,0
41.00_68.00,2012-04-16,41.0,68.0,0.0,0.0,0.0,0.0,0.0,0.0,500.0,0
41.00_68.00,2012-04-23,41.0,68.0,0.0,0.0,0.0,0.0,0.0,0.0,500.0,0
41.00_68.00,2012-04-30,41.0,68.0,0.0,0.0,0.0,0.0,0.0,0.0,500.0,0
41.00_68.00,2012-05-07,41.0,68.0,0.0,0.0,0.0,0.0,0.0,0.0,500.0,0
41.00_68.00,2012-05-14,41.0,68.0,0.0,0.0,0.0,0.0,0.0,0.0,500.0,0
41.00_68.00,2012-05-21,41.0,68.0,0.0,0.0,0.0,0.0,0.0,0.0,500.0,0
41.00_68.00,2012-05-28,41.0,68.0,0.0,0.0,0.0,0.0,0.0,0.0,500.0,0
41.00_68.00,2012-06-04,41.0,68.0,0.0,0.0,0.0,0.0,0.0,0.0,500.0,1
41.00_68.00,2012-06-11,41.0,68.0,1.0,4.5,4.5,4.5,1.0,5623413.251903491,0.0,0
41.00_68.00,2012-06-18,41.0,68.0,0.0,0.0,0.0,4.5,1.0,5623413.251903491,1.0,0
41.00_68.00,2012-06-25,41.0,68.0,0.0,0.0,0.0,4.5,1.0,5623413.251903491,2.0,0
41.00_68.00,2012-07-02,41.0,68.0,0.0,0.0,0.0,4.5,1.0,5623413.251903491,3.0,0
41.00_68.00,2012-07-09,41.0,68.0,0.0,0.0,0.0,0.0,1.0,5623413.251903491,4.0,0
41.00_68.00,2012-07-16,41.0,68.0,0.0,0.0,0.0,0.0,1.0,5623413.251903491,5.0,0
41.00_68.00,2012-07-23,41.0,68.0,0.0,0.0,0.0,0.0,1.0,5623413.251903491,6.0,0
41.00_68.00,2012-07-30,41.0,68.0,0.0,0.0,0.0,0.0,1.0,5623413.251903491,7.0,0
41.00_68.00,2012-08-06,41.0,68.0,0.0,0.0,0.0,0.0,1.0,0.0,8.0,0
41.00_68.00,2012-08-13,41.0,68.0,0.0,0.0,0.0,0.0,1.0,0.0,9.0,0
41.00_68.00,2012-08-20,41.0,68.0,0.0,0.0,0.0,0.0,1.0,0.0,10.0,0
41.00_68.00,2012-08-27,41.0,68.0,0.0,0.0,0.0,0.0,1.0,0.0,11.0,0
41.00_68.00,2012-09-03,41.0,68.0,0.0,0.0,0.0,0.0,0.0,0.0,12.0,0
41.00_68.00,2012-09-10,41.0,68.0,0.0,0.0,0.0,0.0,0.0,0.0,13.0,0
41.00_68.00,2012-09-17,41.0,68.0,0.0,0.0,0.0,0.0,0.0,0.0,14.0,0
41.00_68.00,2012-09-24,41.0,68.0,0.0,0.0,0.0,0.0,0.0,0.0,15.0,0
41.00_68.00,2012-10-01,41.0,68.0,0.0,0.0,0.0,0.0,0.0,0.0,16.0,0
41.00_68.00,2012-10-08,41.0,68.0,0.0,0.0,0.0,0.0,0.0,0.0,17.0,0
41.00_68.00,2012-10-15,41.0,68.0,0.0,0.0,0.0,0.0,0.0,0.0,18.0,0
41.00_68.00,2012-10-22,41.0,68.0,0.0,0.0,0.0,0.0,0.0,0.0,19.0,0
41.00_68.00,2012-10-29,41.0,68.0,0.0,0.0,0.0,0.0,0.0,0.0,20.0,0
41.00_68.00,2012-11-05,41.0,68.0,0.0,0.0,0.0,0.0,0.0,0.0,21.0,0
41.00_68.00,2012-11-12,41.0,68.0,0.0,0.0,0.0,0.0,0.0,0.0,22.0,0
41.00_68.00,2012-11-19,41.0,68.0,0.0,0.0,0.0,0.0,0.0,0.0,23.0,0
41.00_68.00,2012-11-26,41.0,68.0,0.0,0.0,0.0,0.0,0.0,0.0,24.0,0
41.00_68.00,2012-12-03,41.0,68.0,0.0,0.0,0.0,0.0,0.0,0.0,25.0,0
41.00_68.00,2012-12-10,41.0,68.0,0.0,0.0,0.0,0.0,0.0,0.0,26.0,0
41.00_68.00,2012-12-17,41.0,68.0,0.0,0.0,0.0,0.0,0.0,0.0,27.0,0
41.00_68.00,2012-12-24,41.0,68.0,0.0,0.0,0.0,0.0,0.0,0.0,28.0,0
41.00_68.00,2012-12-31,41.0,68.0,0.0,0.0,0.0,0.0,0.0,0.0,29.0,0
41.00_68.00,2013-01-07,41.0,68.0,0.0,0.0,0.0,0.0,0.0,0.0,30.0,0
41.00_68.00,2013-01-14,41.0,68.0,0.0,0.0,0.0,0.0,0.0,0.0,31.0,0
41.00_68.00,2013-01-21,41.0,68.0,0.0,0.0,0.0,0.0,0.0,0.0,32.0,0
41.00_68.00,2013-01-28,41.0,68.0,0.0,0.0,0.0,0.0,0.0,0.0,33.0,0
41.00_68.00,2013-02-04,41.0,68.0,0.0,0.0,0.0,0.0,0.0,0.0,34.0,0
41.00_68.00,2013-02-11,41.0,68.0,0.0,0.0,0.0,0.0,0.0,0.0,35.0,0
41.00_68.00,2013-02-18,41.0,68.0,0.0,0.0,0.0,0.0,0.0,0.0,36.0,0
41.00_68.00,2013-02-25,41.0,68.0,0.0,0.0,0.0,0.0,0.0,0.0,37.0,0
41.00_68.00,2013-03-04,41.0,68.0,0.0,0.0,0.0,0.0,0.0,0.0,38.0,0
41.00_68.00,2013-03-11,41.0,68.0,0.0,0.0,0.0,0.0,0.0,0.0,39.0,0
41.00_68.00,2013-03-18,41.0,68.0,0.0,0.0,0.0,0.0,0.0,0.0,40.0,0
41.00_68.00,2013-03-25,41.0,68.0,0.0,0.0,0.0,0.0,0.0,0.0,41.0,0
41.00_68.00,2013-04-01,41.0,68.0,0.0,0.0,0.0,0.0,0.0,0.0,42.0,0
41.00_68.00,2013-04-08,41.0,68.0,0.0,0.0,0.0,0.0,0.0,0.0,43.0,0
41.00_68.00,2013-04-15,41.0,68.0,0.0,0.0,0.0,0.0,0.0,0.0,44.0,0
41.00_68.00,2013-04-22,41.0,68.0,0.0,0.0,0.0,0.0,0.0,0.0,45.0,0
41.00_68.00,2013-04-29,41.0,68.0,0.0,0.0,0.0,0.0,0.0,0.0,46.0,0
41.00_68.00,2013-05-06,41.0,68.0,0.0,0.0,0.0,0.0,0.0,0.0,47.0,0
41.00_68.00,2013-05-13,41.0,68.0,0.0,0.0,0.0,0.0,0.0,0.0,48.0,0
41.00_68.00,2013-05-20,41.0,68.0,0.0,0.0,0.0,0.0,0.0,0.0,49.0,0
41.00_68.00,2013-05-27,41.0,68.0,0.0,0.0,0.0,0.0,0.0,0.0,50.0,0
41.00_68.00,2013-06-03,41.0,68.0,0.0,0.0,0.0,0.0,0.0,0.0,51.0,0
41.00_68.00,2013-06-10,41.0,68.0,0.0,0.0,0.0,0.0,0.0,0.0,52.0,0
41.00_68.00,2013-06-17,41.0,68.0,0.0,0.0,0.0,0.0,0.0,0.0,53.0,0
41.00_68.00,2013-06-24,41.0,68.0,0.0,0.0,0.0,0.0,0.0,0.0,54.0,0
41.00_68.00,2013-07-01,41.0,68.0,0.0,0.0,0.0,0.0,0.0,0.0,55.0,0
41.00_68.00,2013-07-08,41.0,68.0,0.0,0.0,0.0,0.0,0.0,0.0,56.0,0
41.00_68.00,2013-07-15,41.0,68.0,0.0,0.0,0.0,0.0,0.0,0.0,57.0,0
41.00_68.00,2013-07-22,41.0,68.0,0.0,0.0,0.0,0.0,0.0,0.0,58.0,0
41.00_68.00,2013-07-29,41.0,68.0,0.0,0.0,0.0,0.0,0.0,0.0,59.0,0
41.00_68.00,2013-08-05,41.0,68.0,0.0,0.0,0.0,0.0,0.0,0.0,60.0,0
41.00_68.00,2013-08-12,41.0,68.0,0.0,0.0,0.0,0.0,0.0,0.0,61.0,0
41.00_68.00,2013-08-19,41.0,68.0,0.0,0.0,0.0,0.0,0.0,0.0,62.0,0
41.00_68.00,2013-08-26,41.0,68.0,0.0,0.0,0.0,0.0,0.0,0.0,63.0,0
41.00_68.00,2013-09-02,41.0,68.0,0.0,0.0,0.0,0.0,0.0,0.0,64.0,0
41.00_68.00,2013-09-09,41.0,68.0,0.0,0.0,0.0,0.0,0.0,0.0,65.0,0
41.00_68.00,2013-09-16,41.0,68.0,0.0,0.0,0.0,0.0,0.0,0.0,66.0,0
41.00_68.00,2013-09-23,41.0,68.0,0.0,0.0,0.0,0.0,0.0,0.0,67.0,1
41.00_68.00,2013-09-30,41.0,68.0,1.0,4.6,4.6,4.6,1.0,7943282.347242805,0.0,0
41.00_68.00,2013-10-07,41.0,68.0,0.0,0.0,0.0,4.6,1.0,7943282.347242805,1.0,0
41.00_68.00,2013-10-14,41.0,68.0,0.0,0.0,0.0,4.6,1.0,7943282.347242805,2.0,0
41.00_68.00,2013-10-21,41.0,68.0,0.0,0.0,0.0,4.6,1.0,7943282.347242805,3.0,0
41.00_68.00,2013-10-28,41.0,68.0,0.0,0.0,0.0,0.0,1.0,7943282.347242805,4.0,0
41.00_68.00,2013-11-04,41.0,68.0,0.0,0.0,0.0,0.0,1.0,7943282.347242805,5.0,0
41.00_68.00,2013-11-11,41.0,68.0,0.0,0.0,0.0,0.0,1.0,7943282.347242805,6.0,0
41.00_68.00,2013-11-18,41.0,68.0,0.0,0.0,0.0,0.0,1.0,7943282.347242805,7.0,0
41.00_68.00,2013-11-25,41.0,68.0,0.0,0.0,0.0,0.0,1.0,0.0,8.0,0
41.00_68.00,2013-12-02,41.0,68.0,0.0,0.0,0.0,0.0,1.0,0.0,9.0,0
41.00_68.00,2013-12-09,41.0,68.0,0.0,0.0,0.0,0.0,1.0,0.0,10.0,0
41.00_68.00,2013-12-16,41.0,68.0,0.0,0.0,0.0,0.0,1.0,0.0,11.0,0
41.00_68.00,2013-12-23,41.0,68.0,0.0,0.0,0.0,0.0,0.0,0.0,12.0,0
41.00_68.00,2013-12-30,41.0,68.0,0.0,0.0,0.0,0.0,0.0,0.0,13.0,0
41.00_68.00,2014-01-06,41.0,68.0,0.0,0.0,0.0,0.0,0.0,0.0,14.0,0
41.00_68.00,2014-01-13,41.0,68.0,0.0,0.0,0.0,0.0,0.0,0.0,15.0,0
41.00_68.00,2014-01-20,41.0,68.0,0.0,0.0,0.0,0.0,0.0,0.0,16.0,0
41.00_68.00,2014-01-27,41.0,68.0,0.0,0.0,0.0,0.0,0.0,0.0,17.0,0
41.00_68.00,2014-02-03,41.0,68.0,0.0,0.0,0.0,0.0,0.0,0.0,18.0,0
41.00_68.00,2014-02-10,41.0,68.0,0.0,0.0,0.0,0.0,0.0,0.0,19.0,0
41.00_68.00,2014-02-17,41.0,68.0,0.0,0.0,0.0,0.0,0.0,0.0,20.0,0
41.00_68.00,2014-02-24,41.0,68.0,0.0,0.0,0.0,0.0,0.0,0.0,21.0,0
41.00_68.00,2014-03-03,41.0,68.0,0.0,0.0,0.0,0.0,0.0,0.0,22.0,0
41.00_68.00,2014-03-10,41.0,68.0,0.0,0.0,0.0,0.0,0.0,0.0,23.0,0
41.00_68.00,2014-03-17,41.0,68.0,0.0,0.0,0.0,0.0,0.0,0.0,24.0,0
41.00_68.00,2014-03-24,41.0,68.0,0.0,0.0,0.0,0.0,0.0,0.0,25.0,0
41.00_68.00,2014-03-31,41.0,68.0,0.0,0.0,0.0,0.0,0.0,0.0,26.0,0
41.00_68.00,2014-04-07,41.0,68.0,0.0,0.0,0.0,0.0,0.0,0.0,27.0,0
41.00_68.00,2014-04-14,41.0,68.0,0.0,0.0,0.0,0.0,0.0,0.0,28.0,0
41.00_68.00,2014-04-21,41.0,68.0,0.0,0.0,0.0,0.0,0.0,0.0,29.0,0
41.00_68.00,2014-04-28,41.0,68.0,0.0,0.0,0.0,0.0,0.0,0.0,30.0,0
41.00_68.00,2014-05-05,41.0,68.0,0.0,0.0,0.0,0.0,0.0,0.0,31.0,0
41.00_68.00,2014-05-12,41.0,68.0,0.0,0.0,0.0,0.0,0.0,0.0,32.0,0
41.00_68.00,2014-05-19,41.0,68.0,0.0,0.0,0.0,0.0,0.0,0.0,33.0,0
41.00_68.00,2014-05-26,41.0,68.0,0.0,0.0,0.0,0.0,0.0,0.0,34.0,0
41.00_68.00,2014-06-02,41.0,68.0,0.0,0.0,0.0,0.0,0.0,0.0,35.0,0
41.00_68.00,2014-06-09,41.0,68.0,0.0,0.0,0.0,0.0,0.0,0.0,36.0,0
41.00_68.00,2014-06-16,41.0,68.0,0.0,0.0,0.0,0.0,0.0,0.0,37.0,0
41.00_68.00,2014-06-23,41.0,68.0,0.0,0.0,0.0,0.0,0.0,0.0,38.0,0
41.00_68.00,2014-06-30,41.0,68.0,0.0,0.0,0.0,0.0,0.0,0.0,39.0,0
41.00_68.00,2014-07-07,41.0,68.0,0.0,0.0,0.0,0.0,0.0,0.0,40.0,0
41.00_68.00,2014-07-14,41.0,68.0,0.0,0.0,0.0,0.0,0.0,0.0,41.0,0
41.00_68.00,2014-07-21,41.0,68.0,0.0,0.0,0.0,0.0,0.0,0.0,42.0,0
41.00_68.00,2014-07-28,41.0,68.0,0.0,0.0,0.0,0.0,0.0,0.0,43.0,0
41.00_68.00,2014-08-04,41.0,68.0,0.0,0.0,0.0,0.0,0.0,0.0,44.0,0
41.00_68.00,2014-08-11,41.0,68.0,0.0,0.0,0.0,0.0,0.0,0.0,45.0,0
41.00_68.00,2014-08-18,41.0,68.0,0.0,0.0,0.0,0.0,0.0,0.0,46.0,0
41.00_68.00,2014-08-25,41.0,68.0,0.0,0.0,0.0,0.0,0.0,0.0,47.0,0
41.00_68.00,2014-09-01,41.0,68.0,0.0,0.0,0.0,0.0,0.0,0.0,48.0,0
41.00_68.00,2014-09-08,41.0,68.0,0.0,0.0,0.0,0.0,0.0,0.0,49.0,0
41.00_68.00,2014-09-15,41.0,68.0,0.0,0.0,0.0,0.0,0.0,0.0,50.0,0
41.00_68.00,2014-09-22,41.0,68.0,0.0,0.0,0.0,0.0,0.0,0.0,51.0,0
41.00_68.00,2014-09-29,41.0,68.0,0.0,0.0,0.0,0.0,0.0,0.0,52.0,0
41.00_68.00,2014-10-06,41.0,68.0,0.0,0.0,0.0,0.0,0.0,0.0,53.0,0
41.00_68.00,2014-10-13,41.0,68.0,0.0,0.0,0.0,0.0,0.0,0.0,54.0,0
41.00_68.00,2014-10-20,41.0,68.0,0.0,0.0,0.0,0.0,0.0,0.0,55.0,0
41.00_68.00,2014-10-27,41.0,68.0,0.0,0.0,0.0,0.0,0.0,0.0,56.0,0
41.00_68.00,2014-11-03,41.0,68.0,0.0,0.0,0.0,0.0,0.0,0.0,57.0,0
41.00_68.00,2014-11-10,41.0,68.0,0.0,0.0,0.0,0.0,0.0,0.0,58.0,0
41.00_68.00,2014-11-17,41.0,68.0,0.0,0.0,0.0,0.0,0.0,0.0,59.0,0
41.00_68.00,2014-11-24,41.0,68.0,0.0,0.0,0.0,0.0,0.0,0.0,60.0,0
41.00_68.00,2014-12-01,41.0,68.0,0.0,0.0,0.0,0.0,0.0,0.0,61.0,0
41.00_68.00,2014-12-08,41.0,68.0,0.0,0.0,0.0,0.0,0.0,0.0,62.0,0
41.00_68.00,2014-12-15,41.0,68.0,0.0,0.0,0.0,0.0,0.0,0.0,63.0,0
41.00_68.00,2014-12-22,41.0,68.0,0.0,0.0,0.0,0.0,0.0,0.0,64.0,0
41.00_68.00,2014-12-29,41.0,68.0,0.0,0.0,0.0,0.0,0.0,0.0,65.0,0
41.00_68.00,2015-01-05,41.0,68.0,0.0,0.0,0.0,0.0,0.0,0.0,66.0,0
41.00_68.00,2015-01-12,41.0,68.0,0.0,0.0,0.0,0.0,0.0,0.0,67.0,0
41.00_68.00,2015-01-19,41.0,68.0,0.0,0.0,0.0,0.0,0.0,0.0,68.0,0
41.00_68.00,2015-01-26,41.0,68.0,0.0,0.0,0.0,0.0,0.0,0.0,69.0,0
41.00_68.00,2015-02-02,41.0,68.0,0.0,0.0,0.0,0.0,0.0,0.0,70.0,0
41.00_68.00,2015-02-09,41.0,68.0,0.0,0.0,0.0,0.0,0.0,0.0,71.0,0
41.00_68.00,2015-02-16,41.0,68.0,0.0,0.0,0.0,0.0,0.0,0.0,72.0,0
41.00_68.00,2015-02-23,41.0,68.0,0.0,0.0,0.0,0.0,0.0,0.0,73.0,0
41.00_68.00,2015-03-02,41.0,68.0,0.0,0.0,0.0,0.0,0.0,0.0,74.0,0
41.00_68.00,2015-03-09,41.0,68.0,0.0,0.0,0.0,0.0,0.0,0.0,75.0,0
41.00_68.00,2015-03-16,41.0,68.0,0.0,0.0,0.0,0.0,0.0,0.0,76.0,0
41.00_68.00,2015-03-23,41.0,68.0,0.0,0.0,0.0,0.0,0.0,0.0,77.0,0
41.00_68.00,2015-03-30,41.0,68.0,0.0,0.0,0.0,0.0,0.0,0.0,78.0,0
41.00_68.00,2015-04-06,41.0,68.0,0.0,0.0,0.0,0.0,0.0,0.0,79.0,0
41.00_68.00,2015-04-13,41.0,68.0,0.0,0.0,0.0,0.0,0.0,0.0,80.0,0
41.00_68.00,2015-04-20,41.0,68.0,0.0,0.0,0.0,0.0,0.0,0.0,81.0,0
41.00_68.00,2015-04-27,41.0,68.0,0.0,0.0,0.0,0.0,0.0,0.0,82.0,0
41.00_68.00,2015-05-04,41.0,68.0,0.0,0.0,0.0,0.0,0.0,0.0,83.0,0
41.00_68.00,2015-05-11,41.0,68.0,0.0,0.0,0.0,0.0,0.0,0.0,84.0,0
41.00_68.00,2015-05-18,41.0,68.0,0.0,0.0,0.0,0.0,0.0,0.0,85.0,0
41.00_68.00,2015-05-25,41.0,68.0,0.0,0.0,0.0,0.0,0.0,0.0,86.0,0
41.00_68.00,2015-06-01,41.0,68.0,0.0,0.0,0.0,0.0,0.0,0.0,87.0,0
41.00_68.00,2015-06-08,41.0,68.0,0.0,0.0,0.0,0.0,0.0,0.0,88.0,0
41.00_68.00,2015-06-15,41.0,68.0,0.0,0.0,0.0,0.0,0.0,0.0,89.0,0
41.00_68.00,2015-06-22,41.0,68.0,0.0,0.0,0.0,0.0,0.0,0.0,90.0,0
41.00_68.00,2015-06-29,41.0,68.0,0.0,0.0,0.0,0.0,0.0,0.0,91.0,0
41.00_68.00,2015-07-06,41.0,68.0,0.0,0.0,0.0,0.0,0.0,0.0,92.0,0
41.00_68.00,2015-07-13,41.0,68.0,0.0,0.0,0.0,0.0,0.0,0.0,93.0,0
41.00_68.00,2015-07-20,41.0,68.0,0.0,0.0,0.0,0.0,0.0,0.0,94.0,0
41.00_68.00,2015-07-27,41.0,68.0,0.0,0.0,0.0,0.0,0.0,0.0,95.0,0
41.00_68.00,2015-08-03,41.0,68.0,0.0,0.0,0.0,0.0,0.0,0.0,96.0,0
41.00_68.00,2015-08-10,41.0,68.0,0.0,0.0,0.0,0.0,0.0,0.0,97.0,0
41.00_68.00,2015-08-17,41.0,68.0,0.0,0.0,0.0,0.0,0.0,0.0,98.0,0
41.00_68.00,2015-08-24,41.0,68.0,0.0,0.0,0.0,0.0,0.0,0.0,99.0,0
41.00_68.00,2015-08-31,41.0,68.0,0.0,0.0,0.0,0.0,0.0,0.0,100.0,0
41.00_68.00,2015-09-07,41.0,68.0,0.0,0.0,0.0,0.0,0.0,0.0,101.0,0
41.00_68.00,2015-09-14,41.0,68.0,0.0,0.0,0.0,0.0,0.0,0.0,102.0,0
41.00_68.00,2015-09-21,41.0,68.0,0.0,0.0,0.0,0.0,0.0,0.0,103.0,0
41.00_68.00,2015-09-28,41.0,68.0,0.0,0.0,0.0,0.0,0.0,0.0,104.0,0
41.00_68.00,2015-10-05,41.0,68.0,0.0,0.0,0.0,0.0,0.0,0.0,105.0,0
41.00_68.00,2015-10-12,41.0,68.0,0.0,0.0,0.0,0.0,0.0,0.0,106.0,0
41.00_68.00,2015-10-19,41.0,68.0,0.0,0.0,0.0,0.0,0.0,0.0,107.0,0
41.00_68.00,2015-10-26,41.0,68.0,0.0,0.0,0.0,0.0,0.0,0.0,108.0,0
41.00_68.00,2015-11-02,41.0,68.0,0.0,0.0,0.0,0.0,0.0,0.0,109.0,0
41.00_68.00,2015-11-09,41.0,68.0,0.0,0.0,0.0,0.0,0.0,0.0,110.0,0
41.00_68.00,2015-11-16,41.0,68.0,0.0,0.0,0.0,0.0,0.0,0.0,111.0,0
41.00_68.00,2015-11-23,41.0,68.0,0.0,0.0,0.0,0.0,0.0,0.0,112.0,0
41.00_68.00,2015-11-30,41.0,68.0,0.0,0.0,0.0,0.0,0.0,0.0,113.0,0
41.00_68.00,2015-12-07,41.0,68.0,0.0,0.0,0.0,0.0,0.0,0.0,114.0,0
41.00_68.00,2015-12-14,41.0,68.0,0.0,0.0,0.0,0.0,0.0,0.0,115.0,0
41.00_68.00,2015-12-21,41.0,68.0,0.0,0.0,0.0,0.0,0.0,0.0,116.0,0
41.00_68.00,2015-12-28,41.0,68.0,0.0,0.0,0.0,0.0,0.0,0.0,117.0,0
41.00_68.00,2016-01-04,41.0,68.0,0.0,0.0,0.0,0.0,0.0,0.0,118.0,0
41.00_68.00,2016-01-11,41.0,68.0,0.0,0.0,0.0,0.0,0.0,0.0,119.0,0
41.00_68.00,2016-01-18,41.0,68.0,0.0,0.0,0.0,0.0,0.0,0.0,120.0,0
41.00_68.00,2016-01-25,41.0,68.0,0.0,0.0,0.0,0.0,0.0,0.0,121.0,0
41.00_68.00,2016-02-01,41.0,68.0,0.0,0.0,0.0,0.0,0.0,0.0,122.0,0
41.00_68.00,2016-02-08,41.0,68.0,0.0,0.0,0.0,0.0,0.0,0.0,123.0,0
41.00_68.00,2016-02-15,41.0,68.0,0.0,0.0,0.0,0.0,0.0,0.0,124.0,0
41.00_68.00,2016-02-22,41.0,68.0,0.0,0.0,0.0,0.0,0.0,0.0,125.0,0
41.00_68.00,2016-02-29,41.0,68.0,0.0,0.0,0.0,0.0,0.0,0.0,126.0,0
41.00_68.00,2016-03-07,41.0,68.0,0.0,0.0,0.0,0.0,0.0,0.0,127.0,0
41.00_68.00,2016-03-14,41.0,68.0,0.0,0.0,0.0,0.0,0.0,0.0,128.0,0
41.00_68.00,2016-03-21,41.0,68.0,0.0,0.0,0.0,0.0,0.0,0.0,129.0,0
41.00_68.00,2016-03-28,41.0,68.0,0.0,0.0,0.0,0.0,0.0,0.0,130.0,0
41.00_68.00,2016-04-04,41.0,68.0,0.0,0.0,0.0,0.0,0.0,0.0,131.0,0
41.00_68.00,2016-04-11,41.0,68.0,0.0,0.0,0.0,0.0,0.0,0.0,132.0,0
41.00_68.00,2016-04-18,41.0,68.0,0.0,0.0,0.0,0.0,0.0,0.0,133.0,0
41.00_68.00,2016-04-25,41.0,68.0,0.0,0.0,0.0,0.0,0.0,0.0,134.0,0
41.00_68.00,2016-05-02,41.0,68.0,0.0,0.0,0.0,0.0,0.0,0.0,135.0,0
41.00_68.00,2016-05-09,41.0,68.0,0.0,0.0,0.0,0.0,0.0,0.0,136.0,0
41.00_68.00,2016-05-16,41.0,68.0,0.0,0.0,0.0,0.0,0.0,0.0,137.0,0
41.00_68.00,2016-05-23,41.0,68.0,0.0,0.0,0.0,0.0,0.0,0.0,138.0,1
41.00_68.00,2016-05-30,41.0,68.0,1.0,4.6,4.6,4.6,1.0,7943282.347242805,0.0,0
41.00_68.00,2016-06-06,41.0,68.0,0.0,0.0,0.0,4.6,1.0,7943282.347242805,1.0,0
41.00_68.00,2016-06-13,41.0,68.0,0.0,0.0,0.0,4.6,1.0,7943282.347242805,2.0,0
41.00_68.00,2016-06-20,41.0,68.0,0.0,0.0,0.0,4.6,1.0,7943282.347242805,3.0,0
41.00_68.00,2016-06-27,41.0,68.0,0.0,0.0,0.0,0.0,1.0,7943282.347242805,4.0,0
41.00_68.00,2016-07-04,41.0,68.0,0.0,0.0,0.0,0.0,1.0,7943282.347242805,5.0,0
41.00_68.00,2016-07-11,41.0,68.0,0.0,0.0,0.0,0.0,1.0,7943282.347242805,6.0,0
41.00_68.00,2016-07-18,41.0,68.0,0.0,0.0,0.0,0.0,1.0,7943282.347242805,7.0,0
41.00_68.00,2016-07-25,41.0,68.0,0.0,0.0,0.0,0.0,1.0,0.0,8.0,0
41.00_68.00,2016-08-01,41.0,68.0,0.0,0.0,0.0,0.0,1.0,0.0,9.0,0
41.00_68.00,2016-08-08,41.0,68.0,0.0,0.0,0.0,0.0,1.0,0.0,10.0,0
41.00_68.00,2016-08-15,41.0,68.0,0.0,0.0,0.0,0.0,1.0,0.0,11.0,0
41.00_68.00,2016-08-22,41.0,68.0,0.0,0.0,0.0,0.0,0.0,0.0,12.0,0
41.00_68.00,2016-08-29,41.0,68.0,0.0,0.0,0.0,0.0,0.0,0.0,13.0,0
41.00_68.00,2016-09-05,41.0,68.0,0.0,0.0,0.0,0.0,0.0,0.0,14.0,0
41.00_68.00,2016-09-12,41.0,68.0,0.0,0.0,0.0,0.0,0.0,0.0,15.0,0
41.00_68.00,2016-09-19,41.0,68.0,0.0,0.0,0.0,0.0,0.0,0.0,16.0,0
41.00_68.00,2016-09-26,41.0,68.0,0.0,0.0,0.0,0.0,0.0,0.0,17.0,0
41.00_68.00,2016-10-03,41.0,68.0,0.0,0.0,0.0,0.0,0.0,0.0,18.0,0
41.00_68.00,2016-10-10,41.0,68.0,0.0,0.0,0.0,0.0,0.0,0.0,19.0,0
41.00_68.00,2016-10-17,41.0,68.0,0.0,0.0,0.0,0.0,0.0,0.0,20.0,0
41.00_68.00,2016-10-24,41.0,68.0,0.0,0.0,0.0,0.0,0.0,0.0,21.0,0
41.00_68.00,2016-10-31,41.0,68.0,0.0,0.0,0.0,0.0,0.0,0.0,22.0,0
41.00_68.00,2016-11-07,41.0,68.0,0.0,0.0,0.0,0.0,0.0,0.0,23.0,0
41.00_68.00,2016-11-14,41.0,68.0,0.0,0.0,0.0,0.0,0.0,0.0,24.0,0
41.00_68.00,2016-11-21,41.0,68.0,0.0,0.0,0.0,0.0,0.0,0.0,25.0,0
41.00_68.00,2016-11-28,41.0,68.0,0.0,0.0,0.0,0.0,0.0,0.0,26.0,0
41.00_68.00,2016-12-05,41.0,68.0,0.0,0.0,0.0,0.0,0.0,0.0,27.0,0
41.00_68.00,2016-12-12,41.0,68.0,0.0,0.0,0.0,0.0,0.0,0.0,28.0,0
41.00_68.00,2016-12-19,41.0,68.0,0.0,0.0,0.0,0.0,0.0,0.0,29.0,0
41.00_68.00,2016-12-26,41.0,68.0,0.0,0.0,0.0,0.0,0.0,0.0,30.0,0
41.00_68.00,2017-01-02,41.0,68.0,0.0,0.0,0.0,0.0,0.0,0.0,31.0,0
41.00_68.00,2017-01-09,41.0,68.0,0.0,0.0,0.0,0.0,0.0,0.0,32.0,0
41.00_68.00,2017-01-16,41.0,68.0,0.0,0.0,0.0,0.0,0.0,0.0,33.0,0
41.00_68.00,2017-01-23,41.0,68.0,0.0,0.0,0.0,0.0,0.0,0.0,34.0,0
41.00_68.00,2017-01-30,41.0,68.0,0.0,0.0,0.0,0.0,0.0,0.0,35.0,0
41.00_68.00,2017-02-06,41.0,68.0,0.0,0.0,0.0,0.0,0.0,0.0,36.0,0
41.00_68.00,2017-02-13,41.0,68.0,0.0,0.0,0.0,0.0,0.0,0.0,37.0,0
41.00_68.00,2017-02-20,41.0,68.0,0.0,0.0,0.0,0.0,0.0,0.0,38.0,0
41.00_68.00,2017-02-27,41.0,68.0,0.0,0.0,0.0,0.0,0.0,0.0,39.0,0
41.00_68.00,2017-03-06,41.0,68.0,0.0,0.0,0.0,0.0,0.0,0.0,40.0,0
41.00_68.00,2017-03-13,41.0,68.0,0.0,0.0,0.0,0.0,0.0,0.0,41.0,0
41.00_68.00,2017-03-20,41.0,68.0,0.0,0.0,0.0,0.0,0.0,0.0,42.0,0
41.00_68.00,2017-03-27,41.0,68.0,0.0,0.0,0.0,0.0,0.0,0.0,43.0,0
41.00_68.00,2017-04-03,41.0,68.0,0.0,0.0,0.0,0.0,0.0,0.0,44.0,0
41.00_68.00,2017-04-10,41.0,68.0,0.0,0.0,0.0,0.0,0.0,0.0,45.0,0
41.00_68.00,2017-04-17,41.0,68.0,0.0,0.0,0.0,0.0,0.0,0.0,46.0,0
41.00_68.00,2017-04-24,41.0,68.0,0.0,0.0,0.0,0.0,0.0,0.0,47.0,0
41.00_68.00,2017-05-01,41.0,68.0,0.0,0.0,0.0,0.0,0.0,0.0,48.0,0
41.00_68.00,2017-05-08,41.0,68.0,0.0,0.0,0.0,0.0,0.0,0.0,49.0,0
41.00_68.00,2017-05-15,41.0,68.0,0.0,0.0,0.0,0.0,0.0,0.0,50.0,0
41.00_68.00,2017-05-22,41.0,68.0,0.0,0.0,0.0,0.0,0.0,0.0,51.0,0
41.00_68.00,2017-05-29,41.0,68.0,0.0,0.0,0.0,0.0,0.0,0.0,52.0,0
41.00_68.00,2017-06-05,41.0,68.0,0.0,0.0,0.0,0.0,0.0,0.0,53.0,0
41.00_68.00,2017-06-12,41.0,68.0,0.0,0.0,0.0,0.0,0.0,0.0,54.0,0
41.00_68.00,2017-06-19,41.0,68.0,0.0,0.0,0.0,0.0,0.0,0.0,55.0,0
41.00_68.00,2017-06-26,41.0,68.0,0.0,0.0,0.0,0.0,0.0,0.0,56.0,0
41.00_68.00,2017-07-03,41.0,68.0,0.0,0.0,0.0,0.0,0.0,0.0,57.0,0
41.00_68.00,2017-07-10,41.0,68.0,0.0,0.0,0.0,0.0,0.0,0.0,58.0,0
41.00_68.00,2017-07-17,41.0,68.0,0.0,0.0,0.0,0.0,0.0,0.0,59.0,0
41.00_68.00,2017-07-24,41.0,68.0,0.0,0.0,0.0,0.0,0.0,0.0,60.0,0
41.00_68.00,2017-07-31,41.0,68.0,0.0,0.0,0.0,0.0,0.0,0.0,61.0,0
41.00_68.00,2017-08-07,41.0,68.0,0.0,0.0,0.0,0.0,0.0,0.0,62.0,0
41.00_68.00,2017-08-14,41.0,68.0,0.0,0.0,0.0,0.0,0.0,0.0,63.0,0
41.00_68.00,2017-08-21,41.0,68.0,0.0,0.0,0.0,0.0,0.0,0.0,64.0,0
41.00_68.00,2017-08-28,41.0,68.0,0.0,0.0,0.0,0.0,0.0,0.0,65.0,0
41.00_68.00,2017-09-04,41.0,68.0,0.0,0.0,0.0,0.0,0.0,0.0,66.0,0
41.00_68.00,2017-09-11,41.0,68.0,0.0,0.0,0.0,0.0,0.0,0.0,67.0,0
41.00_68.00,2017-09-18,41.0,68.0,0.0,0.0,0.0,0.0,0.0,0.0,68.0,0
41.00_68.00,2017-09-25,41.0,68.0,0.0,0.0,0.0,0.0,0.0,0.0,69.0,0
41.00_68.00,2017-10-02,41.0,68.0,0.0,0.0,0.0,0.0,0.0,0.0,70.0,0
41.00_68.00,2017-10-09,41.0,68.0,0.0,0.0,0.0,0.0,0.0,0.0,71.0,0
41.00_68.00,2017-10-16,41.0,68.0,0.0,0.0,0.0,0.0,0.0,0.0,72.0,0
41.00_68.00,2017-10-23,41.0,68.0,0.0,0.0,0.0,0.0,0.0,0.0,73.0,0
41.00_68.00,2017-10-30,41.0,68.0,0.0,0.0,0.0,0.0,0.0,0.0,74.0,0
41.00_68.00,2017-11-06,41.0,68.0,0.0,0.0,0.0,0.0,0.0,0.0,75.0,0
41.00_68.00,2017-11-13,41.0,68.0,0.0,0.0,0.0,0.0,0.0,0.0,76.0,0
41.00_68.00,2017-11-20,41.0,68.0,0.0,0.0,0.0,0.0,0.0,0.0,77.0,0
41.00_68.00,2017-11-27,41.0,68.0,0.0,0.0,0.0,0.0,0.0,0.0,78.0,0
41.00_68.00,2017-12-04,41.0,68.0,0.0,0.0,0.0,0.0,0.0,0.0,79.0,0
41.00_68.00,2017-12-11,41.0,68.0,0.0,0.0,0.0,0.0,0.0,0.0,80.0,0
41.00_68.00,2017-12-18,41.0,68.0,0.0,0.0,0.0,0.0,0.0,0.0,81.0,0
41.00_68.00,2017-12-25,41.0,68.0,0.0,0.0,0.0,0.0,0.0,0.0,82.0,0
41.00_68.00,2018-01-01,41.0,68.0,0.0,0.0,0.0,0.0,0.0,0.0,83.0,0
41.00_68.00,2018-01-08,41.0,68.0,0.0,0.0,0.0,0.0,0.0,0.0,84.0,0
41.00_68.00,2018-01-15,41.0,68.0,0.0,0.0,0.0,0.0,0.0,0.0,85.0,0
41.00_68.00,2018-01-22,41.0,68.0,0.0,0.0,0.0,0.0,0.0,0.0,86.0,1
41.00_68.00,2018-01-29,41.0,68.0,1.0,4.5,4.5,4.5,1.0,5623413.251903491,0.0,0
41.00_68.00,2018-02-05,41.0,68.0,0.0,0.0,0.0,4.5,1.0,5623413.251903491,1.0,0
41.00_68.00,2018-02-12,41.0,68.0,0.0,0.0,0.0,4.5,1.0,5623413.251903491,2.0,0
41.00_68.00,2018-02-19,41.0,68.0,0.0,0.0,0.0,4.5,1.0,5623413.251903491,3.0,0
41.00_68.00,2018-02-26,41.0,68.0,0.0,0.0,0.0,0.0,1.0,5623413.251903491,4.0,0
41.00_68.00,2018-03-05,41.0,68.0,0.0,0.0,0.0,0.0,1.0,5623413.251903491,5.0,0
41.00_68.00,2018-03-12,41.0,68.0,0.0,0.0,0.0,0.0,1.0,5623413.251903491,6.0,0
41.00_68.00,2018-03-19,41.0,68.0,0.0,0.0,0.0,0.0,1.0,5623413.251903491,7.0,0
41.00_68.00,2018-03-26,41.0,68.0,0.0,0.0,0.0,0.0,1.0,0.0,8.0,0
41.00_68.00,2018-04-02,41.0,68.0,0.0,0.0,0.0,0.0,1.0,0.0,9.0,0
41.00_68.00,2018-04-09,41.0,68.0,0.0,0.0,0.0,0.0,1.0,0.0,10.0,0
41.00_68.00,2018-04-16,41.0,68.0,0.0,0.0,0.0,0.0,1.0,0.0,11.0,0
41.00_68.00,2018-04-23,41.0,68.0,0.0,0.0,0.0,0.0,0.0,0.0,12.0,0
41.00_68.00,2018-04-30,41.0,68.0,0.0,0.0,0.0,0.0,0.0,0.0,13.0,0
41.00_68.00,2018-05-07,41.0,68.0,0.0,0.0,0.0,0.0,0.0,0.0,14.0,0
41.00_68.00,2018-05-14,41.0,68.0,0.0,0.0,0.0,0.0,0.0,0.0,15.0,0
41.00_68.00,2018-05-21,41.0,68.0,0.0,0.0,0.0,0.0,0.0,0.0,16.0,0
41.00_68.00,2018-05-28,41.0,68.0,0.0,0.0,0.0,0.0,0.0,0.0,17.0,0
41.00_68.00,2018-06-04,41.0,68.0,0.0,0.0,0.0,0.0,0.0,0.0,18.0,0
41.00_68.00,2018-06-11,41.0,68.0,0.0,0.0,0.0,0.0,0.0,0.0,19.0,0
41.00_68.00,2018-06-18,41.0,68.0,0.0,0.0,0.0,0.0,0.0,0.0,20.0,0
41.00_68.00,2018-06-25,41.0,68.0,0.0,0.0,0.0,0.0,0.0,0.0,21.0,0
41.00_68.00,2018-07-02,41.0,68.0,0.0,0.0,0.0,0.0,0.0,0.0,22.0,0
41.00_68.00,2018-07-09,41.0,68.0,0.0,0.0,0.0,0.0,0.0,0.0,23.0,0
41.00_68.00,2018-07-16,41.0,68.0,0.0,0.0,0.0,0.0,0.0,0.0,24.0,0
41.00_68.00,2018-07-23,41.0,68.0,0.0,0.0,0.0,0.0,0.0,0.0,25.0,0
41.00_68.00,2018-07-30,41.0,68.0,0.0,0.0,0.0,0.0,0.0,0.0,26.0,0
41.00_68.00,2018-08-06,41.0,68.0,0.0,0.0,0.0,0.0,0.0,0.0,27.0,0
41.00_68.00,2018-08-13,41.0,68.0,0.0,0.0,0.0,0.0,0.0,0.0,28.0,0
41.00_68.00,2018-08-20,41.0,68.0,0.0,0.0,0.0,0.0,0.0,0.0,29.0,0
41.00_68.00,2018-08-27,41.0,68.0,0.0,0.0,0.0,0.0,0.0,0.0,30.0,0
41.00_68.00,2018-09-03,41.0,68.0,0.0,0.0,0.0,0.0,0.0,0.0,31.0,0
41.00_68.00,2018-09-10,41.0,68.0,0.0,0.0,0.0,0.0,0.0,0.0,32.0,0
41.00_68.00,2018-09-17,41.0,68.0,0.0,0.0,0.0,0.0,0.0,0.0,33.0,0
41.00_68.00,2018-09-24,41.0,68.0,0.0,0.0,0.0,0.0,0.0,0.0,34.0,0
41.00_68.00,2018-10-01,41.0,68.0,0.0,0.0,0.0,0.0,0.0,0.0,35.0,0
41.00_68.00,2018-10-08,41.0,68.0,0.0,0.0,0.0,0.0,0.0,0.0,36.0,0
41.00_68.00,2018-10-15,41.0,68.0,0.0,0.0,0.0,0.0,0.0,0.0,37.0,0
41.00_68.00,2018-10-22,41.0,68.0,0.0,0.0,0.0,0.0,0.0,0.0,38.0,0
41.00_68.00,2018-10-29,41.0,68.0,0.0,0.0,0.0,0.0,0.0,0.0,39.0,0
41.00_68.00,2018-11-05,41.0,68.0,0.0,0.0,0.0,0.0,0.0,0.0,40.0,0
41.00_68.00,2018-11-12,41.0,68.0,0.0,0.0,0.0,0.0,0.0,0.0,41.0,0
41.00_68.00,2018-11-19,41.0,68.0,0.0,0.0,0.0,0.0,0.0,0.0,42.0,0
41.00_68.00,2018-11-26,41.0,68.0,0.0,0.0,0.0,0.0,0.0,0.0,43.0,0
41.00_68.00,2018-12-03,41.0,68.0,0.0,0.0,0.0,0.0,0.0,0.0,44.0,0
41.00_68.00,2018-12-10,41.0,68.0,0.0,0.0,0.0,0.0,0.0,0.0,45.0,0
41.00_68.00,2018-12-17,41.0,68.0,0.0,0.0,0.0,0.0,0.0,0.0,46.0,0
41.00_68.00,2018-12-24,41.0,68.0,0.0,0.0,0.0,0.0,0.0,0.0,47.0,0
41.00_68.00,2018-12-31,41.0,68.0,0.0,0.0,0.0,0.0,0.0,0.0,48.0,0
41.00_68.00,2019-01-07,41.0,68.0,0.0,0.0,0.0,0.0,0.0,0.0,49.0,0
41.00_68.00,2019-01-14,41.0,68.0,0.0,0.0,0.0,0.0,0.0,0.0,50.0,0
41.00_68.00,2019-01-21,41.0,68.0,0.0,0.0,0.0,0.0,0.0,0.0,51.0,0
41.00_68.00,2019-01-28,41.0,68.0,0.0,0.0,0.0,0.0,0.0,0.0,52.0,0
41.00_68.00,2019-02-04,41.0,68.0,0.0,0.0,0.0,0.0,0.0,0.0,53.0,0
41.00_68.00,2019-02-11,41.0,68.0,0.0,0.0,0.0,0.0,0.0,0.0,54.0,0
41.00_68.00,2019-02-18,41.0,68.0,0.0,0.0,0.0,0.0,0.0,0.0,55.0,0
41.00_68.00,2019-02-25,41.0,68.0,0.0,0.0,0.0,0.0,0.0,0.0,56.0,0
41.00_68.00,2019-03-04,41.0,68.0,0.0,0.0,0.0,0.0,0.0,0.0,57.0,0
41.00_68.00,2019-03-11,41.0,68.0,0.0,0.0,0.0,0.0,0.0,0.0,58.0,1
41.00_68.00,2019-03-18,41.0,68.0,1.0,4.8,4.8,4.8,1.0,15848931.924611108,0.0,0
41.00_68.00,2019-03-25,41.0,68.0,0.0,0.0,0.0,4.8,1.0,15848931.924611108,1.0,0
41.00_68.00,2019-04-01,41.0,68.0,0.0,0.0,0.0,4.8,1.0,15848931.924611108,2.0,0
41.00_68.00,2019-04-08,41.0,68.0,0.0,0.0,0.0,4.8,1.0,15848931.924611108,3.0,0
41.00_68.00,2019-04-15,41.0,68.0,0.0,0.0,0.0,0.0,1.0,15848931.924611108,4.0,0
41.00_68.00,2019-04-22,41.0,68.0,0.0,0.0,0.0,0.0,1.0,15848931.924611108,5.0,0
41.00_68.00,2019-04-29,41.0,68.0,0.0,0.0,0.0,0.0,1.0,15848931.924611108,6.0,0
41.00_68.00,2019-05-06,41.0,68.0,0.0,0.0,0.0,0.0,1.0,15848931.924611108,7.0,0
41.00_68.00,2019-05-13,41.0,68.0,0.0,0.0,0.0,0.0,1.0,0.0,8.0,0
41.00_68.00,2019-05-20,41.0,68.0,0.0,0.0,0.0,0.0,1.0,0.0,9.0,0
41.00_68.00,2019-05-27,41.0,68.0,0.0,0.0,0.0,0.0,1.0,0.0,10.0,0
41.00_68.00,2019-06-03,41.0,68.0,0.0,0.0,0.0,0.0,1.0,0.0,11.0,0
41.00_68.00,2019-06-10,41.0,68.0,0.0,0.0,0.0,0.0,0.0,0.0,12.0,0
41.00_68.00,2019-06-17,41.0,68.0,0.0,0.0,0.0,0.0,0.0,0.0,13.0,0
41.00_68.00,2019-06-24,41.0,68.0,0.0,0.0,0.0,0.0,0.0,0.0,14.0,0
41.00_68.00,2019-07-01,41.0,68.0,0.0,0.0,0.0,0.0,0.0,0.0,15.0,0
41.00_68.00,2019-07-08,41.0,68.0,0.0,0.0,0.0,0.0,0.0,0.0,16.0,0
41.00_68.00,2019-07-15,41.0,68.0,0.0,0.0,0.0,0.0,0.0,0.0,17.0,0
41.00_68.00,2019-07-22,41.0,68.0,0.0,0.0,0.0,0.0,0.0,0.0,18.0,0
41.00_68.00,2019-07-29,41.0,68.0,0.0,0.0,0.0,0.0,0.0,0.0,19.0,0
41.00_68.00,2019-08-05,41.0,68.0,0.0,0.0,0.0,0.0,0.0,0.0,20.0,0
41.00_68.00,2019-08-12,41.0,68.0,0.0,0.0,0.0,0.0,0.0,0.0,21.0,0
41.00_68.00,2019-08-19,41.0,68.0,0.0,0.0,0.0,0.0,0.0,0.0,22.0,0
41.00_68.00,2019-08-26,41.0,68.0,0.0,0.0,0.0,0.0,0.0,0.0,23.0,0
41.00_68.00,2019-09-02,41.0,68.0,0.0,0.0,0.0,0.0,0.0,0.0,24.0,0
41.00_68.00,2019-09-09,41.0,68.0,0.0,0.0,0.0,0.0,0.0,0.0,25.0,0
41.00_68.00,2019-09-16,41.0,68.0,0.0,0.0,0.0,0.0,0.0,0.0,26.0,0
41.00_68.00,2019-09-23,41.0,68.0,0.0,0.0,0.0,0.0,0.0,0.0,27.0,0
41.00_68.00,2019-09-30,41.0,68.0,0.0,0.0,0.0,0.0,0.0,0.0,28.0,0
41.00_68.00,2019-10-07,41.0,68.0,0.0,0.0,0.0,0.0,0.0,0.0,29.0,0
41.00_68.00,2019-10-14,41.0,68.0,0.0,0.0,0.0,0.0,0.0,0.0,30.0,0
41.00_68.00,2019-10-21,41.0,68.0,0.0,0.0,0.0,0.0,0.0,0.0,31.0,0
41.00_68.00,2019-10-28,41.0,68.0,0.0,0.0,0.0,0.0,0.0,0.0,32.0,0
41.00_68.00,2019-11-04,41.0,68.0,0.0,0.0,0.0,0.0,0.0,0.0,33.0,0
41.00_68.00,2019-11-11,41.0,68.0,0.0,0.0,0.0,0.0,0.0,0.0,34.0,0
41.00_68.00,2019-11-18,41.0,68.0,0.0,0.0,0.0,0.0,0.0,0.0,35.0,0
41.00_68.00,2019-11-25,41.0,68.0,0.0,0.0,0.0,0.0,0.0,0.0,36.0,0
41.00_68.00,2019-12-02,41.0,68.0,0.0,0.0,0.0,0.0,0.0,0.0,37.0,0
41.00_68.00,2019-12-09,41.0,68.0,0.0,0.0,0.0,0.0,0.0,0.0,38.0,0
41.00_68.00,2019-12-16,41.0,68.0,0.0,0.0,0.0,0.0,0.0,0.0,39.0,0
41.00_68.00,2019-12-23,41.0,68.0,0.0,0.0,0.0,0.0,0.0,0.0,40.0,0
41.00_68.00,2019-12-30,41.0,68.0,0.0,0.0,0.0,0.0,0.0,0.0,41.0,0
41.00_68.00,2020-01-06,41.0,68.0,0.0,0.0,0.0,0.0,0.0,0.0,42.0,0
41.00_68.00,2020-01-13,41.0,68.0,0.0,0.0,0.0,0.0,0.0,0.0,43.0,0
41.00_68.00,2020-01-20,41.0,68.0,0.0,0.0,0.0,0.0,0.0,0.0,44.0,0
41.00_68.00,2020-01-27,41.0,68.0,0.0,0.0,0.0,0.0,0.0,0.0,45.0,0
41.00_68.00,2020-02-03,41.0,68.0,0.0,0.0,0.0,0.0,0.0,0.0,46.0,0
41.00_68.00,2020-02-10,41.0,68.0,0.0,0.0,0.0,0.0,0.0,0.0,47.0,0
41.00_68.00,2020-02-17,41.0,68.0,0.0,0.0,0.0,0.0,0.0,0.0,48.0,0
41.00_68.00,2020-02-24,41.0,68.0,0.0,0.0,0.0,0.0,0.0,0.0,49.0,0
41.00_68.00,2020-03-02,41.0,68.0,0.0,0.0,0.0,0.0,0.0,0.0,50.0,0
41.00_68.00,2020-03-09,41.0,68.0,0.0,0.0,0.0,0.0,0.0,0.0,51.0,0
41.00_68.00,2020-03-16,41.0,68.0,0.0,0.0,0.0,0.0,0.0,0.0,52.0,0
41.00_68.00,2020-03-23,41.0,68.0,0.0,0.0,0.0,0.0,0.0,0.0,53.0,0
41.00_68.00,2020-03-30,41.0,68.0,0.0,0.0,0.0,0.0,0.0,0.0,54.0,0
41.00_68.00,2020-04-06,41.0,68.0,0.0,0.0,0.0,0.0,0.0,0.0,55.0,0
41.00_68.00,2020-04-13,41.0,68.0,0.0,0.0,0.0,0.0,0.0,0.0,56.0,0
41.00_68.00,2020-04-20,41.0,68.0,0.0,0.0,0.0,0.0,0.0,0.0,57.0,0
41.00_68.00,2020-04-27,41.0,68.0,0.0,0.0,0.0,0.0,0.0,0.0,58.0,0
41.00_68.00,2020-05-04,41.0,68.0,0.0,0.0,0.0,0.0,0.0,0.0,59.0,0
41.00_68.00,2020-05-11,41.0,68.0,0.0,0.0,0.0,0.0,0.0,0.0,60.0,0
41.00_68.00,2020-05-18,41.0,68.0,0.0,0.0,0.0,0.0,0.0,0.0,61.0,0
41.00_68.00,2020-05-25,41.0,68.0,0.0,0.0,0.0,0.0,0.0,0.0,62.0,0
41.00_68.00,2020-06-01,41.0,68.0,0.0,0.0,0.0,0.0,0.0,0.0,63.0,0
41.00_68.00,2020-06-08,41.0,68.0,0.0,0.0,0.0,0.0,0.0,0.0,64.0,0
41.00_68.00,2020-06-15,41.0,68.0,0.0,0.0,0.0,0.0,0.0,0.0,65.0,0
41.00_68.00,2020-06-22,41.0,68.0,0.0,0.0,0.0,0.0,0.0,0.0,66.0,0
41.00_68.00,2020-06-29,41.0,68.0,0.0,0.0,0.0,0.0,0.0,0.0,67.0,0
41.00_68.00,2020-07-06,41.0,68.0,0.0,0.0,0.0,0.0,0.0,0.0,68.0,0
41.00_68.00,2020-07-13,41.0,68.0,0.0,0.0,0.0,0.0,0.0,0.0,69.0,0
41.00_68.00,2020-07-20,41.0,68.0,0.0,0.0,0.0,0.0,0.0,0.0,70.0,0
41.00_68.00,2020-07-27,41.0,68.0,0.0,0.0,0.0,0.0,0.0,0.0,71.0,0
41.00_68.00,2020-08-03,41.0,68.0,0.0,0.0,0.0,0.0,0.0,0.0,72.0,0
41.00_68.00,2020-08-10,41.0,68.0,0.0,0.0,0.0,0.0,0.0,0.0,73.0,0
41.00_68.00,2020-08-17,41.0,68.0,0.0,0.0,0.0,0.0,0.0,0.0,74.0,0
41.00_68.00,2020-08-24,41.0,68.0,0.0,0.0,0.0,0.0,0.0,0.0,75.0,0
41.00_68.00,2020-08-31,41.0,68.0,0.0,0.0,0.0,0.0,0.0,0.0,76.0,0
41.00_68.00,2020-09-07,41.0,68.0,0.0,0.0,0.0,0.0,0.0,0.0,77.0,0
41.00_68.00,2020-09-14,41.0,68.0,0.0,0.0,0.0,0.0,0.0,0.0,78.0,0
41.00_68.00,2020-09-21,41.0,68.0,0.0,0.0,0.0,0.0,0.0,0.0,79.0,0
41.00_68.00,2020-09-28,41.0,68.0,0.0,0.0,0.0,0.0,0.0,0.0,80.0,0
41.00_68.00,2020-10-05,41.0,68.0,0.0,0.0,0.0,0.0,0.0,0.0,81.0,0
41.00_68.00,2020-10-12,41.0,68.0,0.0,0.0,0.0,0.0,0.0,0.0,82.0,0
41.00_68.00,2020-10-19,41.0,68.0,0.0,0.0,0.0,0.0,0.0,0.0,83.0,0
41.00_68.00,2020-10-26,41.0,68.0,0.0,0.0,0.0,0.0,0.0,0.0,84.0,0
41.00_68.00,2020-11-02,41.0,68.0,0.0,0.0,0.0,0.0,0.0,0.0,85.0,0
41.00_68.00,2020-11-09,41.0,68.0,0.0,0.0,0.0,0.0,0.0,0.0,86.0,0
41.00_68.00,2020-11-16,41.0,68.0,0.0,0.0,0.0,0.0,0.0,0.0,87.0,0
41.00_68.00,2020-11-23,41.0,68.0,0.0,0.0,0.0,0.0,0.0,0.0,88.0,0
41.00_68.00,2020-11-30,41.0,68.0,0.0,0.0,0.0,0.0,0.0,0.0,89.0,0
41.00_68.00,2020-12-07,41.0,68.0,0.0,0.0,0.0,0.0,0.0,0.0,90.0,0
41.00_68.00,2020-12-14,41.0,68.0,0.0,0.0,0.0,0.0,0.0,0.0,91.0,0
41.00_68.00,2020-12-21,41.0,68.0,0.0,0.0,0.0,0.0,0.0,0.0,92.0,0
41.00_68.00,2020-12-28,41.0,68.0,0.0,0.0,0.0,0.0,0.0,0.0,93.0,0
41.00_68.00,2021-01-04,41.0,68.0,0.0,0.0,0.0,0.0,0.0,0.0,94.0,0
41.00_68.00,2021-01-11,41.0,68.0,0.0,0.0,0.0,0.0,0.0,0.0,95.0,0
41.00_68.00,2021-01-18,41.0,68.0,0.0,0.0,0.0,0.0,0.0,0.0,96.0,0
41.00_68.00,2021-01-25,41.0,68.0,0.0,0.0,0.0,0.0,0.0,0.0,97.0,0
41.00_68.00,2021-02-01,41.0,68.0,0.0,0.0,0.0,0.0,0.0,0.0,98.0,0
41.00_68.00,2021-02-08,41.0,68.0,0.0,0.0,0.0,0.0,0.0,0.0,99.0,0
41.00_68.00,2021-02-15,41.0,68.0,0.0,0.0,0.0,0.0,0.0,0.0,100.0,0
41.00_68.00,2021-02-22,41.0,68.0,0.0,0.0,0.0,0.0,0.0,0.0,101.0,0
41.00_68.00,2021-03-01,41.0,68.0,0.0,0.0,0.0,0.0,0.0,0.0,102.0,0
41.00_68.00,2021-03-08,41.0,68.0,0.0,0.0,0.0,0.0,0.0,0.0,103.0,0
41.00_68.00,2021-03-15,41.0,68.0,0.0,0.0,0.0,0.0,0.0,0.0,104.0,0
41.00_68.00,2021-03-22,41.0,68.0,0.0,0.0,0.0,0.0,0.0,0.0,105.0,0
41.00_68.00,2021-03-29,41.0,68.0,0.0,0.0,0.0,0.0,0.0,0.0,106.0,0
41.00_68.00,2021-04-05,41.0,68.0,0.0,0.0,0.0,0.0,0.0,0.0,107.0,0
41.00_68.00,2021-04-12,41.0,68.0,0.0,0.0,0.0,0.0,0.0,0.0,108.0,0
41.00_68.00,2021-04-19,41.0,68.0,0.0,0.0,0.0,0.0,0.0,0.0,109.0,0
41.00_68.00,2021-04-26,41.0,68.0,0.0,0.0,0.0,0.0,0.0,0.0,110.0,0
41.00_68.00,2021-05-03,41.0,68.0,0.0,0.0,0.0,0.0,0.0,0.0,111.0,0
41.00_68.00,2021-05-10,41.0,68.0,0.0,0.0,0.0,0.0,0.0,0.0,112.0,0
41.00_68.00,2021-05-17,41.0,68.0,0.0,0.0,0.0,0.0,0.0,0.0,113.0,0
41.00_68.00,2021-05-24,41.0,68.0,0.0,0.0,0.0,0.0,0.0,0.0,114.0,0
41.00_68.00,2021-05-31,41.0,68.0,0.0,0.0,0.0,0.0,0.0,0.0,115.0,0
41.00_68.00,2021-06-07,41.0,68.0,0.0,0.0,0.0,0.0,0.0,0.0,116.0,0
41.00_68.00,2021-06-14,41.0,68.0,0.0,0.0,0.0,0.0,0.0,0.0,117.0,0
41.00_68.00,2021-06-21,41.0,68.0,0.0,0.0,0.0,0.0,0.0,0.0,118.0,0
41.00_68.00,2021-06-28,41.0,68.0,0.0,0.0,0.0,0.0,0.0,0.0,119.0,0
41.00_68.00,2021-07-05,41.0,68.0,0.0,0.0,0.0,0.0,0.0,0.0,120.0,0
41.00_68.00,2021-07-12,41.0,68.0,0.0,0.0,0.0,0.0,0.0,0.0,121.0,0
41.00_68.00,2021-07-19,41.0,68.0,0.0,0.0,0.0,0.0,0.0,0.0,122.0,0
41.00_68.00,2021-07-26,41.0,68.0,0.0,0.0,0.0,0.0,0.0,0.0,123.0,0
41.00_68.00,2021-08-02,41.0,68.0,0.0,0.0,0.0,0.0,0.0,0.0,124.0,0
41.00_68.00,2021-08-09,41.0,68.0,0.0,0.0,0.0,0.0,0.0,0.0,125.0,0
41.00_68.00,2021-08-16,41.0,68.0,0.0,0.0,0.0,0.0,0.0,0.0,126.0,0
41.00_68.00,2021-08-23,41.0,68.0,0.0,0.0,0.0,0.0,0.0,0.0,127.0,0
41.00_68.00,2021-08-30,41.0,68.0,0.0,0.0,0.0,0.0,0.0,0.0,128.0,0
41.00_68.00,2021-09-06,41.0,68.0,0.0,0.0,0.0,0.0,0.0,0.0,129.0,0
41.00_68.00,2021-09-13,41.0,68.0,0.0,0.0,0.0,0.0,0.0,0.0,130.0,0
41.00_68.00,2021-09-20,41.0,68.0,0.0,0.0,0.0,0.0,0.0,0.0,131.0,0
41.00_68.00,2021-09-27,41.0,68.0,0.0,0.0,0.0,0.0,0.0,0.0,132.0,0
41.00_68.00,2021-10-04,41.0,68.0,0.0,0.0,0.0,0.0,0.0,0.0,133.0,0
41.00_68.00,2021-10-11,41.0,68.0,0.0,0.0,0.0,0.0,0.0,0.0,134.0,0
41.00_68.00,2021-10-18,41.0,68.0,0.0,0.0,0.0,0.0,0.0,0.0,135.0,0
41.00_68.00,2021-10-25,41.0,68.0,0.0,0.0,0.0,0.0,0.0,0.0,136.0,0
41.00_68.00,2021-11-01,41.0,68.0,0.0,0.0,0.0,0.0,0.0,0.0,137.0,0
41.00_68.00,2021-11-08,41.0,68.0,0.0,0.0,0.0,0.0,0.0,0.0,138.0,0
41.00_68.00,2021-11-15,41.0,68.0,0.0,0.0,0.0,0.0,0.0,0.0,139.0,0
41.00_68.00,2021-11-22,41.0,68.0,0.0,0.0,0.0,0.0,0.0,0.0,140.0,0
41.00_68.00,2021-11-29,41.0,68.0,0.0,0.0,0.0,0.0,0.0,0.0,141.0,0
41.00_68.00,2021-12-06,41.0,68.0,0.0,0.0,0.0,0.0,0.0,0.0,142.0,0
41.00_68.00,2021-12-13,41.0,68.0,0.0,0.0,0.0,0.0,0.0,0.0,143.0,0
41.00_68.00,2021-12-20,41.0,68.0,0.0,0.0,0.0,0.0,0.0,0.0,144.0,0
41.00_68.00,2021-12-27,41.0,68.0,0.0,0.0,0.0,0.0,0.0,0.0,145.0,0
41.00_68.00,2022-01-03,41.0,68.0,0.0,0.0,0.0,0.0,0.0,0.0,146.0,0
41.00_68.00,2022-01-10,41.0,68.0,0.0,0.0,0.0,0.0,0.0,0.0,147.0,0
41.00_68.00,2022-01-17,41.0,68.0,0.0,0.0,0.0,0.0,0.0,0.0,148.0,0
41.00_68.00,2022-01-24,41.0,68.0,0.0,0.0,0.0,0.0,0.0,0.0,149.0,0
41.00_68.00,2022-01-31,41.0,68.0,0.0,0.0,0.0,0.0,0.0,0.0,150.0,0
41.00_68.00,2022-02-07,41.0,68.0,0.0,0.0,0.0,0.0,0.0,0.0,151.0,0
41.00_68.00,2022-02-14,41.0,68.0,0.0,0.0,0.0,0.0,0.0,0.0,152.0,0
41.00_68.00,2022-02-21,41.0,68.0,0.0,0.0,0.0,0.0,0.0,0.0,153.0,0
41.00_68.00,2022-02-28,41.0,68.0,0.0,0.0,0.0,0.0,0.0,0.0,154.0,0
41.00_68.00,2022-03-07,41.0,68.0,0.0,0.0,0.0,0.0,0.0,0.0,155.0,0
41.00_68.00,2022-03-14,41.0,68.0,0.0,0.0,0.0,0.0,0.0,0.0,156.0,0
41.00_68.00,2022-03-21,41.0,68.0,0.0,0.0,0.0,0.0,0.0,0.0,157.0,1
41.00_68.00,2022-03-28,41.0,68.0,1.0,4.5,4.5,4.5,1.0,5623413.251903491,0.0,0
41.00_68.00,2022-04-04,41.0,68.0,0.0,0.0,0.0,4.5,1.0,5623413.251903491,1.0,0
41.00_68.00,2022-04-11,41.0,68.0,0.0,0.0,0.0,4.5,1.0,5623413.251903491,2.0,0
41.00_68.00,2022-04-18,41.0,68.0,0.0,0.0,0.0,4.5,1.0,5623413.251903491,3.0,0
41.00_68.00,2022-04-25,41.0,68.0,0.0,0.0,0.0,0.0,1.0,5623413.251903491,4.0,0
41.00_68.00,2022-05-02,41.0,68.0,0.0,0.0,0.0,0.0,1.0,5623413.251903491,5.0,0
41.00_68.00,2022-05-09,41.0,68.0,0.0,0.0,0.0,0.0,1.0,5623413.251903491,6.0,0
41.00_68.00,2022-05-16,41.0,68.0,0.0,0.0,0.0,0.0,1.0,5623413.251903491,7.0,0
41.00_68.00,2022-05-23,41.0,68.0,0.0,0.0,0.0,0.0,1.0,0.0,8.0,0
41.00_68.00,2022-05-30,41.0,68.0,0.0,0.0,0.0,0.0,1.0,0.0,9.0,0
41.00_68.00,2022-06-06,41.0,68.0,0.0,0.0,0.0,0.0,1.0,0.0,10.0,0
41.00_68.00,2022-06-13,41.0,68.0,0.0,0.0,0.0,0.0,1.0,0.0,11.0,0
41.00_68.00,2022-06-20,41.0,68.0,0.0,0.0,0.0,0.0,0.0,0.0,12.0,0
41.00_68.00,2022-06-27,41.0,68.0,0.0,0.0,0.0,0.0,0.0,0.0,13.0,0
41.00_68.00,2022-07-04,41.0,68.0,0.0,0.0,0.0,0.0,0.0,0.0,14.0,0
41.00_68.00,2022-07-11,41.0,68.0,0.0,0.0,0.0,0.0,0.0,0.0,15.0,0
41.00_68.00,2022-07-18,41.0,68.0,0.0,0.0,0.0,0.0,0.0,0.0,16.0,0
41.00_68.00,2022-07-25,41.0,68.0,0.0,0.0,0.0,0.0,0.0,0.0,17.0,0
41.00_68.00,2022-08-01,41.0,68.0,0.0,0.0,0.0,0.0,0.0,0.0,18.0,0
41.00_68.00,2022-08-08,41.0,68.0,0.0,0.0,0.0,0.0,0.0,0.0,19.0,0
41.00_68.00,2022-08-15,41.0,68.0,0.0,0.0,0.0,0.0,0.0,0.0,20.0,0
41.00_68.00,2022-08-22,41.0,68.0,0.0,0.0,0.0,0.0,0.0,0.0,21.0,0
41.00_68.00,2022-08-29,41.0,68.0,0.0,0.0,0.0,0.0,0.0,0.0,22.0,0
41.00_68.00,2022-09-05,41.0,68.0,0.0,0.0,0.0,0.0,0.0,0.0,23.0,0
41.00_68.00,2022-09-12,41.0,68.0,0.0,0.0,0.0,0.0,0.0,0.0,24.0,0
41.00_68.00,2022-09-19,41.0,68.0,0.0,0.0,0.0,0.0,0.0,0.0,25.0,0
41.00_68.00,2022-09-26,41.0,68.0,0.0,0.0,0.0,0.0,0.0,0.0,26.0,0
41.00_68.00,2022-10-03,41.0,68.0,0.0,0.0,0.0,0.0,0.0,0.0,27.0,0
41.00_68.00,2022-10-10,41.0,68.0,0.0,0.0,0.0,0.0,0.0,0.0,28.0,0
41.00_68.00,2022-10-17,41.0,68.0,0.0,0.0,0.0,0.0,0.0,0.0,29.0,0
41.00_68.00,2022-10-24,41.0,68.0,0.0,0.0,0.0,0.0,0.0,0.0,30.0,0
41.00_68.00,2022-10-31,41.0,68.0,0.0,0.0,0.0,0.0,0.0,0.0,31.0,0
41.00_68.00,2022-11-07,41.0,68.0,0.0,0.0,0.0,0.0,0.0,0.0,32.0,0
41.00_68.00,2022-11-14,41.0,68.0,0.0,0.0,0.0,0.0,0.0,0.0,33.0,0
41.00_68.00,2022-11-21,41.0,68.0,0.0,0.0,0.0,0.0,0.0,0.0,34.0,0
41.00_68.00,2022-11-28,41.0,68.0,0.0,0.0,0.0,0.0,0.0,0.0,35.0,0
41.00_68.00,2022-12-05,41.0,68.0,0.0,0.0,0.0,0.0,0.0,0.0,36.0,0
41.00_68.00,2022-12-12,41.0,68.0,0.0,0.0,0.0,0.0,0.0,0.0,37.0,0
41.00_68.00,2022-12-19,41.0,68.0,0.0,0.0,0.0,0.0,0.0,0.0,38.0,0
41.00_68.00,2022-12-26,41.0,68.0,0.0,0.0,0.0,0.0,0.0,0.0,39.0,0
41.00_68.00,2023-01-02,41.0,68.0,0.0,0.0,0.0,0.0,0.0,0.0,40.0,0
41.00_68.00,2023-01-09,41.0,68.0,0.0,0.0,0.0,0.0,0.0,0.0,41.0,0
41.00_68.00,2023-01-16,41.0,68.0,0.0,0.0,0.0,0.0,0.0,0.0,42.0,0
41.00_68.00,2023-01-23,41.0,68.0,0.0,0.0,0.0,0.0,0.0,0.0,43.0,0
41.00_68.00,2023-01-30,41.0,68.0,0.0,0.0,0.0,0.0,0.0,0.0,44.0,0
41.00_68.00,2023-02-06,41.0,68.0,0.0,0.0,0.0,0.0,0.0,0.0,45.0,1
41.00_68.00,2023-02-13,41.0,68.0,1.0,4.5,4.5,4.5,1.0,5623413.251903491,0.0,0
41.00_68.00,2023-02-20,41.0,68.0,0.0,0.0,0.0,4.5,1.0,5623413.251903491,1.0,0
41.00_68.00,2023-02-27,41.0,68.0,0.0,0.0,0.0,4.5,1.0,5623413.251903491,2.0,0
41.00_68.00,2023-03-06,41.0,68.0,0.0,0.0,0.0,4.5,1.0,5623413.251903491,3.0,0
41.00_68.00,2023-03-13,41.0,68.0,0.0,0.0,0.0,0.0,1.0,5623413.251903491,4.0,0
41.00_68.00,2023-03-20,41.0,68.0,0.0,0.0,0.0,0.0,1.0,5623413.251903491,5.0,0
41.00_68.00,2023-03-27,41.0,68.0,0.0,0.0,0.0,0.0,1.0,5623413.251903491,6.0,0
41.00_68.00,2023-04-03,41.0,68.0,0.0,0.0,0.0,0.0,1.0,5623413.251903491,7.0,0
41.00_68.00,2023-04-10,41.0,68.0,0.0,0.0,0.0,0.0,1.0,0.0,8.0,0
41.00_68.00,2023-04-17,41.0,68.0,0.0,0.0,0.0,0.0,1.0,0.0,9.0,0
41.00_68.00,2023-04-24,41.0,68.0,0.0,0.0,0.0,0.0,1.0,0.0,10.0,0
41.00_68.00,2023-05-01,41.0,68.0,0.0,0.0,0.0,0.0,1.0,0.0,11.0,0
41.00_68.00,2023-05-08,41.0,68.0,0.0,0.0,0.0,0.0,0.0,0.0,12.0,0
41.00_68.00,2023-05-15,41.0,68.0,0.0,0.0,0.0,0.0,0.0,0.0,13.0,0
41.00_68.00,2023-05-22,41.0,68.0,0.0,0.0,0.0,0.0,0.0,0.0,14.0,0
41.00_68.00,2023-05-29,41.0,68.0,0.0,0.0,0.0,0.0,0.0,0.0,15.0,0
41.00_68.00,2023-06-05,41.0,68.0,0.0,0.0,0.0,0.0,0.0,0.0,16.0,0
41.00_68.00,2023-06-12,41.0,68.0,0.0,0.0,0.0,0.0,0.0,0.0,17.0,0
41.00_68.00,2023-06-19,41.0,68.0,0.0,0.0,0.0,0.0,0.0,0.0,18.0,0
41.00_68.00,2023-06-26,41.0,68.0,0.0,0.0,0.0,0.0,0.0,0.0,19.0,0
41.00_68.00,2023-07-03,41.0,68.0,0.0,0.0,0.0,0.0,0.0,0.0,20.0,0
41.00_68.00,2023-07-10,41.0,68.0,0.0,0.0,0.0,0.0,0.0,0.0,21.0,0
41.00_68.00,2023-07-17,41.0,68.0,0.0,0.0,0.0,0.0,0.0,0.0,22.0,0
41.00_68.00,2023-07-24,41.0,68.0,0.0,0.0,0.0,0.0,0.0,0.0,23.0,0
41.00_68.00,2023-07-31,41.0,68.0,0.0,0.0,0.0,0.0,0.0,0.0,24.0,0
41.00_68.00,2023-08-07,41.0,68.0,0.0,0.0,0.0,0.0,0.0,0.0,25.0,0
41.00_68.00,2023-08-14,41.0,68.0,0.0,0.0,0.0,0.0,0.0,0.0,26.0,0
41.00_68.00,2023-08-21,41.0,68.0,0.0,0.0,0.0,0.0,0.0,0.0,27.0,0
41.00_68.00,2023-08-28,41.0,68.0,0.0,0.0,0.0,0.0,0.0,0.0,28.0,0
41.00_68.00,2023-09-04,41.0,68.0,0.0,0.0,0.0,0.0,0.0,0.0,29.0,0
41.00_68.00,2023-09-11,41.0,68.0,0.0,0.0,0.0,0.0,0.0,0.0,30.0,0
41.00_68.00,2023-09-18,41.0,68.0,0.0,0.0,0.0,0.0,0.0,0.0,31.0,0
41.00_68.00,2023-09-25,41.0,68.0,0.0,0.0,0.0,0.0,0.0,0.0,32.0,0
41.00_68.00,2023-10-02,41.0,68.0,0.0,0.0,0.0,0.0,0.0,0.0,33.0,0
41.00_68.00,2023-10-09,41.0,68.0,0.0,0.0,0.0,0.0,0.0,0.0,34.0,0
41.00_68.00,2023-10-16,41.0,68.0,0.0,0.0,0.0,0.0,0.0,0.0,35.0,0
41.00_68.00,2023-10-23,41.0,68.0,0.0,0.0,0.0,0.0,0.0,0.0,36.0,0
41.00_68.00,2023-10-30,41.0,68.0,0.0,0.0,0.0,0.0,0.0,0.0,37.0,0
41.00_68.00,2023-11-06,41.0,68.0,0.0,0.0,0.0,0.0,0.0,0.0,38.0,0
41.00_68.00,2023-11-13,41.0,68.0,0.0,0.0,0.0,0.0,0.0,0.0,39.0,0
41.00_68.00,2023-11-20,41.0,68.0,0.0,0.0,0.0,0.0,0.0,0.0,40.0,0
41.00_68.00,2023-11-27,41.0,68.0,0.0,0.0,0.0,0.0,0.0,0.0,41.0,0
41.00_68.00,2023-12-04,41.0,68.0,0.0,0.0,0.0,0.0,0.0,0.0,42.0,0
41.00_68.00,2023-12-11,41.0,68.0,0.0,0.0,0.0,0.0,0.0,0.0,43.0,0
41.00_68.00,2023-12-18,41.0,68.0,0.0,0.0,0.0,0.0,0.0,0.0,44.0,0
41.00_68.00,2023-12-25,41.0,68.0,0.0,0.0,0.0,0.0,0.0,0.0,45.0,0
41.00_71.00,2010-03-22,41.0,71.0,0.0,0.0,0.0,0.0,1.0,0.0,8.0,0
41.00_71.00,2010-03-29,41.0,71.0,0.0,0.0,0.0,0.0,1.0,0.0,9.0,0
41.00_71.00,2010-04-05,41.0,71.0,0.0,0.0,0.0,0.0,1.0,0.0,10.0,0
41.00_71.00,2010-04-12,41.0,71.0,0.0,0.0,0.0,0.0,1.0,0.0,11.0,0
41.00_71.00,2010-04-19,41.0,71.0,0.0,0.0,0.0,0.0,0.0,0.0,12.0,0
41.00_71.00,2010-04-26,41.0,71.0,0.0,0.0,0.0,0.0,0.0,0.0,13.0,0
41.00_71.00,2010-05-03,41.0,71.0,0.0,0.0,0.0,0.0,0.0,0.0,14.0,0
41.00_71.00,2010-05-10,41.0,71.0,0.0,0.0,0.0,0.0,0.0,0.0,15.0,1
41.00_71.00,2010-05-17,41.0,71.0,1.0,4.9,4.9,4.9,1.0,22387211.385683425,0.0,0
41.00_71.00,2010-05-24,41.0,71.0,0.0,0.0,0.0,4.9,1.0,22387211.385683425,1.0,0
41.00_71.00,2010-05-31,41.0,71.0,0.0,0.0,0.0,4.9,1.0,22387211.385683425,2.0,0
41.00_71.00,2010-06-07,41.0,71.0,0.0,0.0,0.0,4.9,1.0,22387211.385683425,3.0,0
41.00_71.00,2010-06-14,41.0,71.0,0.0,0.0,0.0,0.0,1.0,22387211.385683425,4.0,0
41.00_71.00,2010-06-21,41.0,71.0,0.0,0.0,0.0,0.0,1.0,22387211.385683425,5.0,0
41.00_71.00,2010-06-28,41.0,71.0,0.0,0.0,0.0,0.0,1.0,22387211.385683425,6.0,0
41.00_71.00,2010-07-05,41.0,71.0,0.0,0.0,0.0,0.0,1.0,22387211.385683425,7.0,0
41.00_71.00,2010-07-12,41.0,71.0,0.0,0.0,0.0,0.0,1.0,0.0,8.0,0
41.00_71.00,2010-07-19,41.0,71.0,0.0,0.0,0.0,0.0,1.0,0.0,9.0,0
41.00_71.00,2010-07-26,41.0,71.0,0.0,0.0,0.0,0.0,1.0,0.0,10.0,0
41.00_71.00,2010-08-02,41.0,71.0,0.0,0.0,0.0,0.0,1.0,0.0,11.0,0
41.00_71.00,2010-08-09,41.0,71.0,0.0,0.0,0.0,0.0,0.0,0.0,12.0,0
41.00_71.00,2010-08-16,41.0,71.0,0.0,0.0,0.0,0.0,0.0,0.0,13.0,0
41.00_71.00,2010-08-23,41.0,71.0,0.0,0.0,0.0,0.0,0.0,0.0,14.0,0
41.00_71.00,2010-08-30,41.0,71.0,0.0,0.0,0.0,0.0,0.0,0.0,15.0,0
41.00_71.00,2010-09-06,41.0,71.0,0.0,0.0,0.0,0.0,0.0,0.0,16.0,0
41.00_71.00,2010-09-13,41.0,71.0,0.0,0.0,0.0,0.0,0.0,0.0,17.0,0
41.00_71.00,2010-09-20,41.0,71.0,0.0,0.0,0.0,0.0,0.0,0.0,18.0,0
41.00_71.00,2010-09-27,41.0,71.0,0.0,0.0,0.0,0.0,0.0,0.0,19.0,0
41.00_71.00,2010-10-04,41.0,71.0,0.0,0.0,0.0,0.0,0.0,0.0,20.0,0
41.00_71.00,2010-10-11,41.0,71.0,0.0,0.0,0.0,0.0,0.0,0.0,21.0,0
41.00_71.00,2010-10-18,41.0,71.0,0.0,0.0,0.0,0.0,0.0,0.0,22.0,0
41.00_71.00,2010-10-25,41.0,71.0,0.0,0.0,0.0,0.0,0.0,0.0,23.0,1
41.00_71.00,2010-11-01,41.0,71.0,1.0,4.7,4.7,4.7,1.0,11220184.543019652,0.0,0
41.00_71.00,2010-11-08,41.0,71.0,0.0,0.0,0.0,4.7,1.0,11220184.543019652,1.0,0
41.00_71.00,2010-11-15,41.0,71.0,0.0,0.0,0.0,4.7,1.0,11220184.543019652,2.0,0
41.00_71.00,2010-11-22,41.0,71.0,0.0,0.0,0.0,4.7,1.0,11220184.543019652,3.0,0
41.00_71.00,2010-11-29,41.0,71.0,0.0,0.0,0.0,0.0,1.0,11220184.543019652,4.0,0
41.00_71.00,2010-12-06,41.0,71.0,0.0,0.0,0.0,0.0,1.0,11220184.543019652,5.0,0
41.00_71.00,2010-12-13,41.0,71.0,0.0,0.0,0.0,0.0,1.0,11220184.543019652,6.0,0
41.00_71.00,2010-12-20,41.0,71.0,0.0,0.0,0.0,0.0,1.0,11220184.543019652,7.0,0
41.00_71.00,2010-12-27,41.0,71.0,0.0,0.0,0.0,0.0,1.0,0.0,8.0,0
41.00_71.00,2011-01-03,41.0,71.0,0.0,0.0,0.0,0.0,1.0,0.0,9.0,0
41.00_71.00,2011-01-10,41.0,71.0,0.0,0.0,0.0,0.0,1.0,0.0,10.0,0
41.00_71.00,2011-01-17,41.0,71.0,0.0,0.0,0.0,0.0,1.0,0.0,11.0,0
41.00_71.00,2011-01-24,41.0,71.0,0.0,0.0,0.0,0.0,0.0,0.0,12.0,0
41.00_71.00,2011-01-31,41.0,71.0,0.0,0.0,0.0,0.0,0.0,0.0,13.0,0
41.00_71.00,2011-02-07,41.0,71.0,0.0,0.0,0.0,0.0,0.0,0.0,14.0,0
41.00_71.00,2011-02-14,41.0,71.0,0.0,0.0,0.0,0.0,0.0,0.0,15.0,0
41.00_71.00,2011-02-21,41.0,71.0,0.0,0.0,0.0,0.0,0.0,0.0,16.0,0
41.00_71.00,2011-02-28,41.0,71.0,0.0,0.0,0.0,0.0,0.0,0.0,17.0,0
41.00_71.00,2011-03-07,41.0,71.0,0.0,0.0,0.0,0.0,0.0,0.0,18.0,0
41.00_71.00,2011-03-14,41.0,71.0,0.0,0.0,0.0,0.0,0.0,0.0,19.0,0
41.00_71.00,2011-03-21,41.0,71.0,0.0,0.0,0.0,0.0,0.0,0.0,20.0,0
41.00_71.00,2011-03-28,41.0,71.0,0.0,0.0,0.0,0.0,0.0,0.0,21.0,0
41.00_71.00,2011-04-04,41.0,71.0,0.0,0.0,0.0,0.0,0.0,0.0,22.0,0
41.00_71.00,2011-04-11,41.0,71.0,0.0,0.0,0.0,0.0,0.0,0.0,23.0,0
41.00_71.00,2011-04-18,41.0,71.0,0.0,0.0,0.0,0.0,0.0,0.0,24.0,0
41.00_71.00,2011-04-25,41.0,71.0,0.0,0.0,0.0,0.0,0.0,0.0,25.0,0
41.00_71.00,2011-05-02,41.0,71.0,0.0,0.0,0.0,0.0,0.0,0.0,26.0,0
41.00_71.00,2011-05-09,41.0,71.0,0.0,0.0,0.0,0.0,0.0,0.0,27.0,0
41.00_71.00,2011-05-16,41.0,71.0,0.0,0.0,0.0,0.0,0.0,0.0,28.0,0
41.00_71.00,2011-05-23,41.0,71.0,0.0,0.0,0.0,0.0,0.0,0.0,29.0,0
41.00_71.00,2011-05-30,41.0,71.0,0.0,0.0,0.0,0.0,0.0,0.0,30.0,0
41.00_71.00,2011-06-06,41.0,71.0,0.0,0.0,0.0,0.0,0.0,0.0,31.0,0
41.00_71.00,2011-06-13,41.0,71.0,0.0,0.0,0.0,0.0,0.0,0.0,32.0,0
41.00_71.00,2011-06-20,41.0,71.0,0.0,0.0,0.0,0.0,0.0,0.0,33.0,0
41.00_71.00,2011-06-27,41.0,71.0,0.0,0.0,0.0,0.0,0.0,0.0,34.0,0
41.00_71.00,2011-07-04,41.0,71.0,0.0,0.0,0.0,0.0,0.0,0.0,35.0,0
41.00_71.00,2011-07-11,41.0,71.0,0.0,0.0,0.0,0.0,0.0,0.0,36.0,0
41.00_71.00,2011-07-18,41.0,71.0,0.0,0.0,0.0,0.0,0.0,0.0,37.0,0
41.00_71.00,2011-07-25,41.0,71.0,0.0,0.0,0.0,0.0,0.0,0.0,38.0,0
41.00_71.00,2011-08-01,41.0,71.0,0.0,0.0,0.0,0.0,0.0,0.0,39.0,0
41.00_71.00,2011-08-08,41.0,71.0,0.0,0.0,0.0,0.0,0.0,0.0,40.0,0
41.00_71.00,2011-08-15,41.0,71.0,0.0,0.0,0.0,0.0,0.0,0.0,41.0,1
41.00_71.00,2011-08-22,41.0,71.0,1.0,5.0,5.0,5.0,1.0,31622776.60168379,0.0,0
41.00_71.00,2011-08-29,41.0,71.0,0.0,0.0,0.0,5.0,1.0,31622776.60168379,1.0,0
41.00_71.00,2011-09-05,41.0,71.0,0.0,0.0,0.0,5.0,1.0,31622776.60168379,2.0,0
41.00_71.00,2011-09-12,41.0,71.0,0.0,0.0,0.0,5.0,1.0,31622776.60168379,3.0,0
41.00_71.00,2011-09-19,41.0,71.0,0.0,0.0,0.0,0.0,1.0,31622776.60168379,4.0,0
41.00_71.00,2011-09-26,41.0,71.0,0.0,0.0,0.0,0.0,1.0,31622776.60168379,5.0,0
41.00_71.00,2011-10-03,41.0,71.0,0.0,0.0,0.0,0.0,1.0,31622776.60168379,6.0,0
41.00_71.00,2011-10-10,41.0,71.0,0.0,0.0,0.0,0.0,1.0,31622776.60168379,7.0,0
41.00_71.00,2011-10-17,41.0,71.0,0.0,0.0,0.0,0.0,1.0,0.0,8.0,1
41.00_71.00,2011-10-24,41.0,71.0,1.0,4.6,4.6,4.6,2.0,7943282.347242805,0.0,0
41.00_71.00,2011-10-31,41.0,71.0,0.0,0.0,0.0,4.6,2.0,7943282.347242805,1.0,0
41.00_71.00,2011-11-07,41.0,71.0,0.0,0.0,0.0,4.6,2.0,7943282.347242805,2.0,0
41.00_71.00,2011-11-14,41.0,71.0,0.0,0.0,0.0,4.6,1.0,7943282.347242805,3.0,0
41.00_71.00,2011-11-21,41.0,71.0,0.0,0.0,0.0,0.0,1.0,7943282.347242805,4.0,0
41.00_71.00,2011-11-28,41.0,71.0,0.0,0.0,0.0,0.0,1.0,7943282.347242805,5.0,0
41.00_71.00,2011-12-05,41.0,71.0,0.0,0.0,0.0,0.0,1.0,7943282.347242805,6.0,0
41.00_71.00,2011-12-12,41.0,71.0,0.0,0.0,0.0,0.0,1.0,7943282.347242805,7.0,0
41.00_71.00,2011-12-19,41.0,71.0,0.0,0.0,0.0,0.0,1.0,0.0,8.0,0
41.00_71.00,2011-12-26,41.0,71.0,0.0,0.0,0.0,0.0,1.0,0.0,9.0,0
41.00_71.00,2012-01-02,41.0,71.0,0.0,0.0,0.0,0.0,1.0,0.0,10.0,0
41.00_71.00,2012-01-09,41.0,71.0,0.0,0.0,0.0,0.0,1.0,0.0,11.0,0
41.00_71.00,2012-01-16,41.0,71.0,0.0,0.0,0.0,0.0,0.0,0.0,12.0,0
41.00_71.00,2012-01-23,41.0,71.0,0.0,0.0,0.0,0.0,0.0,0.0,13.0,0
41.00_71.00,2012-01-30,41.0,71.0,0.0,0.0,0.0,0.0,0.0,0.0,14.0,0
41.00_71.00,2012-02-06,41.0,71.0,0.0,0.0,0.0,0.0,0.0,0.0,15.0,0
41.00_71.00,2012-02-13,41.0,71.0,0.0,0.0,0.0,0.0,0.0,0.0,16.0,0
41.00_71.00,2012-02-20,41.0,71.0,0.0,0.0,0.0,0.0,0.0,0.0,17.0,1
41.00_71.00,2012-02-27,41.0,71.0,1.0,4.9,4.9,4.9,1.0,22387211.385683425,0.0,0
41.00_71.00,2012-03-05,41.0,71.0,0.0,0.0,0.0,4.9,1.0,22387211.385683425,1.0,0
41.00_71.00,2012-03-12,41.0,71.0,0.0,0.0,0.0,4.9,1.0,22387211.385683425,2.0,0
41.00_71.00,2012-03-19,41.0,71.0,0.0,0.0,0.0,4.9,1.0,22387211.385683425,3.0,0
41.00_71.00,2012-03-26,41.0,71.0,0.0,0.0,0.0,0.0,1.0,22387211.385683425,4.0,0
41.00_71.00,2012-04-02,41.0,71.0,0.0,0.0,0.0,0.0,1.0,22387211.385683425,5.0,0
41.00_71.00,2012-04-09,41.0,71.0,0.0,0.0,0.0,0.0,1.0,22387211.385683425,6.0,0
41.00_71.00,2012-04-16,41.0,71.0,0.0,0.0,0.0,0.0,1.0,22387211.385683425,7.0,0
41.00_71.00,2012-04-23,41.0,71.0,0.0,0.0,0.0,0.0,1.0,0.0,8.0,0
41.00_71.00,2012-04-30,41.0,71.0,0.0,0.0,0.0,0.0,1.0,0.0,9.0,0
41.00_71.00,2012-05-07,41.0,71.0,0.0,0.0,0.0,0.0,1.0,0.0,10.0,0
41.00_71.00,2012-05-14,41.0,71.0,0.0,0.0,0.0,0.0,1.0,0.0,11.0,0
41.00_71.00,2012-05-21,41.0,71.0,0.0,0.0,0.0,0.0,0.0,0.0,12.0,0
41.00_71.00,2012-05-28,41.0,71.0,0.0,0.0,0.0,0.0,0.0,0.0,13.0,0
41.00_71.00,2012-06-04,41.0,71.0,0.0,0.0,0.0,0.0,0.0,0.0,14.0,0
41.00_71.00,2012-06-11,41.0,71.0,0.0,0.0,0.0,0.0,0.0,0.0,15.0,0
41.00_71.00,2012-06-18,41.0,71.0,0.0,0.0,0.0,0.0,0.0,0.0,16.0,0
41.00_71.00,2012-06-25,41.0,71.0,0.0,0.0,0.0,0.0,0.0,0.0,17.0,0
41.00_71.00,2012-07-02,41.0,71.0,0.0,0.0,0.0,0.0,0.0,0.0,18.0,0
41.00_71.00,2012-07-09,41.0,71.0,0.0,0.0,0.0,0.0,0.0,0.0,19.0,0
41.00_71.00,2012-07-16,41.0,71.0,0.0,0.0,0.0,0.0,0.0,0.0,20.0,0
41.00_71.00,2012-07-23,41.0,71.0,0.0,0.0,0.0,0.0,0.0,0.0,21.0,0
41.00_71.00,2012-07-30,41.0,71.0,0.0,0.0,0.0,0.0,0.0,0.0,22.0,0
41.00_71.00,2012-08-06,41.0,71.0,0.0,0.0,0.0,0.0,0.0,0.0,23.0,0
41.00_71.00,2012-08-13,41.0,71.0,0.0,0.0,0.0,0.0,0.0,0.0,24.0,0
41.00_71.00,2012-08-20,41.0,71.0,0.0,0.0,0.0,0.0,0.0,0.0,25.0,0
41.00_71.00,2012-08-27,41.0,71.0,0.0,0.0,0.0,0.0,0.0,0.0,26.0,0
41.00_71.00,2012-09-03,41.0,71.0,0.0,0.0,0.0,0.0,0.0,0.0,27.0,0
41.00_71.00,2012-09-10,41.0,71.0,0.0,0.0,0.0,0.0,0.0,0.0,28.0,0
41.00_71.00,2012-09-17,41.0,71.0,0.0,0.0,0.0,0.0,0.0,0.0,29.0,0
41.00_71.00,2012-09-24,41.0,71.0,0.0,0.0,0.0,0.0,0.0,0.0,30.0,0
41.00_71.00,2012-10-01,41.0,71.0,0.0,0.0,0.0,0.0,0.0,0.0,31.0,0
41.00_71.00,2012-10-08,41.0,71.0,0.0,0.0,0.0,0.0,0.0,0.0,32.0,0
41.00_71.00,2012-10-15,41.0,71.0,0.0,0.0,0.0,0.0,0.0,0.0,33.0,0
41.00_71.00,2012-10-22,41.0,71.0,0.0,0.0,0.0,0.0,0.0,0.0,34.0,0
41.00_71.00,2012-10-29,41.0,71.0,0.0,0.0,0.0,0.0,0.0,0.0,35.0,0
41.00_71.00,2012-11-05,41.0,71.0,0.0,0.0,0.0,0.0,0.0,0.0,36.0,0
41.00_71.00,2012-11-12,41.0,71.0,0.0,0.0,0.0,0.0,0.0,0.0,37.0,0
41.00_71.00,2012-11-19,41.0,71.0,0.0,0.0,0.0,0.0,0.0,0.0,38.0,0
41.00_71.00,2012-11-26,41.0,71.0,0.0,0.0,0.0,0.0,0.0,0.0,39.0,0
41.00_71.00,2012-12-03,41.0,71.0,0.0,0.0,0.0,0.0,0.0,0.0,40.0,0
41.00_71.00,2012-12-10,41.0,71.0,0.0,0.0,0.0,0.0,0.0,0.0,41.0,0
41.00_71.00,2012-12-17,41.0,71.0,0.0,0.0,0.0,0.0,0.0,0.0,42.0,0
41.00_71.00,2012-12-24,41.0,71.0,0.0,0.0,0.0,0.0,0.0,0.0,43.0,0
41.00_71.00,2012-12-31,41.0,71.0,0.0,0.0,0.0,0.0,0.0,0.0,44.0,0
41.00_71.00,2013-01-07,41.0,71.0,0.0,0.0,0.0,0.0,0.0,0.0,45.0,0
41.00_71.00,2013-01-14,41.0,71.0,0.0,0.0,0.0,0.0,0.0,0.0,46.0,0
41.00_71.00,2013-01-21,41.0,71.0,0.0,0.0,0.0,0.0,0.0,0.0,47.0,0
41.00_71.00,2013-01-28,41.0,71.0,0.0,0.0,0.0,0.0,0.0,0.0,48.0,0
41.00_71.00,2013-02-04,41.0,71.0,0.0,0.0,0.0,0.0,0.0,0.0,49.0,0
41.00_71.00,2013-02-11,41.0,71.0,0.0,0.0,0.0,0.0,0.0,0.0,50.0,0
41.00_71.00,2013-02-18,41.0,71.0,0.0,0.0,0.0,0.0,0.0,0.0,51.0,0
41.00_71.00,2013-02-25,41.0,71.0,0.0,0.0,0.0,0.0,0.0,0.0,52.0,0
41.00_71.00,2013-03-04,41.0,71.0,0.0,0.0,0.0,0.0,0.0,0.0,53.0,0
41.00_71.00,2013-03-11,41.0,71.0,0.0,0.0,0.0,0.0,0.0,0.0,54.0,0
41.00_71.00,2013-03-18,41.0,71.0,0.0,0.0,0.0,0.0,0.0,0.0,55.0,0
41.00_71.00,2013-03-25,41.0,71.0,0.0,0.0,0.0,0.0,0.0,0.0,56.0,0
41.00_71.00,2013-04-01,41.0,71.0,0.0,0.0,0.0,0.0,0.0,0.0,57.0,0
41.00_71.00,2013-04-08,41.0,71.0,0.0,0.0,0.0,0.0,0.0,0.0,58.0,0
41.00_71.00,2013-04-15,41.0,71.0,0.0,0.0,0.0,0.0,0.0,0.0,59.0,0
41.00_71.00,2013-04-22,41.0,71.0,0.0,0.0,0.0,0.0,0.0,0.0,60.0,0
41.00_71.00,2013-04-29,41.0,71.0,0.0,0.0,0.0,0.0,0.0,0.0,61.0,0
41.00_71.00,2013-05-06,41.0,71.0,0.0,0.0,0.0,0.0,0.0,0.0,62.0,0
41.00_71.00,2013-05-13,41.0,71.0,0.0,0.0,0.0,0.0,0.0,0.0,63.0,0
41.00_71.00,2013-05-20,41.0,71.0,0.0,0.0,0.0,0.0,0.0,0.0,64.0,0
41.00_71.00,2013-05-27,41.0,71.0,0.0,0.0,0.0,0.0,0.0,0.0,65.0,0
41.00_71.00,2013-06-03,41.0,71.0,0.0,0.0,0.0,0.0,0.0,0.0,66.0,0
41.00_71.00,2013-06-10,41.0,71.0,0.0,0.0,0.0,0.0,0.0,0.0,67.0,0
41.00_71.00,2013-06-17,41.0,71.0,0.0,0.0,0.0,0.0,0.0,0.0,68.0,0
41.00_71.00,2013-06-24,41.0,71.0,0.0,0.0,0.0,0.0,0.0,0.0,69.0,0
41.00_71.00,2013-07-01,41.0,71.0,0.0,0.0,0.0,0.0,0.0,0.0,70.0,0
41.00_71.00,2013-07-08,41.0,71.0,0.0,0.0,0.0,0.0,0.0,0.0,71.0,0
41.00_71.00,2013-07-15,41.0,71.0,0.0,0.0,0.0,0.0,0.0,0.0,72.0,0
41.00_71.00,2013-07-22,41.0,71.0,0.0,0.0,0.0,0.0,0.0,0.0,73.0,0
41.00_71.00,2013-07-29,41.0,71.0,0.0,0.0,0.0,0.0,0.0,0.0,74.0,0
41.00_71.00,2013-08-05,41.0,71.0,0.0,0.0,0.0,0.0,0.0,0.0,75.0,0
41.00_71.00,2013-08-12,41.0,71.0,0.0,0.0,0.0,0.0,0.0,0.0,76.0,0
41.00_71.00,2013-08-19,41.0,71.0,0.0,0.0,0.0,0.0,0.0,0.0,77.0,1
41.00_71.00,2013-08-26,41.0,71.0,1.0,4.8,4.8,4.8,1.0,15848931.924611108,0.0,0
41.00_71.00,2013-09-02,41.0,71.0,0.0,0.0,0.0,4.8,1.0,15848931.924611108,1.0,0
41.00_71.00,2013-09-09,41.0,71.0,0.0,0.0,0.0,4.8,1.0,15848931.924611108,2.0,0
41.00_71.00,2013-09-16,41.0,71.0,0.0,0.0,0.0,4.8,1.0,15848931.924611108,3.0,0
41.00_71.00,2013-09-23,41.0,71.0,0.0,0.0,0.0,0.0,1.0,15848931.924611108,4.0,0
41.00_71.00,2013-09-30,41.0,71.0,0.0,0.0,0.0,0.0,1.0,15848931.924611108,5.0,0
41.00_71.00,2013-10-07,41.0,71.0,0.0,0.0,0.0,0.0,1.0,15848931.924611108,6.0,0
41.00_71.00,2013-10-14,41.0,71.0,0.0,0.0,0.0,0.0,1.0,15848931.924611108,7.0,0
41.00_71.00,2013-10-21,41.0,71.0,0.0,0.0,0.0,0.0,1.0,0.0,8.0,0
41.00_71.00,2013-10-28,41.0,71.0,0.0,0.0,0.0,0.0,1.0,0.0,9.0,0
41.00_71.00,2013-11-04,41.0,71.0,0.0,0.0,0.0,0.0,1.0,0.0,10.0,0
41.00_71.00,2013-11-11,41.0,71.0,0.0,0.0,0.0,0.0,1.0,0.0,11.0,0
41.00_71.00,2013-11-18,41.0,71.0,0.0,0.0,0.0,0.0,0.0,0.0,12.0,1
41.00_71.00,2013-11-25,41.0,71.0,1.0,4.6,4.6,4.6,1.0,7943282.347242805,0.0,0
41.00_71.00,2013-12-02,41.0,71.0,0.0,0.0,0.0,4.6,1.0,7943282.347242805,1.0,0
41.00_71.00,2013-12-09,41.0,71.0,0.0,0.0,0.0,4.6,1.0,7943282.347242805,2.0,0
41.00_71.00,2013-12-16,41.0,71.0,0.0,0.0,0.0,4.6,1.0,7943282.347242805,3.0,0
41.00_71.00,2013-12-23,41.0,71.0,0.0,0.0,0.0,0.0,1.0,7943282.347242805,4.0,0
41.00_71.00,2013-12-30,41.0,71.0,0.0,0.0,0.0,0.0,1.0,7943282.347242805,5.0,0
41.00_71.00,2014-01-06,41.0,71.0,0.0,0.0,0.0,0.0,1.0,7943282.347242805,6.0,0
41.00_71.00,2014-01-13,41.0,71.0,0.0,0.0,0.0,0.0,1.0,7943282.347242805,7.0,0
41.00_71.00,2014-01-20,41.0,71.0,0.0,0.0,0.0,0.0,1.0,0.0,8.0,0
41.00_71.00,2014-01-27,41.0,71.0,0.0,0.0,0.0,0.0,1.0,0.0,9.0,0
41.00_71.00,2014-02-03,41.0,71.0,0.0,0.0,0.0,0.0,1.0,0.0,10.0,0
41.00_71.00,2014-02-10,41.0,71.0,0.0,0.0,0.0,0.0,1.0,0.0,11.0,0
41.00_71.00,2014-02-17,41.0,71.0,0.0,0.0,0.0,0.0,0.0,0.0,12.0,0
41.00_71.00,2014-02-24,41.0,71.0,0.0,0.0,0.0,0.0,0.0,0.0,13.0,0
41.00_71.00,2014-03-03,41.0,71.0,0.0,0.0,0.0,0.0,0.0,0.0,14.0,0
41.00_71.00,2014-03-10,41.0,71.0,0.0,0.0,0.0,0.0,0.0,0.0,15.0,0
41.00_71.00,2014-03-17,41.0,71.0,0.0,0.0,0.0,0.0,0.0,0.0,16.0,0
41.00_71.00,2014-03-24,41.0,71.0,0.0,0.0,0.0,0.0,0.0,0.0,17.0,0
41.00_71.00,2014-03-31,41.0,71.0,0.0,0.0,0.0,0.0,0.0,0.0,18.0,0
41.00_71.00,2014-04-07,41.0,71.0,0.0,0.0,0.0,0.0,0.0,0.0,19.0,0
41.00_71.00,2014-04-14,41.0,71.0,0.0,0.0,0.0,0.0,0.0,0.0,20.0,0
41.00_71.00,2014-04-21,41.0,71.0,0.0,0.0,0.0,0.0,0.0,0.0,21.0,0
41.00_71.00,2014-04-28,41.0,71.0,0.0,0.0,0.0,0.0,0.0,0.0,22.0,0
41.00_71.00,2014-05-05,41.0,71.0,0.0,0.0,0.0,0.0,0.0,0.0,23.0,0
41.00_71.00,2014-05-12,41.0,71.0,0.0,0.0,0.0,0.0,0.0,0.0,24.0,0
41.00_71.00,2014-05-19,41.0,71.0,0.0,0.0,0.0,0.0,0.0,0.0,25.0,0
41.00_71.00,2014-05-26,41.0,71.0,0.0,0.0,0.0,0.0,0.0,0.0,26.0,0
41.00_71.00,2014-06-02,41.0,71.0,0.0,0.0,0.0,0.0,0.0,0.0,27.0,0
41.00_71.00,2014-06-09,41.0,71.0,0.0,0.0,0.0,0.0,0.0,0.0,28.0,0
41.00_71.00,2014-06-16,41.0,71.0,0.0,0.0,0.0,0.0,0.0,0.0,29.0,0
41.00_71.00,2014-06-23,41.0,71.0,0.0,0.0,0.0,0.0,0.0,0.0,30.0,1
41.00_71.00,2014-06-30,41.0,71.0,1.0,4.6,4.6,4.6,1.0,7943282.347242805,0.0,0
41.00_71.00,2014-07-07,41.0,71.0,0.0,0.0,0.0,4.6,1.0,7943282.347242805,1.0,0
41.00_71.00,2014-07-14,41.0,71.0,0.0,0.0,0.0,4.6,1.0,7943282.347242805,2.0,0
41.00_71.00,2014-07-21,41.0,71.0,0.0,0.0,0.0,4.6,1.0,7943282.347242805,3.0,0
41.00_71.00,2014-07-28,41.0,71.0,0.0,0.0,0.0,0.0,1.0,7943282.347242805,4.0,0
41.00_71.00,2014-08-04,41.0,71.0,0.0,0.0,0.0,0.0,1.0,7943282.347242805,5.0,0
41.00_71.00,2014-08-11,41.0,71.0,0.0,0.0,0.0,0.0,1.0,7943282.347242805,6.0,0
41.00_71.00,2014-08-18,41.0,71.0,0.0,0.0,0.0,0.0,1.0,7943282.347242805,7.0,0
41.00_71.00,2014-08-25,41.0,71.0,0.0,0.0,0.0,0.0,1.0,0.0,8.0,0
41.00_71.00,2014-09-01,41.0,71.0,0.0,0.0,0.0,0.0,1.0,0.0,9.0,0
41.00_71.00,2014-09-08,41.0,71.0,0.0,0.0,0.0,0.0,1.0,0.0,10.0,0
41.00_71.00,2014-09-15,41.0,71.0,0.0,0.0,0.0,0.0,1.0,0.0,11.0,0
41.00_71.00,2014-09-22,41.0,71.0,0.0,0.0,0.0,0.0,0.0,0.0,12.0,0
41.00_71.00,2014-09-29,41.0,71.0,0.0,0.0,0.0,0.0,0.0,0.0,13.0,0
41.00_71.00,2014-10-06,41.0,71.0,0.0,0.0,0.0,0.0,0.0,0.0,14.0,0
41.00_71.00,2014-10-13,41.0,71.0,0.0,0.0,0.0,0.0,0.0,0.0,15.0,0
41.00_71.00,2014-10-20,41.0,71.0,0.0,0.0,0.0,0.0,0.0,0.0,16.0,0
41.00_71.00,2014-10-27,41.0,71.0,0.0,0.0,0.0,0.0,0.0,0.0,17.0,0
41.00_71.00,2014-11-03,41.0,71.0,0.0,0.0,0.0,0.0,0.0,0.0,18.0,0
41.00_71.00,2014-11-10,41.0,71.0,0.0,0.0,0.0,0.0,0.0,0.0,19.0,0
41.00_71.00,2014-11-17,41.0,71.0,0.0,0.0,0.0,0.0,0.0,0.0,20.0,0
41.00_71.00,2014-11-24,41.0,71.0,0.0,0.0,0.0,0.0,0.0,0.0,21.0,0
41.00_71.00,2014-12-01,41.0,71.0,0.0,0.0,0.0,0.0,0.0,0.0,22.0,0
41.00_71.00,2014-12-08,41.0,71.0,0.0,0.0,0.0,0.0,0.0,0.0,23.0,0
41.00_71.00,2014-12-15,41.0,71.0,0.0,0.0,0.0,0.0,0.0,0.0,24.0,0
41.00_71.00,2014-12-22,41.0,71.0,0.0,0.0,0.0,0.0,0.0,0.0,25.0,0
41.00_71.00,2014-12-29,41.0,71.0,0.0,0.0,0.0,0.0,0.0,0.0,26.0,0
41.00_71.00,2015-01-05,41.0,71.0,0.0,0.0,0.0,0.0,0.0,0.0,27.0,0
41.00_71.00,2015-01-12,41.0,71.0,0.0,0.0,0.0,0.0,0.0,0.0,28.0,0
41.00_71.00,2015-01-19,41.0,71.0,0.0,0.0,0.0,0.0,0.0,0.0,29.0,0
41.00_71.00,2015-01-26,41.0,71.0,0.0,0.0,0.0,0.0,0.0,0.0,30.0,0
41.00_71.00,2015-02-02,41.0,71.0,0.0,0.0,0.0,0.0,0.0,0.0,31.0,0
41.00_71.00,2015-02-09,41.0,71.0,0.0,0.0,0.0,0.0,0.0,0.0,32.0,0
41.00_71.00,2015-02-16,41.0,71.0,0.0,0.0,0.0,0.0,0.0,0.0,33.0,0
41.00_71.00,2015-02-23,41.0,71.0,0.0,0.0,0.0,0.0,0.0,0.0,34.0,0
41.00_71.00,2015-03-02,41.0,71.0,0.0,0.0,0.0,0.0,0.0,0.0,35.0,0
41.00_71.00,2015-03-09,41.0,71.0,0.0,0.0,0.0,0.0,0.0,0.0,36.0,0
41.00_71.00,2015-03-16,41.0,71.0,0.0,0.0,0.0,0.0,0.0,0.0,37.0,0
41.00_71.00,2015-03-23,41.0,71.0,0.0,0.0,0.0,0.0,0.0,0.0,38.0,0
41.00_71.00,2015-03-30,41.0,71.0,0.0,0.0,0.0,0.0,0.0,0.0,39.0,0
41.00_71.00,2015-04-06,41.0,71.0,0.0,0.0,0.0,0.0,0.0,0.0,40.0,0
41.00_71.00,2015-04-13,41.0,71.0,0.0,0.0,0.0,0.0,0.0,0.0,41.0,0
41.00_71.00,2015-04-20,41.0,71.0,0.0,0.0,0.0,0.0,0.0,0.0,42.0,0
41.00_71.00,2015-04-27,41.0,71.0,0.0,0.0,0.0,0.0,0.0,0.0,43.0,0
41.00_71.00,2015-05-04,41.0,71.0,0.0,0.0,0.0,0.0,0.0,0.0,44.0,0
41.00_71.00,2015-05-11,41.0,71.0,0.0,0.0,0.0,0.0,0.0,0.0,45.0,0
41.00_71.00,2015-05-18,41.0,71.0,0.0,0.0,0.0,0.0,0.0,0.0,46.0,0
41.00_71.00,2015-05-25,41.0,71.0,0.0,0.0,0.0,0.0,0.0,0.0,47.0,0
41.00_71.00,2015-06-01,41.0,71.0,0.0,0.0,0.0,0.0,0.0,0.0,48.0,0
41.00_71.00,2015-06-08,41.0,71.0,0.0,0.0,0.0,0.0,0.0,0.0,49.0,0
41.00_71.00,2015-06-15,41.0,71.0,0.0,0.0,0.0,0.0,0.0,0.0,50.0,0
41.00_71.00,2015-06-22,41.0,71.0,0.0,0.0,0.0,0.0,0.0,0.0,51.0,0
41.00_71.00,2015-06-29,41.0,71.0,0.0,0.0,0.0,0.0,0.0,0.0,52.0,0
41.00_71.00,2015-07-06,41.0,71.0,0.0,0.0,0.0,0.0,0.0,0.0,53.0,0
41.00_71.00,2015-07-13,41.0,71.0,0.0,0.0,0.0,0.0,0.0,0.0,54.0,0
41.00_71.00,2015-07-20,41.0,71.0,0.0,0.0,0.0,0.0,0.0,0.0,55.0,0
41.00_71.00,2015-07-27,41.0,71.0,0.0,0.0,0.0,0.0,0.0,0.0,56.0,0
41.00_71.00,2015-08-03,41.0,71.0,0.0,0.0,0.0,0.0,0.0,0.0,57.0,0
41.00_71.00,2015-08-10,41.0,71.0,0.0,0.0,0.0,0.0,0.0,0.0,58.0,0
41.00_71.00,2015-08-17,41.0,71.0,0.0,0.0,0.0,0.0,0.0,0.0,59.0,0
41.00_71.00,2015-08-24,41.0,71.0,0.0,0.0,0.0,0.0,0.0,0.0,60.0,0
41.00_71.00,2015-08-31,41.0,71.0,0.0,0.0,0.0,0.0,0.0,0.0,61.0,0
41.00_71.00,2015-09-07,41.0,71.0,0.0,0.0,0.0,0.0,0.0,0.0,62.0,0
41.00_71.00,2015-09-14,41.0,71.0,0.0,0.0,0.0,0.0,0.0,0.0,63.0,1
41.00_71.00,2015-09-21,41.0,71.0,1.0,4.5,4.5,4.5,1.0,5623413.251903491,0.0,0
41.00_71.00,2015-09-28,41.0,71.0,0.0,0.0,0.0,4.5,1.0,5623413.251903491,1.0,0
41.00_71.00,2015-10-05,41.0,71.0,0.0,0.0,0.0,4.5,1.0,5623413.251903491,2.0,0
41.00_71.00,2015-10-12,41.0,71.0,0.0,0.0,0.0,4.5,1.0,5623413.251903491,3.0,0
41.00_71.00,2015-10-19,41.0,71.0,0.0,0.0,0.0,0.0,1.0,5623413.251903491,4.0,0
41.00_71.00,2015-10-26,41.0,71.0,0.0,0.0,0.0,0.0,1.0,5623413.251903491,5.0,0
41.00_71.00,2015-11-02,41.0,71.0,0.0,0.0,0.0,0.0,1.0,5623413.251903491,6.0,0
41.00_71.00,2015-11-09,41.0,71.0,0.0,0.0,0.0,0.0,1.0,5623413.251903491,7.0,0
41.00_71.00,2015-11-16,41.0,71.0,0.0,0.0,0.0,0.0,1.0,0.0,8.0,1
41.00_71.00,2015-11-23,41.0,71.0,1.0,4.5,4.5,4.5,2.0,5623413.251903491,0.0,0
41.00_71.00,2015-11-30,41.0,71.0,0.0,0.0,0.0,4.5,2.0,5623413.251903491,1.0,1
41.00_71.00,2015-12-07,41.0,71.0,1.0,5.1,5.1,5.1,3.0,50291772.46699975,0.0,0
41.00_71.00,2015-12-14,41.0,71.0,0.0,0.0,0.0,5.1,2.0,50291772.46699975,1.0,0
41.00_71.00,2015-12-21,41.0,71.0,0.0,0.0,0.0,5.1,2.0,50291772.46699975,2.0,0
41.00_71.00,2015-12-28,41.0,71.0,0.0,0.0,0.0,5.1,2.0,50291772.46699975,3.0,0
41.00_71.00,2016-01-04,41.0,71.0,0.0,0.0,0.0,0.0,2.0,50291772.46699975,4.0,0
41.00_71.00,2016-01-11,41.0,71.0,0.0,0.0,0.0,0.0,2.0,50291772.46699975,5.0,0
41.00_71.00,2016-01-18,41.0,71.0,0.0,0.0,0.0,0.0,2.0,44668359.21509626,6.0,0
41.00_71.00,2016-01-25,41.0,71.0,0.0,0.0,0.0,0.0,2.0,44668359.21509626,7.0,0
41.00_71.00,2016-02-01,41.0,71.0,0.0,0.0,0.0,0.0,2.0,0.0,8.0,0
41.00_71.00,2016-02-08,41.0,71.0,0.0,0.0,0.0,0.0,2.0,0.0,9.0,0
41.00_71.00,2016-02-15,41.0,71.0,0.0,0.0,0.0,0.0,1.0,0.0,10.0,0
41.00_71.00,2016-02-22,41.0,71.0,0.0,0.0,0.0,0.0,1.0,0.0,11.0,0
41.00_71.00,2016-02-29,41.0,71.0,0.0,0.0,0.0,0.0,0.0,0.0,12.0,0
41.00_71.00,2016-03-07,41.0,71.0,0.0,0.0,0.0,0.0,0.0,0.0,13.0,0
41.00_71.00,2016-03-14,41.0,71.0,0.0,0.0,0.0,0.0,0.0,0.0,14.0,0
41.00_71.00,2016-03-21,41.0,71.0,0.0,0.0,0.0,0.0,0.0,0.0,15.0,0
41.00_71.00,2016-03-28,41.0,71.0,0.0,0.0,0.0,0.0,0.0,0.0,16.0,0
41.00_71.00,2016-04-04,41.0,71.0,0.0,0.0,0.0,0.0,0.0,0.0,17.0,0
41.00_71.00,2016-04-11,41.0,71.0,0.0,0.0,0.0,0.0,0.0,0.0,18.0,0
41.00_71.00,2016-04-18,41.0,71.0,0.0,0.0,0.0,0.0,0.0,0.0,19.0,0
41.00_71.00,2016-04-25,41.0,71.0,0.0,0.0,0.0,0.0,0.0,0.0,20.0,0
41.00_71.00,2016-05-02,41.0,71.0,0.0,0.0,0.0,0.0,0.0,0.0,21.0,0
41.00_71.00,2016-05-09,41.0,71.0,0.0,0.0,0.0,0.0,0.0,0.0,22.0,0
41.00_71.00,2016-05-16,41.0,71.0,0.0,0.0,0.0,0.0,0.0,0.0,23.0,0
41.00_71.00,2016-05-23,41.0,71.0,0.0,0.0,0.0,0.0,0.0,0.0,24.0,0
41.00_71.00,2016-05-30,41.0,71.0,0.0,0.0,0.0,0.0,0.0,0.0,25.0,0
41.00_71.00,2016-06-06,41.0,71.0,0.0,0.0,0.0,0.0,0.0,0.0,26.0,0
41.00_71.00,2016-06-13,41.0,71.0,0.0,0.0,0.0,0.0,0.0,0.0,27.0,0
41.00_71.00,2016-06-20,41.0,71.0,0.0,0.0,0.0,0.0,0.0,0.0,28.0,0
41.00_71.00,2016-06-27,41.0,71.0,0.0,0.0,0.0,0.0,0.0,0.0,29.0,0
41.00_71.00,2016-07-04,41.0,71.0,0.0,0.0,0.0,0.0,0.0,0.0,30.0,0
41.00_71.00,2016-07-11,41.0,71.0,0.0,0.0,0.0,0.0,0.0,0.0,31.0,0
41.00_71.00,2016-07-18,41.0,71.0,0.0,0.0,0.0,0.0,0.0,0.0,32.0,0
41.00_71.00,2016-07-25,41.0,71.0,0.0,0.0,0.0,0.0,0.0,0.0,33.0,0
41.00_71.00,2016-08-01,41.0,71.0,0.0,0.0,0.0,0.0,0.0,0.0,34.0,1
41.00_71.00,2016-08-08,41.0,71.0,1.0,4.5,4.5,4.5,1.0,5623413.251903491,0.0,0
41.00_71.00,2016-08-15,41.0,71.0,0.0,0.0,0.0,4.5,1.0,5623413.251903491,1.0,0
41.00_71.00,2016-08-22,41.0,71.0,0.0,0.0,0.0,4.5,1.0,5623413.251903491,2.0,0
41.00_71.00,2016-08-29,41.0,71.0,0.0,0.0,0.0,4.5,1.0,5623413.251903491,3.0,0
41.00_71.00,2016-09-05,41.0,71.0,0.0,0.0,0.0,0.0,1.0,5623413.251903491,4.0,0
41.00_71.00,2016-09-12,41.0,71.0,0.0,0.0,0.0,0.0,1.0,5623413.251903491,5.0,0
41.00_71.00,2016-09-19,41.0,71.0,0.0,0.0,0.0,0.0,1.0,5623413.251903491,6.0,0
41.00_71.00,2016-09-26,41.0,71.0,0.0,0.0,0.0,0.0,1.0,5623413.251903491,7.0,0
41.00_71.00,2016-10-03,41.0,71.0,0.0,0.0,0.0,0.0,1.0,0.0,8.0,0
41.00_71.00,2016-10-10,41.0,71.0,0.0,0.0,0.0,0.0,1.0,0.0,9.0,0
41.00_71.00,2016-10-17,41.0,71.0,0.0,0.0,0.0,0.0,1.0,0.0,10.0,0
41.00_71.00,2016-10-24,41.0,71.0,0.0,0.0,0.0,0.0,1.0,0.0,11.0,0
41.00_71.00,2016-10-31,41.0,71.0,0.0,0.0,0.0,0.0,0.0,0.0,12.0,0
41.00_71.00,2016-11-07,41.0,71.0,0.0,0.0,0.0,0.0,0.0,0.0,13.0,0
41.00_71.00,2016-11-14,41.0,71.0,0.0,0.0,0.0,0.0,0.0,0.0,14.0,0
41.00_71.00,2016-11-21,41.0,71.0,0.0,0.0,0.0,0.0,0.0,0.0,15.0,0
41.00_71.00,2016-11-28,41.0,71.0,0.0,0.0,0.0,0.0,0.0,0.0,16.0,0
41.00_71.00,2016-12-05,41.0,71.0,0.0,0.0,0.0,0.0,0.0,0.0,17.0,0
41.00_71.00,2016-12-12,41.0,71.0,0.0,0.0,0.0,0.0,0.0,0.0,18.0,0
41.00_71.00,2016-12-19,41.0,71.0,0.0,0.0,0.0,0.0,0.0,0.0,19.0,0
41.00_71.00,2016-12-26,41.0,71.0,0.0,0.0,0.0,0.0,0.0,0.0,20.0,0
41.00_71.00,2017-01-02,41.0,71.0,0.0,0.0,0.0,0.0,0.0,0.0,21.0,0
41.00_71.00,2017-01-09,41.0,71.0,0.0,0.0,0.0,0.0,0.0,0.0,22.0,0
41.00_71.00,2017-01-16,41.0,71.0,0.0,0.0,0.0,0.0,0.0,0.0,23.0,0
41.00_71.00,2017-01-23,41.0,71.0,0.0,0.0,0.0,0.0,0.0,0.0,24.0,0
41.00_71.00,2017-01-30,41.0,71.0,0.0,0.0,0.0,0.0,0.0,0.0,25.0,0
41.00_71.00,2017-02-06,41.0,71.0,0.0,0.0,0.0,0.0,0.0,0.0,26.0,1
41.00_71.00,2017-02-13,41.0,71.0,1.0,4.5,4.5,4.5,1.0,5623413.251903491,0.0,0
41.00_71.00,2017-02-20,41.0,71.0,0.0,0.0,0.0,4.5,1.0,5623413.251903491,1.0,0
41.00_71.00,2017-02-27,41.0,71.0,0.0,0.0,0.0,4.5,1.0,5623413.251903491,2.0,0
41.00_71.00,2017-03-06,41.0,71.0,0.0,0.0,0.0,4.5,1.0,5623413.251903491,3.0,0
41.00_71.00,2017-03-13,41.0,71.0,0.0,0.0,0.0,0.0,1.0,5623413.251903491,4.0,0
41.00_71.00,2017-03-20,41.0,71.0,0.0,0.0,0.0,0.0,1.0,5623413.251903491,5.0,0
41.00_71.00,2017-03-27,41.0,71.0,0.0,0.0,0.0,0.0,1.0,5623413.251903491,6.0,0
41.00_71.00,2017-04-03,41.0,71.0,0.0,0.0,0.0,0.0,1.0,5623413.251903491,7.0,0
41.00_71.00,2017-04-10,41.0,71.0,0.0,0.0,0.0,0.0,1.0,0.0,8.0,0
41.00_71.00,2017-04-17,41.0,71.0,0.0,0.0,0.0,0.0,1.0,0.0,9.0,0
41.00_71.00,2017-04-24,41.0,71.0,0.0,0.0,0.0,0.0,1.0,0.0,10.0,0
41.00_71.00,2017-05-01,41.0,71.0,0.0,0.0,0.0,0.0,1.0,0.0,11.0,0
41.00_71.00,2017-05-08,41.0,71.0,0.0,0.0,0.0,0.0,0.0,0.0,12.0,0
41.00_71.00,2017-05-15,41.0,71.0,0.0,0.0,0.0,0.0,0.0,0.0,13.0,1
41.00_71.00,2017-05-22,41.0,71.0,1.0,4.5,4.5,4.5,1.0,5623413.251903491,0.0,0
41.00_71.00,2017-05-29,41.0,71.0,0.0,0.0,0.0,4.5,1.0,5623413.251903491,1.0,0
41.00_71.00,2017-06-05,41.0,71.0,0.0,0.0,0.0,4.5,1.0,5623413.251903491,2.0,0
41.00_71.00,2017-06-12,41.0,71.0,0.0,0.0,0.0,4.5,1.0,5623413.251903491,3.0,0
41.00_71.00,2017-06-19,41.0,71.0,0.0,0.0,0.0,0.0,1.0,5623413.251903491,4.0,0
41.00_71.00,2017-06-26,41.0,71.0,0.0,0.0,0.0,0.0,1.0,5623413.251903491,5.0,0
41.00_71.00,2017-07-03,41.0,71.0,0.0,0.0,0.0,0.0,1.0,5623413.251903491,6.0,0
41.00_71.00,2017-07-10,41.0,71.0,0.0,0.0,0.0,0.0,1.0,5623413.251903491,7.0,0
41.00_71.00,2017-07-17,41.0,71.0,0.0,0.0,0.0,0.0,1.0,0.0,8.0,0
41.00_71.00,2017-07-24,41.0,71.0,0.0,0.0,0.0,0.0,1.0,0.0,9.0,0
41.00_71.00,2017-07-31,41.0,71.0,0.0,0.0,0.0,0.0,1.0,0.0,10.0,0
41.00_71.00,2017-08-07,41.0,71.0,0.0,0.0,0.0,0.0,1.0,0.0,11.0,0
41.00_71.00,2017-08-14,41.0,71.0,0.0,0.0,0.0,0.0,0.0,0.0,12.0,0
41.00_71.00,2017-08-21,41.0,71.0,0.0,0.0,0.0,0.0,0.0,0.0,13.0,0
41.00_71.00,2017-08-28,41.0,71.0,0.0,0.0,0.0,0.0,0.0,0.0,14.0,0
41.00_71.00,2017-09-04,41.0,71.0,0.0,0.0,0.0,0.0,0.0,0.0,15.0,0
41.00_71.00,2017-09-11,41.0,71.0,0.0,0.0,0.0,0.0,0.0,0.0,16.0,0
41.00_71.00,2017-09-18,41.0,71.0,0.0,0.0,0.0,0.0,0.0,0.0,17.0,0
41.00_71.00,2017-09-25,41.0,71.0,0.0,0.0,0.0,0.0,0.0,0.0,18.0,0
41.00_71.00,2017-10-02,41.0,71.0,0.0,0.0,0.0,0.0,0.0,0.0,19.0,0
41.00_71.00,2017-10-09,41.0,71.0,0.0,0.0,0.0,0.0,0.0,0.0,20.0,0
41.00_71.00,2017-10-16,41.0,71.0,0.0,0.0,0.0,0.0,0.0,0.0,21.0,0
41.00_71.00,2017-10-23,41.0,71.0,0.0,0.0,0.0,0.0,0.0,0.0,22.0,0
41.00_71.00,2017-10-30,41.0,71.0,0.0,0.0,0.0,0.0,0.0,0.0,23.0,0
41.00_71.00,2017-11-06,41.0,71.0,0.0,0.0,0.0,0.0,0.0,0.0,24.0,0
41.00_71.00,2017-11-13,41.0,71.0,0.0,0.0,0.0,0.0,0.0,0.0,25.0,0
41.00_71.00,2017-11-20,41.0,71.0,0.0,0.0,0.0,0.0,0.0,0.0,26.0,0
41.00_71.00,2017-11-27,41.0,71.0,0.0,0.0,0.0,0.0,0.0,0.0,27.0,0
41.00_71.00,2017-12-04,41.0,71.0,0.0,0.0,0.0,0.0,0.0,0.0,28.0,0
41.00_71.00,2017-12-11,41.0,71.0,0.0,0.0,0.0,0.0,0.0,0.0,29.0,0
41.00_71.00,2017-12-18,41.0,71.0,0.0,0.0,0.0,0.0,0.0,0.0,30.0,0
41.00_71.00,2017-12-25,41.0,71.0,0.0,0.0,0.0,0.0,0.0,0.0,31.0,0
41.00_71.00,2018-01-01,41.0,71.0,0.0,0.0,0.0,0.0,0.0,0.0,32.0,0
41.00_71.00,2018-01-08,41.0,71.0,0.0,0.0,0.0,0.0,0.0,0.0,33.0,0
41.00_71.00,2018-01-15,41.0,71.0,0.0,0.0,0.0,0.0,0.0,0.0,34.0,0
41.00_71.00,2018-01-22,41.0,71.0,0.0,0.0,0.0,0.0,0.0,0.0,35.0,0
41.00_71.00,2018-01-29,41.0,71.0,0.0,0.0,0.0,0.0,0.0,0.0,36.0,0
41.00_71.00,2018-02-05,41.0,71.0,0.0,0.0,0.0,0.0,0.0,0.0,37.0,0
41.00_71.00,2018-02-12,41.0,71.0,0.0,0.0,0.0,0.0,0.0,0.0,38.0,0
41.00_71.00,2018-02-19,41.0,71.0,0.0,0.0,0.0,0.0,0.0,0.0,39.0,0
41.00_71.00,2018-02-26,41.0,71.0,0.0,0.0,0.0,0.0,0.0,0.0,40.0,0
41.00_71.00,2018-03-05,41.0,71.0,0.0,0.0,0.0,0.0,0.0,0.0,41.0,0
41.00_71.00,2018-03-12,41.0,71.0,0.0,0.0,0.0,0.0,0.0,0.0,42.0,0
41.00_71.00,2018-03-19,41.0,71.0,0.0,0.0,0.0,0.0,0.0,0.0,43.0,0
41.00_71.00,2018-03-26,41.0,71.0,0.0,0.0,0.0,0.0,0.0,0.0,44.0,0
41.00_71.00,2018-04-02,41.0,71.0,0.0,0.0,0.0,0.0,0.0,0.0,45.0,0
41.00_71.00,2018-04-09,41.0,71.0,0.0,0.0,0.0,0.0,0.0,0.0,46.0,0
41.00_71.00,2018-04-16,41.0,71.0,0.0,0.0,0.0,0.0,0.0,0.0,47.0,0
41.00_71.00,2018-04-23,41.0,71.0,0.0,0.0,0.0,0.0,0.0,0.0,48.0,0
41.00_71.00,2018-04-30,41.0,71.0,0.0,0.0,0.0,0.0,0.0,0.0,49.0,0
41.00_71.00,2018-05-07,41.0,71.0,0.0,0.0,0.0,0.0,0.0,0.0,50.0,0
41.00_71.00,2018-05-14,41.0,71.0,0.0,0.0,0.0,0.0,0.0,0.0,51.0,0
41.00_71.00,2018-05-21,41.0,71.0,0.0,0.0,0.0,0.0,0.0,0.0,52.0,0
41.00_71.00,2018-05-28,41.0,71.0,0.0,0.0,0.0,0.0,0.0,0.0,53.0,0
41.00_71.00,2018-06-04,41.0,71.0,0.0,0.0,0.0,0.0,0.0,0.0,54.0,0
41.00_71.00,2018-06-11,41.0,71.0,0.0,0.0,0.0,0.0,0.0,0.0,55.0,0
41.00_71.00,2018-06-18,41.0,71.0,0.0,0.0,0.0,0.0,0.0,0.0,56.0,0
41.00_71.00,2018-06-25,41.0,71.0,0.0,0.0,0.0,0.0,0.0,0.0,57.0,0
41.00_71.00,2018-07-02,41.0,71.0,0.0,0.0,0.0,0.0,0.0,0.0,58.0,0
41.00_71.00,2018-07-09,41.0,71.0,0.0,0.0,0.0,0.0,0.0,0.0,59.0,0
41.00_71.00,2018-07-16,41.0,71.0,0.0,0.0,0.0,0.0,0.0,0.0,60.0,0
41.00_71.00,2018-07-23,41.0,71.0,0.0,0.0,0.0,0.0,0.0,0.0,61.0,0
41.00_71.00,2018-07-30,41.0,71.0,0.0,0.0,0.0,0.0,0.0,0.0,62.0,0
41.00_71.00,2018-08-06,41.0,71.0,0.0,0.0,0.0,0.0,0.0,0.0,63.0,1
41.00_71.00,2018-08-13,41.0,71.0,1.0,4.6,4.6,4.6,1.0,7943282.347242805,0.0,0
41.00_71.00,2018-08-20,41.0,71.0,0.0,0.0,0.0,4.6,1.0,7943282.347242805,1.0,0
41.00_71.00,2018-08-27,41.0,71.0,0.0,0.0,0.0,4.6,1.0,7943282.347242805,2.0,0
41.00_71.00,2018-09-03,41.0,71.0,0.0,0.0,0.0,4.6,1.0,7943282.347242805,3.0,0
41.00_71.00,2018-09-10,41.0,71.0,0.0,0.0,0.0,0.0,1.0,7943282.347242805,4.0,0
41.00_71.00,2018-09-17,41.0,71.0,0.0,0.0,0.0,0.0,1.0,7943282.347242805,5.0,0
41.00_71.00,2018-09-24,41.0,71.0,0.0,0.0,0.0,0.0,1.0,7943282.347242805,6.0,0
41.00_71.00,2018-10-01,41.0,71.0,0.0,0.0,0.0,0.0,1.0,7943282.347242805,7.0,0
41.00_71.00,2018-10-08,41.0,71.0,0.0,0.0,0.0,0.0,1.0,0.0,8.0,0
41.00_71.00,2018-10-15,41.0,71.0,0.0,0.0,0.0,0.0,1.0,0.0,9.0,0
41.00_71.00,2018-10-22,41.0,71.0,0.0,0.0,0.0,0.0,1.0,0.0,10.0,0
41.00_71.00,2018-10-29,41.0,71.0,0.0,0.0,0.0,0.0,1.0,0.0,11.0,0
41.00_71.00,2018-11-05,41.0,71.0,0.0,0.0,0.0,0.0,0.0,0.0,12.0,0
41.00_71.00,2018-11-12,41.0,71.0,0.0,0.0,0.0,0.0,0.0,0.0,13.0,0
41.00_71.00,2018-11-19,41.0,71.0,0.0,0.0,0.0,0.0,0.0,0.0,14.0,0
41.00_71.00,2018-11-26,41.0,71.0,0.0,0.0,0.0,0.0,0.0,0.0,15.0,0
41.00_71.00,2018-12-03,41.0,71.0,0.0,0.0,0.0,0.0,0.0,0.0,16.0,0
41.00_71.00,2018-12-10,41.0,71.0,0.0,0.0,0.0,0.0,0.0,0.0,17.0,0
41.00_71.00,2018-12-17,41.0,71.0,0.0,0.0,0.0,0.0,0.0,0.0,18.0,0
41.00_71.00,2018-12-24,41.0,71.0,0.0,0.0,0.0,0.0,0.0,0.0,19.0,0
41.00_71.00,2018-12-31,41.0,71.0,0.0,0.0,0.0,0.0,0.0,0.0,20.0,0
41.00_71.00,2019-01-07,41.0,71.0,0.0,0.0,0.0,0.0,0.0,0.0,21.0,0
41.00_71.00,2019-01-14,41.0,71.0,0.0,0.0,0.0,0.0,0.0,0.0,22.0,0
41.00_71.00,2019-01-21,41.0,71.0,0.0,0.0,0.0,0.0,0.0,0.0,23.0,0
41.00_71.00,2019-01-28,41.0,71.0,0.0,0.0,0.0,0.0,0.0,0.0,24.0,0
41.00_71.00,2019-02-04,41.0,71.0,0.0,0.0,0.0,0.0,0.0,0.0,25.0,0
41.00_71.00,2019-02-11,41.0,71.0,0.0,0.0,0.0,0.0,0.0,0.0,26.0,0
41.00_71.00,2019-02-18,41.0,71.0,0.0,0.0,0.0,0.0,0.0,0.0,27.0,0
41.00_71.00,2019-02-25,41.0,71.0,0.0,0.0,0.0,0.0,0.0,0.0,28.0,0
41.00_71.00,2019-03-04,41.0,71.0,0.0,0.0,0.0,0.0,0.0,0.0,29.0,0
41.00_71.00,2019-03-11,41.0,71.0,0.0,0.0,0.0,0.0,0.0,0.0,30.0,0
41.00_71.00,2019-03-18,41.0,71.0,0.0,0.0,0.0,0.0,0.0,0.0,31.0,0
41.00_71.00,2019-03-25,41.0,71.0,0.0,0.0,0.0,0.0,0.0,0.0,32.0,0
41.00_71.00,2019-04-01,41.0,71.0,0.0,0.0,0.0,0.0,0.0,0.0,33.0,0
41.00_71.00,2019-04-08,41.0,71.0,0.0,0.0,0.0,0.0,0.0,0.0,34.0,0
41.00_71.00,2019-04-15,41.0,71.0,0.0,0.0,0.0,0.0,0.0,0.0,35.0,0
41.00_71.00,2019-04-22,41.0,71.0,0.0,0.0,0.0,0.0,0.0,0.0,36.0,0
41.00_71.00,2019-04-29,41.0,71.0,0.0,0.0,0.0,0.0,0.0,0.0,37.0,0
41.00_71.00,2019-05-06,41.0,71.0,0.0,0.0,0.0,0.0,0.0,0.0,38.0,0
41.00_71.00,2019-05-13,41.0,71.0,0.0,0.0,0.0,0.0,0.0,0.0,39.0,0
41.00_71.00,2019-05-20,41.0,71.0,0.0,0.0,0.0,0.0,0.0,0.0,40.0,0
41.00_71.00,2019-05-27,41.0,71.0,0.0,0.0,0.0,0.0,0.0,0.0,41.0,0
41.00_71.00,2019-06-03,41.0,71.0,0.0,0.0,0.0,0.0,0.0,0.0,42.0,0
41.00_71.00,2019-06-10,41.0,71.0,0.0,0.0,0.0,0.0,0.0,0.0,43.0,0
41.00_71.00,2019-06-17,41.0,71.0,0.0,0.0,0.0,0.0,0.0,0.0,44.0,0
41.00_71.00,2019-06-24,41.0,71.0,0.0,0.0,0.0,0.0,0.0,0.0,45.0,0
41.00_71.00,2019-07-01,41.0,71.0,0.0,0.0,0.0,0.0,0.0,0.0,46.0,0
41.00_71.00,2019-07-08,41.0,71.0,0.0,0.0,0.0,0.0,0.0,0.0,47.0,0
41.00_71.00,2019-07-15,41.0,71.0,0.0,0.0,0.0,0.0,0.0,0.0,48.0,0
41.00_71.00,2019-07-22,41.0,71.0,0.0,0.0,0.0,0.0,0.0,0.0,49.0,0
41.00_71.00,2019-07-29,41.0,71.0,0.0,0.0,0.0,0.0,0.0,0.0,50.0,0
41.00_71.00,2019-08-05,41.0,71.0,0.0,0.0,0.0,0.0,0.0,0.0,51.0,0
41.00_71.00,2019-08-12,41.0,71.0,0.0,0.0,0.0,0.0,0.0,0.0,52.0,0
41.00_71.00,2019-08-19,41.0,71.0,0.0,0.0,0.0,0.0,0.0,0.0,53.0,0
41.00_71.00,2019-08-26,41.0,71.0,0.0,0.0,0.0,0.0,0.0,0.0,54.0,0
41.00_71.00,2019-09-02,41.0,71.0,0.0,0.0,0.0,0.0,0.0,0.0,55.0,0
41.00_71.00,2019-09-09,41.0,71.0,0.0,0.0,0.0,0.0,0.0,0.0,56.0,0
41.00_71.00,2019-09-16,41.0,71.0,0.0,0.0,0.0,0.0,0.0,0.0,57.0,0
41.00_71.00,2019-09-23,41.0,71.0,0.0,0.0,0.0,0.0,0.0,0.0,58.0,0
41.00_71.00,2019-09-30,41.0,71.0,0.0,0.0,0.0,0.0,0.0,0.0,59.0,0
41.00_71.00,2019-10-07,41.0,71.0,0.0,0.0,0.0,0.0,0.0,0.0,60.0,0
41.00_71.00,2019-10-14,41.0,71.0,0.0,0.0,0.0,0.0,0.0,0.0,61.0,0
41.00_71.00,2019-10-21,41.0,71.0,0.0,0.0,0.0,0.0,0.0,0.0,62.0,0
41.00_71.00,2019-10-28,41.0,71.0,0.0,0.0,0.0,0.0,0.0,0.0,63.0,0
41.00_71.00,2019-11-04,41.0,71.0,0.0,0.0,0.0,0.0,0.0,0.0,64.0,0
41.00_71.00,2019-11-11,41.0,71.0,0.0,0.0,0.0,0.0,0.0,0.0,65.0,0
41.00_71.00,2019-11-18,41.0,71.0,0.0,0.0,0.0,0.0,0.0,0.0,66.0,0
41.00_71.00,2019-11-25,41.0,71.0,0.0,0.0,0.0,0.0,0.0,0.0,67.0,0
41.00_71.00,2019-12-02,41.0,71.0,0.0,0.0,0.0,0.0,0.0,0.0,68.0,0
41.00_71.00,2019-12-09,41.0,71.0,0.0,0.0,0.0,0.0,0.0,0.0,69.0,0
41.00_71.00,2019-12-16,41.0,71.0,0.0,0.0,0.0,0.0,0.0,0.0,70.0,0
41.00_71.00,2019-12-23,41.0,71.0,0.0,0.0,0.0,0.0,0.0,0.0,71.0,0
41.00_71.00,2019-12-30,41.0,71.0,0.0,0.0,0.0,0.0,0.0,0.0,72.0,0
41.00_71.00,2020-01-06,41.0,71.0,0.0,0.0,0.0,0.0,0.0,0.0,73.0,0
41.00_71.00,2020-01-13,41.0,71.0,0.0,0.0,0.0,0.0,0.0,0.0,74.0,0
41.00_71.00,2020-01-20,41.0,71.0,0.0,0.0,0.0,0.0,0.0,0.0,75.0,0
41.00_71.00,2020-01-27,41.0,71.0,0.0,0.0,0.0,0.0,0.0,0.0,76.0,0
41.00_71.00,2020-02-03,41.0,71.0,0.0,0.0,0.0,0.0,0.0,0.0,77.0,0
41.00_71.00,2020-02-10,41.0,71.0,0.0,0.0,0.0,0.0,0.0,0.0,78.0,0
41.00_71.00,2020-02-17,41.0,71.0,0.0,0.0,0.0,0.0,0.0,0.0,79.0,0
41.00_71.00,2020-02-24,41.0,71.0,0.0,0.0,0.0,0.0,0.0,0.0,80.0,0
41.00_71.00,2020-03-02,41.0,71.0,0.0,0.0,0.0,0.0,0.0,0.0,81.0,0
41.00_71.00,2020-03-09,41.0,71.0,0.0,0.0,0.0,0.0,0.0,0.0,82.0,0
41.00_71.00,2020-03-16,41.0,71.0,0.0,0.0,0.0,0.0,0.0,0.0,83.0,0
41.00_71.00,2020-03-23,41.0,71.0,0.0,0.0,0.0,0.0,0.0,0.0,84.0,1
41.00_71.00,2020-03-30,41.0,71.0,1.0,4.6,4.6,4.6,1.0,7943282.347242805,0.0,0
41.00_71.00,2020-04-06,41.0,71.0,0.0,0.0,0.0,4.6,1.0,7943282.347242805,1.0,0
41.00_71.00,2020-04-13,41.0,71.0,0.0,0.0,0.0,4.6,1.0,7943282.347242805,2.0,0
41.00_71.00,2020-04-20,41.0,71.0,0.0,0.0,0.0,4.6,1.0,7943282.347242805,3.0,0
41.00_71.00,2020-04-27,41.0,71.0,0.0,0.0,0.0,0.0,1.0,7943282.347242805,4.0,0
41.00_71.00,2020-05-04,41.0,71.0,0.0,0.0,0.0,0.0,1.0,7943282.347242805,5.0,0
41.00_71.00,2020-05-11,41.0,71.0,0.0,0.0,0.0,0.0,1.0,7943282.347242805,6.0,0
41.00_71.00,2020-05-18,41.0,71.0,0.0,0.0,0.0,0.0,1.0,7943282.347242805,7.0,0
41.00_71.00,2020-05-25,41.0,71.0,0.0,0.0,0.0,0.0,1.0,0.0,8.0,0
41.00_71.00,2020-06-01,41.0,71.0,0.0,0.0,0.0,0.0,1.0,0.0,9.0,0
41.00_71.00,2020-06-08,41.0,71.0,0.0,0.0,0.0,0.0,1.0,0.0,10.0,0
41.00_71.00,2020-06-15,41.0,71.0,0.0,0.0,0.0,0.0,1.0,0.0,11.0,0
41.00_71.00,2020-06-22,41.0,71.0,0.0,0.0,0.0,0.0,0.0,0.0,12.0,0
41.00_71.00,2020-06-29,41.0,71.0,0.0,0.0,0.0,0.0,0.0,0.0,13.0,0
41.00_71.00,2020-07-06,41.0,71.0,0.0,0.0,0.0,0.0,0.0,0.0,14.0,0
41.00_71.00,2020-07-13,41.0,71.0,0.0,0.0,0.0,0.0,0.0,0.0,15.0,0
41.00_71.00,2020-07-20,41.0,71.0,0.0,0.0,0.0,0.0,0.0,0.0,16.0,0
41.00_71.00,2020-07-27,41.0,71.0,0.0,0.0,0.0,0.0,0.0,0.0,17.0,0
41.00_71.00,2020-08-03,41.0,71.0,0.0,0.0,0.0,0.0,0.0,0.0,18.0,0
41.00_71.00,2020-08-10,41.0,71.0,0.0,0.0,0.0,0.0,0.0,0.0,19.0,0
41.00_71.00,2020-08-17,41.0,71.0,0.0,0.0,0.0,0.0,0.0,0.0,20.0,0
41.00_71.00,2020-08-24,41.0,71.0,0.0,0.0,0.0,0.0,0.0,0.0,21.0,0
41.00_71.00,2020-08-31,41.0,71.0,0.0,0.0,0.0,0.0,0.0,0.0,22.0,0
41.00_71.00,2020-09-07,41.0,71.0,0.0,0.0,0.0,0.0,0.0,0.0,23.0,0
41.00_71.00,2020-09-14,41.0,71.0,0.0,0.0,0.0,0.0,0.0,0.0,24.0,0
41.00_71.00,2020-09-21,41.0,71.0,0.0,0.0,0.0,0.0,0.0,0.0,25.0,0
41.00_71.00,2020-09-28,41.0,71.0,0.0,0.0,0.0,0.0,0.0,0.0,26.0,0
41.00_71.00,2020-10-05,41.0,71.0,0.0,0.0,0.0,0.0,0.0,0.0,27.0,0
41.00_71.00,2020-10-12,41.0,71.0,0.0,0.0,0.0,0.0,0.0,0.0,28.0,0
41.00_71.00,2020-10-19,41.0,71.0,0.0,0.0,0.0,0.0,0.0,0.0,29.0,1
41.00_71.00,2020-10-26,41.0,71.0,1.0,4.6,4.6,4.6,1.0,7943282.347242805,0.0,0
41.00_71.00,2020-11-02,41.0,71.0,0.0,0.0,0.0,4.6,1.0,7943282.347242805,1.0,0
41.00_71.00,2020-11-09,41.0,71.0,0.0,0.0,0.0,4.6,1.0,7943282.347242805,2.0,0
41.00_71.00,2020-11-16,41.0,71.0,0.0,0.0,0.0,4.6,1.0,7943282.347242805,3.0,0
41.00_71.00,2020-11-23,41.0,71.0,0.0,0.0,0.0,0.0,1.0,7943282.347242805,4.0,0
41.00_71.00,2020-11-30,41.0,71.0,0.0,0.0,0.0,0.0,1.0,7943282.347242805,5.0,0
41.00_71.00,2020-12-07,41.0,71.0,0.0,0.0,0.0,0.0,1.0,7943282.347242805,6.0,0
41.00_71.00,2020-12-14,41.0,71.0,0.0,0.0,0.0,0.0,1.0,7943282.347242805,7.0,0
41.00_71.00,2020-12-21,41.0,71.0,0.0,0.0,0.0,0.0,1.0,0.0,8.0,0
41.00_71.00,2020-12-28,41.0,71.0,0.0,0.0,0.0,0.0,1.0,0.0,9.0,0
41.00_71.00,2021-01-04,41.0,71.0,0.0,0.0,0.0,0.0,1.0,0.0,10.0,1
41.00_71.00,2021-01-11,41.0,71.0,1.0,4.5,4.5,4.5,2.0,5623413.251903491,0.0,0
41.00_71.00,2021-01-18,41.0,71.0,0.0,0.0,0.0,4.5,1.0,5623413.251903491,1.0,0
41.00_71.00,2021-01-25,41.0,71.0,0.0,0.0,0.0,4.5,1.0,5623413.251903491,2.0,0
41.00_71.00,2021-02-01,41.0,71.0,0.0,0.0,0.0,4.5,1.0,5623413.251903491,3.0,0
41.00_71.00,2021-02-08,41.0,71.0,0.0,0.0,0.0,0.0,1.0,5623413.251903491,4.0,0
41.00_71.00,2021-02-15,41.0,71.0,0.0,0.0,0.0,0.0,1.0,5623413.251903491,5.0,0
41.00_71.00,2021-02-22,41.0,71.0,0.0,0.0,0.0,0.0,1.0,5623413.251903491,6.0,0
41.00_71.00,2021-03-01,41.0,71.0,0.0,0.0,0.0,0.0,1.0,5623413.251903491,7.0,0
41.00_71.00,2021-03-08,41.0,71.0,0.0,0.0,0.0,0.0,1.0,0.0,8.0,0
41.00_71.00,2021-03-15,41.0,71.0,0.0,0.0,0.0,0.0,1.0,0.0,9.0,0
41.00_71.00,2021-03-22,41.0,71.0,0.0,0.0,0.0,0.0,1.0,0.0,10.0,0
41.00_71.00,2021-03-29,41.0,71.0,0.0,0.0,0.0,0.0,1.0,0.0,11.0,0
41.00_71.00,2021-04-05,41.0,71.0,0.0,0.0,0.0,0.0,0.0,0.0,12.0,0
41.00_71.00,2021-04-12,41.0,71.0,0.0,0.0,0.0,0.0,0.0,0.0,13.0,0
41.00_71.00,2021-04-19,41.0,71.0,0.0,0.0,0.0,0.0,0.0,0.0,14.0,0
41.00_71.00,2021-04-26,41.0,71.0,0.0,0.0,0.0,0.0,0.0,0.0,15.0,0
41.00_71.00,2021-05-03,41.0,71.0,0.0,0.0,0.0,0.0,0.0,0.0,16.0,0
41.00_71.00,2021-05-10,41.0,71.0,0.0,0.0,0.0,0.0,0.0,0.0,17.0,0
41.00_71.00,2021-05-17,41.0,71.0,0.0,0.0,0.0,0.0,0.0,0.0,18.0,0
41.00_71.00,2021-05-24,41.0,71.0,0.0,0.0,0.0,0.0,0.0,0.0,19.0,0
41.00_71.00,2021-05-31,41.0,71.0,0.0,0.0,0.0,0.0,0.0,0.0,20.0,0
41.00_71.00,2021-06-07,41.0,71.0,0.0,0.0,0.0,0.0,0.0,0.0,21.0,0
41.00_71.00,2021-06-14,41.0,71.0,0.0,0.0,0.0,0.0,0.0,0.0,22.0,0
41.00_71.00,2021-06-21,41.0,71.0,0.0,0.0,0.0,0.0,0.0,0.0,23.0,0
41.00_71.00,2021-06-28,41.0,71.0,0.0,0.0,0.0,0.0,0.0,0.0,24.0,0
41.00_71.00,2021-07-05,41.0,71.0,0.0,0.0,0.0,0.0,0.0,0.0,25.0,0
41.00_71.00,2021-07-12,41.0,71.0,0.0,0.0,0.0,0.0,0.0,0.0,26.0,0
41.00_71.00,2021-07-19,41.0,71.0,0.0,0.0,0.0,0.0,0.0,0.0,27.0,0
41.00_71.00,2021-07-26,41.0,71.0,0.0,0.0,0.0,0.0,0.0,0.0,28.0,0
41.00_71.00,2021-08-02,41.0,71.0,0.0,0.0,0.0,0.0,0.0,0.0,29.0,0
41.00_71.00,2021-08-09,41.0,71.0,0.0,0.0,0.0,0.0,0.0,0.0,30.0,0
41.00_71.00,2021-08-16,41.0,71.0,0.0,0.0,0.0,0.0,0.0,0.0,31.0,0
41.00_71.00,2021-08-23,41.0,71.0,0.0,0.0,0.0,0.0,0.0,0.0,32.0,0
41.00_71.00,2021-08-30,41.0,71.0,0.0,0.0,0.0,0.0,0.0,0.0,33.0,0
41.00_71.00,2021-09-06,41.0,71.0,0.0,0.0,0.0,0.0,0.0,0.0,34.0,0
41.00_71.00,2021-09-13,41.0,71.0,0.0,0.0,0.0,0.0,0.0,0.0,35.0,0
41.00_71.00,2021-09-20,41.0,71.0,0.0,0.0,0.0,0.0,0.0,0.0,36.0,0
41.00_71.00,2021-09-27,41.0,71.0,0.0,0.0,0.0,0.0,0.0,0.0,37.0,1
41.00_71.00,2021-10-04,41.0,71.0,1.0,4.5,4.5,4.5,1.0,5623413.251903491,0.0,0
41.00_71.00,2021-10-11,41.0,71.0,0.0,0.0,0.0,4.5,1.0,5623413.251903491,1.0,0
41.00_71.00,2021-10-18,41.0,71.0,0.0,0.0,0.0,4.5,1.0,5623413.251903491,2.0,0
41.00_71.00,2021-10-25,41.0,71.0,0.0,0.0,0.0,4.5,1.0,5623413.251903491,3.0,0
41.00_71.00,2021-11-01,41.0,71.0,0.0,0.0,0.0,0.0,1.0,5623413.251903491,4.0,0
41.00_71.00,2021-11-08,41.0,71.0,0.0,0.0,0.0,0.0,1.0,5623413.251903491,5.0,0
41.00_71.00,2021-11-15,41.0,71.0,0.0,0.0,0.0,0.0,1.0,5623413.251903491,6.0,0
41.00_71.00,2021-11-22,41.0,71.0,0.0,0.0,0.0,0.0,1.0,5623413.251903491,7.0,0
41.00_71.00,2021-11-29,41.0,71.0,0.0,0.0,0.0,0.0,1.0,0.0,8.0,0
41.00_71.00,2021-12-06,41.0,71.0,0.0,0.0,0.0,0.0,1.0,0.0,9.0,0
41.00_71.00,2021-12-13,41.0,71.0,0.0,0.0,0.0,0.0,1.0,0.0,10.0,0
41.00_71.00,2021-12-20,41.0,71.0,0.0,0.0,0.0,0.0,1.0,0.0,11.0,0
41.00_71.00,2021-12-27,41.0,71.0,0.0,0.0,0.0,0.0,0.0,0.0,12.0,0
41.00_71.00,2022-01-03,41.0,71.0,0.0,0.0,0.0,0.0,0.0,0.0,13.0,0
41.00_71.00,2022-01-10,41.0,71.0,0.0,0.0,0.0,0.0,0.0,0.0,14.0,0
41.00_71.00,2022-01-17,41.0,71.0,0.0,0.0,0.0,0.0,0.0,0.0,15.0,0
41.00_71.00,2022-01-24,41.0,71.0,0.0,0.0,0.0,0.0,0.0,0.0,16.0,0
41.00_71.00,2022-01-31,41.0,71.0,0.0,0.0,0.0,0.0,0.0,0.0,17.0,0
41.00_71.00,2022-02-07,41.0,71.0,0.0,0.0,0.0,0.0,0.0,0.0,18.0,0
41.00_71.00,2022-02-14,41.0,71.0,0.0,0.0,0.0,0.0,0.0,0.0,19.0,0
41.00_71.00,2022-02-21,41.0,71.0,0.0,0.0,0.0,0.0,0.0,0.0,20.0,0
41.00_71.00,2022-02-28,41.0,71.0,0.0,0.0,0.0,0.0,0.0,0.0,21.0,0
41.00_71.00,2022-03-07,41.0,71.0,0.0,0.0,0.0,0.0,0.0,0.0,22.0,0
41.00_71.00,2022-03-14,41.0,71.0,0.0,0.0,0.0,0.0,0.0,0.0,23.0,0
41.00_71.00,2022-03-21,41.0,71.0,0.0,0.0,0.0,0.0,0.0,0.0,24.0,0
41.00_71.00,2022-03-28,41.0,71.0,0.0,0.0,0.0,0.0,0.0,0.0,25.0,0
41.00_71.00,2022-04-04,41.0,71.0,0.0,0.0,0.0,0.0,0.0,0.0,26.0,0
41.00_71.00,2022-04-11,41.0,71.0,0.0,0.0,0.0,0.0,0.0,0.0,27.0,0
41.00_71.00,2022-04-18,41.0,71.0,0.0,0.0,0.0,0.0,0.0,0.0,28.0,0
41.00_71.00,2022-04-25,41.0,71.0,0.0,0.0,0.0,0.0,0.0,0.0,29.0,0
41.00_71.00,2022-05-02,41.0,71.0,0.0,0.0,0.0,0.0,0.0,0.0,30.0,0
41.00_71.00,2022-05-09,41.0,71.0,0.0,0.0,0.0,0.0,0.0,0.0,31.0,0
41.00_71.00,2022-05-16,41.0,71.0,0.0,0.0,0.0,0.0,0.0,0.0,32.0,0
41.00_71.00,2022-05-23,41.0,71.0,0.0,0.0,0.0,0.0,0.0,0.0,33.0,0
41.00_71.00,2022-05-30,41.0,71.0,0.0,0.0,0.0,0.0,0.0,0.0,34.0,0
41.00_71.00,2022-06-06,41.0,71.0,0.0,0.0,0.0,0.0,0.0,0.0,35.0,0
41.00_71.00,2022-06-13,41.0,71.0,0.0,0.0,0.0,0.0,0.0,0.0,36.0,0
41.00_71.00,2022-06-20,41.0,71.0,0.0,0.0,0.0,0.0,0.0,0.0,37.0,0
41.00_71.00,2022-06-27,41.0,71.0,0.0,0.0,0.0,0.0,0.0,0.0,38.0,0
41.00_71.00,2022-07-04,41.0,71.0,0.0,0.0,0.0,0.0,0.0,0.0,39.0,0
41.00_71.00,2022-07-11,41.0,71.0,0.0,0.0,0.0,0.0,0.0,0.0,40.0,0
41.00_71.00,2022-07-18,41.0,71.0,0.0,0.0,0.0,0.0,0.0,0.0,41.0,0
41.00_71.00,2022-07-25,41.0,71.0,0.0,0.0,0.0,0.0,0.0,0.0,42.0,0
41.00_71.00,2022-08-01,41.0,71.0,0.0,0.0,0.0,0.0,0.0,0.0,43.0,0
41.00_71.00,2022-08-08,41.0,71.0,0.0,0.0,0.0,0.0,0.0,0.0,44.0,0
41.00_71.00,2022-08-15,41.0,71.0,0.0,0.0,0.0,0.0,0.0,0.0,45.0,0
41.00_71.00,2022-08-22,41.0,71.0,0.0,0.0,0.0,0.0,0.0,0.0,46.0,0
41.00_71.00,2022-08-29,41.0,71.0,0.0,0.0,0.0,0.0,0.0,0.0,47.0,0
41.00_71.00,2022-09-05,41.0,71.0,0.0,0.0,0.0,0.0,0.0,0.0,48.0,0
41.00_71.00,2022-09-12,41.0,71.0,0.0,0.0,0.0,0.0,0.0,0.0,49.0,0
41.00_71.00,2022-09-19,41.0,71.0,0.0,0.0,0.0,0.0,0.0,0.0,50.0,0
41.00_71.00,2022-09-26,41.0,71.0,0.0,0.0,0.0,0.0,0.0,0.0,51.0,0
41.00_71.00,2022-10-03,41.0,71.0,0.0,0.0,0.0,0.0,0.0,0.0,52.0,0
41.00_71.00,2022-10-10,41.0,71.0,0.0,0.0,0.0,0.0,0.0,0.0,53.0,0
41.00_71.00,2022-10-17,41.0,71.0,0.0,0.0,0.0,0.0,0.0,0.0,54.0,0
41.00_71.00,2022-10-24,41.0,71.0,0.0,0.0,0.0,0.0,0.0,0.0,55.0,0
41.00_71.00,2022-10-31,41.0,71.0,0.0,0.0,0.0,0.0,0.0,0.0,56.0,0
41.00_71.00,2022-11-07,41.0,71.0,0.0,0.0,0.0,0.0,0.0,0.0,57.0,0
41.00_71.00,2022-11-14,41.0,71.0,0.0,0.0,0.0,0.0,0.0,0.0,58.0,0
41.00_71.00,2022-11-21,41.0,71.0,0.0,0.0,0.0,0.0,0.0,0.0,59.0,0
41.00_71.00,2022-11-28,41.0,71.0,0.0,0.0,0.0,0.0,0.0,0.0,60.0,0
41.00_71.00,2022-12-05,41.0,71.0,0.0,0.0,0.0,0.0,0.0,0.0,61.0,0
41.00_71.00,2022-12-12,41.0,71.0,0.0,0.0,0.0,0.0,0.0,0.0,62.0,0
41.00_71.00,2022-12-19,41.0,71.0,0.0,0.0,0.0,0.0,0.0,0.0,63.0,0
41.00_71.00,2022-12-26,41.0,71.0,0.0,0.0,0.0,0.0,0.0,0.0,64.0,0
41.00_71.00,2023-01-02,41.0,71.0,0.0,0.0,0.0,0.0,0.0,0.0,65.0,0
41.00_71.00,2023-01-09,41.0,71.0,0.0,0.0,0.0,0.0,0.0,0.0,66.0,0
41.00_71.00,2023-01-16,41.0,71.0,0.0,0.0,0.0,0.0,0.0,0.0,67.0,0
41.00_71.00,2023-01-23,41.0,71.0,0.0,0.0,0.0,0.0,0.0,0.0,68.0,0
41.00_71.00,2023-01-30,41.0,71.0,0.0,0.0,0.0,0.0,0.0,0.0,69.0,0
41.00_71.00,2023-02-06,41.0,71.0,0.0,0.0,0.0,0.0,0.0,0.0,70.0,0
41.00_71.00,2023-02-13,41.0,71.0,0.0,0.0,0.0,0.0,0.0,0.0,71.0,0
41.00_71.00,2023-02-20,41.0,71.0,0.0,0.0,0.0,0.0,0.0,0.0,72.0,0
41.00_71.00,2023-02-27,41.0,71.0,0.0,0.0,0.0,0.0,0.0,0.0,73.0,0
41.00_71.00,2023-03-06,41.0,71.0,0.0,0.0,0.0,0.0,0.0,0.0,74.0,0
41.00_71.00,2023-03-13,41.0,71.0,0.0,0.0,0.0,0.0,0.0,0.0,75.0,0
41.00_71.00,2023-03-20,41.0,71.0,0.0,0.0,0.0,0.0,0.0,0.0,76.0,0
41.00_71.00,2023-03-27,41.0,71.0,0.0,0.0,0.0,0.0,0.0,0.0,77.0,0
41.00_71.00,2023-04-03,41.0,71.0,0.0,0.0,0.0,0.0,0.0,0.0,78.0,0
41.00_71.00,2023-04-10,41.0,71.0,0.0,0.0,0.0,0.0,0.0,0.0,79.0,0
41.00_71.00,2023-04-17,41.0,71.0,0.0,0.0,0.0,0.0,0.0,0.0,80.0,0
41.00_71.00,2023-04-24,41.0,71.0,0.0,0.0,0.0,0.0,0.0,0.0,81.0,0
41.00_71.00,2023-05-01,41.0,71.0,0.0,0.0,0.0,0.0,0.0,0.0,82.0,0
41.00_71.00,2023-05-08,41.0,71.0,0.0,0.0,0.0,0.0,0.0,0.0,83.0,0
41.00_71.00,2023-05-15,41.0,71.0,0.0,0.0,0.0,0.0,0.0,0.0,84.0,0
41.00_71.00,2023-05-22,41.0,71.0,0.0,0.0,0.0,0.0,0.0,0.0,85.0,0
41.00_71.00,2023-05-29,41.0,71.0,0.0,0.0,0.0,0.0,0.0,0.0,86.0,0
41.00_71.00,2023-06-05,41.0,71.0,0.0,0.0,0.0,0.0,0.0,0.0,87.0,0
41.00_71.00,2023-06-12,41.0,71.0,0.0,0.0,0.0,0.0,0.0,0.0,88.0,0
41.00_71.00,2023-06-19,41.0,71.0,0.0,0.0,0.0,0.0,0.0,0.0,89.0,0
41.00_71.00,2023-06-26,41.0,71.0,0.0,0.0,0.0,0.0,0.0,0.0,90.0,0
41.00_71.00,2023-07-03,41.0,71.0,0.0,0.0,0.0,0.0,0.0,0.0,91.0,0
41.00_71.00,2023-07-10,41.0,71.0,0.0,0.0,0.0,0.0,0.0,0.0,92.0,0
41.00_71.00,2023-07-17,41.0,71.0,0.0,0.0,0.0,0.0,0.0,0.0,93.0,0
41.00_71.00,2023-07-24,41.0,71.0,0.0,0.0,0.0,0.0,0.0,0.0,94.0,0
41.00_71.00,2023-07-31,41.0,71.0,0.0,0.0,0.0,0.0,0.0,0.0,95.0,0
41.00_71.00,2023-08-07,41.0,71.0,0.0,0.0,0.0,0.0,0.0,0.0,96.0,0
41.00_71.00,2023-08-14,41.0,71.0,0.0,0.0,0.0,0.0,0.0,0.0,97.0,0
41.00_71.00,2023-08-21,41.0,71.0,0.0,0.0,0.0,0.0,0.0,0.0,98.0,0
41.00_71.00,2023-08-28,41.0,71.0,0.0,0.0,0.0,0.0,0.0,0.0,99.0,0
41.00_71.00,2023-09-04,41.0,71.0,0.0,0.0,0.0,0.0,0.0,0.0,100.0,0
41.00_71.00,2023-09-11,41.0,71.0,0.0,0.0,0.0,0.0,0.0,0.0,101.0,0
41.00_71.00,2023-09-18,41.0,71.0,0.0,0.0,0.0,0.0,0.0,0.0,102.0,0
41.00_71.00,2023-09-25,41.0,71.0,0.0,0.0,0.0,0.0,0.0,0.0,103.0,0
41.00_71.00,2023-10-02,41.0,71.0,0.0,0.0,0.0,0.0,0.0,0.0,104.0,0
41.00_71.00,2023-10-09,41.0,71.0,0.0,0.0,0.0,0.0,0.0,0.0,105.0,0
41.00_71.00,2023-10-16,41.0,71.0,0.0,0.0,0.0,0.0,0.0,0.0,106.0,0
41.00_71.00,2023-10-23,41.0,71.0,0.0,0.0,0.0,0.0,0.0,0.0,107.0,0
41.00_71.00,2023-10-30,41.0,71.0,0.0,0.0,0.0,0.0,0.0,0.0,108.0,0
41.00_71.00,2023-11-06,41.0,71.0,0.0,0.0,0.0,0.0,0.0,0.0,109.0,0
41.00_71.00,2023-11-13,41.0,71.0,0.0,0.0,0.0,0.0,0.0,0.0,110.0,0
41.00_71.00,2023-11-20,41.0,71.0,0.0,0.0,0.0,0.0,0.0,0.0,111.0,0
41.00_71.00,2023-11-27,41.0,71.0,0.0,0.0,0.0,0.0,0.0,0.0,112.0,0
41.00_71.00,2023-12-04,41.0,71.0,0.0,0.0,0.0,0.0,0.0,0.0,113.0,0
41.00_71.00,2023-12-11,41.0,71.0,0.0,0.0,0.0,0.0,0.0,0.0,114.0,0
41.00_71.00,2023-12-18,41.0,71.0,0.0,0.0,0.0,0.0,0.0,0.0,115.0,0
41.00_71.00,2023-12-25,41.0,71.0,0.0,0.0,0.0,0.0,0.0,0.0,116.0,0
41.00_74.00,2010-03-22,41.0,74.0,0.0,0.0,0.0,5.1,2.0,60517291.139707364,2.0,0
41.00_74.00,2010-03-29,41.0,74.0,0.0,0.0,0.0,5.1,2.0,44668359.21509626,3.0,0
41.00_74.00,2010-04-05,41.0,74.0,0.0,0.0,0.0,0.0,2.0,44668359.21509626,4.0,0
41.00_74.00,2010-04-12,41.0,74.0,0.0,0.0,0.0,0.0,2.0,44668359.21509626,5.0,0
41.00_74.00,2010-04-19,41.0,74.0,0.0,0.0,0.0,0.0,2.0,44668359.21509626,6.0,0
41.00_74.00,2010-04-26,41.0,74.0,0.0,0.0,0.0,0.0,1.0,44668359.21509626,7.0,0
41.00_74.00,2010-05-03,41.0,74.0,0.0,0.0,0.0,0.0,1.0,0.0,8.0,0
41.00_74.00,2010-05-10,41.0,74.0,0.0,0.0,0.0,0.0,1.0,0.0,9.0,0
41.00_74.00,2010-05-17,41.0,74.0,0.0,0.0,0.0,0.0,1.0,0.0,10.0,0
41.00_74.00,2010-05-24,41.0,74.0,0.0,0.0,0.0,0.0,1.0,0.0,11.0,0
41.00_74.00,2010-05-31,41.0,74.0,0.0,0.0,0.0,0.0,0.0,0.0,12.0,0
41.00_74.00,2010-06-07,41.0,74.0,0.0,0.0,0.0,0.0,0.0,0.0,13.0,0
41.00_74.00,2010-06-14,41.0,74.0,0.0,0.0,0.0,0.0,0.0,0.0,14.0,0
41.00_74.00,2010-06-21,41.0,74.0,0.0,0.0,0.0,0.0,0.0,0.0,15.0,0
41.00_74.00,2010-06-28,41.0,74.0,0.0,0.0,0.0,0.0,0.0,0.0,16.0,0
41.00_74.00,2010-07-05,41.0,74.0,0.0,0.0,0.0,0.0,0.0,0.0,17.0,0
41.00_74.00,2010-07-12,41.0,74.0,0.0,0.0,0.0,0.0,0.0,0.0,18.0,0
41.00_74.00,2010-07-19,41.0,74.0,0.0,0.0,0.0,0.0,0.0,0.0,19.0,0
41.00_74.00,2010-07-26,41.0,74.0,0.0,0.0,0.0,0.0,0.0,0.0,20.0,0
41.00_74.00,2010-08-02,41.0,74.0,0.0,0.0,0.0,0.0,0.0,0.0,21.0,0
41.00_74.00,2010-08-09,41.0,74.0,0.0,0.0,0.0,0.0,0.0,0.0,22.0,0
41.00_74.00,2010-08-16,41.0,74.0,0.0,0.0,0.0,0.0,0.0,0.0,23.0,0
41.00_74.00,2010-08-23,41.0,74.0,0.0,0.0,0.0,0.0,0.0,0.0,24.0,0
41.00_74.00,2010-08-30,41.0,74.0,0.0,0.0,0.0,0.0,0.0,0.0,25.0,0
41.00_74.00,2010-09-06,41.0,74.0,0.0,0.0,0.0,0.0,0.0,0.0,26.0,0
41.00_74.00,2010-09-13,41.0,74.0,0.0,0.0,0.0,0.0,0.0,0.0,27.0,0
41.00_74.00,2010-09-20,41.0,74.0,0.0,0.0,0.0,0.0,0.0,0.0,28.0,0
41.00_74.00,2010-09-27,41.0,74.0,0.0,0.0,0.0,0.0,0.0,0.0,29.0,0
41.00_74.00,2010-10-04,41.0,74.0,0.0,0.0,0.0,0.0,0.0,0.0,30.0,0
41.00_74.00,2010-10-11,41.0,74.0,0.0,0.0,0.0,0.0,0.0,0.0,31.0,0
41.00_74.00,2010-10-18,41.0,74.0,0.0,0.0,0.0,0.0,0.0,0.0,32.0,0
41.00_74.00,2010-10-25,41.0,74.0,0.0,0.0,0.0,0.0,0.0,0.0,33.0,0
41.00_74.00,2010-11-01,41.0,74.0,0.0,0.0,0.0,0.0,0.0,0.0,34.0,0
41.00_74.00,2010-11-08,41.0,74.0,0.0,0.0,0.0,0.0,0.0,0.0,35.0,0
41.00_74.00,2010-11-15,41.0,74.0,0.0,0.0,0.0,0.0,0.0,0.0,36.0,0
41.00_74.00,2010-11-22,41.0,74.0,0.0,0.0,0.0,0.0,0.0,0.0,37.0,0
41.00_74.00,2010-11-29,41.0,74.0,0.0,0.0,0.0,0.0,0.0,0.0,38.0,0
41.00_74.00,2010-12-06,41.0,74.0,0.0,0.0,0.0,0.0,0.0,0.0,39.0,0
41.00_74.00,2010-12-13,41.0,74.0,0.0,0.0,0.0,0.0,0.0,0.0,40.0,0
41.00_74.00,2010-12-20,41.0,74.0,0.0,0.0,0.0,0.0,0.0,0.0,41.0,0
41.00_74.00,2010-12-27,41.0,74.0,0.0,0.0,0.0,0.0,0.0,0.0,42.0,0
41.00_74.00,2011-01-03,41.0,74.0,0.0,0.0,0.0,0.0,0.0,0.0,43.0,0
41.00_74.00,2011-01-10,41.0,74.0,0.0,0.0,0.0,0.0,0.0,0.0,44.0,0
41.00_74.00,2011-01-17,41.0,74.0,0.0,0.0,0.0,0.0,0.0,0.0,45.0,0
41.00_74.00,2011-01-24,41.0,74.0,0.0,0.0,0.0,0.0,0.0,0.0,46.0,0
41.00_74.00,2011-01-31,41.0,74.0,0.0,0.0,0.0,0.0,0.0,0.0,47.0,0
41.00_74.00,2011-02-07,41.0,74.0,0.0,0.0,0.0,0.0,0.0,0.0,48.0,0
41.00_74.00,2011-02-14,41.0,74.0,0.0,0.0,0.0,0.0,0.0,0.0,49.0,0
41.00_74.00,2011-02-21,41.0,74.0,0.0,0.0,0.0,0.0,0.0,0.0,50.0,0
41.00_74.00,2011-02-28,41.0,74.0,0.0,0.0,0.0,0.0,0.0,0.0,51.0,0
41.00_74.00,2011-03-07,41.0,74.0,0.0,0.0,0.0,0.0,0.0,0.0,52.0,0
41.00_74.00,2011-03-14,41.0,74.0,0.0,0.0,0.0,0.0,0.0,0.0,53.0,0
41.00_74.00,2011-03-21,41.0,74.0,0.0,0.0,0.0,0.0,0.0,0.0,54.0,0
41.00_74.00,2011-03-28,41.0,74.0,0.0,0.0,0.0,0.0,0.0,0.0,55.0,0
41.00_74.00,2011-04-04,41.0,74.0,0.0,0.0,0.0,0.0,0.0,0.0,56.0,1
41.00_74.00,2011-04-11,41.0,74.0,1.0,4.9,4.9,4.9,1.0,22387211.385683425,0.0,0
41.00_74.00,2011-04-18,41.0,74.0,0.0,0.0,0.0,4.9,1.0,22387211.385683425,1.0,0
41.00_74.00,2011-04-25,41.0,74.0,0.0,0.0,0.0,4.9,1.0,22387211.385683425,2.0,0
41.00_74.00,2011-05-02,41.0,74.0,0.0,0.0,0.0,4.9,1.0,22387211.385683425,3.0,0
41.00_74.00,2011-05-09,41.0,74.0,0.0,0.0,0.0,0.0,1.0,22387211.385683425,4.0,0
41.00_74.00,2011-05-16,41.0,74.0,0.0,0.0,0.0,0.0,1.0,22387211.385683425,5.0,0
41.00_74.00,2011-05-23,41.0,74.0,0.0,0.0,0.0,0.0,1.0,22387211.385683425,6.0,0
41.00_74.00,2011-05-30,41.0,74.0,0.0,0.0,0.0,0.0,1.0,22387211.385683425,7.0,0
41.00_74.00,2011-06-06,41.0,74.0,0.0,0.0,0.0,0.0,1.0,0.0,8.0,0
41.00_74.00,2011-06-13,41.0,74.0,0.0,0.0,0.0,0.0,1.0,0.0,9.0,0
41.00_74.00,2011-06-20,41.0,74.0,0.0,0.0,0.0,0.0,1.0,0.0,10.0,0
41.00_74.00,2011-06-27,41.0,74.0,0.0,0.0,0.0,0.0,1.0,0.0,11.0,0
41.00_74.00,2011-07-04,41.0,74.0,0.0,0.0,0.0,0.0,0.0,0.0,12.0,0
41.00_74.00,2011-07-11,41.0,74.0,0.0,0.0,0.0,0.0,0.0,0.0,13.0,0
41.00_74.00,2011-07-18,41.0,74.0,0.0,0.0,0.0,0.0,0.0,0.0,14.0,0
41.00_74.00,2011-07-25,41.0,74.0,0.0,0.0,0.0,0.0,0.0,0.0,15.0,0
41.00_74.00,2011-08-01,41.0,74.0,0.0,0.0,0.0,0.0,0.0,0.0,16.0,0
41.00_74.00,2011-08-08,41.0,74.0,0.0,0.0,0.0,0.0,0.0,0.0,17.0,0
41.00_74.00,2011-08-15,41.0,74.0,0.0,0.0,0.0,0.0,0.0,0.0,18.0,0
41.00_74.00,2011-08-22,41.0,74.0,0.0,0.0,0.0,0.0,0.0,0.0,19.0,0
41.00_74.00,2011-08-29,41.0,74.0,0.0,0.0,0.0,0.0,0.0,0.0,20.0,0
41.00_74.00,2011-09-05,41.0,74.0,0.0,0.0,0.0,0.0,0.0,0.0,21.0,0
41.00_74.00,2011-09-12,41.0,74.0,0.0,0.0,0.0,0.0,0.0,0.0,22.0,0
41.00_74.00,2011-09-19,41.0,74.0,0.0,0.0,0.0,0.0,0.0,0.0,23.0,0
41.00_74.00,2011-09-26,41.0,74.0,0.0,0.0,0.0,0.0,0.0,0.0,24.0,0
41.00_74.00,2011-10-03,41.0,74.0,0.0,0.0,0.0,0.0,0.0,0.0,25.0,0
41.00_74.00,2011-10-10,41.0,74.0,0.0,0.0,0.0,0.0,0.0,0.0,26.0,0
41.00_74.00,2011-10-17,41.0,74.0,0.0,0.0,0.0,0.0,0.0,0.0,27.0,0
41.00_74.00,2011-10-24,41.0,74.0,0.0,0.0,0.0,0.0,0.0,0.0,28.0,0
41.00_74.00,2011-10-31,41.0,74.0,0.0,0.0,0.0,0.0,0.0,0.0,29.0,0
41.00_74.00,2011-11-07,41.0,74.0,0.0,0.0,0.0,0.0,0.0,0.0,30.0,0
41.00_74.00,2011-11-14,41.0,74.0,0.0,0.0,0.0,0.0,0.0,0.0,31.0,0
41.00_74.00,2011-11-21,41.0,74.0,0.0,0.0,0.0,0.0,0.0,0.0,32.0,0
41.00_74.00,2011-11-28,41.0,74.0,0.0,0.0,0.0,0.0,0.0,0.0,33.0,0
41.00_74.00,2011-12-05,41.0,74.0,0.0,0.0,0.0,0.0,0.0,0.0,34.0,0
41.00_74.00,2011-12-12,41.0,74.0,0.0,0.0,0.0,0.0,0.0,0.0,35.0,0
41.00_74.00,2011-12-19,41.0,74.0,0.0,0.0,0.0,0.0,0.0,0.0,36.0,0
41.00_74.00,2011-12-26,41.0,74.0,0.0,0.0,0.0,0.0,0.0,0.0,37.0,0
41.00_74.00,2012-01-02,41.0,74.0,0.0,0.0,0.0,0.0,0.0,0.0,38.0,0
41.00_74.00,2012-01-09,41.0,74.0,0.0,0.0,0.0,0.0,0.0,0.0,39.0,0
41.00_74.00,2012-01-16,41.0,74.0,0.0,0.0,0.0,0.0,0.0,0.0,40.0,0
41.00_74.00,2012-01-23,41.0,74.0,0.0,0.0,0.0,0.0,0.0,0.0,41.0,0
41.00_74.00,2012-01-30,41.0,74.0,0.0,0.0,0.0,0.0,0.0,0.0,42.0,1
41.00_74.00,2012-02-06,41.0,74.0,1.0,5.2,5.2,5.2,1.0,63095734.44801943,0.0,0
41.00_74.00,2012-02-13,41.0,74.0,0.0,0.0,0.0,5.2,1.0,63095734.44801943,1.0,0
41.00_74.00,2012-02-20,41.0,74.0,0.0,0.0,0.0,5.2,1.0,63095734.44801943,2.0,0
41.00_74.00,2012-02-27,41.0,74.0,0.0,0.0,0.0,5.2,1.0,63095734.44801943,3.0,0
41.00_74.00,2012-03-05,41.0,74.0,0.0,0.0,0.0,0.0,1.0,63095734.44801943,4.0,0
41.00_74.00,2012-03-12,41.0,74.0,0.0,0.0,0.0,0.0,1.0,63095734.44801943,5.0,0
41.00_74.00,2012-03-19,41.0,74.0,0.0,0.0,0.0,0.0,1.0,63095734.44801943,6.0,0
41.00_74.00,2012-03-26,41.0,74.0,0.0,0.0,0.0,0.0,1.0,63095734.44801943,7.0,0
41.00_74.00,2012-04-02,41.0,74.0,0.0,0.0,0.0,0.0,1.0,0.0,8.0,0
41.00_74.00,2012-04-09,41.0,74.0,0.0,0.0,0.0,0.0,1.0,0.0,9.0,0
41.00_74.00,2012-04-16,41.0,74.0,0.0,0.0,0.0,0.0,1.0,0.0,10.0,0
41.00_74.00,2012-04-23,41.0,74.0,0.0,0.0,0.0,0.0,1.0,0.0,11.0,0
41.00_74.00,2012-04-30,41.0,74.0,0.0,0.0,0.0,0.0,0.0,0.0,12.0,0
41.00_74.00,2012-05-07,41.0,74.0,0.0,0.0,0.0,0.0,0.0,0.0,13.0,0
41.00_74.00,2012-05-14,41.0,74.0,0.0,0.0,0.0,0.0,0.0,0.0,14.0,0
41.00_74.00,2012-05-21,41.0,74.0,0.0,0.0,0.0,0.0,0.0,0.0,15.0,0
41.00_74.00,2012-05-28,41.0,74.0,0.0,0.0,0.0,0.0,0.0,0.0,16.0,0
41.00_74.00,2012-06-04,41.0,74.0,0.0,0.0,0.0,0.0,0.0,0.0,17.0,0
41.00_74.00,2012-06-11,41.0,74.0,0.0,0.0,0.0,0.0,0.0,0.0,18.0,0
41.00_74.00,2012-06-18,41.0,74.0,0.0,0.0,0.0,0.0,0.0,0.0,19.0,0
41.00_74.00,2012-06-25,41.0,74.0,0.0,0.0,0.0,0.0,0.0,0.0,20.0,0
41.00_74.00,2012-07-02,41.0,74.0,0.0,0.0,0.0,0.0,0.0,0.0,21.0,0
41.00_74.00,2012-07-09,41.0,74.0,0.0,0.0,0.0,0.0,0.0,0.0,22.0,0
41.00_74.00,2012-07-16,41.0,74.0,0.0,0.0,0.0,0.0,0.0,0.0,23.0,0
41.00_74.00,2012-07-23,41.0,74.0,0.0,0.0,0.0,0.0,0.0,0.0,24.0,0
41.00_74.00,2012-07-30,41.0,74.0,0.0,0.0,0.0,0.0,0.0,0.0,25.0,0
41.00_74.00,2012-08-06,41.0,74.0,0.0,0.0,0.0,0.0,0.0,0.0,26.0,0
41.00_74.00,2012-08-13,41.0,74.0,0.0,0.0,0.0,0.0,0.0,0.0,27.0,0
41.00_74.00,2012-08-20,41.0,74.0,0.0,0.0,0.0,0.0,0.0,0.0,28.0,0
41.00_74.00,2012-08-27,41.0,74.0,0.0,0.0,0.0,0.0,0.0,0.0,29.0,0
41.00_74.00,2012-09-03,41.0,74.0,0.0,0.0,0.0,0.0,0.0,0.0,30.0,0
41.00_74.00,2012-09-10,41.0,74.0,0.0,0.0,0.0,0.0,0.0,0.0,31.0,0
41.00_74.00,2012-09-17,41.0,74.0,0.0,0.0,0.0,0.0,0.0,0.0,32.0,0
41.00_74.00,2012-09-24,41.0,74.0,0.0,0.0,0.0,0.0,0.0,0.0,33.0,0
41.00_74.00,2012-10-01,41.0,74.0,0.0,0.0,0.0,0.0,0.0,0.0,34.0,0
41.00_74.00,2012-10-08,41.0,74.0,0.0,0.0,0.0,0.0,0.0,0.0,35.0,0
41.00_74.00,2012-10-15,41.0,74.0,0.0,0.0,0.0,0.0,0.0,0.0,36.0,0
41.00_74.00,2012-10-22,41.0,74.0,0.0,0.0,0.0,0.0,0.0,0.0,37.0,0
41.00_74.00,2012-10-29,41.0,74.0,0.0,0.0,0.0,0.0,0.0,0.0,38.0,0
41.00_74.00,2012-11-05,41.0,74.0,0.0,0.0,0.0,0.0,0.0,0.0,39.0,0
41.00_74.00,2012-11-12,41.0,74.0,0.0,0.0,0.0,0.0,0.0,0.0,40.0,0
41.00_74.00,2012-11-19,41.0,74.0,0.0,0.0,0.0,0.0,0.0,0.0,41.0,0
41.00_74.00,2012-11-26,41.0,74.0,0.0,0.0,0.0,0.0,0.0,0.0,42.0,0
41.00_74.00,2012-12-03,41.0,74.0,0.0,0.0,0.0,0.0,0.0,0.0,43.0,0
41.00_74.00,2012-12-10,41.0,74.0,0.0,0.0,0.0,0.0,0.0,0.0,44.0,0
41.00_74.00,2012-12-17,41.0,74.0,0.0,0.0,0.0,0.0,0.0,0.0,45.0,0
41.00_74.00,2012-12-24,41.0,74.0,0.0,0.0,0.0,0.0,0.0,0.0,46.0,0
41.00_74.00,2012-12-31,41.0,74.0,0.0,0.0,0.0,0.0,0.0,0.0,47.0,0
41.00_74.00,2013-01-07,41.0,74.0,0.0,0.0,0.0,0.0,0.0,0.0,48.0,0
41.00_74.00,2013-01-14,41.0,74.0,0.0,0.0,0.0,0.0,0.0,0.0,49.0,0
41.00_74.00,2013-01-21,41.0,74.0,0.0,0.0,0.0,0.0,0.0,0.0,50.0,0
41.00_74.00,2013-01-28,41.0,74.0,0.0,0.0,0.0,0.0,0.0,0.0,51.0,0
41.00_74.00,2013-02-04,41.0,74.0,0.0,0.0,0.0,0.0,0.0,0.0,52.0,0
41.00_74.00,2013-02-11,41.0,74.0,0.0,0.0,0.0,0.0,0.0,0.0,53.0,0
41.00_74.00,2013-02-18,41.0,74.0,0.0,0.0,0.0,0.0,0.0,0.0,54.0,0
41.00_74.00,2013-02-25,41.0,74.0,0.0,0.0,0.0,0.0,0.0,0.0,55.0,0
41.00_74.00,2013-03-04,41.0,74.0,0.0,0.0,0.0,0.0,0.0,0.0,56.0,0
41.00_74.00,2013-03-11,41.0,74.0,0.0,0.0,0.0,0.0,0.0,0.0,57.0,0
41.00_74.00,2013-03-18,41.0,74.0,0.0,0.0,0.0,0.0,0.0,0.0,58.0,0
41.00_74.00,2013-03-25,41.0,74.0,0.0,0.0,0.0,0.0,0.0,0.0,59.0,0
41.00_74.00,2013-04-01,41.0,74.0,0.0,0.0,0.0,0.0,0.0,0.0,60.0,0
41.00_74.00,2013-04-08,41.0,74.0,0.0,0.0,0.0,0.0,0.0,0.0,61.0,0
41.00_74.00,2013-04-15,41.0,74.0,0.0,0.0,0.0,0.0,0.0,0.0,62.0,0
41.00_74.00,2013-04-22,41.0,74.0,0.0,0.0,0.0,0.0,0.0,0.0,63.0,0
41.00_74.00,2013-04-29,41.0,74.0,0.0,0.0,0.0,0.0,0.0,0.0,64.0,0
41.00_74.00,2013-05-06,41.0,74.0,0.0,0.0,0.0,0.0,0.0,0.0,65.0,0
41.00_74.00,2013-05-13,41.0,74.0,0.0,0.0,0.0,0.0,0.0,0.0,66.0,0
41.00_74.00,2013-05-20,41.0,74.0,0.0,0.0,0.0,0.0,0.0,0.0,67.0,0
41.00_74.00,2013-05-27,41.0,74.0,0.0,0.0,0.0,0.0,0.0,0.0,68.0,0
41.00_74.00,2013-06-03,41.0,74.0,0.0,0.0,0.0,0.0,0.0,0.0,69.0,0
41.00_74.00,2013-06-10,41.0,74.0,0.0,0.0,0.0,0.0,0.0,0.0,70.0,0
41.00_74.00,2013-06-17,41.0,74.0,0.0,0.0,0.0,0.0,0.0,0.0,71.0,0
41.00_74.00,2013-06-24,41.0,74.0,0.0,0.0,0.0,0.0,0.0,0.0,72.0,0
41.00_74.00,2013-07-01,41.0,74.0,0.0,0.0,0.0,0.0,0.0,0.0,73.0,0
41.00_74.00,2013-07-08,41.0,74.0,0.0,0.0,0.0,0.0,0.0,0.0,74.0,0
41.00_74.00,2013-07-15,41.0,74.0,0.0,0.0,0.0,0.0,0.0,0.0,75.0,0
41.00_74.00,2013-07-22,41.0,74.0,0.0,0.0,0.0,0.0,0.0,0.0,76.0,0
41.00_74.00,2013-07-29,41.0,74.0,0.0,0.0,0.0,0.0,0.0,0.0,77.0,0
41.00_74.00,2013-08-05,41.0,74.0,0.0,0.0,0.0,0.0,0.0,0.0,78.0,0
41.00_74.00,2013-08-12,41.0,74.0,0.0,0.0,0.0,0.0,0.0,0.0,79.0,0
41.00_74.00,2013-08-19,41.0,74.0,0.0,0.0,0.0,0.0,0.0,0.0,80.0,0
41.00_74.00,2013-08-26,41.0,74.0,0.0,0.0,0.0,0.0,0.0,0.0,81.0,0
41.00_74.00,2013-09-02,41.0,74.0,0.0,0.0,0.0,0.0,0.0,0.0,82.0,0
41.00_74.00,2013-09-09,41.0,74.0,0.0,0.0,0.0,0.0,0.0,0.0,83.0,0
41.00_74.00,2013-09-16,41.0,74.0,0.0,0.0,0.0,0.0,0.0,0.0,84.0,0
41.00_74.00,2013-09-23,41.0,74.0,0.0,0.0,0.0,0.0,0.0,0.0,85.0,0
41.00_74.00,2013-09-30,41.0,74.0,0.0,0.0,0.0,0.0,0.0,0.0,86.0,0
41.00_74.00,2013-10-07,41.0,74.0,0.0,0.0,0.0,0.0,0.0,0.0,87.0,0
41.00_74.00,2013-10-14,41.0,74.0,0.0,0.0,0.0,0.0,0.0,0.0,88.0,0
41.00_74.00,2013-10-21,41.0,74.0,0.0,0.0,0.0,0.0,0.0,0.0,89.0,0
41.00_74.00,2013-10-28,41.0,74.0,0.0,0.0,0.0,0.0,0.0,0.0,90.0,0
41.00_74.00,2013-11-04,41.0,74.0,0.0,0.0,0.0,0.0,0.0,0.0,91.0,0
41.00_74.00,2013-11-11,41.0,74.0,0.0,0.0,0.0,0.0,0.0,0.0,92.0,0
41.00_74.00,2013-11-18,41.0,74.0,0.0,0.0,0.0,0.0,0.0,0.0,93.0,1
41.00_74.00,2013-11-25,41.0,74.0,1.0,4.9,4.9,4.9,1.0,22387211.385683425,0.0,0
41.00_74.00,2013-12-02,41.0,74.0,0.0,0.0,0.0,4.9,1.0,22387211.385683425,1.0,0
41.00_74.00,2013-12-09,41.0,74.0,0.0,0.0,0.0,4.9,1.0,22387211.385683425,2.0,0
41.00_74.00,2013-12-16,41.0,74.0,0.0,0.0,0.0,4.9,1.0,22387211.385683425,3.0,0
41.00_74.00,2013-12-23,41.0,74.0,0.0,0.0,0.0,0.0,1.0,22387211.385683425,4.0,0
41.00_74.00,2013-12-30,41.0,74.0,0.0,0.0,0.0,0.0,1.0,22387211.385683425,5.0,0
41.00_74.00,2014-01-06,41.0,74.0,0.0,0.0,0.0,0.0,1.0,22387211.385683425,6.0,0
41.00_74.00,2014-01-13,41.0,74.0,0.0,0.0,0.0,0.0,1.0,22387211.385683425,7.0,0
41.00_74.00,2014-01-20,41.0,74.0,0.0,0.0,0.0,0.0,1.0,0.0,8.0,0
41.00_74.00,2014-01-27,41.0,74.0,0.0,0.0,0.0,0.0,1.0,0.0,9.0,0
41.00_74.00,2014-02-03,41.0,74.0,0.0,0.0,0.0,0.0,1.0,0.0,10.0,0
41.00_74.00,2014-02-10,41.0,74.0,0.0,0.0,0.0,0.0,1.0,0.0,11.0,0
41.00_74.00,2014-02-17,41.0,74.0,0.0,0.0,0.0,0.0,0.0,0.0,12.0,0
41.00_74.00,2014-02-24,41.0,74.0,0.0,0.0,0.0,0.0,0.0,0.0,13.0,0
41.00_74.00,2014-03-03,41.0,74.0,0.0,0.0,0.0,0.0,0.0,0.0,14.0,0
41.00_74.00,2014-03-10,41.0,74.0,0.0,0.0,0.0,0.0,0.0,0.0,15.0,0
41.00_74.00,2014-03-17,41.0,74.0,0.0,0.0,0.0,0.0,0.0,0.0,16.0,0
41.00_74.00,2014-03-24,41.0,74.0,0.0,0.0,0.0,0.0,0.0,0.0,17.0,0
41.00_74.00,2014-03-31,41.0,74.0,0.0,0.0,0.0,0.0,0.0,0.0,18.0,0
41.00_74.00,2014-04-07,41.0,74.0,0.0,0.0,0.0,0.0,0.0,0.0,19.0,0
41.00_74.00,2014-04-14,41.0,74.0,0.0,0.0,0.0,0.0,0.0,0.0,20.0,0
41.00_74.00,2014-04-21,41.0,74.0,0.0,0.0,0.0,0.0,0.0,0.0,21.0,0
41.00_74.00,2014-04-28,41.0,74.0,0.0,0.0,0.0,0.0,0.0,0.0,22.0,0
41.00_74.00,2014-05-05,41.0,74.0,0.0,0.0,0.0,0.0,0.0,0.0,23.0,0
41.00_74.00,2014-05-12,41.0,74.0,0.0,0.0,0.0,0.0,0.0,0.0,24.0,0
41.00_74.00,2014-05-19,41.0,74.0,0.0,0.0,0.0,0.0,0.0,0.0,25.0,0
41.00_74.00,2014-05-26,41.0,74.0,0.0,0.0,0.0,0.0,0.0,0.0,26.0,0
41.00_74.00,2014-06-02,41.0,74.0,0.0,0.0,0.0,0.0,0.0,0.0,27.0,0
41.00_74.00,2014-06-09,41.0,74.0,0.0,0.0,0.0,0.0,0.0,0.0,28.0,0
41.00_74.00,2014-06-16,41.0,74.0,0.0,0.0,0.0,0.0,0.0,0.0,29.0,0
41.00_74.00,2014-06-23,41.0,74.0,0.0,0.0,0.0,0.0,0.0,0.0,30.0,0
41.00_74.00,2014-06-30,41.0,74.0,0.0,0.0,0.0,0.0,0.0,0.0,31.0,0
41.00_74.00,2014-07-07,41.0,74.0,0.0,0.0,0.0,0.0,0.0,0.0,32.0,0
41.00_74.00,2014-07-14,41.0,74.0,0.0,0.0,0.0,0.0,0.0,0.0,33.0,0
41.00_74.00,2014-07-21,41.0,74.0,0.0,0.0,0.0,0.0,0.0,0.0,34.0,0
41.00_74.00,2014-07-28,41.0,74.0,0.0,0.0,0.0,0.0,0.0,0.0,35.0,0
41.00_74.00,2014-08-04,41.0,74.0,0.0,0.0,0.0,0.0,0.0,0.0,36.0,0
41.00_74.00,2014-08-11,41.0,74.0,0.0,0.0,0.0,0.0,0.0,0.0,37.0,0
41.00_74.00,2014-08-18,41.0,74.0,0.0,0.0,0.0,0.0,0.0,0.0,38.0,0
41.00_74.00,2014-08-25,41.0,74.0,0.0,0.0,0.0,0.0,0.0,0.0,39.0,0
41.00_74.00,2014-09-01,41.0,74.0,0.0,0.0,0.0,0.0,0.0,0.0,40.0,0
41.00_74.00,2014-09-08,41.0,74.0,0.0,0.0,0.0,0.0,0.0,0.0,41.0,0
41.00_74.00,2014-09-15,41.0,74.0,0.0,0.0,0.0,0.0,0.0,0.0,42.0,0
41.00_74.00,2014-09-22,41.0,74.0,0.0,0.0,0.0,0.0,0.0,0.0,43.0,0
41.00_74.00,2014-09-29,41.0,74.0,0.0,0.0,0.0,0.0,0.0,0.0,44.0,0
41.00_74.00,2014-10-06,41.0,74.0,0.0,0.0,0.0,0.0,0.0,0.0,45.0,0
41.00_74.00,2014-10-13,41.0,74.0,0.0,0.0,0.0,0.0,0.0,0.0,46.0,0
41.00_74.00,2014-10-20,41.0,74.0,0.0,0.0,0.0,0.0,0.0,0.0,47.0,0
41.00_74.00,2014-10-27,41.0,74.0,0.0,0.0,0.0,0.0,0.0,0.0,48.0,0
41.00_74.00,2014-11-03,41.0,74.0,0.0,0.0,0.0,0.0,0.0,0.0,49.0,0
41.00_74.00,2014-11-10,41.0,74.0,0.0,0.0,0.0,0.0,0.0,0.0,50.0,0
41.00_74.00,2014-11-17,41.0,74.0,0.0,0.0,0.0,0.0,0.0,0.0,51.0,0
41.00_74.00,2014-11-24,41.0,74.0,0.0,0.0,0.0,0.0,0.0,0.0,52.0,0
41.00_74.00,2014-12-01,41.0,74.0,0.0,0.0,0.0,0.0,0.0,0.0,53.0,0
41.00_74.00,2014-12-08,41.0,74.0,0.0,0.0,0.0,0.0,0.0,0.0,54.0,0
41.00_74.00,2014-12-15,41.0,74.0,0.0,0.0,0.0,0.0,0.0,0.0,55.0,0
41.00_74.00,2014-12-22,41.0,74.0,0.0,0.0,0.0,0.0,0.0,0.0,56.0,0
41.00_74.00,2014-12-29,41.0,74.0,0.0,0.0,0.0,0.0,0.0,0.0,57.0,0
41.00_74.00,2015-01-05,41.0,74.0,0.0,0.0,0.0,0.0,0.0,0.0,58.0,0
41.00_74.00,2015-01-12,41.0,74.0,0.0,0.0,0.0,0.0,0.0,0.0,59.0,0
41.00_74.00,2015-01-19,41.0,74.0,0.0,0.0,0.0,0.0,0.0,0.0,60.0,1
41.00_74.00,2015-01-26,41.0,74.0,1.0,4.9,4.9,4.9,1.0,22387211.385683425,0.0,0
41.00_74.00,2015-02-02,41.0,74.0,0.0,0.0,0.0,4.9,1.0,22387211.385683425,1.0,0
41.00_74.00,2015-02-09,41.0,74.0,0.0,0.0,0.0,4.9,1.0,22387211.385683425,2.0,0
41.00_74.00,2015-02-16,41.0,74.0,0.0,0.0,0.0,4.9,1.0,22387211.385683425,3.0,0
41.00_74.00,2015-02-23,41.0,74.0,0.0,0.0,0.0,0.0,1.0,22387211.385683425,4.0,0
41.00_74.00,2015-03-02,41.0,74.0,0.0,0.0,0.0,0.0,1.0,22387211.385683425,5.0,0
41.00_74.00,2015-03-09,41.0,74.0,0.0,0.0,0.0,0.0,1.0,22387211.385683425,6.0,1
41.00_74.00,2015-03-16,41.0,74.0,1.0,4.8,4.8,4.8,2.0,38236143.31029453,0.0,0
41.00_74.00,2015-03-23,41.0,74.0,0.0,0.0,0.0,4.8,2.0,15848931.924611108,1.0,0
41.00_74.00,2015-03-30,41.0,74.0,0.0,0.0,0.0,4.8,2.0,15848931.924611108,2.0,0
41.00_74.00,2015-04-06,41.0,74.0,0.0,0.0,0.0,4.8,2.0,15848931.924611108,3.0,0
41.00_74.00,2015-04-13,41.0,74.0,0.0,0.0,0.0,0.0,2.0,15848931.924611108,4.0,0
41.00_74.00,2015-04-20,41.0,74.0,0.0,0.0,0.0,0.0,1.0,15848931.924611108,5.0,0
41.00_74.00,2015-04-27,41.0,74.0,0.0,0.0,0.0,0.0,1.0,15848931.924611108,6.0,0
41.00_74.00,2015-05-04,41.0,74.0,0.0,0.0,0.0,0.0,1.0,15848931.924611108,7.0,0
41.00_74.00,2015-05-11,41.0,74.0,0.0,0.0,0.0,0.0,1.0,0.0,8.0,0
41.00_74.00,2015-05-18,41.0,74.0,0.0,0.0,0.0,0.0,1.0,0.0,9.0,0
41.00_74.00,2015-05-25,41.0,74.0,0.0,0.0,0.0,0.0,1.0,0.0,10.0,0
41.00_74.00,2015-06-01,41.0,74.0,0.0,0.0,0.0,0.0,1.0,0.0,11.0,0
41.00_74.00,2015-06-08,41.0,74.0,0.0,0.0,0.0,0.0,0.0,0.0,12.0,0
41.00_74.00,2015-06-15,41.0,74.0,0.0,0.0,0.0,0.0,0.0,0.0,13.0,0
41.00_74.00,2015-06-22,41.0,74.0,0.0,0.0,0.0,0.0,0.0,0.0,14.0,0
41.00_74.00,2015-06-29,41.0,74.0,0.0,0.0,0.0,0.0,0.0,0.0,15.0,0
41.00_74.00,2015-07-06,41.0,74.0,0.0,0.0,0.0,0.0,0.0,0.0,16.0,0
41.00_74.00,2015-07-13,41.0,74.0,0.0,0.0,0.0,0.0,0.0,0.0,17.0,0
41.00_74.00,2015-07-20,41.0,74.0,0.0,0.0,0.0,0.0,0.0,0.0,18.0,0
41.00_74.00,2015-07-27,41.0,74.0,0.0,0.0,0.0,0.0,0.0,0.0,19.0,0
41.00_74.00,2015-08-03,41.0,74.0,0.0,0.0,0.0,0.0,0.0,0.0,20.0,0
41.00_74.00,2015-08-10,41.0,74.0,0.0,0.0,0.0,0.0,0.0,0.0,21.0,0
41.00_74.00,2015-08-17,41.0,74.0,0.0,0.0,0.0,0.0,0.0,0.0,22.0,0
41.00_74.00,2015-08-24,41.0,74.0,0.0,0.0,0.0,0.0,0.0,0.0,23.0,0
41.00_74.00,2015-08-31,41.0,74.0,0.0,0.0,0.0,0.0,0.0,0.0,24.0,0
41.00_74.00,2015-09-07,41.0,74.0,0.0,0.0,0.0,0.0,0.0,0.0,25.0,0
41.00_74.00,2015-09-14,41.0,74.0,0.0,0.0,0.0,0.0,0.0,0.0,26.0,0
41.00_74.00,2015-09-21,41.0,74.0,0.0,0.0,0.0,0.0,0.0,0.0,27.0,0
41.00_74.00,2015-09-28,41.0,74.0,0.0,0.0,0.0,0.0,0.0,0.0,28.0,0
41.00_74.00,2015-10-05,41.0,74.0,0.0,0.0,0.0,0.0,0.0,0.0,29.0,0
41.00_74.00,2015-10-12,41.0,74.0,0.0,0.0,0.0,0.0,0.0,0.0,30.0,0
41.00_74.00,2015-10-19,41.0,74.0,0.0,0.0,0.0,0.0,0.0,0.0,31.0,0
41.00_74.00,2015-10-26,41.0,74.0,0.0,0.0,0.0,0.0,0.0,0.0,32.0,0
41.00_74.00,2015-11-02,41.0,74.0,0.0,0.0,0.0,0.0,0.0,0.0,33.0,0
41.00_74.00,2015-11-09,41.0,74.0,0.0,0.0,0.0,0.0,0.0,0.0,34.0,0
41.00_74.00,2015-11-16,41.0,74.0,0.0,0.0,0.0,0.0,0.0,0.0,35.0,0
41.00_74.00,2015-11-23,41.0,74.0,0.0,0.0,0.0,0.0,0.0,0.0,36.0,0
41.00_74.00,2015-11-30,41.0,74.0,0.0,0.0,0.0,0.0,0.0,0.0,37.0,0
41.00_74.00,2015-12-07,41.0,74.0,0.0,0.0,0.0,0.0,0.0,0.0,38.0,1
41.00_74.00,2015-12-14,41.0,74.0,1.0,5.5,5.5,5.5,1.0,177827941.00389227,0.0,0
41.00_74.00,2015-12-21,41.0,74.0,0.0,0.0,0.0,5.5,1.0,177827941.00389227,1.0,0
41.00_74.00,2015-12-28,41.0,74.0,0.0,0.0,0.0,5.5,1.0,177827941.00389227,2.0,0
41.00_74.00,2016-01-04,41.0,74.0,0.0,0.0,0.0,5.5,1.0,177827941.00389227,3.0,0
41.00_74.00,2016-01-11,41.0,74.0,0.0,0.0,0.0,0.0,1.0,177827941.00389227,4.0,0
41.00_74.00,2016-01-18,41.0,74.0,0.0,0.0,0.0,0.0,1.0,177827941.00389227,5.0,0
41.00_74.00,2016-01-25,41.0,74.0,0.0,0.0,0.0,0.0,1.0,177827941.00389227,6.0,0
41.00_74.00,2016-02-01,41.0,74.0,0.0,0.0,0.0,0.0,1.0,177827941.00389227,7.0,0
41.00_74.00,2016-02-08,41.0,74.0,0.0,0.0,0.0,0.0,1.0,0.0,8.0,0
41.00_74.00,2016-02-15,41.0,74.0,0.0,0.0,0.0,0.0,1.0,0.0,9.0,0
41.00_74.00,2016-02-22,41.0,74.0,0.0,0.0,0.0,0.0,1.0,0.0,10.0,0
41.00_74.00,2016-02-29,41.0,74.0,0.0,0.0,0.0,0.0,1.0,0.0,11.0,0
41.00_74.00,2016-03-07,41.0,74.0,0.0,0.0,0.0,0.0,0.0,0.0,12.0,0
41.00_74.00,2016-03-14,41.0,74.0,0.0,0.0,0.0,0.0,0.0,0.0,13.0,0
41.00_74.00,2016-03-21,41.0,74.0,0.0,0.0,0.0,0.0,0.0,0.0,14.0,0
41.00_74.00,2016-03-28,41.0,74.0,0.0,0.0,0.0,0.0,0.0,0.0,15.0,0
41.00_74.00,2016-04-04,41.0,74.0,0.0,0.0,0.0,0.0,0.0,0.0,16.0,0
41.00_74.00,2016-04-11,41.0,74.0,0.0,0.0,0.0,0.0,0.0,0.0,17.0,0
41.00_74.00,2016-04-18,41.0,74.0,0.0,0.0,0.0,0.0,0.0,0.0,18.0,0
41.00_74.00,2016-04-25,41.0,74.0,0.0,0.0,0.0,0.0,0.0,0.0,19.0,0
41.00_74.00,2016-05-02,41.0,74.0,0.0,0.0,0.0,0.0,0.0,0.0,20.0,0
41.00_74.00,2016-05-09,41.0,74.0,0.0,0.0,0.0,0.0,0.0,0.0,21.0,0
41.00_74.00,2016-05-16,41.0,74.0,0.0,0.0,0.0,0.0,0.0,0.0,22.0,0
41.00_74.00,2016-05-23,41.0,74.0,0.0,0.0,0.0,0.0,0.0,0.0,23.0,0
41.00_74.00,2016-05-30,41.0,74.0,0.0,0.0,0.0,0.0,0.0,0.0,24.0,0
41.00_74.00,2016-06-06,41.0,74.0,0.0,0.0,0.0,0.0,0.0,0.0,25.0,0
41.00_74.00,2016-06-13,41.0,74.0,0.0,0.0,0.0,0.0,0.0,0.0,26.0,0
41.00_74.00,2016-06-20,41.0,74.0,0.0,0.0,0.0,0.0,0.0,0.0,27.0,0
41.00_74.00,2016-06-27,41.0,74.0,0.0,0.0,0.0,0.0,0.0,0.0,28.0,0
41.00_74.00,2016-07-04,41.0,74.0,0.0,0.0,0.0,0.0,0.0,0.0,29.0,0
41.00_74.00,2016-07-11,41.0,74.0,0.0,0.0,0.0,0.0,0.0,0.0,30.0,0
41.00_74.00,2016-07-18,41.0,74.0,0.0,0.0,0.0,0.0,0.0,0.0,31.0,0
41.00_74.00,2016-07-25,41.0,74.0,0.0,0.0,0.0,0.0,0.0,0.0,32.0,0
41.00_74.00,2016-08-01,41.0,74.0,0.0,0.0,0.0,0.0,0.0,0.0,33.0,0
41.00_74.00,2016-08-08,41.0,74.0,0.0,0.0,0.0,0.0,0.0,0.0,34.0,0
41.00_74.00,2016-08-15,41.0,74.0,0.0,0.0,0.0,0.0,0.0,0.0,35.0,0
41.00_74.00,2016-08-22,41.0,74.0,0.0,0.0,0.0,0.0,0.0,0.0,36.0,0
41.00_74.00,2016-08-29,41.0,74.0,0.0,0.0,0.0,0.0,0.0,0.0,37.0,0
41.00_74.00,2016-09-05,41.0,74.0,0.0,0.0,0.0,0.0,0.0,0.0,38.0,0
41.00_74.00,2016-09-12,41.0,74.0,0.0,0.0,0.0,0.0,0.0,0.0,39.0,0
41.00_74.00,2016-09-19,41.0,74.0,0.0,0.0,0.0,0.0,0.0,0.0,40.0,0
41.00_74.00,2016-09-26,41.0,74.0,0.0,0.0,0.0,0.0,0.0,0.0,41.0,0
41.00_74.00,2016-10-03,41.0,74.0,0.0,0.0,0.0,0.0,0.0,0.0,42.0,0
41.00_74.00,2016-10-10,41.0,74.0,0.0,0.0,0.0,0.0,0.0,0.0,43.0,0
41.00_74.00,2016-10-17,41.0,74.0,0.0,0.0,0.0,0.0,0.0,0.0,44.0,0
41.00_74.00,2016-10-24,41.0,74.0,0.0,0.0,0.0,0.0,0.0,0.0,45.0,0
41.00_74.00,2016-10-31,41.0,74.0,0.0,0.0,0.0,0.0,0.0,0.0,46.0,0
41.00_74.00,2016-11-07,41.0,74.0,0.0,0.0,0.0,0.0,0.0,0.0,47.0,0
41.00_74.00,2016-11-14,41.0,74.0,0.0,0.0,0.0,0.0,0.0,0.0,48.0,0
41.00_74.00,2016-11-21,41.0,74.0,0.0,0.0,0.0,0.0,0.0,0.0,49.0,0
41.00_74.00,2016-11-28,41.0,74.0,0.0,0.0,0.0,0.0,0.0,0.0,50.0,0
41.00_74.00,2016-12-05,41.0,74.0,0.0,0.0,0.0,0.0,0.0,0.0,51.0,0
41.00_74.00,2016-12-12,41.0,74.0,0.0,0.0,0.0,0.0,0.0,0.0,52.0,1
41.00_74.00,2016-12-19,41.0,74.0,1.0,4.5,4.5,4.5,1.0,5623413.251903491,0.0,0
41.00_74.00,2016-12-26,41.0,74.0,0.0,0.0,0.0,4.5,1.0,5623413.251903491,1.0,0
41.00_74.00,2017-01-02,41.0,74.0,0.0,0.0,0.0,4.5,1.0,5623413.251903491,2.0,0
41.00_74.00,2017-01-09,41.0,74.0,0.0,0.0,0.0,4.5,1.0,5623413.251903491,3.0,0
41.00_74.00,2017-01-16,41.0,74.0,0.0,0.0,0.0,0.0,1.0,5623413.251903491,4.0,0
41.00_74.00,2017-01-23,41.0,74.0,0.0,0.0,0.0,0.0,1.0,5623413.251903491,5.0,0
41.00_74.00,2017-01-30,41.0,74.0,0.0,0.0,0.0,0.0,1.0,5623413.251903491,6.0,0
41.00_74.00,2017-02-06,41.0,74.0,0.0,0.0,0.0,0.0,1.0,5623413.251903491,7.0,0
41.00_74.00,2017-02-13,41.0,74.0,0.0,0.0,0.0,0.0,1.0,0.0,8.0,0
41.00_74.00,2017-02-20,41.0,74.0,0.0,0.0,0.0,0.0,1.0,0.0,9.0,0
41.00_74.00,2017-02-27,41.0,74.0,0.0,0.0,0.0,0.0,1.0,0.0,10.0,0
41.00_74.00,2017-03-06,41.0,74.0,0.0,0.0,0.0,0.0,1.0,0.0,11.0,0
41.00_74.00,2017-03-13,41.0,74.0,0.0,0.0,0.0,0.0,0.0,0.0,12.0,0
41.00_74.00,2017-03-20,41.0,74.0,0.0,0.0,0.0,0.0,0.0,0.0,13.0,0
41.00_74.00,2017-03-27,41.0,74.0,0.0,0.0,0.0,0.0,0.0,0.0,14.0,0
41.00_74.00,2017-04-03,41.0,74.0,0.0,0.0,0.0,0.0,0.0,0.0,15.0,0
41.00_74.00,2017-04-10,41.0,74.0,0.0,0.0,0.0,0.0,0.0,0.0,16.0,0
41.00_74.00,2017-04-17,41.0,74.0,0.0,0.0,0.0,0.0,0.0,0.0,17.0,1
41.00_74.00,2017-04-24,41.0,74.0,1.0,4.5,4.5,4.5,1.0,5623413.251903491,0.0,0
41.00_74.00,2017-05-01,41.0,74.0,0.0,0.0,0.0,4.5,1.0,5623413.251903491,1.0,0
41.00_74.00,2017-05-08,41.0,74.0,0.0,0.0,0.0,4.5,1.0,5623413.251903491,2.0,0
41.00_74.00,2017-05-15,41.0,74.0,0.0,0.0,0.0,4.5,1.0,5623413.251903491,3.0,0
41.00_74.00,2017-05-22,41.0,74.0,0.0,0.0,0.0,0.0,1.0,5623413.251903491,4.0,0
41.00_74.00,2017-05-29,41.0,74.0,0.0,0.0,0.0,0.0,1.0,5623413.251903491,5.0,0
41.00_74.00,2017-06-05,41.0,74.0,0.0,0.0,0.0,0.0,1.0,5623413.251903491,6.0,0
41.00_74.00,2017-06-12,41.0,74.0,0.0,0.0,0.0,0.0,1.0,5623413.251903491,7.0,0
41.00_74.00,2017-06-19,41.0,74.0,0.0,0.0,0.0,0.0,1.0,0.0,8.0,0
41.00_74.00,2017-06-26,41.0,74.0,0.0,0.0,0.0,0.0,1.0,0.0,9.0,0
41.00_74.00,2017-07-03,41.0,74.0,0.0,0.0,0.0,0.0,1.0,0.0,10.0,0
41.00_74.00,2017-07-10,41.0,74.0,0.0,0.0,0.0,0.0,1.0,0.0,11.0,0
41.00_74.00,2017-07-17,41.0,74.0,0.0,0.0,0.0,0.0,0.0,0.0,12.0,0
41.00_74.00,2017-07-24,41.0,74.0,0.0,0.0,0.0,0.0,0.0,0.0,13.0,0
41.00_74.00,2017-07-31,41.0,74.0,0.0,0.0,0.0,0.0,0.0,0.0,14.0,0
41.00_74.00,2017-08-07,41.0,74.0,0.0,0.0,0.0,0.0,0.0,0.0,15.0,0
41.00_74.00,2017-08-14,41.0,74.0,0.0,0.0,0.0,0.0,0.0,0.0,16.0,0
41.00_74.00,2017-08-21,41.0,74.0,0.0,0.0,0.0,0.0,0.0,0.0,17.0,0
41.00_74.00,2017-08-28,41.0,74.0,0.0,0.0,0.0,0.0,0.0,0.0,18.0,0
41.00_74.00,2017-09-04,41.0,74.0,0.0,0.0,0.0,0.0,0.0,0.0,19.0,0
41.00_74.00,2017-09-11,41.0,74.0,0.0,0.0,0.0,0.0,0.0,0.0,20.0,0
41.00_74.00,2017-09-18,41.0,74.0,0.0,0.0,0.0,0.0,0.0,0.0,21.0,0
41.00_74.00,2017-09-25,41.0,74.0,0.0,0.0,0.0,0.0,0.0,0.0,22.0,0
41.00_74.00,2017-10-02,41.0,74.0,0.0,0.0,0.0,0.0,0.0,0.0,23.0,0
41.00_74.00,2017-10-09,41.0,74.0,0.0,0.0,0.0,0.0,0.0,0.0,24.0,0
41.00_74.00,2017-10-16,41.0,74.0,0.0,0.0,0.0,0.0,0.0,0.0,25.0,0
41.00_74.00,2017-10-23,41.0,74.0,0.0,0.0,0.0,0.0,0.0,0.0,26.0,0
41.00_74.00,2017-10-30,41.0,74.0,0.0,0.0,0.0,0.0,0.0,0.0,27.0,0
41.00_74.00,2017-11-06,41.0,74.0,0.0,0.0,0.0,0.0,0.0,0.0,28.0,0
41.00_74.00,2017-11-13,41.0,74.0,0.0,0.0,0.0,0.0,0.0,0.0,29.0,0
41.00_74.00,2017-11-20,41.0,74.0,0.0,0.0,0.0,0.0,0.0,0.0,30.0,0
41.00_74.00,2017-11-27,41.0,74.0,0.0,0.0,0.0,0.0,0.0,0.0,31.0,0
41.00_74.00,2017-12-04,41.0,74.0,0.0,0.0,0.0,0.0,0.0,0.0,32.0,0
41.00_74.00,2017-12-11,41.0,74.0,0.0,0.0,0.0,0.0,0.0,0.0,33.0,0
41.00_74.00,2017-12-18,41.0,74.0,0.0,0.0,0.0,0.0,0.0,0.0,34.0,0
41.00_74.00,2017-12-25,41.0,74.0,0.0,0.0,0.0,0.0,0.0,0.0,35.0,0
41.00_74.00,2018-01-01,41.0,74.0,0.0,0.0,0.0,0.0,0.0,0.0,36.0,0
41.00_74.00,2018-01-08,41.0,74.0,0.0,0.0,0.0,0.0,0.0,0.0,37.0,0
41.00_74.00,2018-01-15,41.0,74.0,0.0,0.0,0.0,0.0,0.0,0.0,38.0,0
41.00_74.00,2018-01-22,41.0,74.0,0.0,0.0,0.0,0.0,0.0,0.0,39.0,0
41.00_74.00,2018-01-29,41.0,74.0,0.0,0.0,0.0,0.0,0.0,0.0,40.0,0
41.00_74.00,2018-02-05,41.0,74.0,0.0,0.0,0.0,0.0,0.0,0.0,41.0,0
41.00_74.00,2018-02-12,41.0,74.0,0.0,0.0,0.0,0.0,0.0,0.0,42.0,0
41.00_74.00,2018-02-19,41.0,74.0,0.0,0.0,0.0,0.0,0.0,0.0,43.0,0
41.00_74.00,2018-02-26,41.0,74.0,0.0,0.0,0.0,0.0,0.0,0.0,44.0,0
41.00_74.00,2018-03-05,41.0,74.0,0.0,0.0,0.0,0.0,0.0,0.0,45.0,0
41.00_74.00,2018-03-12,41.0,74.0,0.0,0.0,0.0,0.0,0.0,0.0,46.0,0
41.00_74.00,2018-03-19,41.0,74.0,0.0,0.0,0.0,0.0,0.0,0.0,47.0,0
41.00_74.00,2018-03-26,41.0,74.0,0.0,0.0,0.0,0.0,0.0,0.0,48.0,0
41.00_74.00,2018-04-02,41.0,74.0,0.0,0.0,0.0,0.0,0.0,0.0,49.0,0
41.00_74.00,2018-04-09,41.0,74.0,0.0,0.0,0.0,0.0,0.0,0.0,50.0,0
41.00_74.00,2018-04-16,41.0,74.0,0.0,0.0,0.0,0.0,0.0,0.0,51.0,0
41.00_74.00,2018-04-23,41.0,74.0,0.0,0.0,0.0,0.0,0.0,0.0,52.0,0
41.00_74.00,2018-04-30,41.0,74.0,0.0,0.0,0.0,0.0,0.0,0.0,53.0,0
41.00_74.00,2018-05-07,41.0,74.0,0.0,0.0,0.0,0.0,0.0,0.0,54.0,0
41.00_74.00,2018-05-14,41.0,74.0,0.0,0.0,0.0,0.0,0.0,0.0,55.0,0
41.00_74.00,2018-05-21,41.0,74.0,0.0,0.0,0.0,0.0,0.0,0.0,56.0,0
41.00_74.00,2018-05-28,41.0,74.0,0.0,0.0,0.0,0.0,0.0,0.0,57.0,0
41.00_74.00,2018-06-04,41.0,74.0,0.0,0.0,0.0,0.0,0.0,0.0,58.0,0
41.00_74.00,2018-06-11,41.0,74.0,0.0,0.0,0.0,0.0,0.0,0.0,59.0,0
41.00_74.00,2018-06-18,41.0,74.0,0.0,0.0,0.0,0.0,0.0,0.0,60.0,0
41.00_74.00,2018-06-25,41.0,74.0,0.0,0.0,0.0,0.0,0.0,0.0,61.0,0
41.00_74.00,2018-07-02,41.0,74.0,0.0,0.0,0.0,0.0,0.0,0.0,62.0,0
41.00_74.00,2018-07-09,41.0,74.0,0.0,0.0,0.0,0.0,0.0,0.0,63.0,0
41.00_74.00,2018-07-16,41.0,74.0,0.0,0.0,0.0,0.0,0.0,0.0,64.0,0
41.00_74.00,2018-07-23,41.0,74.0,0.0,0.0,0.0,0.0,0.0,0.0,65.0,0
41.00_74.00,2018-07-30,41.0,74.0,0.0,0.0,0.0,0.0,0.0,0.0,66.0,0
41.00_74.00,2018-08-06,41.0,74.0,0.0,0.0,0.0,0.0,0.0,0.0,67.0,0
41.00_74.00,2018-08-13,41.0,74.0,0.0,0.0,0.0,0.0,0.0,0.0,68.0,0
41.00_74.00,2018-08-20,41.0,74.0,0.0,0.0,0.0,0.0,0.0,0.0,69.0,0
41.00_74.00,2018-08-27,41.0,74.0,0.0,0.0,0.0,0.0,0.0,0.0,70.0,0
41.00_74.00,2018-09-03,41.0,74.0,0.0,0.0,0.0,0.0,0.0,0.0,71.0,0
41.00_74.00,2018-09-10,41.0,74.0,0.0,0.0,0.0,0.0,0.0,0.0,72.0,0
41.00_74.00,2018-09-17,41.0,74.0,0.0,0.0,0.0,0.0,0.0,0.0,73.0,0
41.00_74.00,2018-09-24,41.0,74.0,0.0,0.0,0.0,0.0,0.0,0.0,74.0,0
41.00_74.00,2018-10-01,41.0,74.0,0.0,0.0,0.0,0.0,0.0,0.0,75.0,0
41.00_74.00,2018-10-08,41.0,74.0,0.0,0.0,0.0,0.0,0.0,0.0,76.0,0
41.00_74.00,2018-10-15,41.0,74.0,0.0,0.0,0.0,0.0,0.0,0.0,77.0,0
41.00_74.00,2018-10-22,41.0,74.0,0.0,0.0,0.0,0.0,0.0,0.0,78.0,0
41.00_74.00,2018-10-29,41.0,74.0,0.0,0.0,0.0,0.0,0.0,0.0,79.0,0
41.00_74.00,2018-11-05,41.0,74.0,0.0,0.0,0.0,0.0,0.0,0.0,80.0,0
41.00_74.00,2018-11-12,41.0,74.0,0.0,0.0,0.0,0.0,0.0,0.0,81.0,0
41.00_74.00,2018-11-19,41.0,74.0,0.0,0.0,0.0,0.0,0.0,0.0,82.0,0
41.00_74.00,2018-11-26,41.0,74.0,0.0,0.0,0.0,0.0,0.0,0.0,83.0,0
41.00_74.00,2018-12-03,41.0,74.0,0.0,0.0,0.0,0.0,0.0,0.0,84.0,0
41.00_74.00,2018-12-10,41.0,74.0,0.0,0.0,0.0,0.0,0.0,0.0,85.0,0
41.00_74.00,2018-12-17,41.0,74.0,0.0,0.0,0.0,0.0,0.0,0.0,86.0,0
41.00_74.00,2018-12-24,41.0,74.0,0.0,0.0,0.0,0.0,0.0,0.0,87.0,0
41.00_74.00,2018-12-31,41.0,74.0,0.0,0.0,0.0,0.0,0.0,0.0,88.0,0
41.00_74.00,2019-01-07,41.0,74.0,0.0,0.0,0.0,0.0,0.0,0.0,89.0,0
41.00_74.00,2019-01-14,41.0,74.0,0.0,0.0,0.0,0.0,0.0,0.0,90.0,0
41.00_74.00,2019-01-21,41.0,74.0,0.0,0.0,0.0,0.0,0.0,0.0,91.0,0
41.00_74.00,2019-01-28,41.0,74.0,0.0,0.0,0.0,0.0,0.0,0.0,92.0,0
41.00_74.00,2019-02-04,41.0,74.0,0.0,0.0,0.0,0.0,0.0,0.0,93.0,0
41.00_74.00,2019-02-11,41.0,74.0,0.0,0.0,0.0,0.0,0.0,0.0,94.0,0
41.00_74.00,2019-02-18,41.0,74.0,0.0,0.0,0.0,0.0,0.0,0.0,95.0,0
41.00_74.00,2019-02-25,41.0,74.0,0.0,0.0,0.0,0.0,0.0,0.0,96.0,0
41.00_74.00,2019-03-04,41.0,74.0,0.0,0.0,0.0,0.0,0.0,0.0,97.0,0
41.00_74.00,2019-03-11,41.0,74.0,0.0,0.0,0.0,0.0,0.0,0.0,98.0,0
41.00_74.00,2019-03-18,41.0,74.0,0.0,0.0,0.0,0.0,0.0,0.0,99.0,0
41.00_74.00,2019-03-25,41.0,74.0,0.0,0.0,0.0,0.0,0.0,0.0,100.0,0
41.00_74.00,2019-04-01,41.0,74.0,0.0,0.0,0.0,0.0,0.0,0.0,101.0,0
41.00_74.00,2019-04-08,41.0,74.0,0.0,0.0,0.0,0.0,0.0,0.0,102.0,0
41.00_74.00,2019-04-15,41.0,74.0,0.0,0.0,0.0,0.0,0.0,0.0,103.0,0
41.00_74.00,2019-04-22,41.0,74.0,0.0,0.0,0.0,0.0,0.0,0.0,104.0,0
41.00_74.00,2019-04-29,41.0,74.0,0.0,0.0,0.0,0.0,0.0,0.0,105.0,0
41.00_74.00,2019-05-06,41.0,74.0,0.0,0.0,0.0,0.0,0.0,0.0,106.0,0
41.00_74.00,2019-05-13,41.0,74.0,0.0,0.0,0.0,0.0,0.0,0.0,107.0,0
41.00_74.00,2019-05-20,41.0,74.0,0.0,0.0,0.0,0.0,0.0,0.0,108.0,0
41.00_74.00,2019-05-27,41.0,74.0,0.0,0.0,0.0,0.0,0.0,0.0,109.0,0
41.00_74.00,2019-06-03,41.0,74.0,0.0,0.0,0.0,0.0,0.0,0.0,110.0,0
41.00_74.00,2019-06-10,41.0,74.0,0.0,0.0,0.0,0.0,0.0,0.0,111.0,0
41.00_74.00,2019-06-17,41.0,74.0,0.0,0.0,0.0,0.0,0.0,0.0,112.0,0
41.00_74.00,2019-06-24,41.0,74.0,0.0,0.0,0.0,0.0,0.0,0.0,113.0,0
41.00_74.00,2019-07-01,41.0,74.0,0.0,0.0,0.0,0.0,0.0,0.0,114.0,0
41.00_74.00,2019-07-08,41.0,74.0,0.0,0.0,0.0,0.0,0.0,0.0,115.0,0
41.00_74.00,2019-07-15,41.0,74.0,0.0,0.0,0.0,0.0,0.0,0.0,116.0,0
41.00_74.00,2019-07-22,41.0,74.0,0.0,0.0,0.0,0.0,0.0,0.0,117.0,0
41.00_74.00,2019-07-29,41.0,74.0,0.0,0.0,0.0,0.0,0.0,0.0,118.0,0
41.00_74.00,2019-08-05,41.0,74.0,0.0,0.0,0.0,0.0,0.0,0.0,119.0,0
41.00_74.00,2019-08-12,41.0,74.0,0.0,0.0,0.0,0.0,0.0,0.0,120.0,0
41.00_74.00,2019-08-19,41.0,74.0,0.0,0.0,0.0,0.0,0.0,0.0,121.0,0
41.00_74.00,2019-08-26,41.0,74.0,0.0,0.0,0.0,0.0,0.0,0.0,122.0,0
41.00_74.00,2019-09-02,41.0,74.0,0.0,0.0,0.0,0.0,0.0,0.0,123.0,0
41.00_74.00,2019-09-09,41.0,74.0,0.0,0.0,0.0,0.0,0.0,0.0,124.0,0
41.00_74.00,2019-09-16,41.0,74.0,0.0,0.0,0.0,0.0,0.0,0.0,125.0,0
41.00_74.00,2019-09-23,41.0,74.0,0.0,0.0,0.0,0.0,0.0,0.0,126.0,0
41.00_74.00,2019-09-30,41.0,74.0,0.0,0.0,0.0,0.0,0.0,0.0,127.0,0
41.00_74.00,2019-10-07,41.0,74.0,0.0,0.0,0.0,0.0,0.0,0.0,128.0,0
41.00_74.00,2019-10-14,41.0,74.0,0.0,0.0,0.0,0.0,0.0,0.0,129.0,0
41.00_74.00,2019-10-21,41.0,74.0,0.0,0.0,0.0,0.0,0.0,0.0,130.0,0
41.00_74.00,2019-10-28,41.0,74.0,0.0,0.0,0.0,0.0,0.0,0.0,131.0,0
41.00_74.00,2019-11-04,41.0,74.0,0.0,0.0,0.0,0.0,0.0,0.0,132.0,0
41.00_74.00,2019-11-11,41.0,74.0,0.0,0.0,0.0,0.0,0.0,0.0,133.0,0
41.00_74.00,2019-11-18,41.0,74.0,0.0,0.0,0.0,0.0,0.0,0.0,134.0,0
41.00_74.00,2019-11-25,41.0,74.0,0.0,0.0,0.0,0.0,0.0,0.0,135.0,0
41.00_74.00,2019-12-02,41.0,74.0,0.0,0.0,0.0,0.0,0.0,0.0,136.0,0
41.00_74.00,2019-12-09,41.0,74.0,0.0,0.0,0.0,0.0,0.0,0.0,137.0,0
41.00_74.00,2019-12-16,41.0,74.0,0.0,0.0,0.0,0.0,0.0,0.0,138.0,0
41.00_74.00,2019-12-23,41.0,74.0,0.0,0.0,0.0,0.0,0.0,0.0,139.0,0
41.00_74.00,2019-12-30,41.0,74.0,0.0,0.0,0.0,0.0,0.0,0.0,140.0,0
41.00_74.00,2020-01-06,41.0,74.0,0.0,0.0,0.0,0.0,0.0,0.0,141.0,0
41.00_74.00,2020-01-13,41.0,74.0,0.0,0.0,0.0,0.0,0.0,0.0,142.0,0
41.00_74.00,2020-01-20,41.0,74.0,0.0,0.0,0.0,0.0,0.0,0.0,143.0,1
41.00_74.00,2020-01-27,41.0,74.0,1.0,4.8,4.8,4.8,1.0,15848931.924611108,0.0,0
41.00_74.00,2020-02-03,41.0,74.0,0.0,0.0,0.0,4.8,1.0,15848931.924611108,1.0,0
41.00_74.00,2020-02-10,41.0,74.0,0.0,0.0,0.0,4.8,1.0,15848931.924611108,2.0,0
41.00_74.00,2020-02-17,41.0,74.0,0.0,0.0,0.0,4.8,1.0,15848931.924611108,3.0,0
41.00_74.00,2020-02-24,41.0,74.0,0.0,0.0,0.0,0.0,1.0,15848931.924611108,4.0,0
41.00_74.00,2020-03-02,41.0,74.0,0.0,0.0,0.0,0.0,1.0,15848931.924611108,5.0,0
41.00_74.00,2020-03-09,41.0,74.0,0.0,0.0,0.0,0.0,1.0,15848931.924611108,6.0,0
41.00_74.00,2020-03-16,41.0,74.0,0.0,0.0,0.0,0.0,1.0,15848931.924611108,7.0,0
41.00_74.00,2020-03-23,41.0,74.0,0.0,0.0,0.0,0.0,1.0,0.0,8.0,0
41.00_74.00,2020-03-30,41.0,74.0,0.0,0.0,0.0,0.0,1.0,0.0,9.0,0
41.00_74.00,2020-04-06,41.0,74.0,0.0,0.0,0.0,0.0,1.0,0.0,10.0,0
41.00_74.00,2020-04-13,41.0,74.0,0.0,0.0,0.0,0.0,1.0,0.0,11.0,0
41.00_74.00,2020-04-20,41.0,74.0,0.0,0.0,0.0,0.0,0.0,0.0,12.0,0
41.00_74.00,2020-04-27,41.0,74.0,0.0,0.0,0.0,0.0,0.0,0.0,13.0,0
41.00_74.00,2020-05-04,41.0,74.0,0.0,0.0,0.0,0.0,0.0,0.0,14.0,0
41.00_74.00,2020-05-11,41.0,74.0,0.0,0.0,0.0,0.0,0.0,0.0,15.0,0
41.00_74.00,2020-05-18,41.0,74.0,0.0,0.0,0.0,0.0,0.0,0.0,16.0,0
41.00_74.00,2020-05-25,41.0,74.0,0.0,0.0,0.0,0.0,0.0,0.0,17.0,0
41.00_74.00,2020-06-01,41.0,74.0,0.0,0.0,0.0,0.0,0.0,0.0,18.0,0
41.00_74.00,2020-06-08,41.0,74.0,0.0,0.0,0.0,0.0,0.0,0.0,19.0,0
41.00_74.00,2020-06-15,41.0,74.0,0.0,0.0,0.0,0.0,0.0,0.0,20.0,0
41.00_74.00,2020-06-22,41.0,74.0,0.0,0.0,0.0,0.0,0.0,0.0,21.0,0
41.00_74.00,2020-06-29,41.0,74.0,0.0,0.0,0.0,0.0,0.0,0.0,22.0,0
41.00_74.00,2020-07-06,41.0,74.0,0.0,0.0,0.0,0.0,0.0,0.0,23.0,0
41.00_74.00,2020-07-13,41.0,74.0,0.0,0.0,0.0,0.0,0.0,0.0,24.0,0
41.00_74.00,2020-07-20,41.0,74.0,0.0,0.0,0.0,0.0,0.0,0.0,25.0,0
41.00_74.00,2020-07-27,41.0,74.0,0.0,0.0,0.0,0.0,0.0,0.0,26.0,0
41.00_74.00,2020-08-03,41.0,74.0,0.0,0.0,0.0,0.0,0.0,0.0,27.0,0
41.00_74.00,2020-08-10,41.0,74.0,0.0,0.0,0.0,0.0,0.0,0.0,28.0,0
41.00_74.00,2020-08-17,41.0,74.0,0.0,0.0,0.0,0.0,0.0,0.0,29.0,0
41.00_74.00,2020-08-24,41.0,74.0,0.0,0.0,0.0,0.0,0.0,0.0,30.0,0
41.00_74.00,2020-08-31,41.0,74.0,0.0,0.0,0.0,0.0,0.0,0.0,31.0,0
41.00_74.00,2020-09-07,41.0,74.0,0.0,0.0,0.0,0.0,0.0,0.0,32.0,0
41.00_74.00,2020-09-14,41.0,74.0,0.0,0.0,0.0,0.0,0.0,0.0,33.0,0
41.00_74.00,2020-09-21,41.0,74.0,0.0,0.0,0.0,0.0,0.0,0.0,34.0,0
41.00_74.00,2020-09-28,41.0,74.0,0.0,0.0,0.0,0.0,0.0,0.0,35.0,0
41.00_74.00,2020-10-05,41.0,74.0,0.0,0.0,0.0,0.0,0.0,0.0,36.0,0
41.00_74.00,2020-10-12,41.0,74.0,0.0,0.0,0.0,0.0,0.0,0.0,37.0,0
41.00_74.00,2020-10-19,41.0,74.0,0.0,0.0,0.0,0.0,0.0,0.0,38.0,0
41.00_74.00,2020-10-26,41.0,74.0,0.0,0.0,0.0,0.0,0.0,0.0,39.0,0
41.00_74.00,2020-11-02,41.0,74.0,0.0,0.0,0.0,0.0,0.0,0.0,40.0,0
41.00_74.00,2020-11-09,41.0,74.0,0.0,0.0,0.0,0.0,0.0,0.0,41.0,0
41.00_74.00,2020-11-16,41.0,74.0,0.0,0.0,0.0,0.0,0.0,0.0,42.0,0
41.00_74.00,2020-11-23,41.0,74.0,0.0,0.0,0.0,0.0,0.0,0.0,43.0,0
41.00_74.00,2020-11-30,41.0,74.0,0.0,0.0,0.0,0.0,0.0,0.0,44.0,0
41.00_74.00,2020-12-07,41.0,74.0,0.0,0.0,0.0,0.0,0.0,0.0,45.0,0
41.00_74.00,2020-12-14,41.0,74.0,0.0,0.0,0.0,0.0,0.0,0.0,46.0,0
41.00_74.00,2020-12-21,41.0,74.0,0.0,0.0,0.0,0.0,0.0,0.0,47.0,0
41.00_74.00,2020-12-28,41.0,74.0,0.0,0.0,0.0,0.0,0.0,0.0,48.0,0
41.00_74.00,2021-01-04,41.0,74.0,0.0,0.0,0.0,0.0,0.0,0.0,49.0,0
41.00_74.00,2021-01-11,41.0,74.0,0.0,0.0,0.0,0.0,0.0,0.0,50.0,0
41.00_74.00,2021-01-18,41.0,74.0,0.0,0.0,0.0,0.0,0.0,0.0,51.0,0
41.00_74.00,2021-01-25,41.0,74.0,0.0,0.0,0.0,0.0,0.0,0.0,52.0,0
41.00_74.00,2021-02-01,41.0,74.0,0.0,0.0,0.0,0.0,0.0,0.0,53.0,0
41.00_74.00,2021-02-08,41.0,74.0,0.0,0.0,0.0,0.0,0.0,0.0,54.0,0
41.00_74.00,2021-02-15,41.0,74.0,0.0,0.0,0.0,0.0,0.0,0.0,55.0,0
41.00_74.00,2021-02-22,41.0,74.0,0.0,0.0,0.0,0.0,0.0,0.0,56.0,0
41.00_74.00,2021-03-01,41.0,74.0,0.0,0.0,0.0,0.0,0.0,0.0,57.0,0
41.00_74.00,2021-03-08,41.0,74.0,0.0,0.0,0.0,0.0,0.0,0.0,58.0,0
41.00_74.00,2021-03-15,41.0,74.0,0.0,0.0,0.0,0.0,0.0,0.0,59.0,0
41.00_74.00,2021-03-22,41.0,74.0,0.0,0.0,0.0,0.0,0.0,0.0,60.0,0
41.00_74.00,2021-03-29,41.0,74.0,0.0,0.0,0.0,0.0,0.0,0.0,61.0,0
41.00_74.00,2021-04-05,41.0,74.0,0.0,0.0,0.0,0.0,0.0,0.0,62.0,0
41.00_74.00,2021-04-12,41.0,74.0,0.0,0.0,0.0,0.0,0.0,0.0,63.0,0
41.00_74.00,2021-04-19,41.0,74.0,0.0,0.0,0.0,0.0,0.0,0.0,64.0,0
41.00_74.00,2021-04-26,41.0,74.0,0.0,0.0,0.0,0.0,0.0,0.0,65.0,0
41.00_74.00,2021-05-03,41.0,74.0,0.0,0.0,0.0,0.0,0.0,0.0,66.0,0
41.00_74.00,2021-05-10,41.0,74.0,0.0,0.0,0.0,0.0,0.0,0.0,67.0,0
41.00_74.00,2021-05-17,41.0,74.0,0.0,0.0,0.0,0.0,0.0,0.0,68.0,0
41.00_74.00,2021-05-24,41.0,74.0,0.0,0.0,0.0,0.0,0.0,0.0,69.0,0
41.00_74.00,2021-05-31,41.0,74.0,0.0,0.0,0.0,0.0,0.0,0.0,70.0,0
41.00_74.00,2021-06-07,41.0,74.0,0.0,0.0,0.0,0.0,0.0,0.0,71.0,0
41.00_74.00,2021-06-14,41.0,74.0,0.0,0.0,0.0,0.0,0.0,0.0,72.0,0
41.00_74.00,2021-06-21,41.0,74.0,0.0,0.0,0.0,0.0,0.0,0.0,73.0,0
41.00_74.00,2021-06-28,41.0,74.0,0.0,0.0,0.0,0.0,0.0,0.0,74.0,0
41.00_74.00,2021-07-05,41.0,74.0,0.0,0.0,0.0,0.0,0.0,0.0,75.0,0
41.00_74.00,2021-07-12,41.0,74.0,0.0,0.0,0.0,0.0,0.0,0.0,76.0,0
41.00_74.00,2021-07-19,41.0,74.0,0.0,0.0,0.0,0.0,0.0,0.0,77.0,0
41.00_74.00,2021-07-26,41.0,74.0,0.0,0.0,0.0,0.0,0.0,0.0,78.0,0
41.00_74.00,2021-08-02,41.0,74.0,0.0,0.0,0.0,0.0,0.0,0.0,79.0,0
41.00_74.00,2021-08-09,41.0,74.0,0.0,0.0,0.0,0.0,0.0,0.0,80.0,0
41.00_74.00,2021-08-16,41.0,74.0,0.0,0.0,0.0,0.0,0.0,0.0,81.0,0
41.00_74.00,2021-08-23,41.0,74.0,0.0,0.0,0.0,0.0,0.0,0.0,82.0,0
41.00_74.00,2021-08-30,41.0,74.0,0.0,0.0,0.0,0.0,0.0,0.0,83.0,0
41.00_74.00,2021-09-06,41.0,74.0,0.0,0.0,0.0,0.0,0.0,0.0,84.0,0
41.00_74.00,2021-09-13,41.0,74.0,0.0,0.0,0.0,0.0,0.0,0.0,85.0,0
41.00_74.00,2021-09-20,41.0,74.0,0.0,0.0,0.0,0.0,0.0,0.0,86.0,0
41.00_74.00,2021-09-27,41.0,74.0,0.0,0.0,0.0,0.0,0.0,0.0,87.0,0
41.00_74.00,2021-10-04,41.0,74.0,0.0,0.0,0.0,0.0,0.0,0.0,88.0,0
41.00_74.00,2021-10-11,41.0,74.0,0.0,0.0,0.0,0.0,0.0,0.0,89.0,0
41.00_74.00,2021-10-18,41.0,74.0,0.0,0.0,0.0,0.0,0.0,0.0,90.0,0
41.00_74.00,2021-10-25,41.0,74.0,0.0,0.0,0.0,0.0,0.0,0.0,91.0,0
41.00_74.00,2021-11-01,41.0,74.0,0.0,0.0,0.0,0.0,0.0,0.0,92.0,0
41.00_74.00,2021-11-08,41.0,74.0,0.0,0.0,0.0,0.0,0.0,0.0,93.0,0
41.00_74.00,2021-11-15,41.0,74.0,0.0,0.0,0.0,0.0,0.0,0.0,94.0,0
41.00_74.00,2021-11-22,41.0,74.0,0.0,0.0,0.0,0.0,0.0,0.0,95.0,0
41.00_74.00,2021-11-29,41.0,74.0,0.0,0.0,0.0,0.0,0.0,0.0,96.0,0
41.00_74.00,2021-12-06,41.0,74.0,0.0,0.0,0.0,0.0,0.0,0.0,97.0,0
41.00_74.00,2021-12-13,41.0,74.0,0.0,0.0,0.0,0.0,0.0,0.0,98.0,0
41.00_74.00,2021-12-20,41.0,74.0,0.0,0.0,0.0,0.0,0.0,0.0,99.0,0
41.00_74.00,2021-12-27,41.0,74.0,0.0,0.0,0.0,0.0,0.0,0.0,100.0,0
41.00_74.00,2022-01-03,41.0,74.0,0.0,0.0,0.0,0.0,0.0,0.0,101.0,0
41.00_74.00,2022-01-10,41.0,74.0,0.0,0.0,0.0,0.0,0.0,0.0,102.0,0
41.00_74.00,2022-01-17,41.0,74.0,0.0,0.0,0.0,0.0,0.0,0.0,103.0,0
41.00_74.00,2022-01-24,41.0,74.0,0.0,0.0,0.0,0.0,0.0,0.0,104.0,0
41.00_74.00,2022-01-31,41.0,74.0,0.0,0.0,0.0,0.0,0.0,0.0,105.0,0
41.00_74.00,2022-02-07,41.0,74.0,0.0,0.0,0.0,0.0,0.0,0.0,106.0,0
41.00_74.00,2022-02-14,41.0,74.0,0.0,0.0,0.0,0.0,0.0,0.0,107.0,0
41.00_74.00,2022-02-21,41.0,74.0,0.0,0.0,0.0,0.0,0.0,0.0,108.0,0
41.00_74.00,2022-02-28,41.0,74.0,0.0,0.0,0.0,0.0,0.0,0.0,109.0,0
41.00_74.00,2022-03-07,41.0,74.0,0.0,0.0,0.0,0.0,0.0,0.0,110.0,0
41.00_74.00,2022-03-14,41.0,74.0,0.0,0.0,0.0,0.0,0.0,0.0,111.0,0
41.00_74.00,2022-03-21,41.0,74.0,0.0,0.0,0.0,0.0,0.0,0.0,112.0,0
41.00_74.00,2022-03-28,41.0,74.0,0.0,0.0,0.0,0.0,0.0,0.0,113.0,0
41.00_74.00,2022-04-04,41.0,74.0,0.0,0.0,0.0,0.0,0.0,0.0,114.0,0
41.00_74.00,2022-04-11,41.0,74.0,0.0,0.0,0.0,0.0,0.0,0.0,115.0,0
41.00_74.00,2022-04-18,41.0,74.0,0.0,0.0,0.0,0.0,0.0,0.0,116.0,0
41.00_74.00,2022-04-25,41.0,74.0,0.0,0.0,0.0,0.0,0.0,0.0,117.0,0
41.00_74.00,2022-05-02,41.0,74.0,0.0,0.0,0.0,0.0,0.0,0.0,118.0,0
41.00_74.00,2022-05-09,41.0,74.0,0.0,0.0,0.0,0.0,0.0,0.0,119.0,0
41.00_74.00,2022-05-16,41.0,74.0,0.0,0.0,0.0,0.0,0.0,0.0,120.0,0
41.00_74.00,2022-05-23,41.0,74.0,0.0,0.0,0.0,0.0,0.0,0.0,121.0,0
41.00_74.00,2022-05-30,41.0,74.0,0.0,0.0,0.0,0.0,0.0,0.0,122.0,0
41.00_74.00,2022-06-06,41.0,74.0,0.0,0.0,0.0,0.0,0.0,0.0,123.0,0
41.00_74.00,2022-06-13,41.0,74.0,0.0,0.0,0.0,0.0,0.0,0.0,124.0,0
41.00_74.00,2022-06-20,41.0,74.0,0.0,0.0,0.0,0.0,0.0,0.0,125.0,0
41.00_74.00,2022-06-27,41.0,74.0,0.0,0.0,0.0,0.0,0.0,0.0,126.0,0
41.00_74.00,2022-07-04,41.0,74.0,0.0,0.0,0.0,0.0,0.0,0.0,127.0,0
41.00_74.00,2022-07-11,41.0,74.0,0.0,0.0,0.0,0.0,0.0,0.0,128.0,0
41.00_74.00,2022-07-18,41.0,74.0,0.0,0.0,0.0,0.0,0.0,0.0,129.0,0
41.00_74.00,2022-07-25,41.0,74.0,0.0,0.0,0.0,0.0,0.0,0.0,130.0,0
41.00_74.00,2022-08-01,41.0,74.0,0.0,0.0,0.0,0.0,0.0,0.0,131.0,0
41.00_74.00,2022-08-08,41.0,74.0,0.0,0.0,0.0,0.0,0.0,0.0,132.0,0
41.00_74.00,2022-08-15,41.0,74.0,0.0,0.0,0.0,0.0,0.0,0.0,133.0,0
41.00_74.00,2022-08-22,41.0,74.0,0.0,0.0,0.0,0.0,0.0,0.0,134.0,0
41.00_74.00,2022-08-29,41.0,74.0,0.0,0.0,0.0,0.0,0.0,0.0,135.0,0
41.00_74.00,2022-09-05,41.0,74.0,0.0,0.0,0.0,0.0,0.0,0.0,136.0,0
41.00_74.00,2022-09-12,41.0,74.0,0.0,0.0,0.0,0.0,0.0,0.0,137.0,0
41.00_74.00,2022-09-19,41.0,74.0,0.0,0.0,0.0,0.0,0.0,0.0,138.0,0
41.00_74.00,2022-09-26,41.0,74.0,0.0,0.0,0.0,0.0,0.0,0.0,139.0,0
41.00_74.00,2022-10-03,41.0,74.0,0.0,0.0,0.0,0.0,0.0,0.0,140.0,0
41.00_74.00,2022-10-10,41.0,74.0,0.0,0.0,0.0,0.0,0.0,0.0,141.0,0
41.00_74.00,2022-10-17,41.0,74.0,0.0,0.0,0.0,0.0,0.0,0.0,142.0,0
41.00_74.00,2022-10-24,41.0,74.0,0.0,0.0,0.0,0.0,0.0,0.0,143.0,0
41.00_74.00,2022-10-31,41.0,74.0,0.0,0.0,0.0,0.0,0.0,0.0,144.0,0
41.00_74.00,2022-11-07,41.0,74.0,0.0,0.0,0.0,0.0,0.0,0.0,145.0,0
41.00_74.00,2022-11-14,41.0,74.0,0.0,0.0,0.0,0.0,0.0,0.0,146.0,0
41.00_74.00,2022-11-21,41.0,74.0,0.0,0.0,0.0,0.0,0.0,0.0,147.0,0
41.00_74.00,2022-11-28,41.0,74.0,0.0,0.0,0.0,0.0,0.0,0.0,148.0,0
41.00_74.00,2022-12-05,41.0,74.0,0.0,0.0,0.0,0.0,0.0,0.0,149.0,0
41.00_74.00,2022-12-12,41.0,74.0,0.0,0.0,0.0,0.0,0.0,0.0,150.0,0
41.00_74.00,2022-12-19,41.0,74.0,0.0,0.0,0.0,0.0,0.0,0.0,151.0,0
41.00_74.00,2022-12-26,41.0,74.0,0.0,0.0,0.0,0.0,0.0,0.0,152.0,0
41.00_74.00,2023-01-02,41.0,74.0,0.0,0.0,0.0,0.0,0.0,0.0,153.0,0
41.00_74.00,2023-01-09,41.0,74.0,0.0,0.0,0.0,0.0,0.0,0.0,154.0,0
41.00_74.00,2023-01-16,41.0,74.0,0.0,0.0,0.0,0.0,0.0,0.0,155.0,0
41.00_74.00,2023-01-23,41.0,74.0,0.0,0.0,0.0,0.0,0.0,0.0,156.0,0
41.00_74.00,2023-01-30,41.0,74.0,0.0,0.0,0.0,0.0,0.0,0.0,157.0,0
41.00_74.00,2023-02-06,41.0,74.0,0.0,0.0,0.0,0.0,0.0,0.0,158.0,0
41.00_74.00,2023-02-13,41.0,74.0,0.0,0.0,0.0,0.0,0.0,0.0,159.0,0
41.00_74.00,2023-02-20,41.0,74.0,0.0,0.0,0.0,0.0,0.0,0.0,160.0,0
41.00_74.00,2023-02-27,41.0,74.0,0.0,0.0,0.0,0.0,0.0,0.0,161.0,0
41.00_74.00,2023-03-06,41.0,74.0,0.0,0.0,0.0,0.0,0.0,0.0,162.0,0
41.00_74.00,2023-03-13,41.0,74.0,0.0,0.0,0.0,0.0,0.0,0.0,163.0,0
41.00_74.00,2023-03-20,41.0,74.0,0.0,0.0,0.0,0.0,0.0,0.0,164.0,0
41.00_74.00,2023-03-27,41.0,74.0,0.0,0.0,0.0,0.0,0.0,0.0,165.0,0
41.00_74.00,2023-04-03,41.0,74.0,0.0,0.0,0.0,0.0,0.0,0.0,166.0,0
41.00_74.00,2023-04-10,41.0,74.0,0.0,0.0,0.0,0.0,0.0,0.0,167.0,0
41.00_74.00,2023-04-17,41.0,74.0,0.0,0.0,0.0,0.0,0.0,0.0,168.0,0
41.00_74.00,2023-04-24,41.0,74.0,0.0,0.0,0.0,0.0,0.0,0.0,169.0,0
41.00_74.00,2023-05-01,41.0,74.0,0.0,0.0,0.0,0.0,0.0,0.0,170.0,0
41.00_74.00,2023-05-08,41.0,74.0,0.0,0.0,0.0,0.0,0.0,0.0,171.0,0
41.00_74.00,2023-05-15,41.0,74.0,0.0,0.0,0.0,0.0,0.0,0.0,172.0,0
41.00_74.00,2023-05-22,41.0,74.0,0.0,0.0,0.0,0.0,0.0,0.0,173.0,0
41.00_74.00,2023-05-29,41.0,74.0,0.0,0.0,0.0,0.0,0.0,0.0,174.0,0
41.00_74.00,2023-06-05,41.0,74.0,0.0,0.0,0.0,0.0,0.0,0.0,175.0,0
41.00_74.00,2023-06-12,41.0,74.0,0.0,0.0,0.0,0.0,0.0,0.0,176.0,0
41.00_74.00,2023-06-19,41.0,74.0,0.0,0.0,0.0,0.0,0.0,0.0,177.0,0
41.00_74.00,2023-06-26,41.0,74.0,0.0,0.0,0.0,0.0,0.0,0.0,178.0,0
41.00_74.00,2023-07-03,41.0,74.0,0.0,0.0,0.0,0.0,0.0,0.0,179.0,0
41.00_74.00,2023-07-10,41.0,74.0,0.0,0.0,0.0,0.0,0.0,0.0,180.0,0
41.00_74.00,2023-07-17,41.0,74.0,0.0,0.0,0.0,0.0,0.0,0.0,181.0,0
41.00_74.00,2023-07-24,41.0,74.0,0.0,0.0,0.0,0.0,0.0,0.0,182.0,0
41.00_74.00,2023-07-31,41.0,74.0,0.0,0.0,0.0,0.0,0.0,0.0,183.0,0
41.00_74.00,2023-08-07,41.0,74.0,0.0,0.0,0.0,0.0,0.0,0.0,184.0,0
41.00_74.00,2023-08-14,41.0,74.0,0.0,0.0,0.0,0.0,0.0,0.0,185.0,0
41.00_74.00,2023-08-21,41.0,74.0,0.0,0.0,0.0,0.0,0.0,0.0,186.0,0
41.00_74.00,2023-08-28,41.0,74.0,0.0,0.0,0.0,0.0,0.0,0.0,187.0,0
41.00_74.00,2023-09-04,41.0,74.0,0.0,0.0,0.0,0.0,0.0,0.0,188.0,0
41.00_74.00,2023-09-11,41.0,74.0,0.0,0.0,0.0,0.0,0.0,0.0,189.0,0
41.00_74.00,2023-09-18,41.0,74.0,0.0,0.0,0.0,0.0,0.0,0.0,190.0,0
41.00_74.00,2023-09-25,41.0,74.0,0.0,0.0,0.0,0.0,0.0,0.0,191.0,0
41.00_74.00,2023-10-02,41.0,74.0,0.0,0.0,0.0,0.0,0.0,0.0,192.0,0
41.00_74.00,2023-10-09,41.0,74.0,0.0,0.0,0.0,0.0,0.0,0.0,193.0,0
41.00_74.00,2023-10-16,41.0,74.0,0.0,0.0,0.0,0.0,0.0,0.0,194.0,0
41.00_74.00,2023-10-23,41.0,74.0,0.0,0.0,0.0,0.0,0.0,0.0,195.0,0
41.00_74.00,2023-10-30,41.0,74.0,0.0,0.0,0.0,0.0,0.0,0.0,196.0,0
41.00_74.00,2023-11-06,41.0,74.0,0.0,0.0,0.0,0.0,0.0,0.0,197.0,0
41.00_74.00,2023-11-13,41.0,74.0,0.0,0.0,0.0,0.0,0.0,0.0,198.0,0
41.00_74.00,2023-11-20,41.0,74.0,0.0,0.0,0.0,0.0,0.0,0.0,199.0,0
41.00_74.00,2023-11-27,41.0,74.0,0.0,0.0,0.0,0.0,0.0,0.0,200.0,0
41.00_74.00,2023-12-04,41.0,74.0,0.0,0.0,0.0,0.0,0.0,0.0,201.0,0
41.00_74.00,2023-12-11,41.0,74.0,0.0,0.0,0.0,0.0,0.0,0.0,202.0,0
41.00_74.00,2023-12-18,41.0,74.0,0.0,0.0,0.0,0.0,0.0,0.0,203.0,0
41.00_74.00,2023-12-25,41.0,74.0,0.0,0.0,0.0,0.0,0.0,0.0,204.0,0
41.00_77.00,2010-03-22,41.0,77.0,0.0,0.0,0.0,0.0,0.0,0.0,500.0,0
41.00_77.00,2010-03-29,41.0,77.0,0.0,0.0,0.0,0.0,0.0,0.0,500.0,1
41.00_77.00,2010-04-05,41.0,77.0,1.0,4.7,4.7,4.7,1.0,11220184.543019652,0.0,1
41.00_77.00,2010-04-12,41.0,77.0,1.0,4.6,4.6,4.7,2.0,19163466.89026246,0.0,0
41.00_77.00,2010-04-19,41.0,77.0,0.0,0.0,0.0,4.7,2.0,19163466.89026246,1.0,0
41.00_77.00,2010-04-26,41.0,77.0,0.0,0.0,0.0,4.7,2.0,19163466.89026246,2.0,0
41.00_77.00,2010-05-03,41.0,77.0,0.0,0.0,0.0,4.6,2.0,19163466.89026246,3.0,0
41.00_77.00,2010-05-10,41.0,77.0,0.0,0.0,0.0,0.0,2.0,19163466.89026246,4.0,0
41.00_77.00,2010-05-17,41.0,77.0,0.0,0.0,0.0,0.0,2.0,19163466.89026246,5.0,0
41.00_77.00,2010-05-24,41.0,77.0,0.0,0.0,0.0,0.0,2.0,19163466.89026246,6.0,0
41.00_77.00,2010-05-31,41.0,77.0,0.0,0.0,0.0,0.0,2.0,7943282.347242805,7.0,0
41.00_77.00,2010-06-07,41.0,77.0,0.0,0.0,0.0,0.0,2.0,0.0,8.0,0
41.00_77.00,2010-06-14,41.0,77.0,0.0,0.0,0.0,0.0,2.0,0.0,9.0,0
41.00_77.00,2010-06-21,41.0,77.0,0.0,0.0,0.0,0.0,2.0,0.0,10.0,0
41.00_77.00,2010-06-28,41.0,77.0,0.0,0.0,0.0,0.0,1.0,0.0,11.0,0
41.00_77.00,2010-07-05,41.0,77.0,0.0,0.0,0.0,0.0,0.0,0.0,12.0,0
41.00_77.00,2010-07-12,41.0,77.0,0.0,0.0,0.0,0.0,0.0,0.0,13.0,0
41.00_77.00,2010-07-19,41.0,77.0,0.0,0.0,0.0,0.0,0.0,0.0,14.0,0
41.00_77.00,2010-07-26,41.0,77.0,0.0,0.0,0.0,0.0,0.0,0.0,15.0,0
41.00_77.00,2010-08-02,41.0,77.0,0.0,0.0,0.0,0.0,0.0,0.0,16.0,0
41.00_77.00,2010-08-09,41.0,77.0,0.0,0.0,0.0,0.0,0.0,0.0,17.0,0
41.00_77.00,2010-08-16,41.0,77.0,0.0,0.0,0.0,0.0,0.0,0.0,18.0,0
41.00_77.00,2010-08-23,41.0,77.0,0.0,0.0,0.0,0.0,0.0,0.0,19.0,0
41.00_77.00,2010-08-30,41.0,77.0,0.0,0.0,0.0,0.0,0.0,0.0,20.0,0
41.00_77.00,2010-09-06,41.0,77.0,0.0,0.0,0.0,0.0,0.0,0.0,21.0,0
41.00_77.00,2010-09-13,41.0,77.0,0.0,0.0,0.0,0.0,0.0,0.0,22.0,0
41.00_77.00,2010-09-20,41.0,77.0,0.0,0.0,0.0,0.0,0.0,0.0,23.0,0
41.00_77.00,2010-09-27,41.0,77.0,0.0,0.0,0.0,0.0,0.0,0.0,24.0,0
41.00_77.00,2010-10-04,41.0,77.0,0.0,0.0,0.0,0.0,0.0,0.0,25.0,0
41.00_77.00,2010-10-11,41.0,77.0,0.0,0.0,0.0,0.0,0.0,0.0,26.0,0
41.00_77.00,2010-10-18,41.0,77.0,0.0,0.0,0.0,0.0,0.0,0.0,27.0,0
41.00_77.00,2010-10-25,41.0,77.0,0.0,0.0,0.0,0.0,0.0,0.0,28.0,0
41.00_77.00,2010-11-01,41.0,77.0,0.0,0.0,0.0,0.0,0.0,0.0,29.0,0
41.00_77.00,2010-11-08,41.0,77.0,0.0,0.0,0.0,0.0,0.0,0.0,30.0,0
41.00_77.00,2010-11-15,41.0,77.0,0.0,0.0,0.0,0.0,0.0,0.0,31.0,0
41.00_77.00,2010-11-22,41.0,77.0,0.0,0.0,0.0,0.0,0.0,0.0,32.0,0
41.00_77.00,2010-11-29,41.0,77.0,0.0,0.0,0.0,0.0,0.0,0.0,33.0,0
41.00_77.00,2010-12-06,41.0,77.0,0.0,0.0,0.0,0.0,0.0,0.0,34.0,0
41.00_77.00,2010-12-13,41.0,77.0,0.0,0.0,0.0,0.0,0.0,0.0,35.0,0
41.00_77.00,2010-12-20,41.0,77.0,0.0,0.0,0.0,0.0,0.0,0.0,36.0,0
41.00_77.00,2010-12-27,41.0,77.0,0.0,0.0,0.0,0.0,0.0,0.0,37.0,0
41.00_77.00,2011-01-03,41.0,77.0,0.0,0.0,0.0,0.0,0.0,0.0,38.0,0
41.00_77.00,2011-01-10,41.0,77.0,0.0,0.0,0.0,0.0,0.0,0.0,39.0,0
41.00_77.00,2011-01-17,41.0,77.0,0.0,0.0,0.0,0.0,0.0,0.0,40.0,0
41.00_77.00,2011-01-24,41.0,77.0,0.0,0.0,0.0,0.0,0.0,0.0,41.0,0
41.00_77.00,2011-01-31,41.0,77.0,0.0,0.0,0.0,0.0,0.0,0.0,42.0,0
41.00_77.00,2011-02-07,41.0,77.0,0.0,0.0,0.0,0.0,0.0,0.0,43.0,0
41.00_77.00,2011-02-14,41.0,77.0,0.0,0.0,0.0,0.0,0.0,0.0,44.0,0
41.00_77.00,2011-02-21,41.0,77.0,0.0,0.0,0.0,0.0,0.0,0.0,45.0,0
41.00_77.00,2011-02-28,41.0,77.0,0.0,0.0,0.0,0.0,0.0,0.0,46.0,0
41.00_77.00,2011-03-07,41.0,77.0,0.0,0.0,0.0,0.0,0.0,0.0,47.0,0
41.00_77.00,2011-03-14,41.0,77.0,0.0,0.0,0.0,0.0,0.0,0.0,48.0,0
41.00_77.00,2011-03-21,41.0,77.0,0.0,0.0,0.0,0.0,0.0,0.0,49.0,0
41.00_77.00,2011-03-28,41.0,77.0,0.0,0.0,0.0,0.0,0.0,0.0,50.0,0
41.00_77.00,2011-04-04,41.0,77.0,0.0,0.0,0.0,0.0,0.0,0.0,51.0,0
41.00_77.00,2011-04-11,41.0,77.0,0.0,0.0,0.0,0.0,0.0,0.0,52.0,0
41.00_77.00,2011-04-18,41.0,77.0,0.0,0.0,0.0,0.0,0.0,0.0,53.0,0
41.00_77.00,2011-04-25,41.0,77.0,0.0,0.0,0.0,0.0,0.0,0.0,54.0,3
41.00_77.00,2011-05-02,41.0,77.0,3.0,5.1,4.8,5.1,3.0,82904502.52539079,0.0,0
41.00_77.00,2011-05-09,41.0,77.0,0.0,0.0,0.0,5.1,3.0,82904502.52539079,1.0,0
41.00_77.00,2011-05-16,41.0,77.0,0.0,0.0,0.0,5.1,3.0,82904502.52539079,2.0,0
41.00_77.00,2011-05-23,41.0,77.0,0.0,0.0,0.0,5.1,3.0,82904502.52539079,3.0,0
41.00_77.00,2011-05-30,41.0,77.0,0.0,0.0,0.0,0.0,3.0,82904502.52539079,4.0,0
41.00_77.00,2011-06-06,41.0,77.0,0.0,0.0,0.0,0.0,3.0,82904502.52539079,5.0,0
41.00_77.00,2011-06-13,41.0,77.0,0.0,0.0,0.0,0.0,3.0,82904502.52539079,6.0,0
41.00_77.00,2011-06-20,41.0,77.0,0.0,0.0,0.0,0.0,3.0,82904502.52539079,7.0,0
41.00_77.00,2011-06-27,41.0,77.0,0.0,0.0,0.0,0.0,3.0,0.0,8.0,0
41.00_77.00,2011-07-04,41.0,77.0,0.0,0.0,0.0,0.0,3.0,0.0,9.0,0
41.00_77.00,2011-07-11,41.0,77.0,0.0,0.0,0.0,0.0,3.0,0.0,10.0,0
41.00_77.00,2011-07-18,41.0,77.0,0.0,0.0,0.0,0.0,3.0,0.0,11.0,0
41.00_77.00,2011-07-25,41.0,77.0,0.0,0.0,0.0,0.0,0.0,0.0,12.0,0
41.00_77.00,2011-08-01,41.0,77.0,0.0,0.0,0.0,0.0,0.0,0.0,13.0,0
41.00_77.00,2011-08-08,41.0,77.0,0.0,0.0,0.0,0.0,0.0,0.0,14.0,0
41.00_77.00,2011-08-15,41.0,77.0,0.0,0.0,0.0,0.0,0.0,0.0,15.0,0
41.00_77.00,2011-08-22,41.0,77.0,0.0,0.0,0.0,0.0,0.0,0.0,16.0,0
41.00_77.00,2011-08-29,41.0,77.0,0.0,0.0,0.0,0.0,0.0,0.0,17.0,0
41.00_77.00,2011-09-05,41.0,77.0,0.0,0.0,0.0,0.0,0.0,0.0,18.0,0
41.00_77.00,2011-09-12,41.0,77.0,0.0,0.0,0.0,0.0,0.0,0.0,19.0,0
41.00_77.00,2011-09-19,41.0,77.0,0.0,0.0,0.0,0.0,0.0,0.0,20.0,0
41.00_77.00,2011-09-26,41.0,77.0,0.0,0.0,0.0,0.0,0.0,0.0,21.0,0
41.00_77.00,2011-10-03,41.0,77.0,0.0,0.0,0.0,0.0,0.0,0.0,22.0,0
41.00_77.00,2011-10-10,41.0,77.0,0.0,0.0,0.0,0.0,0.0,0.0,23.0,0
41.00_77.00,2011-10-17,41.0,77.0,0.0,0.0,0.0,0.0,0.0,0.0,24.0,0
41.00_77.00,2011-10-24,41.0,77.0,0.0,0.0,0.0,0.0,0.0,0.0,25.0,0
41.00_77.00,2011-10-31,41.0,77.0,0.0,0.0,0.0,0.0,0.0,0.0,26.0,0
41.00_77.00,2011-11-07,41.0,77.0,0.0,0.0,0.0,0.0,0.0,0.0,27.0,0
41.00_77.00,2011-11-14,41.0,77.0,0.0,0.0,0.0,0.0,0.0,0.0,28.0,0
41.00_77.00,2011-11-21,41.0,77.0,0.0,0.0,0.0,0.0,0.0,0.0,29.0,0
41.00_77.00,2011-11-28,41.0,77.0,0.0,0.0,0.0,0.0,0.0,0.0,30.0,0
41.00_77.00,2011-12-05,41.0,77.0,0.0,0.0,0.0,0.0,0.0,0.0,31.0,0
41.00_77.00,2011-12-12,41.0,77.0,0.0,0.0,0.0,0.0,0.0,0.0,32.0,0
41.00_77.00,2011-12-19,41.0,77.0,0.0,0.0,0.0,0.0,0.0,0.0,33.0,0
41.00_77.00,2011-12-26,41.0,77.0,0.0,0.0,0.0,0.0,0.0,0.0,34.0,0
41.00_77.00,2012-01-02,41.0,77.0,0.0,0.0,0.0,0.0,0.0,0.0,35.0,0
41.00_77.00,2012-01-09,41.0,77.0,0.0,0.0,0.0,0.0,0.0,0.0,36.0,0
41.00_77.00,2012-01-16,41.0,77.0,0.0,0.0,0.0,0.0,0.0,0.0,37.0,0
41.00_77.00,2012-01-23,41.0,77.0,0.0,0.0,0.0,0.0,0.0,0.0,38.0,0
41.00_77.00,2012-01-30,41.0,77.0,0.0,0.0,0.0,0.0,0.0,0.0,39.0,0
41.00_77.00,2012-02-06,41.0,77.0,0.0,0.0,0.0,0.0,0.0,0.0,40.0,0
41.00_77.00,2012-02-13,41.0,77.0,0.0,0.0,0.0,0.0,0.0,0.0,41.0,0
41.00_77.00,2012-02-20,41.0,77.0,0.0,0.0,0.0,0.0,0.0,0.0,42.0,0
41.00_77.00,2012-02-27,41.0,77.0,0.0,0.0,0.0,0.0,0.0,0.0,43.0,0
41.00_77.00,2012-03-05,41.0,77.0,0.0,0.0,0.0,0.0,0.0,0.0,44.0,0
41.00_77.00,2012-03-12,41.0,77.0,0.0,0.0,0.0,0.0,0.0,0.0,45.0,0
41.00_77.00,2012-03-19,41.0,77.0,0.0,0.0,0.0,0.0,0.0,0.0,46.0,0
41.00_77.00,2012-03-26,41.0,77.0,0.0,0.0,0.0,0.0,0.0,0.0,47.0,0
41.00_77.00,2012-04-02,41.0,77.0,0.0,0.0,0.0,0.0,0.0,0.0,48.0,0
41.00_77.00,2012-04-09,41.0,77.0,0.0,0.0,0.0,0.0,0.0,0.0,49.0,0
41.00_77.00,2012-04-16,41.0,77.0,0.0,0.0,0.0,0.0,0.0,0.0,50.0,0
41.00_77.00,2012-04-23,41.0,77.0,0.0,0.0,0.0,0.0,0.0,0.0,51.0,0
41.00_77.00,2012-04-30,41.0,77.0,0.0,0.0,0.0,0.0,0.0,0.0,52.0,0
41.00_77.00,2012-05-07,41.0,77.0,0.0,0.0,0.0,0.0,0.0,0.0,53.0,0
41.00_77.00,2012-05-14,41.0,77.0,0.0,0.0,0.0,0.0,0.0,0.0,54.0,0
41.00_77.00,2012-05-21,41.0,77.0,0.0,0.0,0.0,0.0,0.0,0.0,55.0,0
41.00_77.00,2012-05-28,41.0,77.0,0.0,0.0,0.0,0.0,0.0,0.0,56.0,1
41.00_77.00,2012-06-04,41.0,77.0,1.0,5.4,5.4,5.4,1.0,125892541.17941713,0.0,0
41.00_77.00,2012-06-11,41.0,77.0,0.0,0.0,0.0,5.4,1.0,125892541.17941713,1.0,0
41.00_77.00,2012-06-18,41.0,77.0,0.0,0.0,0.0,5.4,1.0,125892541.17941713,2.0,0
41.00_77.00,2012-06-25,41.0,77.0,0.0,0.0,0.0,5.4,1.0,125892541.17941713,3.0,0
41.00_77.00,2012-07-02,41.0,77.0,0.0,0.0,0.0,0.0,1.0,125892541.17941713,4.0,0
41.00_77.00,2012-07-09,41.0,77.0,0.0,0.0,0.0,0.0,1.0,125892541.17941713,5.0,0
41.00_77.00,2012-07-16,41.0,77.0,0.0,0.0,0.0,0.0,1.0,125892541.17941713,6.0,0
41.00_77.00,2012-07-23,41.0,77.0,0.0,0.0,0.0,0.0,1.0,125892541.17941713,7.0,0
41.00_77.00,2012-07-30,41.0,77.0,0.0,0.0,0.0,0.0,1.0,0.0,8.0,0
41.00_77.00,2012-08-06,41.0,77.0,0.0,0.0,0.0,0.0,1.0,0.0,9.0,0
41.00_77.00,2012-08-13,41.0,77.0,0.0,0.0,0.0,0.0,1.0,0.0,10.0,0
41.00_77.00,2012-08-20,41.0,77.0,0.0,0.0,0.0,0.0,1.0,0.0,11.0,0
41.00_77.00,2012-08-27,41.0,77.0,0.0,0.0,0.0,0.0,0.0,0.0,12.0,0
41.00_77.00,2012-09-03,41.0,77.0,0.0,0.0,0.0,0.0,0.0,0.0,13.0,0
41.00_77.00,2012-09-10,41.0,77.0,0.0,0.0,0.0,0.0,0.0,0.0,14.0,0
41.00_77.00,2012-09-17,41.0,77.0,0.0,0.0,0.0,0.0,0.0,0.0,15.0,0
41.00_77.00,2012-09-24,41.0,77.0,0.0,0.0,0.0,0.0,0.0,0.0,16.0,0
41.00_77.00,2012-10-01,41.0,77.0,0.0,0.0,0.0,0.0,0.0,0.0,17.0,0
41.00_77.00,2012-10-08,41.0,77.0,0.0,0.0,0.0,0.0,0.0,0.0,18.0,0
41.00_77.00,2012-10-15,41.0,77.0,0.0,0.0,0.0,0.0,0.0,0.0,19.0,0
41.00_77.00,2012-10-22,41.0,77.0,0.0,0.0,0.0,0.0,0.0,0.0,20.0,0
41.00_77.00,2012-10-29,41.0,77.0,0.0,0.0,0.0,0.0,0.0,0.0,21.0,0
41.00_77.00,2012-11-05,41.0,77.0,0.0,0.0,0.0,0.0,0.0,0.0,22.0,0
41.00_77.00,2012-11-12,41.0,77.0,0.0,0.0,0.0,0.0,0.0,0.0,23.0,0
41.00_77.00,2012-11-19,41.0,77.0,0.0,0.0,0.0,0.0,0.0,0.0,24.0,0
41.00_77.00,2012-11-26,41.0,77.0,0.0,0.0,0.0,0.0,0.0,0.0,25.0,1
41.00_77.00,2012-12-03,41.0,77.0,1.0,4.7,4.7,4.7,1.0,11220184.543019652,0.0,0
41.00_77.00,2012-12-10,41.0,77.0,0.0,0.0,0.0,4.7,1.0,11220184.543019652,1.0,0
41.00_77.00,2012-12-17,41.0,77.0,0.0,0.0,0.0,4.7,1.0,11220184.543019652,2.0,0
41.00_77.00,2012-12-24,41.0,77.0,0.0,0.0,0.0,4.7,1.0,11220184.543019652,3.0,0
41.00_77.00,2012-12-31,41.0,77.0,0.0,0.0,0.0,0.0,1.0,11220184.543019652,4.0,0
41.00_77.00,2013-01-07,41.0,77.0,0.0,0.0,0.0,0.0,1.0,11220184.543019652,5.0,0
41.00_77.00,2013-01-14,41.0,77.0,0.0,0.0,0.0,0.0,1.0,11220184.543019652,6.0,0
41.00_77.00,2013-01-21,41.0,77.0,0.0,0.0,0.0,0.0,1.0,11220184.543019652,7.0,0
41.00_77.00,2013-01-28,41.0,77.0,0.0,0.0,0.0,0.0,1.0,0.0,8.0,3
41.00_77.00,2013-02-04,41.0,77.0,3.0,6.1,4.5,6.1,4.0,1426104240.221896,0.0,0
41.00_77.00,2013-02-11,41.0,77.0,0.0,0.0,0.0,6.1,4.0,1426104240.221896,1.0,0
41.00_77.00,2013-02-18,41.0,77.0,0.0,0.0,0.0,6.1,4.0,1426104240.221896,2.0,0
41.00_77.00,2013-02-25,41.0,77.0,0.0,0.0,0.0,6.1,3.0,1426104240.221896,3.0,0
41.00_77.00,2013-03-04,41.0,77.0,0.0,0.0,0.0,0.0,3.0,1426104240.221896,4.0,0
41.00_77.00,2013-03-11,41.0,77.0,0.0,0.0,0.0,0.0,3.0,1426104240.221896,5.0,0
41.00_77.00,2013-03-18,41.0,77.0,0.0,0.0,0.0,0.0,3.0,1426104240.221896,6.0,0
41.00_77.00,2013-03-25,41.0,77.0,0.0,0.0,0.0,0.0,3.0,1426104240.221896,7.0,0
41.00_77.00,2013-04-01,41.0,77.0,0.0,0.0,0.0,0.0,3.0,0.0,8.0,0
41.00_77.00,2013-04-08,41.0,77.0,0.0,0.0,0.0,0.0,3.0,0.0,9.0,0
41.00_77.00,2013-04-15,41.0,77.0,0.0,0.0,0.0,0.0,3.0,0.0,10.0,0
41.00_77.00,2013-04-22,41.0,77.0,0.0,0.0,0.0,0.0,3.0,0.0,11.0,0
41.00_77.00,2013-04-29,41.0,77.0,0.0,0.0,0.0,0.0,0.0,0.0,12.0,0
41.00_77.00,2013-05-06,41.0,77.0,0.0,0.0,0.0,0.0,0.0,0.0,13.0,0
41.00_77.00,2013-05-13,41.0,77.0,0.0,0.0,0.0,0.0,0.0,0.0,14.0,0
41.00_77.00,2013-05-20,41.0,77.0,0.0,0.0,0.0,0.0,0.0,0.0,15.0,0
41.00_77.00,2013-05-27,41.0,77.0,0.0,0.0,0.0,0.0,0.0,0.0,16.0,0
41.00_77.00,2013-06-03,41.0,77.0,0.0,0.0,0.0,0.0,0.0,0.0,17.0,0
41.00_77.00,2013-06-10,41.0,77.0,0.0,0.0,0.0,0.0,0.0,0.0,18.0,0
41.00_77.00,2013-06-17,41.0,77.0,0.0,0.0,0.0,0.0,0.0,0.0,19.0,0
41.00_77.00,2013-06-24,41.0,77.0,0.0,0.0,0.0,0.0,0.0,0.0,20.0,0
41.00_77.00,2013-07-01,41.0,77.0,0.0,0.0,0.0,0.0,0.0,0.0,21.0,0
41.00_77.00,2013-07-08,41.0,77.0,0.0,0.0,0.0,0.0,0.0,0.0,22.0,0
41.00_77.00,2013-07-15,41.0,77.0,0.0,0.0,0.0,0.0,0.0,0.0,23.0,0
41.00_77.00,2013-07-22,41.0,77.0,0.0,0.0,0.0,0.0,0.0,0.0,24.0,0
41.00_77.00,2013-07-29,41.0,77.0,0.0,0.0,0.0,0.0,0.0,0.0,25.0,0
41.00_77.00,2013-08-05,41.0,77.0,0.0,0.0,0.0,0.0,0.0,0.0,26.0,0
41.00_77.00,2013-08-12,41.0,77.0,0.0,0.0,0.0,0.0,0.0,0.0,27.0,0
41.00_77.00,2013-08-19,41.0,77.0,0.0,0.0,0.0,0.0,0.0,0.0,28.0,0
41.00_77.00,2013-08-26,41.0,77.0,0.0,0.0,0.0,0.0,0.0,0.0,29.0,0
41.00_77.00,2013-09-02,41.0,77.0,0.0,0.0,0.0,0.0,0.0,0.0,30.0,1
41.00_77.00,2013-09-09,41.0,77.0,1.0,4.5,4.5,4.5,1.0,5623413.251903491,0.0,0
41.00_77.00,2013-09-16,41.0,77.0,0.0,0.0,0.0,4.5,1.0,5623413.251903491,1.0,0
41.00_77.00,2013-09-23,41.0,77.0,0.0,0.0,0.0,4.5,1.0,5623413.251903491,2.0,0
41.00_77.00,2013-09-30,41.0,77.0,0.0,0.0,0.0,4.5,1.0,5623413.251903491,3.0,0
41.00_77.00,2013-10-07,41.0,77.0,0.0,0.0,0.0,0.0,1.0,5623413.251903491,4.0,0
41.00_77.00,2013-10-14,41.0,77.0,0.0,0.0,0.0,0.0,1.0,5623413.251903491,5.0,0
41.00_77.00,2013-10-21,41.0,77.0,0.0,0.0,0.0,0.0,1.0,5623413.251903491,6.0,0
41.00_77.00,2013-10-28,41.0,77.0,0.0,0.0,0.0,0.0,1.0,5623413.251903491,7.0,0
41.00_77.00,2013-11-04,41.0,77.0,0.0,0.0,0.0,0.0,1.0,0.0,8.0,0
41.00_77.00,2013-11-11,41.0,77.0,0.0,0.0,0.0,0.0,1.0,0.0,9.0,0
41.00_77.00,2013-11-18,41.0,77.0,0.0,0.0,0.0,0.0,1.0,0.0,10.0,0
41.00_77.00,2013-11-25,41.0,77.0,0.0,0.0,0.0,0.0,1.0,0.0,11.0,0
41.00_77.00,2013-12-02,41.0,77.0,0.0,0.0,0.0,0.0,0.0,0.0,12.0,0
41.00_77.00,2013-12-09,41.0,77.0,0.0,0.0,0.0,0.0,0.0,0.0,13.0,0
41.00_77.00,2013-12-16,41.0,77.0,0.0,0.0,0.0,0.0,0.0,0.0,14.0,0
41.00_77.00,2013-12-23,41.0,77.0,0.0,0.0,0.0,0.0,0.0,0.0,15.0,0
41.00_77.00,2013-12-30,41.0,77.0,0.0,0.0,0.0,0.0,0.0,0.0,16.0,0
41.00_77.00,2014-01-06,41.0,77.0,0.0,0.0,0.0,0.0,0.0,0.0,17.0,0
41.00_77.00,2014-01-13,41.0,77.0,0.0,0.0,0.0,0.0,0.0,0.0,18.0,0
41.00_77.00,2014-01-20,41.0,77.0,0.0,0.0,0.0,0.0,0.0,0.0,19.0,0
41.00_77.00,2014-01-27,41.0,77.0,0.0,0.0,0.0,0.0,0.0,0.0,20.0,0
41.00_77.00,2014-02-03,41.0,77.0,0.0,0.0,0.0,0.0,0.0,0.0,21.0,0
41.00_77.00,2014-02-10,41.0,77.0,0.0,0.0,0.0,0.0,0.0,0.0,22.0,0
41.00_77.00,2014-02-17,41.0,77.0,0.0,0.0,0.0,0.0,0.0,0.0,23.0,0
41.00_77.00,2014-02-24,41.0,77.0,0.0,0.0,0.0,0.0,0.0,0.0,24.0,0
41.00_77.00,2014-03-03,41.0,77.0,0.0,0.0,0.0,0.0,0.0,0.0,25.0,0
41.00_77.00,2014-03-10,41.0,77.0,0.0,0.0,0.0,0.0,0.0,0.0,26.0,0
41.00_77.00,2014-03-17,41.0,77.0,0.0,0.0,0.0,0.0,0.0,0.0,27.0,0
41.00_77.00,2014-03-24,41.0,77.0,0.0,0.0,0.0,0.0,0.0,0.0,28.0,0
41.00_77.00,2014-03-31,41.0,77.0,0.0,0.0,0.0,0.0,0.0,0.0,29.0,0
41.00_77.00,2014-04-07,41.0,77.0,0.0,0.0,0.0,0.0,0.0,0.0,30.0,0
41.00_77.00,2014-04-14,41.0,77.0,0.0,0.0,0.0,0.0,0.0,0.0,31.0,0
41.00_77.00,2014-04-21,41.0,77.0,0.0,0.0,0.0,0.0,0.0,0.0,32.0,0
41.00_77.00,2014-04-28,41.0,77.0,0.0,0.0,0.0,0.0,0.0,0.0,33.0,0
41.00_77.00,2014-05-05,41.0,77.0,0.0,0.0,0.0,0.0,0.0,0.0,34.0,0
41.00_77.00,2014-05-12,41.0,77.0,0.0,0.0,0.0,0.0,0.0,0.0,35.0,0
41.00_77.00,2014-05-19,41.0,77.0,0.0,0.0,0.0,0.0,0.0,0.0,36.0,0
41.00_77.00,2014-05-26,41.0,77.0,0.0,0.0,0.0,0.0,0.0,0.0,37.0,0
41.00_77.00,2014-06-02,41.0,77.0,0.0,0.0,0.0,0.0,0.0,0.0,38.0,0
41.00_77.00,2014-06-09,41.0,77.0,0.0,0.0,0.0,0.0,0.0,0.0,39.0,0
41.00_77.00,2014-06-16,41.0,77.0,0.0,0.0,0.0,0.0,0.0,0.0,40.0,0
41.00_77.00,2014-06-23,41.0,77.0,0.0,0.0,0.0,0.0,0.0,0.0,41.0,0
41.00_77.00,2014-06-30,41.0,77.0,0.0,0.0,0.0,0.0,0.0,0.0,42.0,0
41.00_77.00,2014-07-07,41.0,77.0,0.0,0.0,0.0,0.0,0.0,0.0,43.0,0
41.00_77.00,2014-07-14,41.0,77.0,0.0,0.0,0.0,0.0,0.0,0.0,44.0,0
41.00_77.00,2014-07-21,41.0,77.0,0.0,0.0,0.0,0.0,0.0,0.0,45.0,0
41.00_77.00,2014-07-28,41.0,77.0,0.0,0.0,0.0,0.0,0.0,0.0,46.0,0
41.00_77.00,2014-08-04,41.0,77.0,0.0,0.0,0.0,0.0,0.0,0.0,47.0,0
41.00_77.00,2014-08-11,41.0,77.0,0.0,0.0,0.0,0.0,0.0,0.0,48.0,1
41.00_77.00,2014-08-18,41.0,77.0,1.0,5.0,5.0,5.0,1.0,31622776.60168379,0.0,0
41.00_77.00,2014-08-25,41.0,77.0,0.0,0.0,0.0,5.0,1.0,31622776.60168379,1.0,0
41.00_77.00,2014-09-01,41.0,77.0,0.0,0.0,0.0,5.0,1.0,31622776.60168379,2.0,0
41.00_77.00,2014-09-08,41.0,77.0,0.0,0.0,0.0,5.0,1.0,31622776.60168379,3.0,0
41.00_77.00,2014-09-15,41.0,77.0,0.0,0.0,0.0,0.0,1.0,31622776.60168379,4.0,0
41.00_77.00,2014-09-22,41.0,77.0,0.0,0.0,0.0,0.0,1.0,31622776.60168379,5.0,0
41.00_77.00,2014-09-29,41.0,77.0,0.0,0.0,0.0,0.0,1.0,31622776.60168379,6.0,0
41.00_77.00,2014-10-06,41.0,77.0,0.0,0.0,0.0,0.0,1.0,31622776.60168379,7.0,0
41.00_77.00,2014-10-13,41.0,77.0,0.0,0.0,0.0,0.0,1.0,0.0,8.0,0
41.00_77.00,2014-10-20,41.0,77.0,0.0,0.0,0.0,0.0,1.0,0.0,9.0,0
41.00_77.00,2014-10-27,41.0,77.0,0.0,0.0,0.0,0.0,1.0,0.0,10.0,0
41.00_77.00,2014-11-03,41.0,77.0,0.0,0.0,0.0,0.0,1.0,0.0,11.0,0
41.00_77.00,2014-11-10,41.0,77.0,0.0,0.0,0.0,0.0,0.0,0.0,12.0,1
41.00_77.00,2014-11-17,41.0,77.0,1.0,5.2,5.2,5.2,1.0,63095734.44801943,0.0,0
41.00_77.00,2014-11-24,41.0,77.0,0.0,0.0,0.0,5.2,1.0,63095734.44801943,1.0,0
41.00_77.00,2014-12-01,41.0,77.0,0.0,0.0,0.0,5.2,1.0,63095734.44801943,2.0,1
41.00_77.00,2014-12-08,41.0,77.0,1.0,4.5,4.5,5.2,2.0,68719147.69992292,0.0,0
41.00_77.00,2014-12-15,41.0,77.0,0.0,0.0,0.0,4.5,2.0,68719147.69992292,1.0,0
41.00_77.00,2014-12-22,41.0,77.0,0.0,0.0,0.0,4.5,2.0,68719147.69992292,2.0,0
41.00_77.00,2014-12-29,41.0,77.0,0.0,0.0,0.0,4.5,2.0,68719147.69992292,3.0,0
41.00_77.00,2015-01-05,41.0,77.0,0.0,0.0,0.0,0.0,2.0,68719147.69992292,4.0,0
41.00_77.00,2015-01-12,41.0,77.0,0.0,0.0,0.0,0.0,2.0,5623413.251903491,5.0,0
41.00_77.00,2015-01-19,41.0,77.0,0.0,0.0,0.0,0.0,2.0,5623413.251903491,6.0,0
41.00_77.00,2015-01-26,41.0,77.0,0.0,0.0,0.0,0.0,2.0,5623413.251903491,7.0,0
41.00_77.00,2015-02-02,41.0,77.0,0.0,0.0,0.0,0.0,2.0,0.0,8.0,0
41.00_77.00,2015-02-09,41.0,77.0,0.0,0.0,0.0,0.0,1.0,0.0,9.0,0
41.00_77.00,2015-02-16,41.0,77.0,0.0,0.0,0.0,0.0,1.0,0.0,10.0,0
41.00_77.00,2015-02-23,41.0,77.0,0.0,0.0,0.0,0.0,1.0,0.0,11.0,0
41.00_77.00,2015-03-02,41.0,77.0,0.0,0.0,0.0,0.0,0.0,0.0,12.0,0
41.00_77.00,2015-03-09,41.0,77.0,0.0,0.0,0.0,0.0,0.0,0.0,13.0,0
41.00_77.00,2015-03-16,41.0,77.0,0.0,0.0,0.0,0.0,0.0,0.0,14.0,0
41.00_77.00,2015-03-23,41.0,77.0,0.0,0.0,0.0,0.0,0.0,0.0,15.0,0
41.00_77.00,2015-03-30,41.0,77.0,0.0,0.0,0.0,0.0,0.0,0.0,16.0,0
41.00_77.00,2015-04-06,41.0,77.0,0.0,0.0,0.0,0.0,0.0,0.0,17.0,0
41.00_77.00,2015-04-13,41.0,77.0,0.0,0.0,0.0,0.0,0.0,0.0,18.0,0
41.00_77.00,2015-04-20,41.0,77.0,0.0,0.0,0.0,0.0,0.0,0.0,19.0,0
41.00_77.00,2015-04-27,41.0,77.0,0.0,0.0,0.0,0.0,0.0,0.0,20.0,0
41.00_77.00,2015-05-04,41.0,77.0,0.0,0.0,0.0,0.0,0.0,0.0,21.0,0
41.00_77.00,2015-05-11,41.0,77.0,0.0,0.0,0.0,0.0,0.0,0.0,22.0,0
41.00_77.00,2015-05-18,41.0,77.0,0.0,0.0,0.0,0.0,0.0,0.0,23.0,0
41.00_77.00,2015-05-25,41.0,77.0,0.0,0.0,0.0,0.0,0.0,0.0,24.0,0
41.00_77.00,2015-06-01,41.0,77.0,0.0,0.0,0.0,0.0,0.0,0.0,25.0,0
41.00_77.00,2015-06-08,41.0,77.0,0.0,0.0,0.0,0.0,0.0,0.0,26.0,0
41.00_77.00,2015-06-15,41.0,77.0,0.0,0.0,0.0,0.0,0.0,0.0,27.0,0
41.00_77.00,2015-06-22,41.0,77.0,0.0,0.0,0.0,0.0,0.0,0.0,28.0,0
41.00_77.00,2015-06-29,41.0,77.0,0.0,0.0,0.0,0.0,0.0,0.0,29.0,0
41.00_77.00,2015-07-06,41.0,77.0,0.0,0.0,0.0,0.0,0.0,0.0,30.0,0
41.00_77.00,2015-07-13,41.0,77.0,0.0,0.0,0.0,0.0,0.0,0.0,31.0,0
41.00_77.00,2015-07-20,41.0,77.0,0.0,0.0,0.0,0.0,0.0,0.0,32.0,0
41.00_77.00,2015-07-27,41.0,77.0,0.0,0.0,0.0,0.0,0.0,0.0,33.0,0
41.00_77.00,2015-08-03,41.0,77.0,0.0,0.0,0.0,0.0,0.0,0.0,34.0,0
41.00_77.00,2015-08-10,41.0,77.0,0.0,0.0,0.0,0.0,0.0,0.0,35.0,0
41.00_77.00,2015-08-17,41.0,77.0,0.0,0.0,0.0,0.0,0.0,0.0,36.0,0
41.00_77.00,2015-08-24,41.0,77.0,0.0,0.0,0.0,0.0,0.0,0.0,37.0,0
41.00_77.00,2015-08-31,41.0,77.0,0.0,0.0,0.0,0.0,0.0,0.0,38.0,0
41.00_77.00,2015-09-07,41.0,77.0,0.0,0.0,0.0,0.0,0.0,0.0,39.0,0
41.00_77.00,2015-09-14,41.0,77.0,0.0,0.0,0.0,0.0,0.0,0.0,40.0,0
41.00_77.00,2015-09-21,41.0,77.0,0.0,0.0,0.0,0.0,0.0,0.0,41.0,0
41.00_77.00,2015-09-28,41.0,77.0,0.0,0.0,0.0,0.0,0.0,0.0,42.0,0
41.00_77.00,2015-10-05,41.0,77.0,0.0,0.0,0.0,0.0,0.0,0.0,43.0,0
41.00_77.00,2015-10-12,41.0,77.0,0.0,0.0,0.0,0.0,0.0,0.0,44.0,0
41.00_77.00,2015-10-19,41.0,77.0,0.0,0.0,0.0,0.0,0.0,0.0,45.0,0
41.00_77.00,2015-10-26,41.0,77.0,0.0,0.0,0.0,0.0,0.0,0.0,46.0,0
41.00_77.00,2015-11-02,41.0,77.0,0.0,0.0,0.0,0.0,0.0,0.0,47.0,0
41.00_77.00,2015-11-09,41.0,77.0,0.0,0.0,0.0,0.0,0.0,0.0,48.0,0
41.00_77.00,2015-11-16,41.0,77.0,0.0,0.0,0.0,0.0,0.0,0.0,49.0,0
41.00_77.00,2015-11-23,41.0,77.0,0.0,0.0,0.0,0.0,0.0,0.0,50.0,0
41.00_77.00,2015-11-30,41.0,77.0,0.0,0.0,0.0,0.0,0.0,0.0,51.0,0
41.00_77.00,2015-12-07,41.0,77.0,0.0,0.0,0.0,0.0,0.0,0.0,52.0,0
41.00_77.00,2015-12-14,41.0,77.0,0.0,0.0,0.0,0.0,0.0,0.0,53.0,0
41.00_77.00,2015-12-21,41.0,77.0,0.0,0.0,0.0,0.0,0.0,0.0,54.0,0
41.00_77.00,2015-12-28,41.0,77.0,0.0,0.0,0.0,0.0,0.0,0.0,55.0,0
41.00_77.00,2016-01-04,41.0,77.0,0.0,0.0,0.0,0.0,0.0,0.0,56.0,0
41.00_77.00,2016-01-11,41.0,77.0,0.0,0.0,0.0,0.0,0.0,0.0,57.0,0
41.00_77.00,2016-01-18,41.0,77.0,0.0,0.0,0.0,0.0,0.0,0.0,58.0,0
41.00_77.00,2016-01-25,41.0,77.0,0.0,0.0,0.0,0.0,0.0,0.0,59.0,0
41.00_77.00,2016-02-01,41.0,77.0,0.0,0.0,0.0,0.0,0.0,0.0,60.0,0
41.00_77.00,2016-02-08,41.0,77.0,0.0,0.0,0.0,0.0,0.0,0.0,61.0,0
41.00_77.00,2016-02-15,41.0,77.0,0.0,0.0,0.0,0.0,0.0,0.0,62.0,0
41.00_77.00,2016-02-22,41.0,77.0,0.0,0.0,0.0,0.0,0.0,0.0,63.0,0
41.00_77.00,2016-02-29,41.0,77.0,0.0,0.0,0.0,0.0,0.0,0.0,64.0,0
41.00_77.00,2016-03-07,41.0,77.0,0.0,0.0,0.0,0.0,0.0,0.0,65.0,0
41.00_77.00,2016-03-14,41.0,77.0,0.0,0.0,0.0,0.0,0.0,0.0,66.0,0
41.00_77.00,2016-03-21,41.0,77.0,0.0,0.0,0.0,0.0,0.0,0.0,67.0,0
41.00_77.00,2016-03-28,41.0,77.0,0.0,0.0,0.0,0.0,0.0,0.0,68.0,0
41.00_77.00,2016-04-04,41.0,77.0,0.0,0.0,0.0,0.0,0.0,0.0,69.0,0
41.00_77.00,2016-04-11,41.0,77.0,0.0,0.0,0.0,0.0,0.0,0.0,70.0,0
41.00_77.00,2016-04-18,41.0,77.0,0.0,0.0,0.0,0.0,0.0,0.0,71.0,0
41.00_77.00,2016-04-25,41.0,77.0,0.0,0.0,0.0,0.0,0.0,0.0,72.0,0
41.00_77.00,2016-05-02,41.0,77.0,0.0,0.0,0.0,0.0,0.0,0.0,73.0,0
41.00_77.00,2016-05-09,41.0,77.0,0.0,0.0,0.0,0.0,0.0,0.0,74.0,0
41.00_77.00,2016-05-16,41.0,77.0,0.0,0.0,0.0,0.0,0.0,0.0,75.0,0
41.00_77.00,2016-05-23,41.0,77.0,0.0,0.0,0.0,0.0,0.0,0.0,76.0,0
41.00_77.00,2016-05-30,41.0,77.0,0.0,0.0,0.0,0.0,0.0,0.0,77.0,0
41.00_77.00,2016-06-06,41.0,77.0,0.0,0.0,0.0,0.0,0.0,0.0,78.0,0
41.00_77.00,2016-06-13,41.0,77.0,0.0,0.0,0.0,0.0,0.0,0.0,79.0,0
41.00_77.00,2016-06-20,41.0,77.0,0.0,0.0,0.0,0.0,0.0,0.0,80.0,0
41.00_77.00,2016-06-27,41.0,77.0,0.0,0.0,0.0,0.0,0.0,0.0,81.0,0
41.00_77.00,2016-07-04,41.0,77.0,0.0,0.0,0.0,0.0,0.0,0.0,82.0,0
41.00_77.00,2016-07-11,41.0,77.0,0.0,0.0,0.0,0.0,0.0,0.0,83.0,0
41.00_77.00,2016-07-18,41.0,77.0,0.0,0.0,0.0,0.0,0.0,0.0,84.0,1
41.00_77.00,2016-07-25,41.0,77.0,1.0,5.1,5.1,5.1,1.0,44668359.21509626,0.0,0
41.00_77.00,2016-08-01,41.0,77.0,0.0,0.0,0.0,5.1,1.0,44668359.21509626,1.0,0
41.00_77.00,2016-08-08,41.0,77.0,0.0,0.0,0.0,5.1,1.0,44668359.21509626,2.0,0
41.00_77.00,2016-08-15,41.0,77.0,0.0,0.0,0.0,5.1,1.0,44668359.21509626,3.0,0
41.00_77.00,2016-08-22,41.0,77.0,0.0,0.0,0.0,0.0,1.0,44668359.21509626,4.0,0
41.00_77.00,2016-08-29,41.0,77.0,0.0,0.0,0.0,0.0,1.0,44668359.21509626,5.0,0
41.00_77.00,2016-09-05,41.0,77.0,0.0,0.0,0.0,0.0,1.0,44668359.21509626,6.0,0
41.00_77.00,2016-09-12,41.0,77.0,0.0,0.0,0.0,0.0,1.0,44668359.21509626,7.0,0
41.00_77.00,2016-09-19,41.0,77.0,0.0,0.0,0.0,0.0,1.0,0.0,8.0,0
41.00_77.00,2016-09-26,41.0,77.0,0.0,0.0,0.0,0.0,1.0,0.0,9.0,0
41.00_77.00,2016-10-03,41.0,77.0,0.0,0.0,0.0,0.0,1.0,0.0,10.0,0
41.00_77.00,2016-10-10,41.0,77.0,0.0,0.0,0.0,0.0,1.0,0.0,11.0,0
41.00_77.00,2016-10-17,41.0,77.0,0.0,0.0,0.0,0.0,0.0,0.0,12.0,0
41.00_77.00,2016-10-24,41.0,77.0,0.0,0.0,0.0,0.0,0.0,0.0,13.0,0
41.00_77.00,2016-10-31,41.0,77.0,0.0,0.0,0.0,0.0,0.0,0.0,14.0,0
41.00_77.00,2016-11-07,41.0,77.0,0.0,0.0,0.0,0.0,0.0,0.0,15.0,0
41.00_77.00,2016-11-14,41.0,77.0,0.0,0.0,0.0,0.0,0.0,0.0,16.0,0
41.00_77.00,2016-11-21,41.0,77.0,0.0,0.0,0.0,0.0,0.0,0.0,17.0,0
41.00_77.00,2016-11-28,41.0,77.0,0.0,0.0,0.0,0.0,0.0,0.0,18.0,0
41.00_77.00,2016-12-05,41.0,77.0,0.0,0.0,0.0,0.0,0.0,0.0,19.0,0
41.00_77.00,2016-12-12,41.0,77.0,0.0,0.0,0.0,0.0,0.0,0.0,20.0,0
41.00_77.00,2016-12-19,41.0,77.0,0.0,0.0,0.0,0.0,0.0,0.0,21.0,0
41.00_77.00,2016-12-26,41.0,77.0,0.0,0.0,0.0,0.0,0.0,0.0,22.0,0
41.00_77.00,2017-01-02,41.0,77.0,0.0,0.0,0.0,0.0,0.0,0.0,23.0,0
41.00_77.00,2017-01-09,41.0,77.0,0.0,0.0,0.0,0.0,0.0,0.0,24.0,0
41.00_77.00,2017-01-16,41.0,77.0,0.0,0.0,0.0,0.0,0.0,0.0,25.0,0
41.00_77.00,2017-01-23,41.0,77.0,0.0,0.0,0.0,0.0,0.0,0.0,26.0,0
41.00_77.00,2017-01-30,41.0,77.0,0.0,0.0,0.0,0.0,0.0,0.0,27.0,0
41.00_77.00,2017-02-06,41.0,77.0,0.0,0.0,0.0,0.0,0.0,0.0,28.0,0
41.00_77.00,2017-02-13,41.0,77.0,0.0,0.0,0.0,0.0,0.0,0.0,29.0,0
41.00_77.00,2017-02-20,41.0,77.0,0.0,0.0,0.0,0.0,0.0,0.0,30.0,0
41.00_77.00,2017-02-27,41.0,77.0,0.0,0.0,0.0,0.0,0.0,0.0,31.0,0
41.00_77.00,2017-03-06,41.0,77.0,0.0,0.0,0.0,0.0,0.0,0.0,32.0,0
41.00_77.00,2017-03-13,41.0,77.0,0.0,0.0,0.0,0.0,0.0,0.0,33.0,0
41.00_77.00,2017-03-20,41.0,77.0,0.0,0.0,0.0,0.0,0.0,0.0,34.0,0
41.00_77.00,2017-03-27,41.0,77.0,0.0,0.0,0.0,0.0,0.0,0.0,35.0,0
41.00_77.00,2017-04-03,41.0,77.0,0.0,0.0,0.0,0.0,0.0,0.0,36.0,0
41.00_77.00,2017-04-10,41.0,77.0,0.0,0.0,0.0,0.0,0.0,0.0,37.0,0
41.00_77.00,2017-04-17,41.0,77.0,0.0,0.0,0.0,0.0,0.0,0.0,38.0,0
41.00_77.00,2017-04-24,41.0,77.0,0.0,0.0,0.0,0.0,0.0,0.0,39.0,0
41.00_77.00,2017-05-01,41.0,77.0,0.0,0.0,0.0,0.0,0.0,0.0,40.0,0
41.00_77.00,2017-05-08,41.0,77.0,0.0,0.0,0.0,0.0,0.0,0.0,41.0,0
41.00_77.00,2017-05-15,41.0,77.0,0.0,0.0,0.0,0.0,0.0,0.0,42.0,0
41.00_77.00,2017-05-22,41.0,77.0,0.0,0.0,0.0,0.0,0.0,0.0,43.0,0
41.00_77.00,2017-05-29,41.0,77.0,0.0,0.0,0.0,0.0,0.0,0.0,44.0,0
41.00_77.00,2017-06-05,41.0,77.0,0.0,0.0,0.0,0.0,0.0,0.0,45.0,0
41.00_77.00,2017-06-12,41.0,77.0,0.0,0.0,0.0,0.0,0.0,0.0,46.0,0
41.00_77.00,2017-06-19,41.0,77.0,0.0,0.0,0.0,0.0,0.0,0.0,47.0,0
41.00_77.00,2017-06-26,41.0,77.0,0.0,0.0,0.0,0.0,0.0,0.0,48.0,0
41.00_77.00,2017-07-03,41.0,77.0,0.0,0.0,0.0,0.0,0.0,0.0,49.0,0
41.00_77.00,2017-07-10,41.0,77.0,0.0,0.0,0.0,0.0,0.0,0.0,50.0,0
41.00_77.00,2017-07-17,41.0,77.0,0.0,0.0,0.0,0.0,0.0,0.0,51.0,0
41.00_77.00,2017-07-24,41.0,77.0,0.0,0.0,0.0,0.0,0.0,0.0,52.0,0
41.00_77.00,2017-07-31,41.0,77.0,0.0,0.0,0.0,0.0,0.0,0.0,53.0,0
41.00_77.00,2017-08-07,41.0,77.0,0.0,0.0,0.0,0.0,0.0,0.0,54.0,0
41.00_77.00,2017-08-14,41.0,77.0,0.0,0.0,0.0,0.0,0.0,0.0,55.0,0
41.00_77.00,2017-08-21,41.0,77.0,0.0,0.0,0.0,0.0,0.0,0.0,56.0,0
41.00_77.00,2017-08-28,41.0,77.0,0.0,0.0,0.0,0.0,0.0,0.0,57.0,0
41.00_77.00,2017-09-04,41.0,77.0,0.0,0.0,0.0,0.0,0.0,0.0,58.0,0
41.00_77.00,2017-09-11,41.0,77.0,0.0,0.0,0.0,0.0,0.0,0.0,59.0,0
41.00_77.00,2017-09-18,41.0,77.0,0.0,0.0,0.0,0.0,0.0,0.0,60.0,0
41.00_77.00,2017-09-25,41.0,77.0,0.0,0.0,0.0,0.0,0.0,0.0,61.0,0
41.00_77.00,2017-10-02,41.0,77.0,0.0,0.0,0.0,0.0,0.0,0.0,62.0,0
41.00_77.00,2017-10-09,41.0,77.0,0.0,0.0,0.0,0.0,0.0,0.0,63.0,0
41.00_77.00,2017-10-16,41.0,77.0,0.0,0.0,0.0,0.0,0.0,0.0,64.0,0
41.00_77.00,2017-10-23,41.0,77.0,0.0,0.0,0.0,0.0,0.0,0.0,65.0,0
41.00_77.00,2017-10-30,41.0,77.0,0.0,0.0,0.0,0.0,0.0,0.0,66.0,0
41.00_77.00,2017-11-06,41.0,77.0,0.0,0.0,0.0,0.0,0.0,0.0,67.0,0
41.00_77.00,2017-11-13,41.0,77.0,0.0,0.0,0.0,0.0,0.0,0.0,68.0,1
41.00_77.00,2017-11-20,41.0,77.0,1.0,4.9,4.9,4.9,1.0,22387211.385683425,0.0,0
41.00_77.00,2017-11-27,41.0,77.0,0.0,0.0,0.0,4.9,1.0,22387211.385683425,1.0,0
41.00_77.00,2017-12-04,41.0,77.0,0.0,0.0,0.0,4.9,1.0,22387211.385683425,2.0,0
41.00_77.00,2017-12-11,41.0,77.0,0.0,0.0,0.0,4.9,1.0,22387211.385683425,3.0,0
41.00_77.00,2017-12-18,41.0,77.0,0.0,0.0,0.0,0.0,1.0,22387211.385683425,4.0,0
41.00_77.00,2017-12-25,41.0,77.0,0.0,0.0,0.0,0.0,1.0,22387211.385683425,5.0,0
41.00_77.00,2018-01-01,41.0,77.0,0.0,0.0,0.0,0.0,1.0,22387211.385683425,6.0,0
41.00_77.00,2018-01-08,41.0,77.0,0.0,0.0,0.0,0.0,1.0,22387211.385683425,7.0,0
41.00_77.00,2018-01-15,41.0,77.0,0.0,0.0,0.0,0.0,1.0,0.0,8.0,0
41.00_77.00,2018-01-22,41.0,77.0,0.0,0.0,0.0,0.0,1.0,0.0,9.0,0
41.00_77.00,2018-01-29,41.0,77.0,0.0,0.0,0.0,0.0,1.0,0.0,10.0,1
41.00_77.00,2018-02-05,41.0,77.0,1.0,4.5,4.5,4.5,2.0,5623413.251903491,0.0,0
41.00_77.00,2018-02-12,41.0,77.0,0.0,0.0,0.0,4.5,1.0,5623413.251903491,1.0,0
41.00_77.00,2018-02-19,41.0,77.0,0.0,0.0,0.0,4.5,1.0,5623413.251903491,2.0,0
41.00_77.00,2018-02-26,41.0,77.0,0.0,0.0,0.0,4.5,1.0,5623413.251903491,3.0,0
41.00_77.00,2018-03-05,41.0,77.0,0.0,0.0,0.0,0.0,1.0,5623413.251903491,4.0,0
41.00_77.00,2018-03-12,41.0,77.0,0.0,0.0,0.0,0.0,1.0,5623413.251903491,5.0,0
41.00_77.00,2018-03-19,41.0,77.0,0.0,0.0,0.0,0.0,1.0,5623413.251903491,6.0,0
41.00_77.00,2018-03-26,41.0,77.0,0.0,0.0,0.0,0.0,1.0,5623413.251903491,7.0,1
41.00_77.00,2018-04-02,41.0,77.0,1.0,4.6,4.6,4.6,2.0,7943282.347242805,0.0,0
41.00_77.00,2018-04-09,41.0,77.0,0.0,0.0,0.0,4.6,2.0,7943282.347242805,1.0,0
41.00_77.00,2018-04-16,41.0,77.0,0.0,0.0,0.0,4.6,2.0,7943282.347242805,2.0,0
41.00_77.00,2018-04-23,41.0,77.0,0.0,0.0,0.0,4.6,2.0,7943282.347242805,3.0,0
41.00_77.00,2018-04-30,41.0,77.0,0.0,0.0,0.0,0.0,1.0,7943282.347242805,4.0,0
41.00_77.00,2018-05-07,41.0,77.0,0.0,0.0,0.0,0.0,1.0,7943282.347242805,5.0,0
41.00_77.00,2018-05-14,41.0,77.0,0.0,0.0,0.0,0.0,1.0,7943282.347242805,6.0,0
41.00_77.00,2018-05-21,41.0,77.0,0.0,0.0,0.0,0.0,1.0,7943282.347242805,7.0,0
41.00_77.00,2018-05-28,41.0,77.0,0.0,0.0,0.0,0.0,1.0,0.0,8.0,0
41.00_77.00,2018-06-04,41.0,77.0,0.0,0.0,0.0,0.0,1.0,0.0,9.0,0
41.00_77.00,2018-06-11,41.0,77.0,0.0,0.0,0.0,0.0,1.0,0.0,10.0,0
41.00_77.00,2018-06-18,41.0,77.0,0.0,0.0,0.0,0.0,1.0,0.0,11.0,0
41.00_77.00,2018-06-25,41.0,77.0,0.0,0.0,0.0,0.0,0.0,0.0,12.0,0
41.00_77.00,2018-07-02,41.0,77.0,0.0,0.0,0.0,0.0,0.0,0.0,13.0,0
41.00_77.00,2018-07-09,41.0,77.0,0.0,0.0,0.0,0.0,0.0,0.0,14.0,0
41.00_77.00,2018-07-16,41.0,77.0,0.0,0.0,0.0,0.0,0.0,0.0,15.0,0
41.00_77.00,2018-07-23,41.0,77.0,0.0,0.0,0.0,0.0,0.0,0.0,16.0,0
41.00_77.00,2018-07-30,41.0,77.0,0.0,0.0,0.0,0.0,0.0,0.0,17.0,0
41.00_77.00,2018-08-06,41.0,77.0,0.0,0.0,0.0,0.0,0.0,0.0,18.0,0
41.00_77.00,2018-08-13,41.0,77.0,0.0,0.0,0.0,0.0,0.0,0.0,19.0,0
41.00_77.00,2018-08-20,41.0,77.0,0.0,0.0,0.0,0.0,0.0,0.0,20.0,0
41.00_77.00,2018-08-27,41.0,77.0,0.0,0.0,0.0,0.0,0.0,0.0,21.0,1
41.00_77.00,2018-09-03,41.0,77.0,1.0,4.7,4.7,4.7,1.0,11220184.543019652,0.0,0
41.00_77.00,2018-09-10,41.0,77.0,0.0,0.0,0.0,4.7,1.0,11220184.543019652,1.0,0
41.00_77.00,2018-09-17,41.0,77.0,0.0,0.0,0.0,4.7,1.0,11220184.543019652,2.0,0
41.00_77.00,2018-09-24,41.0,77.0,0.0,0.0,0.0,4.7,1.0,11220184.543019652,3.0,0
41.00_77.00,2018-10-01,41.0,77.0,0.0,0.0,0.0,0.0,1.0,11220184.543019652,4.0,0
41.00_77.00,2018-10-08,41.0,77.0,0.0,0.0,0.0,0.0,1.0,11220184.543019652,5.0,0
41.00_77.00,2018-10-15,41.0,77.0,0.0,0.0,0.0,0.0,1.0,11220184.543019652,6.0,0
41.00_77.00,2018-10-22,41.0,77.0,0.0,0.0,0.0,0.0,1.0,11220184.543019652,7.0,0
41.00_77.00,2018-10-29,41.0,77.0,0.0,0.0,0.0,0.0,1.0,0.0,8.0,0
41.00_77.00,2018-11-05,41.0,77.0,0.0,0.0,0.0,0.0,1.0,0.0,9.0,0
41.00_77.00,2018-11-12,41.0,77.0,0.0,0.0,0.0,0.0,1.0,0.0,10.0,0
41.00_77.00,2018-11-19,41.0,77.0,0.0,0.0,0.0,0.0,1.0,0.0,11.0,0
41.00_77.00,2018-11-26,41.0,77.0,0.0,0.0,0.0,0.0,0.0,0.0,12.0,0
41.00_77.00,2018-12-03,41.0,77.0,0.0,0.0,0.0,0.0,0.0,0.0,13.0,0
41.00_77.00,2018-12-10,41.0,77.0,0.0,0.0,0.0,0.0,0.0,0.0,14.0,0
41.00_77.00,2018-12-17,41.0,77.0,0.0,0.0,0.0,0.0,0.0,0.0,15.0,0
41.00_77.00,2018-12-24,41.0,77.0,0.0,0.0,0.0,0.0,0.0,0.0,16.0,0
41.00_77.00,2018-12-31,41.0,77.0,0.0,0.0,0.0,0.0,0.0,0.0,17.0,0
41.00_77.00,2019-01-07,41.0,77.0,0.0,0.0,0.0,0.0,0.0,0.0,18.0,0
41.00_77.00,2019-01-14,41.0,77.0,0.0,0.0,0.0,0.0,0.0,0.0,19.0,0
41.00_77.00,2019-01-21,41.0,77.0,0.0,0.0,0.0,0.0,0.0,0.0,20.0,0
41.00_77.00,2019-01-28,41.0,77.0,0.0,0.0,0.0,0.0,0.0,0.0,21.0,0
41.00_77.00,2019-02-04,41.0,77.0,0.0,0.0,0.0,0.0,0.0,0.0,22.0,0
41.00_77.00,2019-02-11,41.0,77.0,0.0,0.0,0.0,0.0,0.0,0.0,23.0,0
41.00_77.00,2019-02-18,41.0,77.0,0.0,0.0,0.0,0.0,0.0,0.0,24.0,0
41.00_77.00,2019-02-25,41.0,77.0,0.0,0.0,0.0,0.0,0.0,0.0,25.0,0
41.00_77.00,2019-03-04,41.0,77.0,0.0,0.0,0.0,0.0,0.0,0.0,26.0,0
41.00_77.00,2019-03-11,41.0,77.0,0.0,0.0,0.0,0.0,0.0,0.0,27.0,0
41.00_77.00,2019-03-18,41.0,77.0,0.0,0.0,0.0,0.0,0.0,0.0,28.0,0
41.00_77.00,2019-03-25,41.0,77.0,0.0,0.0,0.0,0.0,0.0,0.0,29.0,0
41.00_77.00,2019-04-01,41.0,77.0,0.0,0.0,0.0,0.0,0.0,0.0,30.0,0
41.00_77.00,2019-04-08,41.0,77.0,0.0,0.0,0.0,0.0,0.0,0.0,31.0,0
41.00_77.00,2019-04-15,41.0,77.0,0.0,0.0,0.0,0.0,0.0,0.0,32.0,0
41.00_77.00,2019-04-22,41.0,77.0,0.0,0.0,0.0,0.0,0.0,0.0,33.0,0
41.00_77.00,2019-04-29,41.0,77.0,0.0,0.0,0.0,0.0,0.0,0.0,34.0,1
41.00_77.00,2019-05-06,41.0,77.0,1.0,4.6,4.6,4.6,1.0,7943282.347242805,0.0,0
41.00_77.00,2019-05-13,41.0,77.0,0.0,0.0,0.0,4.6,1.0,7943282.347242805,1.0,0
41.00_77.00,2019-05-20,41.0,77.0,0.0,0.0,0.0,4.6,1.0,7943282.347242805,2.0,0
41.00_77.00,2019-05-27,41.0,77.0,0.0,0.0,0.0,4.6,1.0,7943282.347242805,3.0,0
41.00_77.00,2019-06-03,41.0,77.0,0.0,0.0,0.0,0.0,1.0,7943282.347242805,4.0,0
41.00_77.00,2019-06-10,41.0,77.0,0.0,0.0,0.0,0.0,1.0,7943282.347242805,5.0,0
41.00_77.00,2019-06-17,41.0,77.0,0.0,0.0,0.0,0.0,1.0,7943282.347242805,6.0,0
41.00_77.00,2019-06-24,41.0,77.0,0.0,0.0,0.0,0.0,1.0,7943282.347242805,7.0,0
41.00_77.00,2019-07-01,41.0,77.0,0.0,0.0,0.0,0.0,1.0,0.0,8.0,1
41.00_77.00,2019-07-08,41.0,77.0,1.0,4.6,4.6,4.6,2.0,7943282.347242805,0.0,0
41.00_77.00,2019-07-15,41.0,77.0,0.0,0.0,0.0,4.6,2.0,7943282.347242805,1.0,0
41.00_77.00,2019-07-22,41.0,77.0,0.0,0.0,0.0,4.6,2.0,7943282.347242805,2.0,0
41.00_77.00,2019-07-29,41.0,77.0,0.0,0.0,0.0,4.6,1.0,7943282.347242805,3.0,0
41.00_77.00,2019-08-05,41.0,77.0,0.0,0.0,0.0,0.0,1.0,7943282.347242805,4.0,0
41.00_77.00,2019-08-12,41.0,77.0,0.0,0.0,0.0,0.0,1.0,7943282.347242805,5.0,0
41.00_77.00,2019-08-19,41.0,77.0,0.0,0.0,0.0,0.0,1.0,7943282.347242805,6.0,0
41.00_77.00,2019-08-26,41.0,77.0,0.0,0.0,0.0,0.0,1.0,7943282.347242805,7.0,0
41.00_77.00,2019-09-02,41.0,77.0,0.0,0.0,0.0,0.0,1.0,0.0,8.0,0
41.00_77.00,2019-09-09,41.0,77.0,0.0,0.0,0.0,0.0,1.0,0.0,9.0,0
41.00_77.00,2019-09-16,41.0,77.0,0.0,0.0,0.0,0.0,1.0,0.0,10.0,0
41.00_77.00,2019-09-23,41.0,77.0,0.0,0.0,0.0,0.0,1.0,0.0,11.0,0
41.00_77.00,2019-09-30,41.0,77.0,0.0,0.0,0.0,0.0,0.0,0.0,12.0,0
41.00_77.00,2019-10-07,41.0,77.0,0.0,0.0,0.0,0.0,0.0,0.0,13.0,1
41.00_77.00,2019-10-14,41.0,77.0,1.0,4.5,4.5,4.5,1.0,5623413.251903491,0.0,0
41.00_77.00,2019-10-21,41.0,77.0,0.0,0.0,0.0,4.5,1.0,5623413.251903491,1.0,1
41.00_77.00,2019-10-28,41.0,77.0,1.0,4.7,4.7,4.7,2.0,16843597.79492314,0.0,0
41.00_77.00,2019-11-04,41.0,77.0,0.0,0.0,0.0,4.7,2.0,16843597.79492314,1.0,0
41.00_77.00,2019-11-11,41.0,77.0,0.0,0.0,0.0,4.7,2.0,16843597.79492314,2.0,0
41.00_77.00,2019-11-18,41.0,77.0,0.0,0.0,0.0,4.7,2.0,16843597.79492314,3.0,0
41.00_77.00,2019-11-25,41.0,77.0,0.0,0.0,0.0,0.0,2.0,16843597.79492314,4.0,0
41.00_77.00,2019-12-02,41.0,77.0,0.0,0.0,0.0,0.0,2.0,16843597.79492314,5.0,0
41.00_77.00,2019-12-09,41.0,77.0,0.0,0.0,0.0,0.0,2.0,11220184.543019652,6.0,0
41.00_77.00,2019-12-16,41.0,77.0,0.0,0.0,0.0,0.0,2.0,11220184.543019652,7.0,0
41.00_77.00,2019-12-23,41.0,77.0,0.0,0.0,0.0,0.0,2.0,0.0,8.0,0
41.00_77.00,2019-12-30,41.0,77.0,0.0,0.0,0.0,0.0,2.0,0.0,9.0,0
41.00_77.00,2020-01-06,41.0,77.0,0.0,0.0,0.0,0.0,1.0,0.0,10.0,0
41.00_77.00,2020-01-13,41.0,77.0,0.0,0.0,0.0,0.0,1.0,0.0,11.0,0
41.00_77.00,2020-01-20,41.0,77.0,0.0,0.0,0.0,0.0,0.0,0.0,12.0,0
41.00_77.00,2020-01-27,41.0,77.0,0.0,0.0,0.0,0.0,0.0,0.0,13.0,0
41.00_77.00,2020-02-03,41.0,77.0,0.0,0.0,0.0,0.0,0.0,0.0,14.0,0
41.00_77.00,2020-02-10,41.0,77.0,0.0,0.0,0.0,0.0,0.0,0.0,15.0,1
41.00_77.00,2020-02-17,41.0,77.0,1.0,5.1,5.1,5.1,1.0,44668359.21509626,0.0,0
41.00_77.00,2020-02-24,41.0,77.0,0.0,0.0,0.0,5.1,1.0,44668359.21509626,1.0,0
41.00_77.00,2020-03-02,41.0,77.0,0.0,0.0,0.0,5.1,1.0,44668359.21509626,2.0,0
41.00_77.00,2020-03-09,41.0,77.0,0.0,0.0,0.0,5.1,1.0,44668359.21509626,3.0,0
41.00_77.00,2020-03-16,41.0,77.0,0.0,0.0,0.0,0.0,1.0,44668359.21509626,4.0,1
41.00_77.00,2020-03-23,41.0,77.0,1.0,4.5,4.5,4.5,2.0,50291772.46699975,0.0,0
41.00_77.00,2020-03-30,41.0,77.0,0.0,0.0,0.0,4.5,2.0,50291772.46699975,1.0,0
41.00_77.00,2020-04-06,41.0,77.0,0.0,0.0,0.0,4.5,2.0,50291772.46699975,2.0,0
41.00_77.00,2020-04-13,41.0,77.0,0.0,0.0,0.0,4.5,2.0,5623413.251903491,3.0,0
41.00_77.00,2020-04-20,41.0,77.0,0.0,0.0,0.0,0.0,2.0,5623413.251903491,4.0,0
41.00_77.00,2020-04-27,41.0,77.0,0.0,0.0,0.0,0.0,2.0,5623413.251903491,5.0,0
41.00_77.00,2020-05-04,41.0,77.0,0.0,0.0,0.0,0.0,2.0,5623413.251903491,6.0,0
41.00_77.00,2020-05-11,41.0,77.0,0.0,0.0,0.0,0.0,1.0,5623413.251903491,7.0,0
41.00_77.00,2020-05-18,41.0,77.0,0.0,0.0,0.0,0.0,1.0,0.0,8.0,0
41.00_77.00,2020-05-25,41.0,77.0,0.0,0.0,0.0,0.0,1.0,0.0,9.0,0
41.00_77.00,2020-06-01,41.0,77.0,0.0,0.0,0.0,0.0,1.0,0.0,10.0,0
41.00_77.00,2020-06-08,41.0,77.0,0.0,0.0,0.0,0.0,1.0,0.0,11.0,0
41.00_77.00,2020-06-15,41.0,77.0,0.0,0.0,0.0,0.0,0.0,0.0,12.0,0
41.00_77.00,2020-06-22,41.0,77.0,0.0,0.0,0.0,0.0,0.0,0.0,13.0,0
41.00_77.00,2020-06-29,41.0,77.0,0.0,0.0,0.0,0.0,0.0,0.0,14.0,0
41.00_77.00,2020-07-06,41.0,77.0,0.0,0.0,0.0,0.0,0.0,0.0,15.0,0
41.00_77.00,2020-07-13,41.0,77.0,0.0,0.0,0.0,0.0,0.0,0.0,16.0,0
41.00_77.00,2020-07-20,41.0,77.0,0.0,0.0,0.0,0.0,0.0,0.0,17.0,0
41.00_77.00,2020-07-27,41.0,77.0,0.0,0.0,0.0,0.0,0.0,0.0,18.0,0
41.00_77.00,2020-08-03,41.0,77.0,0.0,0.0,0.0,0.0,0.0,0.0,19.0,0
41.00_77.00,2020-08-10,41.0,77.0,0.0,0.0,0.0,0.0,0.0,0.0,20.0,0
41.00_77.00,2020-08-17,41.0,77.0,0.0,0.0,0.0,0.0,0.0,0.0,21.0,0
41.00_77.00,2020-08-24,41.0,77.0,0.0,0.0,0.0,0.0,0.0,0.0,22.0,0
41.00_77.00,2020-08-31,41.0,77.0,0.0,0.0,0.0,0.0,0.0,0.0,23.0,0
41.00_77.00,2020-09-07,41.0,77.0,0.0,0.0,0.0,0.0,0.0,0.0,24.0,0
41.00_77.00,2020-09-14,41.0,77.0,0.0,0.0,0.0,0.0,0.0,0.0,25.0,0
41.00_77.00,2020-09-21,41.0,77.0,0.0,0.0,0.0,0.0,0.0,0.0,26.0,0
41.00_77.00,2020-09-28,41.0,77.0,0.0,0.0,0.0,0.0,0.0,0.0,27.0,0
41.00_77.00,2020-10-05,41.0,77.0,0.0,0.0,0.0,0.0,0.0,0.0,28.0,0
41.00_77.00,2020-10-12,41.0,77.0,0.0,0.0,0.0,0.0,0.0,0.0,29.0,0
41.00_77.00,2020-10-19,41.0,77.0,0.0,0.0,0.0,0.0,0.0,0.0,30.0,0
41.00_77.00,2020-10-26,41.0,77.0,0.0,0.0,0.0,0.0,0.0,0.0,31.0,0
41.00_77.00,2020-11-02,41.0,77.0,0.0,0.0,0.0,0.0,0.0,0.0,32.0,0
41.00_77.00,2020-11-09,41.0,77.0,0.0,0.0,0.0,0.0,0.0,0.0,33.0,0
41.00_77.00,2020-11-16,41.0,77.0,0.0,0.0,0.0,0.0,0.0,0.0,34.0,0
41.00_77.00,2020-11-23,41.0,77.0,0.0,0.0,0.0,0.0,0.0,0.0,35.0,0
41.00_77.00,2020-11-30,41.0,77.0,0.0,0.0,0.0,0.0,0.0,0.0,36.0,0
41.00_77.00,2020-12-07,41.0,77.0,0.0,0.0,0.0,0.0,0.0,0.0,37.0,0
41.00_77.00,2020-12-14,41.0,77.0,0.0,0.0,0.0,0.0,0.0,0.0,38.0,0
41.00_77.00,2020-12-21,41.0,77.0,0.0,0.0,0.0,0.0,0.0,0.0,39.0,0
41.00_77.00,2020-12-28,41.0,77.0,0.0,0.0,0.0,0.0,0.0,0.0,40.0,0
41.00_77.00,2021-01-04,41.0,77.0,0.0,0.0,0.0,0.0,0.0,0.0,41.0,0
41.00_77.00,2021-01-11,41.0,77.0,0.0,0.0,0.0,0.0,0.0,0.0,42.0,0
41.00_77.00,2021-01-18,41.0,77.0,0.0,0.0,0.0,0.0,0.0,0.0,43.0,0
41.00_77.00,2021-01-25,41.0,77.0,0.0,0.0,0.0,0.0,0.0,0.0,44.0,0
41.00_77.00,2021-02-01,41.0,77.0,0.0,0.0,0.0,0.0,0.0,0.0,45.0,0
41.00_77.00,2021-02-08,41.0,77.0,0.0,0.0,0.0,0.0,0.0,0.0,46.0,0
41.00_77.00,2021-02-15,41.0,77.0,0.0,0.0,0.0,0.0,0.0,0.0,47.0,0
41.00_77.00,2021-02-22,41.0,77.0,0.0,0.0,0.0,0.0,0.0,0.0,48.0,0
41.00_77.00,2021-03-01,41.0,77.0,0.0,0.0,0.0,0.0,0.0,0.0,49.0,0
41.00_77.00,2021-03-08,41.0,77.0,0.0,0.0,0.0,0.0,0.0,0.0,50.0,0
41.00_77.00,2021-03-15,41.0,77.0,0.0,0.0,0.0,0.0,0.0,0.0,51.0,0
41.00_77.00,2021-03-22,41.0,77.0,0.0,0.0,0.0,0.0,0.0,0.0,52.0,0
41.00_77.00,2021-03-29,41.0,77.0,0.0,0.0,0.0,0.0,0.0,0.0,53.0,0
41.00_77.00,2021-04-05,41.0,77.0,0.0,0.0,0.0,0.0,0.0,0.0,54.0,0
41.00_77.00,2021-04-12,41.0,77.0,0.0,0.0,0.0,0.0,0.0,0.0,55.0,0
41.00_77.00,2021-04-19,41.0,77.0,0.0,0.0,0.0,0.0,0.0,0.0,56.0,0
41.00_77.00,2021-04-26,41.0,77.0,0.0,0.0,0.0,0.0,0.0,0.0,57.0,0
41.00_77.00,2021-05-03,41.0,77.0,0.0,0.0,0.0,0.0,0.0,0.0,58.0,0
41.00_77.00,2021-05-10,41.0,77.0,0.0,0.0,0.0,0.0,0.0,0.0,59.0,0
41.00_77.00,2021-05-17,41.0,77.0,0.0,0.0,0.0,0.0,0.0,0.0,60.0,0
41.00_77.00,2021-05-24,41.0,77.0,0.0,0.0,0.0,0.0,0.0,0.0,61.0,0
41.00_77.00,2021-05-31,41.0,77.0,0.0,0.0,0.0,0.0,0.0,0.0,62.0,0
41.00_77.00,2021-06-07,41.0,77.0,0.0,0.0,0.0,0.0,0.0,0.0,63.0,0
41.00_77.00,2021-06-14,41.0,77.0,0.0,0.0,0.0,0.0,0.0,0.0,64.0,0
41.00_77.00,2021-06-21,41.0,77.0,0.0,0.0,0.0,0.0,0.0,0.0,65.0,0
41.00_77.00,2021-06-28,41.0,77.0,0.0,0.0,0.0,0.0,0.0,0.0,66.0,0
41.00_77.00,2021-07-05,41.0,77.0,0.0,0.0,0.0,0.0,0.0,0.0,67.0,0
41.00_77.00,2021-07-12,41.0,77.0,0.0,0.0,0.0,0.0,0.0,0.0,68.0,0
41.00_77.00,2021-07-19,41.0,77.0,0.0,0.0,0.0,0.0,0.0,0.0,69.0,0
41.00_77.00,2021-07-26,41.0,77.0,0.0,0.0,0.0,0.0,0.0,0.0,70.0,0
41.00_77.00,2021-08-02,41.0,77.0,0.0,0.0,0.0,0.0,0.0,0.0,71.0,0
41.00_77.00,2021-08-09,41.0,77.0,0.0,0.0,0.0,0.0,0.0,0.0,72.0,0
41.00_77.00,2021-08-16,41.0,77.0,0.0,0.0,0.0,0.0,0.0,0.0,73.0,0
41.00_77.00,2021-08-23,41.0,77.0,0.0,0.0,0.0,0.0,0.0,0.0,74.0,0
41.00_77.00,2021-08-30,41.0,77.0,0.0,0.0,0.0,0.0,0.0,0.0,75.0,0
41.00_77.00,2021-09-06,41.0,77.0,0.0,0.0,0.0,0.0,0.0,0.0,76.0,0
41.00_77.00,2021-09-13,41.0,77.0,0.0,0.0,0.0,0.0,0.0,0.0,77.0,0
41.00_77.00,2021-09-20,41.0,77.0,0.0,0.0,0.0,0.0,0.0,0.0,78.0,0
41.00_77.00,2021-09-27,41.0,77.0,0.0,0.0,0.0,0.0,0.0,0.0,79.0,0
41.00_77.00,2021-10-04,41.0,77.0,0.0,0.0,0.0,0.0,0.0,0.0,80.0,0
41.00_77.00,2021-10-11,41.0,77.0,0.0,0.0,0.0,0.0,0.0,0.0,81.0,0
41.00_77.00,2021-10-18,41.0,77.0,0.0,0.0,0.0,0.0,0.0,0.0,82.0,0
41.00_77.00,2021-10-25,41.0,77.0,0.0,0.0,0.0,0.0,0.0,0.0,83.0,0
41.00_77.00,2021-11-01,41.0,77.0,0.0,0.0,0.0,0.0,0.0,0.0,84.0,0
41.00_77.00,2021-11-08,41.0,77.0,0.0,0.0,0.0,0.0,0.0,0.0,85.0,0
41.00_77.00,2021-11-15,41.0,77.0,0.0,0.0,0.0,0.0,0.0,0.0,86.0,0
41.00_77.00,2021-11-22,41.0,77.0,0.0,0.0,0.0,0.0,0.0,0.0,87.0,0
41.00_77.00,2021-11-29,41.0,77.0,0.0,0.0,0.0,0.0,0.0,0.0,88.0,0
41.00_77.00,2021-12-06,41.0,77.0,0.0,0.0,0.0,0.0,0.0,0.0,89.0,0
41.00_77.00,2021-12-13,41.0,77.0,0.0,0.0,0.0,0.0,0.0,0.0,90.0,0
41.00_77.00,2021-12-20,41.0,77.0,0.0,0.0,0.0,0.0,0.0,0.0,91.0,0
41.00_77.00,2021-12-27,41.0,77.0,0.0,0.0,0.0,0.0,0.0,0.0,92.0,0
41.00_77.00,2022-01-03,41.0,77.0,0.0,0.0,0.0,0.0,0.0,0.0,93.0,0
41.00_77.00,2022-01-10,41.0,77.0,0.0,0.0,0.0,0.0,0.0,0.0,94.0,0
41.00_77.00,2022-01-17,41.0,77.0,0.0,0.0,0.0,0.0,0.0,0.0,95.0,0
41.00_77.00,2022-01-24,41.0,77.0,0.0,0.0,0.0,0.0,0.0,0.0,96.0,0
41.00_77.00,2022-01-31,41.0,77.0,0.0,0.0,0.0,0.0,0.0,0.0,97.0,0
41.00_77.00,2022-02-07,41.0,77.0,0.0,0.0,0.0,0.0,0.0,0.0,98.0,0
41.00_77.00,2022-02-14,41.0,77.0,0.0,0.0,0.0,0.0,0.0,0.0,99.0,0
41.00_77.00,2022-02-21,41.0,77.0,0.0,0.0,0.0,0.0,0.0,0.0,100.0,0
41.00_77.00,2022-02-28,41.0,77.0,0.0,0.0,0.0,0.0,0.0,0.0,101.0,0
41.00_77.00,2022-03-07,41.0,77.0,0.0,0.0,0.0,0.0,0.0,0.0,102.0,0
41.00_77.00,2022-03-14,41.0,77.0,0.0,0.0,0.0,0.0,0.0,0.0,103.0,0
41.00_77.00,2022-03-21,41.0,77.0,0.0,0.0,0.0,0.0,0.0,0.0,104.0,0
41.00_77.00,2022-03-28,41.0,77.0,0.0,0.0,0.0,0.0,0.0,0.0,105.0,0
41.00_77.00,2022-04-04,41.0,77.0,0.0,0.0,0.0,0.0,0.0,0.0,106.0,0
41.00_77.00,2022-04-11,41.0,77.0,0.0,0.0,0.0,0.0,0.0,0.0,107.0,0
41.00_77.00,2022-04-18,41.0,77.0,0.0,0.0,0.0,0.0,0.0,0.0,108.0,0
41.00_77.00,2022-04-25,41.0,77.0,0.0,0.0,0.0,0.0,0.0,0.0,109.0,0
41.00_77.00,2022-05-02,41.0,77.0,0.0,0.0,0.0,0.0,0.0,0.0,110.0,0
41.00_77.00,2022-05-09,41.0,77.0,0.0,0.0,0.0,0.0,0.0,0.0,111.0,0
41.00_77.00,2022-05-16,41.0,77.0,0.0,0.0,0.0,0.0,0.0,0.0,112.0,0
41.00_77.00,2022-05-23,41.0,77.0,0.0,0.0,0.0,0.0,0.0,0.0,113.0,0
41.00_77.00,2022-05-30,41.0,77.0,0.0,0.0,0.0,0.0,0.0,0.0,114.0,0
41.00_77.00,2022-06-06,41.0,77.0,0.0,0.0,0.0,0.0,0.0,0.0,115.0,0
41.00_77.00,2022-06-13,41.0,77.0,0.0,0.0,0.0,0.0,0.0,0.0,116.0,0
41.00_77.00,2022-06-20,41.0,77.0,0.0,0.0,0.0,0.0,0.0,0.0,117.0,0
41.00_77.00,2022-06-27,41.0,77.0,0.0,0.0,0.0,0.0,0.0,0.0,118.0,1
41.00_77.00,2022-07-04,41.0,77.0,1.0,4.7,4.7,4.7,1.0,11220184.543019652,0.0,0
41.00_77.00,2022-07-11,41.0,77.0,0.0,0.0,0.0,4.7,1.0,11220184.543019652,1.0,0
41.00_77.00,2022-07-18,41.0,77.0,0.0,0.0,0.0,4.7,1.0,11220184.543019652,2.0,0
41.00_77.00,2022-07-25,41.0,77.0,0.0,0.0,0.0,4.7,1.0,11220184.543019652,3.0,0
41.00_77.00,2022-08-01,41.0,77.0,0.0,0.0,0.0,0.0,1.0,11220184.543019652,4.0,0
41.00_77.00,2022-08-08,41.0,77.0,0.0,0.0,0.0,0.0,1.0,11220184.543019652,5.0,0
41.00_77.00,2022-08-15,41.0,77.0,0.0,0.0,0.0,0.0,1.0,11220184.543019652,6.0,0
41.00_77.00,2022-08-22,41.0,77.0,0.0,0.0,0.0,0.0,1.0,11220184.543019652,7.0,0
41.00_77.00,2022-08-29,41.0,77.0,0.0,0.0,0.0,0.0,1.0,0.0,8.0,0
41.00_77.00,2022-09-05,41.0,77.0,0.0,0.0,0.0,0.0,1.0,0.0,9.0,0
41.00_77.00,2022-09-12,41.0,77.0,0.0,0.0,0.0,0.0,1.0,0.0,10.0,0
41.00_77.00,2022-09-19,41.0,77.0,0.0,0.0,0.0,0.0,1.0,0.0,11.0,0
41.00_77.00,2022-09-26,41.0,77.0,0.0,0.0,0.0,0.0,0.0,0.0,12.0,0
41.00_77.00,2022-10-03,41.0,77.0,0.0,0.0,0.0,0.0,0.0,0.0,13.0,0
41.00_77.00,2022-10-10,41.0,77.0,0.0,0.0,0.0,0.0,0.0,0.0,14.0,0
41.00_77.00,2022-10-17,41.0,77.0,0.0,0.0,0.0,0.0,0.0,0.0,15.0,0
41.00_77.00,2022-10-24,41.0,77.0,0.0,0.0,0.0,0.0,0.0,0.0,16.0,0
41.00_77.00,2022-10-31,41.0,77.0,0.0,0.0,0.0,0.0,0.0,0.0,17.0,0
41.00_77.00,2022-11-07,41.0,77.0,0.0,0.0,0.0,0.0,0.0,0.0,18.0,0
41.00_77.00,2022-11-14,41.0,77.0,0.0,0.0,0.0,0.0,0.0,0.0,19.0,0
41.00_77.00,2022-11-21,41.0,77.0,0.0,0.0,0.0,0.0,0.0,0.0,20.0,0
41.00_77.00,2022-11-28,41.0,77.0,0.0,0.0,0.0,0.0,0.0,0.0,21.0,0
41.00_77.00,2022-12-05,41.0,77.0,0.0,0.0,0.0,0.0,0.0,0.0,22.0,0
41.00_77.00,2022-12-12,41.0,77.0,0.0,0.0,0.0,0.0,0.0,0.0,23.0,0
41.00_77.00,2022-12-19,41.0,77.0,0.0,0.0,0.0,0.0,0.0,0.0,24.0,0
41.00_77.00,2022-12-26,41.0,77.0,0.0,0.0,0.0,0.0,0.0,0.0,25.0,1
41.00_77.00,2023-01-02,41.0,77.0,1.0,5.1,5.1,5.1,1.0,44668359.21509626,0.0,0
41.00_77.00,2023-01-09,41.0,77.0,0.0,0.0,0.0,5.1,1.0,44668359.21509626,1.0,0
41.00_77.00,2023-01-16,41.0,77.0,0.0,0.0,0.0,5.1,1.0,44668359.21509626,2.0,0
41.00_77.00,2023-01-23,41.0,77.0,0.0,0.0,0.0,5.1,1.0,44668359.21509626,3.0,1
41.00_77.00,2023-01-30,41.0,77.0,1.0,4.6,4.6,4.6,2.0,52611641.56233906,0.0,0
41.00_77.00,2023-02-06,41.0,77.0,0.0,0.0,0.0,4.6,2.0,52611641.56233906,1.0,0
41.00_77.00,2023-02-13,41.0,77.0,0.0,0.0,0.0,4.6,2.0,52611641.56233906,2.0,0
41.00_77.00,2023-02-20,41.0,77.0,0.0,0.0,0.0,4.6,2.0,52611641.56233906,3.0,2
41.00_77.00,2023-02-27,41.0,77.0,2.0,5.1,4.9,5.1,4.0,74998852.94802248,0.0,0
41.00_77.00,2023-03-06,41.0,77.0,0.0,0.0,0.0,5.1,4.0,74998852.94802248,1.0,0
41.00_77.00,2023-03-13,41.0,77.0,0.0,0.0,0.0,5.1,4.0,74998852.94802248,2.0,0
41.00_77.00,2023-03-20,41.0,77.0,0.0,0.0,0.0,5.1,4.0,74998852.94802248,3.0,0
41.00_77.00,2023-03-27,41.0,77.0,0.0,0.0,0.0,0.0,3.0,67055570.60077968,4.0,0
41.00_77.00,2023-04-03,41.0,77.0,0.0,0.0,0.0,0.0,3.0,67055570.60077968,5.0,0
41.00_77.00,2023-04-10,41.0,77.0,0.0,0.0,0.0,0.0,3.0,67055570.60077968,6.0,0
41.00_77.00,2023-04-17,41.0,77.0,0.0,0.0,0.0,0.0,3.0,67055570.60077968,7.0,0
41.00_77.00,2023-04-24,41.0,77.0,0.0,0.0,0.0,0.0,2.0,0.0,8.0,0
41.00_77.00,2023-05-01,41.0,77.0,0.0,0.0,0.0,0.0,2.0,0.0,9.0,0
41.00_77.00,2023-05-08,41.0,77.0,0.0,0.0,0.0,0.0,2.0,0.0,10.0,0
41.00_77.00,2023-05-15,41.0,77.0,0.0,0.0,0.0,0.0,2.0,0.0,11.0,0
41.00_77.00,2023-05-22,41.0,77.0,0.0,0.0,0.0,0.0,0.0,0.0,12.0,0
41.00_77.00,2023-05-29,41.0,77.0,0.0,0.0,0.0,0.0,0.0,0.0,13.0,0
41.00_77.00,2023-06-05,41.0,77.0,0.0,0.0,0.0,0.0,0.0,0.0,14.0,0
41.00_77.00,2023-06-12,41.0,77.0,0.0,0.0,0.0,0.0,0.0,0.0,15.0,0
41.00_77.00,2023-06-19,41.0,77.0,0.0,0.0,0.0,0.0,0.0,0.0,16.0,0
41.00_77.00,2023-06-26,41.0,77.0,0.0,0.0,0.0,0.0,0.0,0.0,17.0,0
41.00_77.00,2023-07-03,41.0,77.0,0.0,0.0,0.0,0.0,0.0,0.0,18.0,0
41.00_77.00,2023-07-10,41.0,77.0,0.0,0.0,0.0,0.0,0.0,0.0,19.0,0
41.00_77.00,2023-07-17,41.0,77.0,0.0,0.0,0.0,0.0,0.0,0.0,20.0,0
41.00_77.00,2023-07-24,41.0,77.0,0.0,0.0,0.0,0.0,0.0,0.0,21.0,0
41.00_77.00,2023-07-31,41.0,77.0,0.0,0.0,0.0,0.0,0.0,0.0,22.0,0
41.00_77.00,2023-08-07,41.0,77.0,0.0,0.0,0.0,0.0,0.0,0.0,23.0,0
41.00_77.00,2023-08-14,41.0,77.0,0.0,0.0,0.0,0.0,0.0,0.0,24.0,0
41.00_77.00,2023-08-21,41.0,77.0,0.0,0.0,0.0,0.0,0.0,0.0,25.0,0
41.00_77.00,2023-08-28,41.0,77.0,0.0,0.0,0.0,0.0,0.0,0.0,26.0,0
41.00_77.00,2023-09-04,41.0,77.0,0.0,0.0,0.0,0.0,0.0,0.0,27.0,0
41.00_77.00,2023-09-11,41.0,77.0,0.0,0.0,0.0,0.0,0.0,0.0,28.0,0
41.00_77.00,2023-09-18,41.0,77.0,0.0,0.0,0.0,0.0,0.0,0.0,29.0,0
41.00_77.00,2023-09-25,41.0,77.0,0.0,0.0,0.0,0.0,0.0,0.0,30.0,0
41.00_77.00,2023-10-02,41.0,77.0,0.0,0.0,0.0,0.0,0.0,0.0,31.0,0
41.00_77.00,2023-10-09,41.0,77.0,0.0,0.0,0.0,0.0,0.0,0.0,32.0,0
41.00_77.00,2023-10-16,41.0,77.0,0.0,0.0,0.0,0.0,0.0,0.0,33.0,0
41.00_77.00,2023-10-23,41.0,77.0,0.0,0.0,0.0,0.0,0.0,0.0,34.0,0
41.00_77.00,2023-10-30,41.0,77.0,0.0,0.0,0.0,0.0,0.0,0.0,35.0,0
41.00_77.00,2023-11-06,41.0,77.0,0.0,0.0,0.0,0.0,0.0,0.0,36.0,0
41.00_77.00,2023-11-13,41.0,77.0,0.0,0.0,0.0,0.0,0.0,0.0,37.0,0
41.00_77.00,2023-11-20,41.0,77.0,0.0,0.0,0.0,0.0,0.0,0.0,38.0,0
41.00_77.00,2023-11-27,41.0,77.0,0.0,0.0,0.0,0.0,0.0,0.0,39.0,0
41.00_77.00,2023-12-04,41.0,77.0,0.0,0.0,0.0,0.0,0.0,0.0,40.0,0
41.00_77.00,2023-12-11,41.0,77.0,0.0,0.0,0.0,0.0,0.0,0.0,41.0,0
41.00_77.00,2023-12-18,41.0,77.0,0.0,0.0,0.0,0.0,0.0,0.0,42.0,0
41.00_77.00,2023-12-25,41.0,77.0,0.0,0.0,0.0,0.0,0.0,0.0,43.0,0
41.00_80.00,2010-03-22,41.0,80.0,0.0,0.0,0.0,0.0,0.0,0.0,500.0,0
41.00_80.00,2010-03-29,41.0,80.0,0.0,0.0,0.0,0.0,0.0,0.0,500.0,0
41.00_80.00,2010-04-05,41.0,80.0,0.0,0.0,0.0,0.0,0.0,0.0,500.0,0
41.00_80.00,2010-04-12,41.0,80.0,0.0,0.0,0.0,0.0,0.0,0.0,500.0,0
41.00_80.00,2010-04-19,41.0,80.0,0.0,0.0,0.0,0.0,0.0,0.0,500.0,0
41.00_80.00,2010-04-26,41.0,80.0,0.0,0.0,0.0,0.0,0.0,0.0,500.0,0
41.00_80.00,2010-05-03,41.0,80.0,0.0,0.0,0.0,0.0,0.0,0.0,500.0,0
41.00_80.00,2010-05-10,41.0,80.0,0.0,0.0,0.0,0.0,0.0,0.0,500.0,0
41.00_80.00,2010-05-17,41.0,80.0,0.0,0.0,0.0,0.0,0.0,0.0,500.0,0
41.00_80.00,2010-05-24,41.0,80.0,0.0,0.0,0.0,0.0,0.0,0.0,500.0,0
41.00_80.00,2010-05-31,41.0,80.0,0.0,0.0,0.0,0.0,0.0,0.0,500.0,0
41.00_80.00,2010-06-07,41.0,80.0,0.0,0.0,0.0,0.0,0.0,0.0,500.0,0
41.00_80.00,2010-06-14,41.0,80.0,0.0,0.0,0.0,0.0,0.0,0.0,500.0,0
41.00_80.00,2010-06-21,41.0,80.0,0.0,0.0,0.0,0.0,0.0,0.0,500.0,1
41.00_80.00,2010-06-28,41.0,80.0,1.0,4.6,4.6,4.6,1.0,7943282.347242805,0.0,0
41.00_80.00,2010-07-05,41.0,80.0,0.0,0.0,0.0,4.6,1.0,7943282.347242805,1.0,0
41.00_80.00,2010-07-12,41.0,80.0,0.0,0.0,0.0,4.6,1.0,7943282.347242805,2.0,0
41.00_80.00,2010-07-19,41.0,80.0,0.0,0.0,0.0,4.6,1.0,7943282.347242805,3.0,0
41.00_80.00,2010-07-26,41.0,80.0,0.0,0.0,0.0,0.0,1.0,7943282.347242805,4.0,0
41.00_80.00,2010-08-02,41.0,80.0,0.0,0.0,0.0,0.0,1.0,7943282.347242805,5.0,0
41.00_80.00,2010-08-09,41.0,80.0,0.0,0.0,0.0,0.0,1.0,7943282.347242805,6.0,1
41.00_80.00,2010-08-16,41.0,80.0,1.0,4.5,4.5,4.5,2.0,13566695.599146295,0.0,0
41.00_80.00,2010-08-23,41.0,80.0,0.0,0.0,0.0,4.5,2.0,5623413.251903491,1.0,0
41.00_80.00,2010-08-30,41.0,80.0,0.0,0.0,0.0,4.5,2.0,5623413.251903491,2.0,0
41.00_80.00,2010-09-06,41.0,80.0,0.0,0.0,0.0,4.5,2.0,5623413.251903491,3.0,0
41.00_80.00,2010-09-13,41.0,80.0,0.0,0.0,0.0,0.0,2.0,5623413.251903491,4.0,0
41.00_80.00,2010-09-20,41.0,80.0,0.0,0.0,0.0,0.0,1.0,5623413.251903491,5.0,0
41.00_80.00,2010-09-27,41.0,80.0,0.0,0.0,0.0,0.0,1.0,5623413.251903491,6.0,0
41.00_80.00,2010-10-04,41.0,80.0,0.0,0.0,0.0,0.0,1.0,5623413.251903491,7.0,0
41.00_80.00,2010-10-11,41.0,80.0,0.0,0.0,0.0,0.0,1.0,0.0,8.0,0
41.00_80.00,2010-10-18,41.0,80.0,0.0,0.0,0.0,0.0,1.0,0.0,9.0,0
41.00_80.00,2010-10-25,41.0,80.0,0.0,0.0,0.0,0.0,1.0,0.0,10.0,0
41.00_80.00,2010-11-01,41.0,80.0,0.0,0.0,0.0,0.0,1.0,0.0,11.0,0
41.00_80.00,2010-11-08,41.0,80.0,0.0,0.0,0.0,0.0,0.0,0.0,12.0,0
41.00_80.00,2010-11-15,41.0,80.0,0.0,0.0,0.0,0.0,0.0,0.0,13.0,0
41.00_80.00,2010-11-22,41.0,80.0,0.0,0.0,0.0,0.0,0.0,0.0,14.0,0
41.00_80.00,2010-11-29,41.0,80.0,0.0,0.0,0.0,0.0,0.0,0.0,15.0,0
41.00_80.00,2010-12-06,41.0,80.0,0.0,0.0,0.0,0.0,0.0,0.0,16.0,0
41.00_80.00,2010-12-13,41.0,80.0,0.0,0.0,0.0,0.0,0.0,0.0,17.0,0
41.00_80.00,2010-12-20,41.0,80.0,0.0,0.0,0.0,0.0,0.0,0.0,18.0,0
41.00_80.00,2010-12-27,41.0,80.0,0.0,0.0,0.0,0.0,0.0,0.0,19.0,0
41.00_80.00,2011-01-03,41.0,80.0,0.0,0.0,0.0,0.0,0.0,0.0,20.0,0
41.00_80.00,2011-01-10,41.0,80.0,0.0,0.0,0.0,0.0,0.0,0.0,21.0,0
41.00_80.00,2011-01-17,41.0,80.0,0.0,0.0,0.0,0.0,0.0,0.0,22.0,0
41.00_80.00,2011-01-24,41.0,80.0,0.0,0.0,0.0,0.0,0.0,0.0,23.0,0
41.00_80.00,2011-01-31,41.0,80.0,0.0,0.0,0.0,0.0,0.0,0.0,24.0,0
41.00_80.00,2011-02-07,41.0,80.0,0.0,0.0,0.0,0.0,0.0,0.0,25.0,0
41.00_80.00,2011-02-14,41.0,80.0,0.0,0.0,0.0,0.0,0.0,0.0,26.0,0
41.00_80.00,2011-02-21,41.0,80.0,0.0,0.0,0.0,0.0,0.0,0.0,27.0,0
41.00_80.00,2011-02-28,41.0,80.0,0.0,0.0,0.0,0.0,0.0,0.0,28.0,0
41.00_80.00,2011-03-07,41.0,80.0,0.0,0.0,0.0,0.0,0.0,0.0,29.0,0
41.00_80.00,2011-03-14,41.0,80.0,0.0,0.0,0.0,0.0,0.0,0.0,30.0,0
41.00_80.00,2011-03-21,41.0,80.0,0.0,0.0,0.0,0.0,0.0,0.0,31.0,0
41.00_80.00,2011-03-28,41.0,80.0,0.0,0.0,0.0,0.0,0.0,0.0,32.0,0
41.00_80.00,2011-04-04,41.0,80.0,0.0,0.0,0.0,0.0,0.0,0.0,33.0,0
41.00_80.00,2011-04-11,41.0,80.0,0.0,0.0,0.0,0.0,0.0,0.0,34.0,0
41.00_80.00,2011-04-18,41.0,80.0,0.0,0.0,0.0,0.0,0.0,0.0,35.0,0
41.00_80.00,2011-04-25,41.0,80.0,0.0,0.0,0.0,0.0,0.0,0.0,36.0,0
41.00_80.00,2011-05-02,41.0,80.0,0.0,0.0,0.0,0.0,0.0,0.0,37.0,0
41.00_80.00,2011-05-09,41.0,80.0,0.0,0.0,0.0,0.0,0.0,0.0,38.0,1
41.00_80.00,2011-05-16,41.0,80.0,1.0,4.8,4.8,4.8,1.0,15848931.924611108,0.0,1
41.00_80.00,2011-05-23,41.0,80.0,1.0,4.9,4.9,4.9,2.0,38236143.31029453,0.0,3
41.00_80.00,2011-05-30,41.0,80.0,3.0,4.7,4.5,4.9,5.0,60703154.35712117,0.0,0
41.00_80.00,2011-06-06,41.0,80.0,0.0,0.0,0.0,4.9,5.0,60703154.35712117,1.0,0
41.00_80.00,2011-06-13,41.0,80.0,0.0,0.0,0.0,4.9,5.0,60703154.35712117,2.0,0
41.00_80.00,2011-06-20,41.0,80.0,0.0,0.0,0.0,4.7,5.0,60703154.35712117,3.0,0
41.00_80.00,2011-06-27,41.0,80.0,0.0,0.0,0.0,0.0,5.0,60703154.35712117,4.0,0
41.00_80.00,2011-07-04,41.0,80.0,0.0,0.0,0.0,0.0,5.0,60703154.35712117,5.0,0
41.00_80.00,2011-07-11,41.0,80.0,0.0,0.0,0.0,0.0,5.0,44854222.43251006,6.0,2
41.00_80.00,2011-07-18,41.0,80.0,2.0,4.5,4.5,4.5,7.0,33713837.55063362,0.0,0
41.00_80.00,2011-07-25,41.0,80.0,0.0,0.0,0.0,4.5,7.0,11246826.503806982,1.0,0
41.00_80.00,2011-08-01,41.0,80.0,0.0,0.0,0.0,4.5,7.0,11246826.503806982,2.0,0
41.00_80.00,2011-08-08,41.0,80.0,0.0,0.0,0.0,4.5,6.0,11246826.503806982,3.0,0
41.00_80.00,2011-08-15,41.0,80.0,0.0,0.0,0.0,0.0,5.0,11246826.503806982,4.0,0
41.00_80.00,2011-08-22,41.0,80.0,0.0,0.0,0.0,0.0,2.0,11246826.503806982,5.0,0
41.00_80.00,2011-08-29,41.0,80.0,0.0,0.0,0.0,0.0,2.0,11246826.503806982,6.0,0
41.00_80.00,2011-09-05,41.0,80.0,0.0,0.0,0.0,0.0,2.0,11246826.503806982,7.0,0
41.00_80.00,2011-09-12,41.0,80.0,0.0,0.0,0.0,0.0,2.0,0.0,8.0,0
41.00_80.00,2011-09-19,41.0,80.0,0.0,0.0,0.0,0.0,2.0,0.0,9.0,0
41.00_80.00,2011-09-26,41.0,80.0,0.0,0.0,0.0,0.0,2.0,0.0,10.0,0
41.00_80.00,2011-10-03,41.0,80.0,0.0,0.0,0.0,0.0,2.0,0.0,11.0,0
41.00_80.00,2011-10-10,41.0,80.0,0.0,0.0,0.0,0.0,0.0,0.0,12.0,0
41.00_80.00,2011-10-17,41.0,80.0,0.0,0.0,0.0,0.0,0.0,0.0,13.0,0
41.00_80.00,2011-10-24,41.0,80.0,0.0,0.0,0.0,0.0,0.0,0.0,14.0,0
41.00_80.00,2011-10-31,41.0,80.0,0.0,0.0,0.0,0.0,0.0,0.0,15.0,1
41.00_80.00,2011-11-07,41.0,80.0,1.0,5.6,5.6,5.6,1.0,251188643.1509572,0.0,0
41.00_80.00,2011-11-14,41.0,80.0,0.0,0.0,0.0,5.6,1.0,251188643.1509572,1.0,0
41.00_80.00,2011-11-21,41.0,80.0,0.0,0.0,0.0,5.6,1.0,251188643.1509572,2.0,0
41.00_80.00,2011-11-28,41.0,80.0,0.0,0.0,0.0,5.6,1.0,251188643.1509572,3.0,0
41.00_80.00,2011-12-05,41.0,80.0,0.0,0.0,0.0,0.0,1.0,251188643.1509572,4.0,0
41.00_80.00,2011-12-12,41.0,80.0,0.0,0.0,0.0,0.0,1.0,251188643.1509572,5.0,0
41.00_80.00,2011-12-19,41.0,80.0,0.0,0.0,0.0,0.0,1.0,251188643.1509572,6.0,0
41.00_80.00,2011-12-26,41.0,80.0,0.0,0.0,0.0,0.0,1.0,251188643.1509572,7.0,0
41.00_80.00,2012-01-02,41.0,80.0,0.0,0.0,0.0,0.0,1.0,0.0,8.0,0
41.00_80.00,2012-01-09,41.0,80.0,0.0,0.0,0.0,0.0,1.0,0.0,9.0,0
41.00_80.00,2012-01-16,41.0,80.0,0.0,0.0,0.0,0.0,1.0,0.0,10.0,0
41.00_80.00,2012-01-23,41.0,80.0,0.0,0.0,0.0,0.0,1.0,0.0,11.0,0
41.00_80.00,2012-01-30,41.0,80.0,0.0,0.0,0.0,0.0,0.0,0.0,12.0,0
41.00_80.00,2012-02-06,41.0,80.0,0.0,0.0,0.0,0.0,0.0,0.0,13.0,0
41.00_80.00,2012-02-13,41.0,80.0,0.0,0.0,0.0,0.0,0.0,0.0,14.0,0
41.00_80.00,2012-02-20,41.0,80.0,0.0,0.0,0.0,0.0,0.0,0.0,15.0,0
41.00_80.00,2012-02-27,41.0,80.0,0.0,0.0,0.0,0.0,0.0,0.0,16.0,0
41.00_80.00,2012-03-05,41.0,80.0,0.0,0.0,0.0,0.0,0.0,0.0,17.0,0
41.00_80.00,2012-03-12,41.0,80.0,0.0,0.0,0.0,0.0,0.0,0.0,18.0,0
41.00_80.00,2012-03-19,41.0,80.0,0.0,0.0,0.0,0.0,0.0,0.0,19.0,0
41.00_80.00,2012-03-26,41.0,80.0,0.0,0.0,0.0,0.0,0.0,0.0,20.0,0
41.00_80.00,2012-04-02,41.0,80.0,0.0,0.0,0.0,0.0,0.0,0.0,21.0,0
41.00_80.00,2012-04-09,41.0,80.0,0.0,0.0,0.0,0.0,0.0,0.0,22.0,0
41.00_80.00,2012-04-16,41.0,80.0,0.0,0.0,0.0,0.0,0.0,0.0,23.0,0
41.00_80.00,2012-04-23,41.0,80.0,0.0,0.0,0.0,0.0,0.0,0.0,24.0,0
41.00_80.00,2012-04-30,41.0,80.0,0.0,0.0,0.0,0.0,0.0,0.0,25.0,0
41.00_80.00,2012-05-07,41.0,80.0,0.0,0.0,0.0,0.0,0.0,0.0,26.0,0
41.00_80.00,2012-05-14,41.0,80.0,0.0,0.0,0.0,0.0,0.0,0.0,27.0,0
41.00_80.00,2012-05-21,41.0,80.0,0.0,0.0,0.0,0.0,0.0,0.0,28.0,0
41.00_80.00,2012-05-28,41.0,80.0,0.0,0.0,0.0,0.0,0.0,0.0,29.0,0
41.00_80.00,2012-06-04,41.0,80.0,0.0,0.0,0.0,0.0,0.0,0.0,30.0,0
41.00_80.00,2012-06-11,41.0,80.0,0.0,0.0,0.0,0.0,0.0,0.0,31.0,0
41.00_80.00,2012-06-18,41.0,80.0,0.0,0.0,0.0,0.0,0.0,0.0,32.0,0
41.00_80.00,2012-06-25,41.0,80.0,0.0,0.0,0.0,0.0,0.0,0.0,33.0,0
41.00_80.00,2012-07-02,41.0,80.0,0.0,0.0,0.0,0.0,0.0,0.0,34.0,0
41.00_80.00,2012-07-09,41.0,80.0,0.0,0.0,0.0,0.0,0.0,0.0,35.0,0
41.00_80.00,2012-07-16,41.0,80.0,0.0,0.0,0.0,0.0,0.0,0.0,36.0,1
41.00_80.00,2012-07-23,41.0,80.0,1.0,4.5,4.5,4.5,1.0,5623413.251903491,0.0,0
41.00_80.00,2012-07-30,41.0,80.0,0.0,0.0,0.0,4.5,1.0,5623413.251903491,1.0,0
41.00_80.00,2012-08-06,41.0,80.0,0.0,0.0,0.0,4.5,1.0,5623413.251903491,2.0,0
41.00_80.00,2012-08-13,41.0,80.0,0.0,0.0,0.0,4.5,1.0,5623413.251903491,3.0,0
41.00_80.00,2012-08-20,41.0,80.0,0.0,0.0,0.0,0.0,1.0,5623413.251903491,4.0,0
41.00_80.00,2012-08-27,41.0,80.0,0.0,0.0,0.0,0.0,1.0,5623413.251903491,5.0,0
41.00_80.00,2012-09-03,41.0,80.0,0.0,0.0,0.0,0.0,1.0,5623413.251903491,6.0,0
41.00_80.00,2012-09-10,41.0,80.0,0.0,0.0,0.0,0.0,1.0,5623413.251903491,7.0,1
41.00_80.00,2012-09-17,41.0,80.0,1.0,5.0,5.0,5.0,2.0,31622776.60168379,0.0,0
41.00_80.00,2012-09-24,41.0,80.0,0.0,0.0,0.0,5.0,2.0,31622776.60168379,1.0,1
41.00_80.00,2012-10-01,41.0,80.0,1.0,4.7,4.7,5.0,3.0,42842961.14470345,0.0,0
41.00_80.00,2012-10-08,41.0,80.0,0.0,0.0,0.0,5.0,3.0,42842961.14470345,1.0,0
41.00_80.00,2012-10-15,41.0,80.0,0.0,0.0,0.0,4.7,2.0,42842961.14470345,2.0,0
41.00_80.00,2012-10-22,41.0,80.0,0.0,0.0,0.0,4.7,2.0,42842961.14470345,3.0,0
41.00_80.00,2012-10-29,41.0,80.0,0.0,0.0,0.0,0.0,2.0,42842961.14470345,4.0,0
41.00_80.00,2012-11-05,41.0,80.0,0.0,0.0,0.0,0.0,2.0,42842961.14470345,5.0,0
41.00_80.00,2012-11-12,41.0,80.0,0.0,0.0,0.0,0.0,2.0,11220184.543019652,6.0,0
41.00_80.00,2012-11-19,41.0,80.0,0.0,0.0,0.0,0.0,2.0,11220184.543019652,7.0,0
41.00_80.00,2012-11-26,41.0,80.0,0.0,0.0,0.0,0.0,2.0,0.0,8.0,0
41.00_80.00,2012-12-03,41.0,80.0,0.0,0.0,0.0,0.0,2.0,0.0,9.0,0
41.00_80.00,2012-12-10,41.0,80.0,0.0,0.0,0.0,0.0,1.0,0.0,10.0,0
41.00_80.00,2012-12-17,41.0,80.0,0.0,0.0,0.0,0.0,1.0,0.0,11.0,0
41.00_80.00,2012-12-24,41.0,80.0,0.0,0.0,0.0,0.0,0.0,0.0,12.0,0
41.00_80.00,2012-12-31,41.0,80.0,0.0,0.0,0.0,0.0,0.0,0.0,13.0,0
41.00_80.00,2013-01-07,41.0,80.0,0.0,0.0,0.0,0.0,0.0,0.0,14.0,0
41.00_80.00,2013-01-14,41.0,80.0,0.0,0.0,0.0,0.0,0.0,0.0,15.0,0
41.00_80.00,2013-01-21,41.0,80.0,0.0,0.0,0.0,0.0,0.0,0.0,16.0,0
41.00_80.00,2013-01-28,41.0,80.0,0.0,0.0,0.0,0.0,0.0,0.0,17.0,0
41.00_80.00,2013-02-04,41.0,80.0,0.0,0.0,0.0,0.0,0.0,0.0,18.0,0
41.00_80.00,2013-02-11,41.0,80.0,0.0,0.0,0.0,0.0,0.0,0.0,19.0,0
41.00_80.00,2013-02-18,41.0,80.0,0.0,0.0,0.0,0.0,0.0,0.0,20.0,0
41.00_80.00,2013-02-25,41.0,80.0,0.0,0.0,0.0,0.0,0.0,0.0,21.0,0
41.00_80.00,2013-03-04,41.0,80.0,0.0,0.0,0.0,0.0,0.0,0.0,22.0,0
41.00_80.00,2013-03-11,41.0,80.0,0.0,0.0,0.0,0.0,0.0,0.0,23.0,0
41.00_80.00,2013-03-18,41.0,80.0,0.0,0.0,0.0,0.0,0.0,0.0,24.0,0
41.00_80.00,2013-03-25,41.0,80.0,0.0,0.0,0.0,0.0,0.0,0.0,25.0,0
41.00_80.00,2013-04-01,41.0,80.0,0.0,0.0,0.0,0.0,0.0,0.0,26.0,0
41.00_80.00,2013-04-08,41.0,80.0,0.0,0.0,0.0,0.0,0.0,0.0,27.0,0
41.00_80.00,2013-04-15,41.0,80.0,0.0,0.0,0.0,0.0,0.0,0.0,28.0,0
41.00_80.00,2013-04-22,41.0,80.0,0.0,0.0,0.0,0.0,0.0,0.0,29.0,0
41.00_80.00,2013-04-29,41.0,80.0,0.0,0.0,0.0,0.0,0.0,0.0,30.0,0
41.00_80.00,2013-05-06,41.0,80.0,0.0,0.0,0.0,0.0,0.0,0.0,31.0,0
41.00_80.00,2013-05-13,41.0,80.0,0.0,0.0,0.0,0.0,0.0,0.0,32.0,0
41.00_80.00,2013-05-20,41.0,80.0,0.0,0.0,0.0,0.0,0.0,0.0,33.0,0
41.00_80.00,2013-05-27,41.0,80.0,0.0,0.0,0.0,0.0,0.0,0.0,34.0,0
41.00_80.00,2013-06-03,41.0,80.0,0.0,0.0,0.0,0.0,0.0,0.0,35.0,1
41.00_80.00,2013-06-10,41.0,80.0,1.0,4.5,4.5,4.5,1.0,5623413.251903491,0.0,0
41.00_80.00,2013-06-17,41.0,80.0,0.0,0.0,0.0,4.5,1.0,5623413.251903491,1.0,0
41.00_80.00,2013-06-24,41.0,80.0,0.0,0.0,0.0,4.5,1.0,5623413.251903491,2.0,0
41.00_80.00,2013-07-01,41.0,80.0,0.0,0.0,0.0,4.5,1.0,5623413.251903491,3.0,0
41.00_80.00,2013-07-08,41.0,80.0,0.0,0.0,0.0,0.0,1.0,5623413.251903491,4.0,0
41.00_80.00,2013-07-15,41.0,80.0,0.0,0.0,0.0,0.0,1.0,5623413.251903491,5.0,0
41.00_80.00,2013-07-22,41.0,80.0,0.0,0.0,0.0,0.0,1.0,5623413.251903491,6.0,0
41.00_80.00,2013-07-29,41.0,80.0,0.0,0.0,0.0,0.0,1.0,5623413.251903491,7.0,0
41.00_80.00,2013-08-05,41.0,80.0,0.0,0.0,0.0,0.0,1.0,0.0,8.0,0
41.00_80.00,2013-08-12,41.0,80.0,0.0,0.0,0.0,0.0,1.0,0.0,9.0,0
41.00_80.00,2013-08-19,41.0,80.0,0.0,0.0,0.0,0.0,1.0,0.0,10.0,0
41.00_80.00,2013-08-26,41.0,80.0,0.0,0.0,0.0,0.0,1.0,0.0,11.0,0
41.00_80.00,2013-09-02,41.0,80.0,0.0,0.0,0.0,0.0,0.0,0.0,12.0,0
41.00_80.00,2013-09-09,41.0,80.0,0.0,0.0,0.0,0.0,0.0,0.0,13.0,0
41.00_80.00,2013-09-16,41.0,80.0,0.0,0.0,0.0,0.0,0.0,0.0,14.0,0
41.00_80.00,2013-09-23,41.0,80.0,0.0,0.0,0.0,0.0,0.0,0.0,15.0,0
41.00_80.00,2013-09-30,41.0,80.0,0.0,0.0,0.0,0.0,0.0,0.0,16.0,0
41.00_80.00,2013-10-07,41.0,80.0,0.0,0.0,0.0,0.0,0.0,0.0,17.0,0
41.00_80.00,2013-10-14,41.0,80.0,0.0,0.0,0.0,0.0,0.0,0.0,18.0,0
41.00_80.00,2013-10-21,41.0,80.0,0.0,0.0,0.0,0.0,0.0,0.0,19.0,0
41.00_80.00,2013-10-28,41.0,80.0,0.0,0.0,0.0,0.0,0.0,0.0,20.0,0
41.00_80.00,2013-11-04,41.0,80.0,0.0,0.0,0.0,0.0,0.0,0.0,21.0,0
41.00_80.00,2013-11-11,41.0,80.0,0.0,0.0,0.0,0.0,0.0,0.0,22.0,0
41.00_80.00,2013-11-18,41.0,80.0,0.0,0.0,0.0,0.0,0.0,0.0,23.0,0
41.00_80.00,2013-11-25,41.0,80.0,0.0,0.0,0.0,0.0,0.0,0.0,24.0,0
41.00_80.00,2013-12-02,41.0,80.0,0.0,0.0,0.0,0.0,0.0,0.0,25.0,0
41.00_80.00,2013-12-09,41.0,80.0,0.0,0.0,0.0,0.0,0.0,0.0,26.0,0
41.00_80.00,2013-12-16,41.0,80.0,0.0,0.0,0.0,0.0,0.0,0.0,27.0,0
41.00_80.00,2013-12-23,41.0,80.0,0.0,0.0,0.0,0.0,0.0,0.0,28.0,0
41.00_80.00,2013-12-30,41.0,80.0,0.0,0.0,0.0,0.0,0.0,0.0,29.0,0
41.00_80.00,2014-01-06,41.0,80.0,0.0,0.0,0.0,0.0,0.0,0.0,30.0,0
41.00_80.00,2014-01-13,41.0,80.0,0.0,0.0,0.0,0.0,0.0,0.0,31.0,0
41.00_80.00,2014-01-20,41.0,80.0,0.0,0.0,0.0,0.0,0.0,0.0,32.0,0
41.00_80.00,2014-01-27,41.0,80.0,0.0,0.0,0.0,0.0,0.0,0.0,33.0,0
41.00_80.00,2014-02-03,41.0,80.0,0.0,0.0,0.0,0.0,0.0,0.0,34.0,0
41.00_80.00,2014-02-10,41.0,80.0,0.0,0.0,0.0,0.0,0.0,0.0,35.0,0
41.00_80.00,2014-02-17,41.0,80.0,0.0,0.0,0.0,0.0,0.0,0.0,36.0,0
41.00_80.00,2014-02-24,41.0,80.0,0.0,0.0,0.0,0.0,0.0,0.0,37.0,0
41.00_80.00,2014-03-03,41.0,80.0,0.0,0.0,0.0,0.0,0.0,0.0,38.0,0
41.00_80.00,2014-03-10,41.0,80.0,0.0,0.0,0.0,0.0,0.0,0.0,39.0,0
41.00_80.00,2014-03-17,41.0,80.0,0.0,0.0,0.0,0.0,0.0,0.0,40.0,0
41.00_80.00,2014-03-24,41.0,80.0,0.0,0.0,0.0,0.0,0.0,0.0,41.0,0
41.00_80.00,2014-03-31,41.0,80.0,0.0,0.0,0.0,0.0,0.0,0.0,42.0,0
41.00_80.00,2014-04-07,41.0,80.0,0.0,0.0,0.0,0.0,0.0,0.0,43.0,0
41.00_80.00,2014-04-14,41.0,80.0,0.0,0.0,0.0,0.0,0.0,0.0,44.0,0
41.00_80.00,2014-04-21,41.0,80.0,0.0,0.0,0.0,0.0,0.0,0.0,45.0,0
41.00_80.00,2014-04-28,41.0,80.0,0.0,0.0,0.0,0.0,0.0,0.0,46.0,0
41.00_80.00,2014-05-05,41.0,80.0,0.0,0.0,0.0,0.0,0.0,0.0,47.0,0
41.00_80.00,2014-05-12,41.0,80.0,0.0,0.0,0.0,0.0,0.0,0.0,48.0,0
41.00_80.00,2014-05-19,41.0,80.0,0.0,0.0,0.0,0.0,0.0,0.0,49.0,0
41.00_80.00,2014-05-26,41.0,80.0,0.0,0.0,0.0,0.0,0.0,0.0,50.0,0
41.00_80.00,2014-06-02,41.0,80.0,0.0,0.0,0.0,0.0,0.0,0.0,51.0,0
41.00_80.00,2014-06-09,41.0,80.0,0.0,0.0,0.0,0.0,0.0,0.0,52.0,0
41.00_80.00,2014-06-16,41.0,80.0,0.0,0.0,0.0,0.0,0.0,0.0,53.0,0
41.00_80.00,2014-06-23,41.0,80.0,0.0,0.0,0.0,0.0,0.0,0.0,54.0,0
41.00_80.00,2014-06-30,41.0,80.0,0.0,0.0,0.0,0.0,0.0,0.0,55.0,0
41.00_80.00,2014-07-07,41.0,80.0,0.0,0.0,0.0,0.0,0.0,0.0,56.0,0
41.00_80.00,2014-07-14,41.0,80.0,0.0,0.0,0.0,0.0,0.0,0.0,57.0,0
41.00_80.00,2014-07-21,41.0,80.0,0.0,0.0,0.0,0.0,0.0,0.0,58.0,0
41.00_80.00,2014-07-28,41.0,80.0,0.0,0.0,0.0,0.0,0.0,0.0,59.0,0
41.00_80.00,2014-08-04,41.0,80.0,0.0,0.0,0.0,0.0,0.0,0.0,60.0,0
41.00_80.00,2014-08-11,41.0,80.0,0.0,0.0,0.0,0.0,0.0,0.0,61.0,0
41.00_80.00,2014-08-18,41.0,80.0,0.0,0.0,0.0,0.0,0.0,0.0,62.0,0
41.00_80.00,2014-08-25,41.0,80.0,0.0,0.0,0.0,0.0,0.0,0.0,63.0,1
41.00_80.00,2014-09-01,41.0,80.0,1.0,4.7,4.7,4.7,1.0,11220184.543019652,0.0,0
41.00_80.00,2014-09-08,41.0,80.0,0.0,0.0,0.0,4.7,1.0,11220184.543019652,1.0,0
41.00_80.00,2014-09-15,41.0,80.0,0.0,0.0,0.0,4.7,1.0,11220184.543019652,2.0,0
41.00_80.00,2014-09-22,41.0,80.0,0.0,0.0,0.0,4.7,1.0,11220184.543019652,3.0,0
41.00_80.00,2014-09-29,41.0,80.0,0.0,0.0,0.0,0.0,1.0,11220184.543019652,4.0,0
41.00_80.00,2014-10-06,41.0,80.0,0.0,0.0,0.0,0.0,1.0,11220184.543019652,5.0,0
41.00_80.00,2014-10-13,41.0,80.0,0.0,0.0,0.0,0.0,1.0,11220184.543019652,6.0,0
41.00_80.00,2014-10-20,41.0,80.0,0.0,0.0,0.0,0.0,1.0,11220184.543019652,7.0,0
41.00_80.00,2014-10-27,41.0,80.0,0.0,0.0,0.0,0.0,1.0,0.0,8.0,0
41.00_80.00,2014-11-03,41.0,80.0,0.0,0.0,0.0,0.0,1.0,0.0,9.0,0
41.00_80.00,2014-11-10,41.0,80.0,0.0,0.0,0.0,0.0,1.0,0.0,10.0,0
41.00_80.00,2014-11-17,41.0,80.0,0.0,0.0,0.0,0.0,1.0,0.0,11.0,0
41.00_80.00,2014-11-24,41.0,80.0,0.0,0.0,0.0,0.0,0.0,0.0,12.0,0
41.00_80.00,2014-12-01,41.0,80.0,0.0,0.0,0.0,0.0,0.0,0.0,13.0,0
41.00_80.00,2014-12-08,41.0,80.0,0.0,0.0,0.0,0.0,0.0,0.0,14.0,0
41.00_80.00,2014-12-15,41.0,80.0,0.0,0.0,0.0,0.0,0.0,0.0,15.0,0
41.00_80.00,2014-12-22,41.0,80.0,0.0,0.0,0.0,0.0,0.0,0.0,16.0,0
41.00_80.00,2014-12-29,41.0,80.0,0.0,0.0,0.0,0.0,0.0,0.0,17.0,0
41.00_80.00,2015-01-05,41.0,80.0,0.0,0.0,0.0,0.0,0.0,0.0,18.0,0
41.00_80.00,2015-01-12,41.0,80.0,0.0,0.0,0.0,0.0,0.0,0.0,19.0,0
41.00_80.00,2015-01-19,41.0,80.0,0.0,0.0,0.0,0.0,0.0,0.0,20.0,0
41.00_80.00,2015-01-26,41.0,80.0,0.0,0.0,0.0,0.0,0.0,0.0,21.0,0
41.00_80.00,2015-02-02,41.0,80.0,0.0,0.0,0.0,0.0,0.0,0.0,22.0,0
41.00_80.00,2015-02-09,41.0,80.0,0.0,0.0,0.0,0.0,0.0,0.0,23.0,0
41.00_80.00,2015-02-16,41.0,80.0,0.0,0.0,0.0,0.0,0.0,0.0,24.0,0
41.00_80.00,2015-02-23,41.0,80.0,0.0,0.0,0.0,0.0,0.0,0.0,25.0,0
41.00_80.00,2015-03-02,41.0,80.0,0.0,0.0,0.0,0.0,0.0,0.0,26.0,0
41.00_80.00,2015-03-09,41.0,80.0,0.0,0.0,0.0,0.0,0.0,0.0,27.0,0
41.00_80.00,2015-03-16,41.0,80.0,0.0,0.0,0.0,0.0,0.0,0.0,28.0,0
41.00_80.00,2015-03-23,41.0,80.0,0.0,0.0,0.0,0.0,0.0,0.0,29.0,0
41.00_80.00,2015-03-30,41.0,80.0,0.0,0.0,0.0,0.0,0.0,0.0,30.0,0
41.00_80.00,2015-04-06,41.0,80.0,0.0,0.0,0.0,0.0,0.0,0.0,31.0,0
41.00_80.00,2015-04-13,41.0,80.0,0.0,0.0,0.0,0.0,0.0,0.0,32.0,0
41.00_80.00,2015-04-20,41.0,80.0,0.0,0.0,0.0,0.0,0.0,0.0,33.0,0
41.00_80.00,2015-04-27,41.0,80.0,0.0,0.0,0.0,0.0,0.0,0.0,34.0,0
41.00_80.00,2015-05-04,41.0,80.0,0.0,0.0,0.0,0.0,0.0,0.0,35.0,0
41.00_80.00,2015-05-11,41.0,80.0,0.0,0.0,0.0,0.0,0.0,0.0,36.0,0
41.00_80.00,2015-05-18,41.0,80.0,0.0,0.0,0.0,0.0,0.0,0.0,37.0,0
41.00_80.00,2015-05-25,41.0,80.0,0.0,0.0,0.0,0.0,0.0,0.0,38.0,0
41.00_80.00,2015-06-01,41.0,80.0,0.0,0.0,0.0,0.0,0.0,0.0,39.0,0
41.00_80.00,2015-06-08,41.0,80.0,0.0,0.0,0.0,0.0,0.0,0.0,40.0,0
41.00_80.00,2015-06-15,41.0,80.0,0.0,0.0,0.0,0.0,0.0,0.0,41.0,0
41.00_80.00,2015-06-22,41.0,80.0,0.0,0.0,0.0,0.0,0.0,0.0,42.0,0
41.00_80.00,2015-06-29,41.0,80.0,0.0,0.0,0.0,0.0,0.0,0.0,43.0,0
41.00_80.00,2015-07-06,41.0,80.0,0.0,0.0,0.0,0.0,0.0,0.0,44.0,0
41.00_80.00,2015-07-13,41.0,80.0,0.0,0.0,0.0,0.0,0.0,0.0,45.0,0
41.00_80.00,2015-07-20,41.0,80.0,0.0,0.0,0.0,0.0,0.0,0.0,46.0,0
41.00_80.00,2015-07-27,41.0,80.0,0.0,0.0,0.0,0.0,0.0,0.0,47.0,0
41.00_80.00,2015-08-03,41.0,80.0,0.0,0.0,0.0,0.0,0.0,0.0,48.0,0
41.00_80.00,2015-08-10,41.0,80.0,0.0,0.0,0.0,0.0,0.0,0.0,49.0,0
41.00_80.00,2015-08-17,41.0,80.0,0.0,0.0,0.0,0.0,0.0,0.0,50.0,0
41.00_80.00,2015-08-24,41.0,80.0,0.0,0.0,0.0,0.0,0.0,0.0,51.0,1
41.00_80.00,2015-08-31,41.0,80.0,1.0,4.5,4.5,4.5,1.0,5623413.251903491,0.0,0
41.00_80.00,2015-09-07,41.0,80.0,0.0,0.0,0.0,4.5,1.0,5623413.251903491,1.0,0
41.00_80.00,2015-09-14,41.0,80.0,0.0,0.0,0.0,4.5,1.0,5623413.251903491,2.0,0
41.00_80.00,2015-09-21,41.0,80.0,0.0,0.0,0.0,4.5,1.0,5623413.251903491,3.0,0
41.00_80.00,2015-09-28,41.0,80.0,0.0,0.0,0.0,0.0,1.0,5623413.251903491,4.0,0
41.00_80.00,2015-10-05,41.0,80.0,0.0,0.0,0.0,0.0,1.0,5623413.251903491,5.0,0
41.00_80.00,2015-10-12,41.0,80.0,0.0,0.0,0.0,0.0,1.0,5623413.251903491,6.0,0
41.00_80.00,2015-10-19,41.0,80.0,0.0,0.0,0.0,0.0,1.0,5623413.251903491,7.0,0
41.00_80.00,2015-10-26,41.0,80.0,0.0,0.0,0.0,0.0,1.0,0.0,8.0,0
41.00_80.00,2015-11-02,41.0,80.0,0.0,0.0,0.0,0.0,1.0,0.0,9.0,0
41.00_80.00,2015-11-09,41.0,80.0,0.0,0.0,0.0,0.0,1.0,0.0,10.0,0
41.00_80.00,2015-11-16,41.0,80.0,0.0,0.0,0.0,0.0,1.0,0.0,11.0,0
41.00_80.00,2015-11-23,41.0,80.0,0.0,0.0,0.0,0.0,0.0,0.0,12.0,0
41.00_80.00,2015-11-30,41.0,80.0,0.0,0.0,0.0,0.0,0.0,0.0,13.0,0
41.00_80.00,2015-12-07,41.0,80.0,0.0,0.0,0.0,0.0,0.0,0.0,14.0,0
41.00_80.00,2015-12-14,41.0,80.0,0.0,0.0,0.0,0.0,0.0,0.0,15.0,1
41.00_80.00,2015-12-21,41.0,80.0,1.0,4.6,4.6,4.6,1.0,7943282.347242805,0.0,0
41.00_80.00,2015-12-28,41.0,80.0,0.0,0.0,0.0,4.6,1.0,7943282.347242805,1.0,0
41.00_80.00,2016-01-04,41.0,80.0,0.0,0.0,0.0,4.6,1.0,7943282.347242805,2.0,0
41.00_80.00,2016-01-11,41.0,80.0,0.0,0.0,0.0,4.6,1.0,7943282.347242805,3.0,0
41.00_80.00,2016-01-18,41.0,80.0,0.0,0.0,0.0,0.0,1.0,7943282.347242805,4.0,0
41.00_80.00,2016-01-25,41.0,80.0,0.0,0.0,0.0,0.0,1.0,7943282.347242805,5.0,0
41.00_80.00,2016-02-01,41.0,80.0,0.0,0.0,0.0,0.0,1.0,7943282.347242805,6.0,0
41.00_80.00,2016-02-08,41.0,80.0,0.0,0.0,0.0,0.0,1.0,7943282.347242805,7.0,1
41.00_80.00,2016-02-15,41.0,80.0,1.0,4.8,4.8,4.8,2.0,15848931.924611108,0.0,0
41.00_80.00,2016-02-22,41.0,80.0,0.0,0.0,0.0,4.8,2.0,15848931.924611108,1.0,0
41.00_80.00,2016-02-29,41.0,80.0,0.0,0.0,0.0,4.8,2.0,15848931.924611108,2.0,1
41.00_80.00,2016-03-07,41.0,80.0,1.0,4.8,4.8,4.8,3.0,31697863.849222217,0.0,0
41.00_80.00,2016-03-14,41.0,80.0,0.0,0.0,0.0,4.8,2.0,31697863.849222217,1.0,0
41.00_80.00,2016-03-21,41.0,80.0,0.0,0.0,0.0,4.8,2.0,31697863.849222217,2.0,0
41.00_80.00,2016-03-28,41.0,80.0,0.0,0.0,0.0,4.8,2.0,31697863.849222217,3.0,0
41.00_80.00,2016-04-04,41.0,80.0,0.0,0.0,0.0,0.0,2.0,31697863.849222217,4.0,0
41.00_80.00,2016-04-11,41.0,80.0,0.0,0.0,0.0,0.0,2.0,15848931.924611108,5.0,0
41.00_80.00,2016-04-18,41.0,80.0,0.0,0.0,0.0,0.0,2.0,15848931.924611108,6.0,0
41.00_80.00,2016-04-25,41.0,80.0,0.0,0.0,0.0,0.0,2.0,15848931.924611108,7.0,0
41.00_80.00,2016-05-02,41.0,80.0,0.0,0.0,0.0,0.0,2.0,0.0,8.0,0
41.00_80.00,2016-05-09,41.0,80.0,0.0,0.0,0.0,0.0,1.0,0.0,9.0,0
41.00_80.00,2016-05-16,41.0,80.0,0.0,0.0,0.0,0.0,1.0,0.0,10.0,0
41.00_80.00,2016-05-23,41.0,80.0,0.0,0.0,0.0,0.0,1.0,0.0,11.0,0
41.00_80.00,2016-05-30,41.0,80.0,0.0,0.0,0.0,0.0,0.0,0.0,12.0,0
41.00_80.00,2016-06-06,41.0,80.0,0.0,0.0,0.0,0.0,0.0,0.0,13.0,0
41.00_80.00,2016-06-13,41.0,80.0,0.0,0.0,0.0,0.0,0.0,0.0,14.0,0
41.00_80.00,2016-06-20,41.0,80.0,0.0,0.0,0.0,0.0,0.0,0.0,15.0,0
41.00_80.00,2016-06-27,41.0,80.0,0.0,0.0,0.0,0.0,0.0,0.0,16.0,0
41.00_80.00,2016-07-04,41.0,80.0,0.0,0.0,0.0,0.0,0.0,0.0,17.0,0
41.00_80.00,2016-07-11,41.0,80.0,0.0,0.0,0.0,0.0,0.0,0.0,18.0,0
41.00_80.00,2016-07-18,41.0,80.0,0.0,0.0,0.0,0.0,0.0,0.0,19.0,0
41.00_80.00,2016-07-25,41.0,80.0,0.0,0.0,0.0,0.0,0.0,0.0,20.0,0
41.00_80.00,2016-08-01,41.0,80.0,0.0,0.0,0.0,0.0,0.0,0.0,21.0,0
41.00_80.00,2016-08-08,41.0,80.0,0.0,0.0,0.0,0.0,0.0,0.0,22.0,0
41.00_80.00,2016-08-15,41.0,80.0,0.0,0.0,0.0,0.0,0.0,0.0,23.0,0
41.00_80.00,2016-08-22,41.0,80.0,0.0,0.0,0.0,0.0,0.0,0.0,24.0,0
41.00_80.00,2016-08-29,41.0,80.0,0.0,0.0,0.0,0.0,0.0,0.0,25.0,0
41.00_80.00,2016-09-05,41.0,80.0,0.0,0.0,0.0,0.0,0.0,0.0,26.0,0
41.00_80.00,2016-09-12,41.0,80.0,0.0,0.0,0.0,0.0,0.0,0.0,27.0,0
41.00_80.00,2016-09-19,41.0,80.0,0.0,0.0,0.0,0.0,0.0,0.0,28.0,0
41.00_80.00,2016-09-26,41.0,80.0,0.0,0.0,0.0,0.0,0.0,0.0,29.0,0
41.00_80.00,2016-10-03,41.0,80.0,0.0,0.0,0.0,0.0,0.0,0.0,30.0,0
41.00_80.00,2016-10-10,41.0,80.0,0.0,0.0,0.0,0.0,0.0,0.0,31.0,0
41.00_80.00,2016-10-17,41.0,80.0,0.0,0.0,0.0,0.0,0.0,0.0,32.0,0
41.00_80.00,2016-10-24,41.0,80.0,0.0,0.0,0.0,0.0,0.0,0.0,33.0,0
41.00_80.00,2016-10-31,41.0,80.0,0.0,0.0,0.0,0.0,0.0,0.0,34.0,0
41.00_80.00,2016-11-07,41.0,80.0,0.0,0.0,0.0,0.0,0.0,0.0,35.0,0
41.00_80.00,2016-11-14,41.0,80.0,0.0,0.0,0.0,0.0,0.0,0.0,36.0,0
41.00_80.00,2016-11-21,41.0,80.0,0.0,0.0,0.0,0.0,0.0,0.0,37.0,0
41.00_80.00,2016-11-28,41.0,80.0,0.0,0.0,0.0,0.0,0.0,0.0,38.0,0
41.00_80.00,2016-12-05,41.0,80.0,0.0,0.0,0.0,0.0,0.0,0.0,39.0,0
41.00_80.00,2016-12-12,41.0,80.0,0.0,0.0,0.0,0.0,0.0,0.0,40.0,0
41.00_80.00,2016-12-19,41.0,80.0,0.0,0.0,0.0,0.0,0.0,0.0,41.0,0
41.00_80.00,2016-12-26,41.0,80.0,0.0,0.0,0.0,0.0,0.0,0.0,42.0,0
41.00_80.00,2017-01-02,41.0,80.0,0.0,0.0,0.0,0.0,0.0,0.0,43.0,1
41.00_80.00,2017-01-09,41.0,80.0,1.0,4.6,4.6,4.6,1.0,7943282.347242805,0.0,0
41.00_80.00,2017-01-16,41.0,80.0,0.0,0.0,0.0,4.6,1.0,7943282.347242805,1.0,0
41.00_80.00,2017-01-23,41.0,80.0,0.0,0.0,0.0,4.6,1.0,7943282.347242805,2.0,0
41.00_80.00,2017-01-30,41.0,80.0,0.0,0.0,0.0,4.6,1.0,7943282.347242805,3.0,0
41.00_80.00,2017-02-06,41.0,80.0,0.0,0.0,0.0,0.0,1.0,7943282.347242805,4.0,0
41.00_80.00,2017-02-13,41.0,80.0,0.0,0.0,0.0,0.0,1.0,7943282.347242805,5.0,0
41.00_80.00,2017-02-20,41.0,80.0,0.0,0.0,0.0,0.0,1.0,7943282.347242805,6.0,0
41.00_80.00,2017-02-27,41.0,80.0,0.0,0.0,0.0,0.0,1.0,7943282.347242805,7.0,0
41.00_80.00,2017-03-06,41.0,80.0,0.0,0.0,0.0,0.0,1.0,0.0,8.0,0
41.00_80.00,2017-03-13,41.0,80.0,0.0,0.0,0.0,0.0,1.0,0.0,9.0,0
41.00_80.00,2017-03-20,41.0,80.0,0.0,0.0,0.0,0.0,1.0,0.0,10.0,0
41.00_80.00,2017-03-27,41.0,80.0,0.0,0.0,0.0,0.0,1.0,0.0,11.0,0
41.00_80.00,2017-04-03,41.0,80.0,0.0,0.0,0.0,0.0,0.0,0.0,12.0,0
41.00_80.00,2017-04-10,41.0,80.0,0.0,0.0,0.0,0.0,0.0,0.0,13.0,0
41.00_80.00,2017-04-17,41.0,80.0,0.0,0.0,0.0,0.0,0.0,0.0,14.0,0
41.00_80.00,2017-04-24,41.0,80.0,0.0,0.0,0.0,0.0,0.0,0.0,15.0,0
41.00_80.00,2017-05-01,41.0,80.0,0.0,0.0,0.0,0.0,0.0,0.0,16.0,0
41.00_80.00,2017-05-08,41.0,80.0,0.0,0.0,0.0,0.0,0.0,0.0,17.0,0
41.00_80.00,2017-05-15,41.0,80.0,0.0,0.0,0.0,0.0,0.0,0.0,18.0,0
41.00_80.00,2017-05-22,41.0,80.0,0.0,0.0,0.0,0.0,0.0,0.0,19.0,0
41.00_80.00,2017-05-29,41.0,80.0,0.0,0.0,0.0,0.0,0.0,0.0,20.0,0
41.00_80.00,2017-06-05,41.0,80.0,0.0,0.0,0.0,0.0,0.0,0.0,21.0,0
41.00_80.00,2017-06-12,41.0,80.0,0.0,0.0,0.0,0.0,0.0,0.0,22.0,0
41.00_80.00,2017-06-19,41.0,80.0,0.0,0.0,0.0,0.0,0.0,0.0,23.0,0
41.00_80.00,2017-06-26,41.0,80.0,0.0,0.0,0.0,0.0,0.0,0.0,24.0,0
41.00_80.00,2017-07-03,41.0,80.0,0.0,0.0,0.0,0.0,0.0,0.0,25.0,0
41.00_80.00,2017-07-10,41.0,80.0,0.0,0.0,0.0,0.0,0.0,0.0,26.0,0
41.00_80.00,2017-07-17,41.0,80.0,0.0,0.0,0.0,0.0,0.0,0.0,27.0,1
41.00_80.00,2017-07-24,41.0,80.0,1.0,4.6,4.6,4.6,1.0,7943282.347242805,0.0,0
41.00_80.00,2017-07-31,41.0,80.0,0.0,0.0,0.0,4.6,1.0,7943282.347242805,1.0,0
41.00_80.00,2017-08-07,41.0,80.0,0.0,0.0,0.0,4.6,1.0,7943282.347242805,2.0,0
41.00_80.00,2017-08-14,41.0,80.0,0.0,0.0,0.0,4.6,1.0,7943282.347242805,3.0,0
41.00_80.00,2017-08-21,41.0,80.0,0.0,0.0,0.0,0.0,1.0,7943282.347242805,4.0,0
41.00_80.00,2017-08-28,41.0,80.0,0.0,0.0,0.0,0.0,1.0,7943282.347242805,5.0,0
41.00_80.00,2017-09-04,41.0,80.0,0.0,0.0,0.0,0.0,1.0,7943282.347242805,6.0,0
41.00_80.00,2017-09-11,41.0,80.0,0.0,0.0,0.0,0.0,1.0,7943282.347242805,7.0,0
41.00_80.00,2017-09-18,41.0,80.0,0.0,0.0,0.0,0.0,1.0,0.0,8.0,0
41.00_80.00,2017-09-25,41.0,80.0,0.0,0.0,0.0,0.0,1.0,0.0,9.0,0
41.00_80.00,2017-10-02,41.0,80.0,0.0,0.0,0.0,0.0,1.0,0.0,10.0,0
41.00_80.00,2017-10-09,41.0,80.0,0.0,0.0,0.0,0.0,1.0,0.0,11.0,0
41.00_80.00,2017-10-16,41.0,80.0,0.0,0.0,0.0,0.0,0.0,0.0,12.0,0
41.00_80.00,2017-10-23,41.0,80.0,0.0,0.0,0.0,0.0,0.0,0.0,13.0,0
41.00_80.00,2017-10-30,41.0,80.0,0.0,0.0,0.0,0.0,0.0,0.0,14.0,0
41.00_80.00,2017-11-06,41.0,80.0,0.0,0.0,0.0,0.0,0.0,0.0,15.0,0
41.00_80.00,2017-11-13,41.0,80.0,0.0,0.0,0.0,0.0,0.0,0.0,16.0,0
41.00_80.00,2017-11-20,41.0,80.0,0.0,0.0,0.0,0.0,0.0,0.0,17.0,0
41.00_80.00,2017-11-27,41.0,80.0,0.0,0.0,0.0,0.0,0.0,0.0,18.0,0
41.00_80.00,2017-12-04,41.0,80.0,0.0,0.0,0.0,0.0,0.0,0.0,19.0,0
41.00_80.00,2017-12-11,41.0,80.0,0.0,0.0,0.0,0.0,0.0,0.0,20.0,0
41.00_80.00,2017-12-18,41.0,80.0,0.0,0.0,0.0,0.0,0.0,0.0,21.0,0
41.00_80.00,2017-12-25,41.0,80.0,0.0,0.0,0.0,0.0,0.0,0.0,22.0,0
41.00_80.00,2018-01-01,41.0,80.0,0.0,0.0,0.0,0.0,0.0,0.0,23.0,0
41.00_80.00,2018-01-08,41.0,80.0,0.0,0.0,0.0,0.0,0.0,0.0,24.0,0
41.00_80.00,2018-01-15,41.0,80.0,0.0,0.0,0.0,0.0,0.0,0.0,25.0,1
41.00_80.00,2018-01-22,41.0,80.0,1.0,4.6,4.6,4.6,1.0,7943282.347242805,0.0,0
41.00_80.00,2018-01-29,41.0,80.0,0.0,0.0,0.0,4.6,1.0,7943282.347242805,1.0,0
41.00_80.00,2018-02-05,41.0,80.0,0.0,0.0,0.0,4.6,1.0,7943282.347242805,2.0,0
41.00_80.00,2018-02-12,41.0,80.0,0.0,0.0,0.0,4.6,1.0,7943282.347242805,3.0,0
41.00_80.00,2018-02-19,41.0,80.0,0.0,0.0,0.0,0.0,1.0,7943282.347242805,4.0,0
41.00_80.00,2018-02-26,41.0,80.0,0.0,0.0,0.0,0.0,1.0,7943282.347242805,5.0,0
41.00_80.00,2018-03-05,41.0,80.0,0.0,0.0,0.0,0.0,1.0,7943282.347242805,6.0,0
41.00_80.00,2018-03-12,41.0,80.0,0.0,0.0,0.0,0.0,1.0,7943282.347242805,7.0,0
41.00_80.00,2018-03-19,41.0,80.0,0.0,0.0,0.0,0.0,1.0,0.0,8.0,1
41.00_80.00,2018-03-26,41.0,80.0,1.0,4.5,4.5,4.5,2.0,5623413.251903491,0.0,0
41.00_80.00,2018-04-02,41.0,80.0,0.0,0.0,0.0,4.5,2.0,5623413.251903491,1.0,0
41.00_80.00,2018-04-09,41.0,80.0,0.0,0.0,0.0,4.5,2.0,5623413.251903491,2.0,0
41.00_80.00,2018-04-16,41.0,80.0,0.0,0.0,0.0,4.5,1.0,5623413.251903491,3.0,0
41.00_80.00,2018-04-23,41.0,80.0,0.0,0.0,0.0,0.0,1.0,5623413.251903491,4.0,0
41.00_80.00,2018-04-30,41.0,80.0,0.0,0.0,0.0,0.0,1.0,5623413.251903491,5.0,0
41.00_80.00,2018-05-07,41.0,80.0,0.0,0.0,0.0,0.0,1.0,5623413.251903491,6.0,0
41.00_80.00,2018-05-14,41.0,80.0,0.0,0.0,0.0,0.0,1.0,5623413.251903491,7.0,0
41.00_80.00,2018-05-21,41.0,80.0,0.0,0.0,0.0,0.0,1.0,0.0,8.0,0
41.00_80.00,2018-05-28,41.0,80.0,0.0,0.0,0.0,0.0,1.0,0.0,9.0,0
41.00_80.00,2018-06-04,41.0,80.0,0.0,0.0,0.0,0.0,1.0,0.0,10.0,0
41.00_80.00,2018-06-11,41.0,80.0,0.0,0.0,0.0,0.0,1.0,0.0,11.0,0
41.00_80.00,2018-06-18,41.0,80.0,0.0,0.0,0.0,0.0,0.0,0.0,12.0,0
41.00_80.00,2018-06-25,41.0,80.0,0.0,0.0,0.0,0.0,0.0,0.0,13.0,0
41.00_80.00,2018-07-02,41.0,80.0,0.0,0.0,0.0,0.0,0.0,0.0,14.0,0
41.00_80.00,2018-07-09,41.0,80.0,0.0,0.0,0.0,0.0,0.0,0.0,15.0,0
41.00_80.00,2018-07-16,41.0,80.0,0.0,0.0,0.0,0.0,0.0,0.0,16.0,0
41.00_80.00,2018-07-23,41.0,80.0,0.0,0.0,0.0,0.0,0.0,0.0,17.0,0
41.00_80.00,2018-07-30,41.0,80.0,0.0,0.0,0.0,0.0,0.0,0.0,18.0,0
41.00_80.00,2018-08-06,41.0,80.0,0.0,0.0,0.0,0.0,0.0,0.0,19.0,0
41.00_80.00,2018-08-13,41.0,80.0,0.0,0.0,0.0,0.0,0.0,0.0,20.0,0
41.00_80.00,2018-08-20,41.0,80.0,0.0,0.0,0.0,0.0,0.0,0.0,21.0,0
41.00_80.00,2018-08-27,41.0,80.0,0.0,0.0,0.0,0.0,0.0,0.0,22.0,0
41.00_80.00,2018-09-03,41.0,80.0,0.0,0.0,0.0,0.0,0.0,0.0,23.0,0
41.00_80.00,2018-09-10,41.0,80.0,0.0,0.0,0.0,0.0,0.0,0.0,24.0,0
41.00_80.00,2018-09-17,41.0,80.0,0.0,0.0,0.0,0.0,0.0,0.0,25.0,0
41.00_80.00,2018-09-24,41.0,80.0,0.0,0.0,0.0,0.0,0.0,0.0,26.0,0
41.00_80.00,2018-10-01,41.0,80.0,0.0,0.0,0.0,0.0,0.0,0.0,27.0,0
41.00_80.00,2018-10-08,41.0,80.0,0.0,0.0,0.0,0.0,0.0,0.0,28.0,0
41.00_80.00,2018-10-15,41.0,80.0,0.0,0.0,0.0,0.0,0.0,0.0,29.0,3
41.00_80.00,2018-10-22,41.0,80.0,3.0,4.8,4.5,4.8,3.0,32692529.71953425,0.0,0
41.00_80.00,2018-10-29,41.0,80.0,0.0,0.0,0.0,4.8,3.0,32692529.71953425,1.0,0
41.00_80.00,2018-11-05,41.0,80.0,0.0,0.0,0.0,4.8,3.0,32692529.71953425,2.0,0
41.00_80.00,2018-11-12,41.0,80.0,0.0,0.0,0.0,4.8,3.0,32692529.71953425,3.0,1
41.00_80.00,2018-11-19,41.0,80.0,1.0,4.5,4.5,4.5,4.0,38315942.971437745,0.0,0
41.00_80.00,2018-11-26,41.0,80.0,0.0,0.0,0.0,4.5,4.0,38315942.971437745,1.0,0
41.00_80.00,2018-12-03,41.0,80.0,0.0,0.0,0.0,4.5,4.0,38315942.971437745,2.0,0
41.00_80.00,2018-12-10,41.0,80.0,0.0,0.0,0.0,4.5,4.0,38315942.971437745,3.0,0
41.00_80.00,2018-12-17,41.0,80.0,0.0,0.0,0.0,0.0,4.0,5623413.251903491,4.0,0
41.00_80.00,2018-12-24,41.0,80.0,0.0,0.0,0.0,0.0,4.0,5623413.251903491,5.0,1
41.00_80.00,2018-12-31,41.0,80.0,1.0,4.6,4.6,4.6,5.0,13566695.599146295,0.0,0
41.00_80.00,2019-01-07,41.0,80.0,0.0,0.0,0.0,4.6,5.0,13566695.599146295,1.0,0
41.00_80.00,2019-01-14,41.0,80.0,0.0,0.0,0.0,4.6,2.0,7943282.347242805,2.0,2
41.00_80.00,2019-01-21,41.0,80.0,2.0,4.7,4.5,4.7,4.0,24786880.142165948,0.0,0
41.00_80.00,2019-01-28,41.0,80.0,0.0,0.0,0.0,4.7,4.0,24786880.142165948,1.0,0
41.00_80.00,2019-02-04,41.0,80.0,0.0,0.0,0.0,4.7,4.0,24786880.142165948,2.0,0
41.00_80.00,2019-02-11,41.0,80.0,0.0,0.0,0.0,4.7,3.0,24786880.142165948,3.0,0
41.00_80.00,2019-02-18,41.0,80.0,0.0,0.0,0.0,0.0,3.0,24786880.142165948,4.0,0
41.00_80.00,2019-02-25,41.0,80.0,0.0,0.0,0.0,0.0,3.0,16843597.79492314,5.0,0
41.00_80.00,2019-03-04,41.0,80.0,0.0,0.0,0.0,0.0,3.0,16843597.79492314,6.0,0
41.00_80.00,2019-03-11,41.0,80.0,0.0,0.0,0.0,0.0,3.0,16843597.79492314,7.0,0
41.00_80.00,2019-03-18,41.0,80.0,0.0,0.0,0.0,0.0,3.0,0.0,8.0,0
41.00_80.00,2019-03-25,41.0,80.0,0.0,0.0,0.0,0.0,2.0,0.0,9.0,0
41.00_80.00,2019-04-01,41.0,80.0,0.0,0.0,0.0,0.0,2.0,0.0,10.0,0
41.00_80.00,2019-04-08,41.0,80.0,0.0,0.0,0.0,0.0,2.0,0.0,11.0,0
41.00_80.00,2019-04-15,41.0,80.0,0.0,0.0,0.0,0.0,0.0,0.0,12.0,0
41.00_80.00,2019-04-22,41.0,80.0,0.0,0.0,0.0,0.0,0.0,0.0,13.0,0
41.00_80.00,2019-04-29,41.0,80.0,0.0,0.0,0.0,0.0,0.0,0.0,14.0,0
41.00_80.00,2019-05-06,41.0,80.0,0.0,0.0,0.0,0.0,0.0,0.0,15.0,0
41.00_80.00,2019-05-13,41.0,80.0,0.0,0.0,0.0,0.0,0.0,0.0,16.0,0
41.00_80.00,2019-05-20,41.0,80.0,0.0,0.0,0.0,0.0,0.0,0.0,17.0,0
41.00_80.00,2019-05-27,41.0,80.0,0.0,0.0,0.0,0.0,0.0,0.0,18.0,0
41.00_80.00,2019-06-03,41.0,80.0,0.0,0.0,0.0,0.0,0.0,0.0,19.0,1
41.00_80.00,2019-06-10,41.0,80.0,1.0,4.6,4.6,4.6,1.0,7943282.347242805,0.0,0
41.00_80.00,2019-06-17,41.0,80.0,0.0,0.0,0.0,4.6,1.0,7943282.347242805,1.0,0
41.00_80.00,2019-06-24,41.0,80.0,0.0,0.0,0.0,4.6,1.0,7943282.347242805,2.0,0
41.00_80.00,2019-07-01,41.0,80.0,0.0,0.0,0.0,4.6,1.0,7943282.347242805,3.0,0
41.00_80.00,2019-07-08,41.0,80.0,0.0,0.0,0.0,0.0,1.0,7943282.347242805,4.0,0
41.00_80.00,2019-07-15,41.0,80.0,0.0,0.0,0.0,0.0,1.0,7943282.347242805,5.0,0
41.00_80.00,2019-07-22,41.0,80.0,0.0,0.0,0.0,0.0,1.0,7943282.347242805,6.0,0
41.00_80.00,2019-07-29,41.0,80.0,0.0,0.0,0.0,0.0,1.0,7943282.347242805,7.0,0
41.00_80.00,2019-08-05,41.0,80.0,0.0,0.0,0.0,0.0,1.0,0.0,8.0,0
41.00_80.00,2019-08-12,41.0,80.0,0.0,0.0,0.0,0.0,1.0,0.0,9.0,0
41.00_80.00,2019-08-19,41.0,80.0,0.0,0.0,0.0,0.0,1.0,0.0,10.0,0
41.00_80.00,2019-08-26,41.0,80.0,0.0,0.0,0.0,0.0,1.0,0.0,11.0,0
41.00_80.00,2019-09-02,41.0,80.0,0.0,0.0,0.0,0.0,0.0,0.0,12.0,0
41.00_80.00,2019-09-09,41.0,80.0,0.0,0.0,0.0,0.0,0.0,0.0,13.0,0
41.00_80.00,2019-09-16,41.0,80.0,0.0,0.0,0.0,0.0,0.0,0.0,14.0,0
41.00_80.00,2019-09-23,41.0,80.0,0.0,0.0,0.0,0.0,0.0,0.0,15.0,0
41.00_80.00,2019-09-30,41.0,80.0,0.0,0.0,0.0,0.0,0.0,0.0,16.0,0
41.00_80.00,2019-10-07,41.0,80.0,0.0,0.0,0.0,0.0,0.0,0.0,17.0,0
41.00_80.00,2019-10-14,41.0,80.0,0.0,0.0,0.0,0.0,0.0,0.0,18.0,0
41.00_80.00,2019-10-21,41.0,80.0,0.0,0.0,0.0,0.0,0.0,0.0,19.0,0
41.00_80.00,2019-10-28,41.0,80.0,0.0,0.0,0.0,0.0,0.0,0.0,20.0,0
41.00_80.00,2019-11-04,41.0,80.0,0.0,0.0,0.0,0.0,0.0,0.0,21.0,0
41.00_80.00,2019-11-11,41.0,80.0,0.0,0.0,0.0,0.0,0.0,0.0,22.0,0
41.00_80.00,2019-11-18,41.0,80.0,0.0,0.0,0.0,0.0,0.0,0.0,23.0,0
41.00_80.00,2019-11-25,41.0,80.0,0.0,0.0,0.0,0.0,0.0,0.0,24.0,0
41.00_80.00,2019-12-02,41.0,80.0,0.0,0.0,0.0,0.0,0.0,0.0,25.0,2
41.00_80.00,2019-12-09,41.0,80.0,2.0,4.8,4.6,4.8,2.0,23792214.271853913,0.0,0
41.00_80.00,2019-12-16,41.0,80.0,0.0,0.0,0.0,4.8,2.0,23792214.271853913,1.0,0
41.00_80.00,2019-12-23,41.0,80.0,0.0,0.0,0.0,4.8,2.0,23792214.271853913,2.0,0
41.00_80.00,2019-12-30,41.0,80.0,0.0,0.0,0.0,4.8,2.0,23792214.271853913,3.0,0
41.00_80.00,2020-01-06,41.0,80.0,0.0,0.0,0.0,0.0,2.0,23792214.271853913,4.0,0
41.00_80.00,2020-01-13,41.0,80.0,0.0,0.0,0.0,0.0,2.0,23792214.271853913,5.0,0
41.00_80.00,2020-01-20,41.0,80.0,0.0,0.0,0.0,0.0,2.0,23792214.271853913,6.0,1
41.00_80.00,2020-01-27,41.0,80.0,1.0,4.5,4.5,4.5,3.0,29415627.523757406,0.0,0
41.00_80.00,2020-02-03,41.0,80.0,0.0,0.0,0.0,4.5,3.0,5623413.251903491,1.0,0
41.00_80.00,2020-02-10,41.0,80.0,0.0,0.0,0.0,4.5,3.0,5623413.251903491,2.0,0
41.00_80.00,2020-02-17,41.0,80.0,0.0,0.0,0.0,4.5,3.0,5623413.251903491,3.0,0
41.00_80.00,2020-02-24,41.0,80.0,0.0,0.0,0.0,0.0,3.0,5623413.251903491,4.0,1
41.00_80.00,2020-03-02,41.0,80.0,1.0,4.9,4.9,4.9,2.0,28010624.637586914,0.0,0
41.00_80.00,2020-03-09,41.0,80.0,0.0,0.0,0.0,4.9,2.0,28010624.637586914,1.0,0
41.00_80.00,2020-03-16,41.0,80.0,0.0,0.0,0.0,4.9,2.0,28010624.637586914,2.0,1
41.00_80.00,2020-03-23,41.0,80.0,1.0,5.1,5.1,5.1,3.0,67055570.60077968,0.0,0
41.00_80.00,2020-03-30,41.0,80.0,0.0,0.0,0.0,5.1,3.0,67055570.60077968,1.0,0
41.00_80.00,2020-04-06,41.0,80.0,0.0,0.0,0.0,5.1,3.0,67055570.60077968,2.0,0
41.00_80.00,2020-04-13,41.0,80.0,0.0,0.0,0.0,5.1,3.0,67055570.60077968,3.0,0
41.00_80.00,2020-04-20,41.0,80.0,0.0,0.0,0.0,0.0,2.0,67055570.60077968,4.0,0
41.00_80.00,2020-04-27,41.0,80.0,0.0,0.0,0.0,0.0,2.0,44668359.21509626,5.0,0
41.00_80.00,2020-05-04,41.0,80.0,0.0,0.0,0.0,0.0,2.0,44668359.21509626,6.0,1
41.00_80.00,2020-05-11,41.0,80.0,1.0,4.6,4.6,4.6,3.0,52611641.56233906,0.0,0
41.00_80.00,2020-05-18,41.0,80.0,0.0,0.0,0.0,4.6,3.0,7943282.347242805,1.0,0
41.00_80.00,2020-05-25,41.0,80.0,0.0,0.0,0.0,4.6,2.0,7943282.347242805,2.0,0
41.00_80.00,2020-06-01,41.0,80.0,0.0,0.0,0.0,4.6,2.0,7943282.347242805,3.0,0
41.00_80.00,2020-06-08,41.0,80.0,0.0,0.0,0.0,0.0,2.0,7943282.347242805,4.0,0
41.00_80.00,2020-06-15,41.0,80.0,0.0,0.0,0.0,0.0,1.0,7943282.347242805,5.0,0
41.00_80.00,2020-06-22,41.0,80.0,0.0,0.0,0.0,0.0,1.0,7943282.347242805,6.0,0
41.00_80.00,2020-06-29,41.0,80.0,0.0,0.0,0.0,0.0,1.0,7943282.347242805,7.0,1
41.00_80.00,2020-07-06,41.0,80.0,1.0,4.6,4.6,4.6,2.0,7943282.347242805,0.0,0
41.00_80.00,2020-07-13,41.0,80.0,0.0,0.0,0.0,4.6,2.0,7943282.347242805,1.0,0
41.00_80.00,2020-07-20,41.0,80.0,0.0,0.0,0.0,4.6,2.0,7943282.347242805,2.0,0
41.00_80.00,2020-07-27,41.0,80.0,0.0,0.0,0.0,4.6,2.0,7943282.347242805,3.0,0
41.00_80.00,2020-08-03,41.0,80.0,0.0,0.0,0.0,0.0,1.0,7943282.347242805,4.0,0
41.00_80.00,2020-08-10,41.0,80.0,0.0,0.0,0.0,0.0,1.0,7943282.347242805,5.0,0
41.00_80.00,2020-08-17,41.0,80.0,0.0,0.0,0.0,0.0,1.0,7943282.347242805,6.0,0
41.00_80.00,2020-08-24,41.0,80.0,0.0,0.0,0.0,0.0,1.0,7943282.347242805,7.0,0
41.00_80.00,2020-08-31,41.0,80.0,0.0,0.0,0.0,0.0,1.0,0.0,8.0,0
41.00_80.00,2020-09-07,41.0,80.0,0.0,0.0,0.0,0.0,1.0,0.0,9.0,0
41.00_80.00,2020-09-14,41.0,80.0,0.0,0.0,0.0,0.0,1.0,0.0,10.0,1
41.00_80.00,2020-09-21,41.0,80.0,1.0,4.7,4.7,4.7,2.0,11220184.543019652,0.0,1
41.00_80.00,2020-09-28,41.0,80.0,1.0,4.5,4.5,4.7,2.0,16843597.79492314,0.0,0
41.00_80.00,2020-10-05,41.0,80.0,0.0,0.0,0.0,4.7,2.0,16843597.79492314,1.0,0
41.00_80.00,2020-10-12,41.0,80.0,0.0,0.0,0.0,4.7,2.0,16843597.79492314,2.0,0
41.00_80.00,2020-10-19,41.0,80.0,0.0,0.0,0.0,4.5,2.0,16843597.79492314,3.0,0
41.00_80.00,2020-10-26,41.0,80.0,0.0,0.0,0.0,0.0,2.0,16843597.79492314,4.0,0
41.00_80.00,2020-11-02,41.0,80.0,0.0,0.0,0.0,0.0,2.0,16843597.79492314,5.0,0
41.00_80.00,2020-11-09,41.0,80.0,0.0,0.0,0.0,0.0,2.0,16843597.79492314,6.0,0
41.00_80.00,2020-11-16,41.0,80.0,0.0,0.0,0.0,0.0,2.0,5623413.251903491,7.0,0
41.00_80.00,2020-11-23,41.0,80.0,0.0,0.0,0.0,0.0,2.0,0.0,8.0,0
41.00_80.00,2020-11-30,41.0,80.0,0.0,0.0,0.0,0.0,2.0,0.0,9.0,0
41.00_80.00,2020-12-07,41.0,80.0,0.0,0.0,0.0,0.0,2.0,0.0,10.0,0
41.00_80.00,2020-12-14,41.0,80.0,0.0,0.0,0.0,0.0,1.0,0.0,11.0,0
41.00_80.00,2020-12-21,41.0,80.0,0.0,0.0,0.0,0.0,0.0,0.0,12.0,0
41.00_80.00,2020-12-28,41.0,80.0,0.0,0.0,0.0,0.0,0.0,0.0,13.0,0
41.00_80.00,2021-01-04,41.0,80.0,0.0,0.0,0.0,0.0,0.0,0.0,14.0,2
41.00_80.00,2021-01-11,41.0,80.0,2.0,5.0,4.7,5.0,2.0,42842961.14470345,0.0,0
41.00_80.00,2021-01-18,41.0,80.0,0.0,0.0,0.0,5.0,2.0,42842961.14470345,1.0,0
41.00_80.00,2021-01-25,41.0,80.0,0.0,0.0,0.0,5.0,2.0,42842961.14470345,2.0,0
41.00_80.00,2021-02-01,41.0,80.0,0.0,0.0,0.0,5.0,2.0,42842961.14470345,3.0,0
41.00_80.00,2021-02-08,41.0,80.0,0.0,0.0,0.0,0.0,2.0,42842961.14470345,4.0,0
41.00_80.00,2021-02-15,41.0,80.0,0.0,0.0,0.0,0.0,2.0,42842961.14470345,5.0,0
41.00_80.00,2021-02-22,41.0,80.0,0.0,0.0,0.0,0.0,2.0,42842961.14470345,6.0,0
41.00_80.00,2021-03-01,41.0,80.0,0.0,0.0,0.0,0.0,2.0,42842961.14470345,7.0,0
41.00_80.00,2021-03-08,41.0,80.0,0.0,0.0,0.0,0.0,2.0,0.0,8.0,1
41.00_80.00,2021-03-15,41.0,80.0,1.0,4.9,4.9,4.9,3.0,22387211.385683425,0.0,0
41.00_80.00,2021-03-22,41.0,80.0,0.0,0.0,0.0,4.9,3.0,22387211.385683425,1.0,1
41.00_80.00,2021-03-29,41.0,80.0,1.0,5.3,5.3,5.3,4.0,111512305.19905782,0.0,0
41.00_80.00,2021-04-05,41.0,80.0,0.0,0.0,0.0,5.3,2.0,111512305.19905782,1.0,0
41.00_80.00,2021-04-12,41.0,80.0,0.0,0.0,0.0,5.3,2.0,111512305.19905782,2.0,0
41.00_80.00,2021-04-19,41.0,80.0,0.0,0.0,0.0,5.3,2.0,111512305.19905782,3.0,0
41.00_80.00,2021-04-26,41.0,80.0,0.0,0.0,0.0,0.0,2.0,111512305.19905782,4.0,0
41.00_80.00,2021-05-03,41.0,80.0,0.0,0.0,0.0,0.0,2.0,111512305.19905782,5.0,0
41.00_80.00,2021-05-10,41.0,80.0,0.0,0.0,0.0,0.0,2.0,89125093.8133744,6.0,0
41.00_80.00,2021-05-17,41.0,80.0,0.0,0.0,0.0,0.0,2.0,89125093.8133744,7.0,0
41.00_80.00,2021-05-24,41.0,80.0,0.0,0.0,0.0,0.0,2.0,0.0,8.0,0
41.00_80.00,2021-05-31,41.0,80.0,0.0,0.0,0.0,0.0,2.0,0.0,9.0,0
41.00_80.00,2021-06-07,41.0,80.0,0.0,0.0,0.0,0.0,1.0,0.0,10.0,0
41.00_80.00,2021-06-14,41.0,80.0,0.0,0.0,0.0,0.0,1.0,0.0,11.0,0
41.00_80.00,2021-06-21,41.0,80.0,0.0,0.0,0.0,0.0,0.0,0.0,12.0,0
41.00_80.00,2021-06-28,41.0,80.0,0.0,0.0,0.0,0.0,0.0,0.0,13.0,1
41.00_80.00,2021-07-05,41.0,80.0,1.0,4.7,4.7,4.7,1.0,11220184.543019652,0.0,1
41.00_80.00,2021-07-12,41.0,80.0,1.0,4.8,4.8,4.8,2.0,27069116.46763076,0.0,0
41.00_80.00,2021-07-19,41.0,80.0,0.0,0.0,0.0,4.8,2.0,27069116.46763076,1.0,0
41.00_80.00,2021-07-26,41.0,80.0,0.0,0.0,0.0,4.8,2.0,27069116.46763076,2.0,0
41.00_80.00,2021-08-02,41.0,80.0,0.0,0.0,0.0,4.8,2.0,27069116.46763076,3.0,0
41.00_80.00,2021-08-09,41.0,80.0,0.0,0.0,0.0,0.0,2.0,27069116.46763076,4.0,0
41.00_80.00,2021-08-16,41.0,80.0,0.0,0.0,0.0,0.0,2.0,27069116.46763076,5.0,0
41.00_80.00,2021-08-23,41.0,80.0,0.0,0.0,0.0,0.0,2.0,27069116.46763076,6.0,0
41.00_80.00,2021-08-30,41.0,80.0,0.0,0.0,0.0,0.0,2.0,15848931.924611108,7.0,0
41.00_80.00,2021-09-06,41.0,80.0,0.0,0.0,0.0,0.0,2.0,0.0,8.0,0
41.00_80.00,2021-09-13,41.0,80.0,0.0,0.0,0.0,0.0,2.0,0.0,9.0,0
41.00_80.00,2021-09-20,41.0,80.0,0.0,0.0,0.0,0.0,2.0,0.0,10.0,1
41.00_80.00,2021-09-27,41.0,80.0,1.0,4.6,4.6,4.6,2.0,7943282.347242805,0.0,0
41.00_80.00,2021-10-04,41.0,80.0,0.0,0.0,0.0,4.6,1.0,7943282.347242805,1.0,0
41.00_80.00,2021-10-11,41.0,80.0,0.0,0.0,0.0,4.6,1.0,7943282.347242805,2.0,0
41.00_80.00,2021-10-18,41.0,80.0,0.0,0.0,0.0,4.6,1.0,7943282.347242805,3.0,0
41.00_80.00,2021-10-25,41.0,80.0,0.0,0.0,0.0,0.0,1.0,7943282.347242805,4.0,0
41.00_80.00,2021-11-01,41.0,80.0,0.0,0.0,0.0,0.0,1.0,7943282.347242805,5.0,0
41.00_80.00,2021-11-08,41.0,80.0,0.0,0.0,0.0,0.0,1.0,7943282.347242805,6.0,0
41.00_80.00,2021-11-15,41.0,80.0,0.0,0.0,0.0,0.0,1.0,7943282.347242805,7.0,0
41.00_80.00,2021-11-22,41.0,80.0,0.0,0.0,0.0,0.0,1.0,0.0,8.0,0
41.00_80.00,2021-11-29,41.0,80.0,0.0,0.0,0.0,0.0,1.0,0.0,9.0,0
41.00_80.00,2021-12-06,41.0,80.0,0.0,0.0,0.0,0.0,1.0,0.0,10.0,0
41.00_80.00,2021-12-13,41.0,80.0,0.0,0.0,0.0,0.0,1.0,0.0,11.0,0
41.00_80.00,2021-12-20,41.0,80.0,0.0,0.0,0.0,0.0,0.0,0.0,12.0,0
41.00_80.00,2021-12-27,41.0,80.0,0.0,0.0,0.0,0.0,0.0,0.0,13.0,0
41.00_80.00,2022-01-03,41.0,80.0,0.0,0.0,0.0,0.0,0.0,0.0,14.0,1
41.00_80.00,2022-01-10,41.0,80.0,1.0,4.9,4.9,4.9,1.0,22387211.385683425,0.0,0
41.00_80.00,2022-01-17,41.0,80.0,0.0,0.0,0.0,4.9,1.0,22387211.385683425,1.0,0
41.00_80.00,2022-01-24,41.0,80.0,0.0,0.0,0.0,4.9,1.0,22387211.385683425,2.0,0
41.00_80.00,2022-01-31,41.0,80.0,0.0,0.0,0.0,4.9,1.0,22387211.385683425,3.0,0
41.00_80.00,2022-02-07,41.0,80.0,0.0,0.0,0.0,0.0,1.0,22387211.385683425,4.0,0
41.00_80.00,2022-02-14,41.0,80.0,0.0,0.0,0.0,0.0,1.0,22387211.385683425,5.0,0
41.00_80.00,2022-02-21,41.0,80.0,0.0,0.0,0.0,0.0,1.0,22387211.385683425,6.0,0
41.00_80.00,2022-02-28,41.0,80.0,0.0,0.0,0.0,0.0,1.0,22387211.385683425,7.0,0
41.00_80.00,2022-03-07,41.0,80.0,0.0,0.0,0.0,0.0,1.0,0.0,8.0,0
41.00_80.00,2022-03-14,41.0,80.0,0.0,0.0,0.0,0.0,1.0,0.0,9.0,0
41.00_80.00,2022-03-21,41.0,80.0,0.0,0.0,0.0,0.0,1.0,0.0,10.0,0
41.00_80.00,2022-03-28,41.0,80.0,0.0,0.0,0.0,0.0,1.0,0.0,11.0,0
41.00_80.00,2022-04-04,41.0,80.0,0.0,0.0,0.0,0.0,0.0,0.0,12.0,0
41.00_80.00,2022-04-11,41.0,80.0,0.0,0.0,0.0,0.0,0.0,0.0,13.0,0
41.00_80.00,2022-04-18,41.0,80.0,0.0,0.0,0.0,0.0,0.0,0.0,14.0,0
41.00_80.00,2022-04-25,41.0,80.0,0.0,0.0,0.0,0.0,0.0,0.0,15.0,0
41.00_80.00,2022-05-02,41.0,80.0,0.0,0.0,0.0,0.0,0.0,0.0,16.0,0
41.00_80.00,2022-05-09,41.0,80.0,0.0,0.0,0.0,0.0,0.0,0.0,17.0,0
41.00_80.00,2022-05-16,41.0,80.0,0.0,0.0,0.0,0.0,0.0,0.0,18.0,0
41.00_80.00,2022-05-23,41.0,80.0,0.0,0.0,0.0,0.0,0.0,0.0,19.0,0
41.00_80.00,2022-05-30,41.0,80.0,0.0,0.0,0.0,0.0,0.0,0.0,20.0,0
41.00_80.00,2022-06-06,41.0,80.0,0.0,0.0,0.0,0.0,0.0,0.0,21.0,0
41.00_80.00,2022-06-13,41.0,80.0,0.0,0.0,0.0,0.0,0.0,0.0,22.0,0
41.00_80.00,2022-06-20,41.0,80.0,0.0,0.0,0.0,0.0,0.0,0.0,23.0,0
41.00_80.00,2022-06-27,41.0,80.0,0.0,0.0,0.0,0.0,0.0,0.0,24.0,0
41.00_80.00,2022-07-04,41.0,80.0,0.0,0.0,0.0,0.0,0.0,0.0,25.0,1
41.00_80.00,2022-07-11,41.0,80.0,1.0,4.5,4.5,4.5,1.0,5623413.251903491,0.0,0
41.00_80.00,2022-07-18,41.0,80.0,0.0,0.0,0.0,4.5,1.0,5623413.251903491,1.0,0
41.00_80.00,2022-07-25,41.0,80.0,0.0,0.0,0.0,4.5,1.0,5623413.251903491,2.0,0
41.00_80.00,2022-08-01,41.0,80.0,0.0,0.0,0.0,4.5,1.0,5623413.251903491,3.0,0
41.00_80.00,2022-08-08,41.0,80.0,0.0,0.0,0.0,0.0,1.0,5623413.251903491,4.0,0
41.00_80.00,2022-08-15,41.0,80.0,0.0,0.0,0.0,0.0,1.0,5623413.251903491,5.0,0
41.00_80.00,2022-08-22,41.0,80.0,0.0,0.0,0.0,0.0,1.0,5623413.251903491,6.0,0
41.00_80.00,2022-08-29,41.0,80.0,0.0,0.0,0.0,0.0,1.0,5623413.251903491,7.0,0
41.00_80.00,2022-09-05,41.0,80.0,0.0,0.0,0.0,0.0,1.0,0.0,8.0,0
41.00_80.00,2022-09-12,41.0,80.0,0.0,0.0,0.0,0.0,1.0,0.0,9.0,0
41.00_80.00,2022-09-19,41.0,80.0,0.0,0.0,0.0,0.0,1.0,0.0,10.0,0
41.00_80.00,2022-09-26,41.0,80.0,0.0,0.0,0.0,0.0,1.0,0.0,11.0,0
41.00_80.00,2022-10-03,41.0,80.0,0.0,0.0,0.0,0.0,0.0,0.0,12.0,0
41.00_80.00,2022-10-10,41.0,80.0,0.0,0.0,0.0,0.0,0.0,0.0,13.0,0
41.00_80.00,2022-10-17,41.0,80.0,0.0,0.0,0.0,0.0,0.0,0.0,14.0,0
41.00_80.00,2022-10-24,41.0,80.0,0.0,0.0,0.0,0.0,0.0,0.0,15.0,0
41.00_80.00,2022-10-31,41.0,80.0,0.0,0.0,0.0,0.0,0.0,0.0,16.0,0
41.00_80.00,2022-11-07,41.0,80.0,0.0,0.0,0.0,0.0,0.0,0.0,17.0,0
41.00_80.00,2022-11-14,41.0,80.0,0.0,0.0,0.0,0.0,0.0,0.0,18.0,0
41.00_80.00,2022-11-21,41.0,80.0,0.0,0.0,0.0,0.0,0.0,0.0,19.0,0
41.00_80.00,2022-11-28,41.0,80.0,0.0,0.0,0.0,0.0,0.0,0.0,20.0,0
41.00_80.00,2022-12-05,41.0,80.0,0.0,0.0,0.0,0.0,0.0,0.0,21.0,0
41.00_80.00,2022-12-12,41.0,80.0,0.0,0.0,0.0,0.0,0.0,0.0,22.0,0
41.00_80.00,2022-12-19,41.0,80.0,0.0,0.0,0.0,0.0,0.0,0.0,23.0,0
41.00_80.00,2022-12-26,41.0,80.0,0.0,0.0,0.0,0.0,0.0,0.0,24.0,0
41.00_80.00,2023-01-02,41.0,80.0,0.0,0.0,0.0,0.0,0.0,0.0,25.0,0
41.00_80.00,2023-01-09,41.0,80.0,0.0,0.0,0.0,0.0,0.0,0.0,26.0,0
41.00_80.00,2023-01-16,41.0,80.0,0.0,0.0,0.0,0.0,0.0,0.0,27.0,0
41.00_80.00,2023-01-23,41.0,80.0,0.0,0.0,0.0,0.0,0.0,0.0,28.0,0
41.00_80.00,2023-01-30,41.0,80.0,0.0,0.0,0.0,0.0,0.0,0.0,29.0,0
41.00_80.00,2023-02-06,41.0,80.0,0.0,0.0,0.0,0.0,0.0,0.0,30.0,0
41.00_80.00,2023-02-13,41.0,80.0,0.0,0.0,0.0,0.0,0.0,0.0,31.0,0
41.00_80.00,2023-02-20,41.0,80.0,0.0,0.0,0.0,0.0,0.0,0.0,32.0,1
41.00_80.00,2023-02-27,41.0,80.0,1.0,4.8,4.8,4.8,1.0,15848931.924611108,0.0,0
41.00_80.00,2023-03-06,41.0,80.0,0.0,0.0,0.0,4.8,1.0,15848931.924611108,1.0,0
41.00_80.00,2023-03-13,41.0,80.0,0.0,0.0,0.0,4.8,1.0,15848931.924611108,2.0,0
41.00_80.00,2023-03-20,41.0,80.0,0.0,0.0,0.0,4.8,1.0,15848931.924611108,3.0,0
41.00_80.00,2023-03-27,41.0,80.0,0.0,0.0,0.0,0.0,1.0,15848931.924611108,4.0,0
41.00_80.00,2023-04-03,41.0,80.0,0.0,0.0,0.0,0.0,1.0,15848931.924611108,5.0,1
41.00_80.00,2023-04-10,41.0,80.0,1.0,5.0,5.0,5.0,2.0,47471708.5262949,0.0,0
41.00_80.00,2023-04-17,41.0,80.0,0.0,0.0,0.0,5.0,2.0,47471708.5262949,1.0,0
41.00_80.00,2023-04-24,41.0,80.0,0.0,0.0,0.0,5.0,2.0,31622776.60168379,2.0,0
41.00_80.00,2023-05-01,41.0,80.0,0.0,0.0,0.0,5.0,2.0,31622776.601683788,3.0,0
41.00_80.00,2023-05-08,41.0,80.0,0.0,0.0,0.0,0.0,2.0,31622776.601683788,4.0,0
41.00_80.00,2023-05-15,41.0,80.0,0.0,0.0,0.0,0.0,2.0,31622776.601683788,5.0,1
41.00_80.00,2023-05-22,41.0,80.0,1.0,4.7,4.7,4.7,2.0,42842961.14470344,0.0,2
41.00_80.00,2023-05-29,41.0,80.0,2.0,4.7,4.5,4.7,4.0,59686558.93962658,0.0,0
41.00_80.00,2023-06-05,41.0,80.0,0.0,0.0,0.0,4.7,4.0,28063782.337942794,1.0,0
41.00_80.00,2023-06-12,41.0,80.0,0.0,0.0,0.0,4.7,4.0,28063782.337942794,2.0,1
41.00_80.00,2023-06-19,41.0,80.0,1.0,4.7,4.7,4.7,5.0,39283966.88096245,0.0,0
41.00_80.00,2023-06-26,41.0,80.0,0.0,0.0,0.0,4.7,5.0,39283966.88096245,1.0,0
41.00_80.00,2023-07-03,41.0,80.0,0.0,0.0,0.0,4.7,4.0,39283966.88096245,2.0,0
41.00_80.00,2023-07-10,41.0,80.0,0.0,0.0,0.0,4.7,4.0,39283966.88096245,3.0,0
41.00_80.00,2023-07-17,41.0,80.0,0.0,0.0,0.0,0.0,4.0,28063782.337942794,4.0,0
41.00_80.00,2023-07-24,41.0,80.0,0.0,0.0,0.0,0.0,4.0,11220184.543019652,5.0,0
41.00_80.00,2023-07-31,41.0,80.0,0.0,0.0,0.0,0.0,4.0,11220184.543019652,6.0,0
41.00_80.00,2023-08-07,41.0,80.0,0.0,0.0,0.0,0.0,4.0,11220184.543019652,7.0,0
41.00_80.00,2023-08-14,41.0,80.0,0.0,0.0,0.0,0.0,3.0,0.0,8.0,0
41.00_80.00,2023-08-21,41.0,80.0,0.0,0.0,0.0,0.0,1.0,0.0,9.0,0
41.00_80.00,2023-08-28,41.0,80.0,0.0,0.0,0.0,0.0,1.0,0.0,10.0,0
41.00_80.00,2023-09-04,41.0,80.0,0.0,0.0,0.0,0.0,1.0,0.0,11.0,0
41.00_80.00,2023-09-11,41.0,80.0,0.0,0.0,0.0,0.0,0.0,0.0,12.0,0
41.00_80.00,2023-09-18,41.0,80.0,0.0,0.0,0.0,0.0,0.0,0.0,13.0,0
41.00_80.00,2023-09-25,41.0,80.0,0.0,0.0,0.0,0.0,0.0,0.0,14.0,1
41.00_80.00,2023-10-02,41.0,80.0,1.0,4.5,4.5,4.5,1.0,5623413.251903491,0.0,3
41.00_80.00,2023-10-09,41.0,80.0,3.0,4.8,4.7,4.8,4.0,43912714.2625539,0.0,0
41.00_80.00,2023-10-16,41.0,80.0,0.0,0.0,0.0,4.8,4.0,43912714.2625539,1.0,0
41.00_80.00,2023-10-23,41.0,80.0,0.0,0.0,0.0,4.8,4.0,43912714.2625539,2.0,0
41.00_80.00,2023-10-30,41.0,80.0,0.0,0.0,0.0,4.8,4.0,43912714.2625539,3.0,0
41.00_80.00,2023-11-06,41.0,80.0,0.0,0.0,0.0,0.0,4.0,43912714.2625539,4.0,0
41.00_80.00,2023-11-13,41.0,80.0,0.0,0.0,0.0,0.0,4.0,43912714.2625539,5.0,0
41.00_80.00,2023-11-20,41.0,80.0,0.0,0.0,0.0,0.0,4.0,43912714.2625539,6.0,0
41.00_80.00,2023-11-27,41.0,80.0,0.0,0.0,0.0,0.0,4.0,38289301.01065041,7.0,0
41.00_80.00,2023-12-04,41.0,80.0,0.0,0.0,0.0,0.0,4.0,0.0,8.0,0
41.00_80.00,2023-12-11,41.0,80.0,0.0,0.0,0.0,0.0,4.0,0.0,9.0,0
41.00_80.00,2023-12-18,41.0,80.0,0.0,0.0,0.0,0.0,4.0,0.0,10.0,0
41.00_80.00,2023-12-25,41.0,80.0,0.0,0.0,0.0,0.0,3.0,0.0,11.0,0
41.00_83.00,2010-03-22,41.0,83.0,0.0,0.0,0.0,0.0,0.0,0.0,500.0,0
41.00_83.00,2010-03-29,41.0,83.0,0.0,0.0,0.0,0.0,0.0,0.0,500.0,0
41.00_83.00,2010-04-05,41.0,83.0,0.0,0.0,0.0,0.0,0.0,0.0,500.0,0
41.00_83.00,2010-04-12,41.0,83.0,0.0,0.0,0.0,0.0,0.0,0.0,500.0,0
41.00_83.00,2010-04-19,41.0,83.0,0.0,0.0,0.0,0.0,0.0,0.0,500.0,0
41.00_83.00,2010-04-26,41.0,83.0,0.0,0.0,0.0,0.0,0.0,0.0,500.0,0
41.00_83.00,2010-05-03,41.0,83.0,0.0,0.0,0.0,0.0,0.0,0.0,500.0,0
41.00_83.00,2010-05-10,41.0,83.0,0.0,0.0,0.0,0.0,0.0,0.0,500.0,0
41.00_83.00,2010-05-17,41.0,83.0,0.0,0.0,0.0,0.0,0.0,0.0,500.0,0
41.00_83.00,2010-05-24,41.0,83.0,0.0,0.0,0.0,0.0,0.0,0.0,500.0,0
41.00_83.00,2010-05-31,41.0,83.0,0.0,0.0,0.0,0.0,0.0,0.0,500.0,0
41.00_83.00,2010-06-07,41.0,83.0,0.0,0.0,0.0,0.0,0.0,0.0,500.0,0
41.00_83.00,2010-06-14,41.0,83.0,0.0,0.0,0.0,0.0,0.0,0.0,500.0,0
41.00_83.00,2010-06-21,41.0,83.0,0.0,0.0,0.0,0.0,0.0,0.0,500.0,0
41.00_83.00,2010-06-28,41.0,83.0,0.0,0.0,0.0,0.0,0.0,0.0,500.0,0
41.00_83.00,2010-07-05,41.0,83.0,0.0,0.0,0.0,0.0,0.0,0.0,500.0,0
41.00_83.00,2010-07-12,41.0,83.0,0.0,0.0,0.0,0.0,0.0,0.0,500.0,0
41.00_83.00,2010-07-19,41.0,83.0,0.0,0.0,0.0,0.0,0.0,0.0,500.0,0
41.00_83.00,2010-07-26,41.0,83.0,0.0,0.0,0.0,0.0,0.0,0.0,500.0,0
41.00_83.00,2010-08-02,41.0,83.0,0.0,0.0,0.0,0.0,0.0,0.0,500.0,0
41.00_83.00,2010-08-09,41.0,83.0,0.0,0.0,0.0,0.0,0.0,0.0,500.0,0
41.00_83.00,2010-08-16,41.0,83.0,0.0,0.0,0.0,0.0,0.0,0.0,500.0,0
41.00_83.00,2010-08-23,41.0,83.0,0.0,0.0,0.0,0.0,0.0,0.0,500.0,0
41.00_83.00,2010-08-30,41.0,83.0,0.0,0.0,0.0,0.0,0.0,0.0,500.0,0
41.00_83.00,2010-09-06,41.0,83.0,0.0,0.0,0.0,0.0,0.0,0.0,500.0,0
41.00_83.00,2010-09-13,41.0,83.0,0.0,0.0,0.0,0.0,0.0,0.0,500.0,0
41.00_83.00,2010-09-20,41.0,83.0,0.0,0.0,0.0,0.0,0.0,0.0,500.0,1
41.00_83.00,2010-09-27,41.0,83.0,1.0,4.8,4.8,4.8,1.0,15848931.924611108,0.0,0
41.00_83.00,2010-10-04,41.0,83.0,0.0,0.0,0.0,4.8,1.0,15848931.924611108,1.0,0
41.00_83.00,2010-10-11,41.0,83.0,0.0,0.0,0.0,4.8,1.0,15848931.924611108,2.0,0
41.00_83.00,2010-10-18,41.0,83.0,0.0,0.0,0.0,4.8,1.0,15848931.924611108,3.0,0
41.00_83.00,2010-10-25,41.0,83.0,0.0,0.0,0.0,0.0,1.0,15848931.924611108,4.0,0
41.00_83.00,2010-11-01,41.0,83.0,0.0,0.0,0.0,0.0,1.0,15848931.924611108,5.0,0
41.00_83.00,2010-11-08,41.0,83.0,0.0,0.0,0.0,0.0,1.0,15848931.924611108,6.0,0
41.00_83.00,2010-11-15,41.0,83.0,0.0,0.0,0.0,0.0,1.0,15848931.924611108,7.0,0
41.00_83.00,2010-11-22,41.0,83.0,0.0,0.0,0.0,0.0,1.0,0.0,8.0,0
41.00_83.00,2010-11-29,41.0,83.0,0.0,0.0,0.0,0.0,1.0,0.0,9.0,0
41.00_83.00,2010-12-06,41.0,83.0,0.0,0.0,0.0,0.0,1.0,0.0,10.0,0
41.00_83.00,2010-12-13,41.0,83.0,0.0,0.0,0.0,0.0,1.0,0.0,11.0,0
41.00_83.00,2010-12-20,41.0,83.0,0.0,0.0,0.0,0.0,0.0,0.0,12.0,0
41.00_83.00,2010-12-27,41.0,83.0,0.0,0.0,0.0,0.0,0.0,0.0,13.0,0
41.00_83.00,2011-01-03,41.0,83.0,0.0,0.0,0.0,0.0,0.0,0.0,14.0,1
41.00_83.00,2011-01-10,41.0,83.0,1.0,4.7,4.7,4.7,1.0,11220184.543019652,0.0,0
41.00_83.00,2011-01-17,41.0,83.0,0.0,0.0,0.0,4.7,1.0,11220184.543019652,1.0,0
41.00_83.00,2011-01-24,41.0,83.0,0.0,0.0,0.0,4.7,1.0,11220184.543019652,2.0,0
41.00_83.00,2011-01-31,41.0,83.0,0.0,0.0,0.0,4.7,1.0,11220184.543019652,3.0,0
41.00_83.00,2011-02-07,41.0,83.0,0.0,0.0,0.0,0.0,1.0,11220184.543019652,4.0,0
41.00_83.00,2011-02-14,41.0,83.0,0.0,0.0,0.0,0.0,1.0,11220184.543019652,5.0,0
41.00_83.00,2011-02-21,41.0,83.0,0.0,0.0,0.0,0.0,1.0,11220184.543019652,6.0,0
41.00_83.00,2011-02-28,41.0,83.0,0.0,0.0,0.0,0.0,1.0,11220184.543019652,7.0,0
41.00_83.00,2011-03-07,41.0,83.0,0.0,0.0,0.0,0.0,1.0,0.0,8.0,0
41.00_83.00,2011-03-14,41.0,83.0,0.0,0.0,0.0,0.0,1.0,0.0,9.0,0
41.00_83.00,2011-03-21,41.0,83.0,0.0,0.0,0.0,0.0,1.0,0.0,10.0,0
41.00_83.00,2011-03-28,41.0,83.0,0.0,0.0,0.0,0.0,1.0,0.0,11.0,0
41.00_83.00,2011-04-04,41.0,83.0,0.0,0.0,0.0,0.0,0.0,0.0,12.0,0
41.00_83.00,2011-04-11,41.0,83.0,0.0,0.0,0.0,0.0,0.0,0.0,13.0,0
41.00_83.00,2011-04-18,41.0,83.0,0.0,0.0,0.0,0.0,0.0,0.0,14.0,0
41.00_83.00,2011-04-25,41.0,83.0,0.0,0.0,0.0,0.0,0.0,0.0,15.0,0
41.00_83.00,2011-05-02,41.0,83.0,0.0,0.0,0.0,0.0,0.0,0.0,16.0,0
41.00_83.00,2011-05-09,41.0,83.0,0.0,0.0,0.0,0.0,0.0,0.0,17.0,0
41.00_83.00,2011-05-16,41.0,83.0,0.0,0.0,0.0,0.0,0.0,0.0,18.0,0
41.00_83.00,2011-05-23,41.0,83.0,0.0,0.0,0.0,0.0,0.0,0.0,19.0,0
41.00_83.00,2011-05-30,41.0,83.0,0.0,0.0,0.0,0.0,0.0,0.0,20.0,0
41.00_83.00,2011-06-06,41.0,83.0,0.0,0.0,0.0,0.0,0.0,0.0,21.0,0
41.00_83.00,2011-06-13,41.0,83.0,0.0,0.0,0.0,0.0,0.0,0.0,22.0,0
41.00_83.00,2011-06-20,41.0,83.0,0.0,0.0,0.0,0.0,0.0,0.0,23.0,0
41.00_83.00,2011-06-27,41.0,83.0,0.0,0.0,0.0,0.0,0.0,0.0,24.0,0
41.00_83.00,2011-07-04,41.0,83.0,0.0,0.0,0.0,0.0,0.0,0.0,25.0,0
41.00_83.00,2011-07-11,41.0,83.0,0.0,0.0,0.0,0.0,0.0,0.0,26.0,0
41.00_83.00,2011-07-18,41.0,83.0,0.0,0.0,0.0,0.0,0.0,0.0,27.0,0
41.00_83.00,2011-07-25,41.0,83.0,0.0,0.0,0.0,0.0,0.0,0.0,28.0,0
41.00_83.00,2011-08-01,41.0,83.0,0.0,0.0,0.0,0.0,0.0,0.0,29.0,0
41.00_83.00,2011-08-08,41.0,83.0,0.0,0.0,0.0,0.0,0.0,0.0,30.0,0
41.00_83.00,2011-08-15,41.0,83.0,0.0,0.0,0.0,0.0,0.0,0.0,31.0,0
41.00_83.00,2011-08-22,41.0,83.0,0.0,0.0,0.0,0.0,0.0,0.0,32.0,0
41.00_83.00,2011-08-29,41.0,83.0,0.0,0.0,0.0,0.0,0.0,0.0,33.0,0
41.00_83.00,2011-09-05,41.0,83.0,0.0,0.0,0.0,0.0,0.0,0.0,34.0,0
41.00_83.00,2011-09-12,41.0,83.0,0.0,0.0,0.0,0.0,0.0,0.0,35.0,0
41.00_83.00,2011-09-19,41.0,83.0,0.0,0.0,0.0,0.0,0.0,0.0,36.0,0
41.00_83.00,2011-09-26,41.0,83.0,0.0,0.0,0.0,0.0,0.0,0.0,37.0,0
41.00_83.00,2011-10-03,41.0,83.0,0.0,0.0,0.0,0.0,0.0,0.0,38.0,0
41.00_83.00,2011-10-10,41.0,83.0,0.0,0.0,0.0,0.0,0.0,0.0,39.0,0
41.00_83.00,2011-10-17,41.0,83.0,0.0,0.0,0.0,0.0,0.0,0.0,40.0,0
41.00_83.00,2011-10-24,41.0,83.0,0.0,0.0,0.0,0.0,0.0,0.0,41.0,0
41.00_83.00,2011-10-31,41.0,83.0,0.0,0.0,0.0,0.0,0.0,0.0,42.0,0
41.00_83.00,2011-11-07,41.0,83.0,0.0,0.0,0.0,0.0,0.0,0.0,43.0,0
41.00_83.00,2011-11-14,41.0,83.0,0.0,0.0,0.0,0.0,0.0,0.0,44.0,0
41.00_83.00,2011-11-21,41.0,83.0,0.0,0.0,0.0,0.0,0.0,0.0,45.0,0
41.00_83.00,2011-11-28,41.0,83.0,0.0,0.0,0.0,0.0,0.0,0.0,46.0,0
41.00_83.00,2011-12-05,41.0,83.0,0.0,0.0,0.0,0.0,0.0,0.0,47.0,0
41.00_83.00,2011-12-12,41.0,83.0,0.0,0.0,0.0,0.0,0.0,0.0,48.0,0
41.00_83.00,2011-12-19,41.0,83.0,0.0,0.0,0.0,0.0,0.0,0.0,49.0,0
41.00_83.00,2011-12-26,41.0,83.0,0.0,0.0,0.0,0.0,0.0,0.0,50.0,0
41.00_83.00,2012-01-02,41.0,83.0,0.0,0.0,0.0,0.0,0.0,0.0,51.0,0
41.00_83.00,2012-01-09,41.0,83.0,0.0,0.0,0.0,0.0,0.0,0.0,52.0,0
41.00_83.00,2012-01-16,41.0,83.0,0.0,0.0,0.0,0.0,0.0,0.0,53.0,0
41.00_83.00,2012-01-23,41.0,83.0,0.0,0.0,0.0,0.0,0.0,0.0,54.0,0
41.00_83.00,2012-01-30,41.0,83.0,0.0,0.0,0.0,0.0,0.0,0.0,55.0,0
41.00_83.00,2012-02-06,41.0,83.0,0.0,0.0,0.0,0.0,0.0,0.0,56.0,0
41.00_83.00,2012-02-13,41.0,83.0,0.0,0.0,0.0,0.0,0.0,0.0,57.0,0
41.00_83.00,2012-02-20,41.0,83.0,0.0,0.0,0.0,0.0,0.0,0.0,58.0,0
41.00_83.00,2012-02-27,41.0,83.0,0.0,0.0,0.0,0.0,0.0,0.0,59.0,0
41.00_83.00,2012-03-05,41.0,83.0,0.0,0.0,0.0,0.0,0.0,0.0,60.0,0
41.00_83.00,2012-03-12,41.0,83.0,0.0,0.0,0.0,0.0,0.0,0.0,61.0,0
41.00_83.00,2012-03-19,41.0,83.0,0.0,0.0,0.0,0.0,0.0,0.0,62.0,0
41.00_83.00,2012-03-26,41.0,83.0,0.0,0.0,0.0,0.0,0.0,0.0,63.0,0
41.00_83.00,2012-04-02,41.0,83.0,0.0,0.0,0.0,0.0,0.0,0.0,64.0,0
41.00_83.00,2012-04-09,41.0,83.0,0.0,0.0,0.0,0.0,0.0,0.0,65.0,0
41.00_83.00,2012-04-16,41.0,83.0,0.0,0.0,0.0,0.0,0.0,0.0,66.0,0
41.00_83.00,2012-04-23,41.0,83.0,0.0,0.0,0.0,0.0,0.0,0.0,67.0,0
41.00_83.00,2012-04-30,41.0,83.0,0.0,0.0,0.0,0.0,0.0,0.0,68.0,0
41.00_83.00,2012-05-07,41.0,83.0,0.0,0.0,0.0,0.0,0.0,0.0,69.0,0
41.00_83.00,2012-05-14,41.0,83.0,0.0,0.0,0.0,0.0,0.0,0.0,70.0,0
41.00_83.00,2012-05-21,41.0,83.0,0.0,0.0,0.0,0.0,0.0,0.0,71.0,0
41.00_83.00,2012-05-28,41.0,83.0,0.0,0.0,0.0,0.0,0.0,0.0,72.0,0
41.00_83.00,2012-06-04,41.0,83.0,0.0,0.0,0.0,0.0,0.0,0.0,73.0,0
41.00_83.00,2012-06-11,41.0,83.0,0.0,0.0,0.0,0.0,0.0,0.0,74.0,1
41.00_83.00,2012-06-18,41.0,83.0,1.0,5.2,5.2,5.2,1.0,63095734.44801943,0.0,0
41.00_83.00,2012-06-25,41.0,83.0,0.0,0.0,0.0,5.2,1.0,63095734.44801943,1.0,4
41.00_83.00,2012-07-02,41.0,83.0,4.0,6.3,4.5,6.3,5.0,2902988643.658858,0.0,0
41.00_83.00,2012-07-09,41.0,83.0,0.0,0.0,0.0,6.3,5.0,2902988643.658858,1.0,0
41.00_83.00,2012-07-16,41.0,83.0,0.0,0.0,0.0,6.3,5.0,2902988643.658858,2.0,0
41.00_83.00,2012-07-23,41.0,83.0,0.0,0.0,0.0,6.3,5.0,2902988643.658858,3.0,0
41.00_83.00,2012-07-30,41.0,83.0,0.0,0.0,0.0,0.0,5.0,2902988643.658858,4.0,0
41.00_83.00,2012-08-06,41.0,83.0,0.0,0.0,0.0,0.0,5.0,2902988643.658858,5.0,0
41.00_83.00,2012-08-13,41.0,83.0,0.0,0.0,0.0,0.0,5.0,2839892909.2108383,6.0,0
41.00_83.00,2012-08-20,41.0,83.0,0.0,0.0,0.0,0.0,5.0,2839892909.2108383,7.0,0
41.00_83.00,2012-08-27,41.0,83.0,0.0,0.0,0.0,0.0,5.0,0.0,8.0,0
41.00_83.00,2012-09-03,41.0,83.0,0.0,0.0,0.0,0.0,5.0,0.0,9.0,0
41.00_83.00,2012-09-10,41.0,83.0,0.0,0.0,0.0,0.0,4.0,0.0,10.0,0
41.00_83.00,2012-09-17,41.0,83.0,0.0,0.0,0.0,0.0,4.0,0.0,11.0,0
41.00_83.00,2012-09-24,41.0,83.0,0.0,0.0,0.0,0.0,0.0,0.0,12.0,0
41.00_83.00,2012-10-01,41.0,83.0,0.0,0.0,0.0,0.0,0.0,0.0,13.0,0
41.00_83.00,2012-10-08,41.0,83.0,0.0,0.0,0.0,0.0,0.0,0.0,14.0,0
41.00_83.00,2012-10-15,41.0,83.0,0.0,0.0,0.0,0.0,0.0,0.0,15.0,0
41.00_83.00,2012-10-22,41.0,83.0,0.0,0.0,0.0,0.0,0.0,0.0,16.0,0
41.00_83.00,2012-10-29,41.0,83.0,0.0,0.0,0.0,0.0,0.0,0.0,17.0,0
41.00_83.00,2012-11-05,41.0,83.0,0.0,0.0,0.0,0.0,0.0,0.0,18.0,0
41.00_83.00,2012-11-12,41.0,83.0,0.0,0.0,0.0,0.0,0.0,0.0,19.0,0
41.00_83.00,2012-11-19,41.0,83.0,0.0,0.0,0.0,0.0,0.0,0.0,20.0,0
41.00_83.00,2012-11-26,41.0,83.0,0.0,0.0,0.0,0.0,0.0,0.0,21.0,0
41.00_83.00,2012-12-03,41.0,83.0,0.0,0.0,0.0,0.0,0.0,0.0,22.0,0
41.00_83.00,2012-12-10,41.0,83.0,0.0,0.0,0.0,0.0,0.0,0.0,23.0,0
41.00_83.00,2012-12-17,41.0,83.0,0.0,0.0,0.0,0.0,0.0,0.0,24.0,0
41.00_83.00,2012-12-24,41.0,83.0,0.0,0.0,0.0,0.0,0.0,0.0,25.0,0
41.00_83.00,2012-12-31,41.0,83.0,0.0,0.0,0.0,0.0,0.0,0.0,26.0,0
41.00_83.00,2013-01-07,41.0,83.0,0.0,0.0,0.0,0.0,0.0,0.0,27.0,0
41.00_83.00,2013-01-14,41.0,83.0,0.0,0.0,0.0,0.0,0.0,0.0,28.0,0
41.00_83.00,2013-01-21,41.0,83.0,0.0,0.0,0.0,0.0,0.0,0.0,29.0,0
41.00_83.00,2013-01-28,41.0,83.0,0.0,0.0,0.0,0.0,0.0,0.0,30.0,0
41.00_83.00,2013-02-04,41.0,83.0,0.0,0.0,0.0,0.0,0.0,0.0,31.0,0
41.00_83.00,2013-02-11,41.0,83.0,0.0,0.0,0.0,0.0,0.0,0.0,32.0,0
41.00_83.00,2013-02-18,41.0,83.0,0.0,0.0,0.0,0.0,0.0,0.0,33.0,0
41.00_83.00,2013-02-25,41.0,83.0,0.0,0.0,0.0,0.0,0.0,0.0,34.0,0
41.00_83.00,2013-03-04,41.0,83.0,0.0,0.0,0.0,0.0,0.0,0.0,35.0,0
41.00_83.00,2013-03-11,41.0,83.0,0.0,0.0,0.0,0.0,0.0,0.0,36.0,0
41.00_83.00,2013-03-18,41.0,83.0,0.0,0.0,0.0,0.0,0.0,0.0,37.0,0
41.00_83.00,2013-03-25,41.0,83.0,0.0,0.0,0.0,0.0,0.0,0.0,38.0,0
41.00_83.00,2013-04-01,41.0,83.0,0.0,0.0,0.0,0.0,0.0,0.0,39.0,0
41.00_83.00,2013-04-08,41.0,83.0,0.0,0.0,0.0,0.0,0.0,0.0,40.0,0
41.00_83.00,2013-04-15,41.0,83.0,0.0,0.0,0.0,0.0,0.0,0.0,41.0,0
41.00_83.00,2013-04-22,41.0,83.0,0.0,0.0,0.0,0.0,0.0,0.0,42.0,0
41.00_83.00,2013-04-29,41.0,83.0,0.0,0.0,0.0,0.0,0.0,0.0,43.0,0
41.00_83.00,2013-05-06,41.0,83.0,0.0,0.0,0.0,0.0,0.0,0.0,44.0,0
41.00_83.00,2013-05-13,41.0,83.0,0.0,0.0,0.0,0.0,0.0,0.0,45.0,0
41.00_83.00,2013-05-20,41.0,83.0,0.0,0.0,0.0,0.0,0.0,0.0,46.0,0
41.00_83.00,2013-05-27,41.0,83.0,0.0,0.0,0.0,0.0,0.0,0.0,47.0,0
41.00_83.00,2013-06-03,41.0,83.0,0.0,0.0,0.0,0.0,0.0,0.0,48.0,0
41.00_83.00,2013-06-10,41.0,83.0,0.0,0.0,0.0,0.0,0.0,0.0,49.0,0
41.00_83.00,2013-06-17,41.0,83.0,0.0,0.0,0.0,0.0,0.0,0.0,50.0,0
41.00_83.00,2013-06-24,41.0,83.0,0.0,0.0,0.0,0.0,0.0,0.0,51.0,0
41.00_83.00,2013-07-01,41.0,83.0,0.0,0.0,0.0,0.0,0.0,0.0,52.0,0
41.00_83.00,2013-07-08,41.0,83.0,0.0,0.0,0.0,0.0,0.0,0.0,53.0,0
41.00_83.00,2013-07-15,41.0,83.0,0.0,0.0,0.0,0.0,0.0,0.0,54.0,0
41.00_83.00,2013-07-22,41.0,83.0,0.0,0.0,0.0,0.0,0.0,0.0,55.0,0
41.00_83.00,2013-07-29,41.0,83.0,0.0,0.0,0.0,0.0,0.0,0.0,56.0,0
41.00_83.00,2013-08-05,41.0,83.0,0.0,0.0,0.0,0.0,0.0,0.0,57.0,0
41.00_83.00,2013-08-12,41.0,83.0,0.0,0.0,0.0,0.0,0.0,0.0,58.0,0
41.00_83.00,2013-08-19,41.0,83.0,0.0,0.0,0.0,0.0,0.0,0.0,59.0,0
41.00_83.00,2013-08-26,41.0,83.0,0.0,0.0,0.0,0.0,0.0,0.0,60.0,0
41.00_83.00,2013-09-02,41.0,83.0,0.0,0.0,0.0,0.0,0.0,0.0,61.0,0
41.00_83.00,2013-09-09,41.0,83.0,0.0,0.0,0.0,0.0,0.0,0.0,62.0,0
41.00_83.00,2013-09-16,41.0,83.0,0.0,0.0,0.0,0.0,0.0,0.0,63.0,1
41.00_83.00,2013-09-23,41.0,83.0,1.0,4.5,4.5,4.5,1.0,5623413.251903491,0.0,1
41.00_83.00,2013-09-30,41.0,83.0,1.0,4.7,4.7,4.7,2.0,16843597.79492314,0.0,0
41.00_83.00,2013-10-07,41.0,83.0,0.0,0.0,0.0,4.7,2.0,16843597.79492314,1.0,0
41.00_83.00,2013-10-14,41.0,83.0,0.0,0.0,0.0,4.7,2.0,16843597.79492314,2.0,0
41.00_83.00,2013-10-21,41.0,83.0,0.0,0.0,0.0,4.7,2.0,16843597.79492314,3.0,0
41.00_83.00,2013-10-28,41.0,83.0,0.0,0.0,0.0,0.0,2.0,16843597.79492314,4.0,0
41.00_83.00,2013-11-04,41.0,83.0,0.0,0.0,0.0,0.0,2.0,16843597.79492314,5.0,0
41.00_83.00,2013-11-11,41.0,83.0,0.0,0.0,0.0,0.0,2.0,16843597.79492314,6.0,0
41.00_83.00,2013-11-18,41.0,83.0,0.0,0.0,0.0,0.0,2.0,11220184.543019652,7.0,0
41.00_83.00,2013-11-25,41.0,83.0,0.0,0.0,0.0,0.0,2.0,0.0,8.0,0
41.00_83.00,2013-12-02,41.0,83.0,0.0,0.0,0.0,0.0,2.0,0.0,9.0,0
41.00_83.00,2013-12-09,41.0,83.0,0.0,0.0,0.0,0.0,2.0,0.0,10.0,0
41.00_83.00,2013-12-16,41.0,83.0,0.0,0.0,0.0,0.0,1.0,0.0,11.0,0
41.00_83.00,2013-12-23,41.0,83.0,0.0,0.0,0.0,0.0,0.0,0.0,12.0,0
41.00_83.00,2013-12-30,41.0,83.0,0.0,0.0,0.0,0.0,0.0,0.0,13.0,0
41.00_83.00,2014-01-06,41.0,83.0,0.0,0.0,0.0,0.0,0.0,0.0,14.0,0
41.00_83.00,2014-01-13,41.0,83.0,0.0,0.0,0.0,0.0,0.0,0.0,15.0,0
41.00_83.00,2014-01-20,41.0,83.0,0.0,0.0,0.0,0.0,0.0,0.0,16.0,0
41.00_83.00,2014-01-27,41.0,83.0,0.0,0.0,0.0,0.0,0.0,0.0,17.0,0
41.00_83.00,2014-02-03,41.0,83.0,0.0,0.0,0.0,0.0,0.0,0.0,18.0,0
41.00_83.00,2014-02-10,41.0,83.0,0.0,0.0,0.0,0.0,0.0,0.0,19.0,0
41.00_83.00,2014-02-17,41.0,83.0,0.0,0.0,0.0,0.0,0.0,0.0,20.0,0
41.00_83.00,2014-02-24,41.0,83.0,0.0,0.0,0.0,0.0,0.0,0.0,21.0,0
41.00_83.00,2014-03-03,41.0,83.0,0.0,0.0,0.0,0.0,0.0,0.0,22.0,0
41.00_83.00,2014-03-10,41.0,83.0,0.0,0.0,0.0,0.0,0.0,0.0,23.0,0
41.00_83.00,2014-03-17,41.0,83.0,0.0,0.0,0.0,0.0,0.0,0.0,24.0,0
41.00_83.00,2014-03-24,41.0,83.0,0.0,0.0,0.0,0.0,0.0,0.0,25.0,0
41.00_83.00,2014-03-31,41.0,83.0,0.0,0.0,0.0,0.0,0.0,0.0,26.0,0
41.00_83.00,2014-04-07,41.0,83.0,0.0,0.0,0.0,0.0,0.0,0.0,27.0,0
41.00_83.00,2014-04-14,41.0,83.0,0.0,0.0,0.0,0.0,0.0,0.0,28.0,0
41.00_83.00,2014-04-21,41.0,83.0,0.0,0.0,0.0,0.0,0.0,0.0,29.0,0
41.00_83.00,2014-04-28,41.0,83.0,0.0,0.0,0.0,0.0,0.0,0.0,30.0,0
41.00_83.00,2014-05-05,41.0,83.0,0.0,0.0,0.0,0.0,0.0,0.0,31.0,0
41.00_83.00,2014-05-12,41.0,83.0,0.0,0.0,0.0,0.0,0.0,0.0,32.0,0
41.00_83.00,2014-05-19,41.0,83.0,0.0,0.0,0.0,0.0,0.0,0.0,33.0,0
41.00_83.00,2014-05-26,41.0,83.0,0.0,0.0,0.0,0.0,0.0,0.0,34.0,0
41.00_83.00,2014-06-02,41.0,83.0,0.0,0.0,0.0,0.0,0.0,0.0,35.0,0
41.00_83.00,2014-06-09,41.0,83.0,0.0,0.0,0.0,0.0,0.0,0.0,36.0,0
41.00_83.00,2014-06-16,41.0,83.0,0.0,0.0,0.0,0.0,0.0,0.0,37.0,0
41.00_83.00,2014-06-23,41.0,83.0,0.0,0.0,0.0,0.0,0.0,0.0,38.0,0
41.00_83.00,2014-06-30,41.0,83.0,0.0,0.0,0.0,0.0,0.0,0.0,39.0,0
41.00_83.00,2014-07-07,41.0,83.0,0.0,0.0,0.0,0.0,0.0,0.0,40.0,0
41.00_83.00,2014-07-14,41.0,83.0,0.0,0.0,0.0,0.0,0.0,0.0,41.0,0
41.00_83.00,2014-07-21,41.0,83.0,0.0,0.0,0.0,0.0,0.0,0.0,42.0,0
41.00_83.00,2014-07-28,41.0,83.0,0.0,0.0,0.0,0.0,0.0,0.0,43.0,0
41.00_83.00,2014-08-04,41.0,83.0,0.0,0.0,0.0,0.0,0.0,0.0,44.0,0
41.00_83.00,2014-08-11,41.0,83.0,0.0,0.0,0.0,0.0,0.0,0.0,45.0,0
41.00_83.00,2014-08-18,41.0,83.0,0.0,0.0,0.0,0.0,0.0,0.0,46.0,0
41.00_83.00,2014-08-25,41.0,83.0,0.0,0.0,0.0,0.0,0.0,0.0,47.0,0
41.00_83.00,2014-09-01,41.0,83.0,0.0,0.0,0.0,0.0,0.0,0.0,48.0,0
41.00_83.00,2014-09-08,41.0,83.0,0.0,0.0,0.0,0.0,0.0,0.0,49.0,0
41.00_83.00,2014-09-15,41.0,83.0,0.0,0.0,0.0,0.0,0.0,0.0,50.0,0
41.00_83.00,2014-09-22,41.0,83.0,0.0,0.0,0.0,0.0,0.0,0.0,51.0,0
41.00_83.00,2014-09-29,41.0,83.0,0.0,0.0,0.0,0.0,0.0,0.0,52.0,0
41.00_83.00,2014-10-06,41.0,83.0,0.0,0.0,0.0,0.0,0.0,0.0,53.0,0
41.00_83.00,2014-10-13,41.0,83.0,0.0,0.0,0.0,0.0,0.0,0.0,54.0,0
41.00_83.00,2014-10-20,41.0,83.0,0.0,0.0,0.0,0.0,0.0,0.0,55.0,0
41.00_83.00,2014-10-27,41.0,83.0,0.0,0.0,0.0,0.0,0.0,0.0,56.0,0
41.00_83.00,2014-11-03,41.0,83.0,0.0,0.0,0.0,0.0,0.0,0.0,57.0,0
41.00_83.00,2014-11-10,41.0,83.0,0.0,0.0,0.0,0.0,0.0,0.0,58.0,0
41.00_83.00,2014-11-17,41.0,83.0,0.0,0.0,0.0,0.0,0.0,0.0,59.0,1
41.00_83.00,2014-11-24,41.0,83.0,1.0,4.6,4.6,4.6,1.0,7943282.347242805,0.0,0
41.00_83.00,2014-12-01,41.0,83.0,0.0,0.0,0.0,4.6,1.0,7943282.347242805,1.0,0
41.00_83.00,2014-12-08,41.0,83.0,0.0,0.0,0.0,4.6,1.0,7943282.347242805,2.0,0
41.00_83.00,2014-12-15,41.0,83.0,0.0,0.0,0.0,4.6,1.0,7943282.347242805,3.0,0
41.00_83.00,2014-12-22,41.0,83.0,0.0,0.0,0.0,0.0,1.0,7943282.347242805,4.0,0
41.00_83.00,2014-12-29,41.0,83.0,0.0,0.0,0.0,0.0,1.0,7943282.347242805,5.0,0
41.00_83.00,2015-01-05,41.0,83.0,0.0,0.0,0.0,0.0,1.0,7943282.347242805,6.0,0
41.00_83.00,2015-01-12,41.0,83.0,0.0,0.0,0.0,0.0,1.0,7943282.347242805,7.0,0
41.00_83.00,2015-01-19,41.0,83.0,0.0,0.0,0.0,0.0,1.0,0.0,8.0,1
41.00_83.00,2015-01-26,41.0,83.0,1.0,4.8,4.8,4.8,2.0,15848931.924611108,0.0,0
41.00_83.00,2015-02-02,41.0,83.0,0.0,0.0,0.0,4.8,2.0,15848931.924611108,1.0,0
41.00_83.00,2015-02-09,41.0,83.0,0.0,0.0,0.0,4.8,2.0,15848931.924611108,2.0,0
41.00_83.00,2015-02-16,41.0,83.0,0.0,0.0,0.0,4.8,1.0,15848931.924611108,3.0,1
41.00_83.00,2015-02-23,41.0,83.0,1.0,4.5,4.5,4.5,2.0,21472345.1765146,0.0,0
41.00_83.00,2015-03-02,41.0,83.0,0.0,0.0,0.0,4.5,2.0,21472345.1765146,1.0,0
41.00_83.00,2015-03-09,41.0,83.0,0.0,0.0,0.0,4.5,2.0,21472345.1765146,2.0,0
41.00_83.00,2015-03-16,41.0,83.0,0.0,0.0,0.0,4.5,2.0,21472345.1765146,3.0,0
41.00_83.00,2015-03-23,41.0,83.0,0.0,0.0,0.0,0.0,2.0,5623413.251903491,4.0,0
41.00_83.00,2015-03-30,41.0,83.0,0.0,0.0,0.0,0.0,2.0,5623413.251903491,5.0,0
41.00_83.00,2015-04-06,41.0,83.0,0.0,0.0,0.0,0.0,2.0,5623413.251903491,6.0,0
41.00_83.00,2015-04-13,41.0,83.0,0.0,0.0,0.0,0.0,2.0,5623413.251903491,7.0,0
41.00_83.00,2015-04-20,41.0,83.0,0.0,0.0,0.0,0.0,1.0,0.0,8.0,0
41.00_83.00,2015-04-27,41.0,83.0,0.0,0.0,0.0,0.0,1.0,0.0,9.0,0
41.00_83.00,2015-05-04,41.0,83.0,0.0,0.0,0.0,0.0,1.0,0.0,10.0,0
41.00_83.00,2015-05-11,41.0,83.0,0.0,0.0,0.0,0.0,1.0,0.0,11.0,0
41.00_83.00,2015-05-18,41.0,83.0,0.0,0.0,0.0,0.0,0.0,0.0,12.0,0
41.00_83.00,2015-05-25,41.0,83.0,0.0,0.0,0.0,0.0,0.0,0.0,13.0,0
41.00_83.00,2015-06-01,41.0,83.0,0.0,0.0,0.0,0.0,0.0,0.0,14.0,0
41.00_83.00,2015-06-08,41.0,83.0,0.0,0.0,0.0,0.0,0.0,0.0,15.0,0
41.00_83.00,2015-06-15,41.0,83.0,0.0,0.0,0.0,0.0,0.0,0.0,16.0,0
41.00_83.00,2015-06-22,41.0,83.0,0.0,0.0,0.0,0.0,0.0,0.0,17.0,0
41.00_83.00,2015-06-29,41.0,83.0,0.0,0.0,0.0,0.0,0.0,0.0,18.0,0
41.00_83.00,2015-07-06,41.0,83.0,0.0,0.0,0.0,0.0,0.0,0.0,19.0,0
41.00_83.00,2015-07-13,41.0,83.0,0.0,0.0,0.0,0.0,0.0,0.0,20.0,0
41.00_83.00,2015-07-20,41.0,83.0,0.0,0.0,0.0,0.0,0.0,0.0,21.0,0
41.00_83.00,2015-07-27,41.0,83.0,0.0,0.0,0.0,0.0,0.0,0.0,22.0,0
41.00_83.00,2015-08-03,41.0,83.0,0.0,0.0,0.0,0.0,0.0,0.0,23.0,0
41.00_83.00,2015-08-10,41.0,83.0,0.0,0.0,0.0,0.0,0.0,0.0,24.0,0
41.00_83.00,2015-08-17,41.0,83.0,0.0,0.0,0.0,0.0,0.0,0.0,25.0,1
41.00_83.00,2015-08-24,41.0,83.0,1.0,4.7,4.7,4.7,1.0,11220184.543019652,0.0,1
41.00_83.00,2015-08-31,41.0,83.0,1.0,4.8,4.8,4.8,2.0,27069116.46763076,0.0,0
41.00_83.00,2015-09-07,41.0,83.0,0.0,0.0,0.0,4.8,2.0,27069116.46763076,1.0,0
41.00_83.00,2015-09-14,41.0,83.0,0.0,0.0,0.0,4.8,2.0,27069116.46763076,2.0,0
41.00_83.00,2015-09-21,41.0,83.0,0.0,0.0,0.0,4.8,2.0,27069116.46763076,3.0,0
41.00_83.00,2015-09-28,41.0,83.0,0.0,0.0,0.0,0.0,2.0,27069116.46763076,4.0,0
41.00_83.00,2015-10-05,41.0,83.0,0.0,0.0,0.0,0.0,2.0,27069116.46763076,5.0,0
41.00_83.00,2015-10-12,41.0,83.0,0.0,0.0,0.0,0.0,2.0,27069116.46763076,6.0,0
41.00_83.00,2015-10-19,41.0,83.0,0.0,0.0,0.0,0.0,2.0,15848931.924611108,7.0,0
41.00_83.00,2015-10-26,41.0,83.0,0.0,0.0,0.0,0.0,2.0,0.0,8.0,0
41.00_83.00,2015-11-02,41.0,83.0,0.0,0.0,0.0,0.0,2.0,0.0,9.0,0
41.00_83.00,2015-11-09,41.0,83.0,0.0,0.0,0.0,0.0,2.0,0.0,10.0,0
41.00_83.00,2015-11-16,41.0,83.0,0.0,0.0,0.0,0.0,1.0,0.0,11.0,0
41.00_83.00,2015-11-23,41.0,83.0,0.0,0.0,0.0,0.0,0.0,0.0,12.0,0
41.00_83.00,2015-11-30,41.0,83.0,0.0,0.0,0.0,0.0,0.0,0.0,13.0,0
41.00_83.00,2015-12-07,41.0,83.0,0.0,0.0,0.0,0.0,0.0,0.0,14.0,0
41.00_83.00,2015-12-14,41.0,83.0,0.0,0.0,0.0,0.0,0.0,0.0,15.0,0
41.00_83.00,2015-12-21,41.0,83.0,0.0,0.0,0.0,0.0,0.0,0.0,16.0,0
41.00_83.00,2015-12-28,41.0,83.0,0.0,0.0,0.0,0.0,0.0,0.0,17.0,0
41.00_83.00,2016-01-04,41.0,83.0,0.0,0.0,0.0,0.0,0.0,0.0,18.0,1
41.00_83.00,2016-01-11,41.0,83.0,1.0,4.7,4.7,4.7,1.0,11220184.543019652,0.0,1
41.00_83.00,2016-01-18,41.0,83.0,1.0,5.1,5.1,5.1,2.0,55888543.75811591,0.0,1
41.00_83.00,2016-01-25,41.0,83.0,1.0,4.6,4.6,5.1,3.0,63831826.10535871,0.0,0
41.00_83.00,2016-02-01,41.0,83.0,0.0,0.0,0.0,5.1,3.0,63831826.10535871,1.0,0
41.00_83.00,2016-02-08,41.0,83.0,0.0,0.0,0.0,5.1,3.0,63831826.10535871,2.0,0
41.00_83.00,2016-02-15,41.0,83.0,0.0,0.0,0.0,4.6,3.0,63831826.10535871,3.0,0
41.00_83.00,2016-02-22,41.0,83.0,0.0,0.0,0.0,0.0,3.0,63831826.10535871,4.0,0
41.00_83.00,2016-02-29,41.0,83.0,0.0,0.0,0.0,0.0,3.0,63831826.10535871,5.0,0
41.00_83.00,2016-03-07,41.0,83.0,0.0,0.0,0.0,0.0,3.0,52611641.56233906,6.0,0
41.00_83.00,2016-03-14,41.0,83.0,0.0,0.0,0.0,0.0,3.0,7943282.347242805,7.0,0
41.00_83.00,2016-03-21,41.0,83.0,0.0,0.0,0.0,0.0,3.0,0.0,8.0,0
41.00_83.00,2016-03-28,41.0,83.0,0.0,0.0,0.0,0.0,3.0,0.0,9.0,0
41.00_83.00,2016-04-04,41.0,83.0,0.0,0.0,0.0,0.0,2.0,0.0,10.0,0
41.00_83.00,2016-04-11,41.0,83.0,0.0,0.0,0.0,0.0,1.0,0.0,11.0,0
41.00_83.00,2016-04-18,41.0,83.0,0.0,0.0,0.0,0.0,0.0,0.0,12.0,0
41.00_83.00,2016-04-25,41.0,83.0,0.0,0.0,0.0,0.0,0.0,0.0,13.0,0
41.00_83.00,2016-05-02,41.0,83.0,0.0,0.0,0.0,0.0,0.0,0.0,14.0,0
41.00_83.00,2016-05-09,41.0,83.0,0.0,0.0,0.0,0.0,0.0,0.0,15.0,0
41.00_83.00,2016-05-16,41.0,83.0,0.0,0.0,0.0,0.0,0.0,0.0,16.0,0
41.00_83.00,2016-05-23,41.0,83.0,0.0,0.0,0.0,0.0,0.0,0.0,17.0,0
41.00_83.00,2016-05-30,41.0,83.0,0.0,0.0,0.0,0.0,0.0,0.0,18.0,0
41.00_83.00,2016-06-06,41.0,83.0,0.0,0.0,0.0,0.0,0.0,0.0,19.0,0
41.00_83.00,2016-06-13,41.0,83.0,0.0,0.0,0.0,0.0,0.0,0.0,20.0,0
41.00_83.00,2016-06-20,41.0,83.0,0.0,0.0,0.0,0.0,0.0,0.0,21.0,0
41.00_83.00,2016-06-27,41.0,83.0,0.0,0.0,0.0,0.0,0.0,0.0,22.0,0
41.00_83.00,2016-07-04,41.0,83.0,0.0,0.0,0.0,0.0,0.0,0.0,23.0,0
41.00_83.00,2016-07-11,41.0,83.0,0.0,0.0,0.0,0.0,0.0,0.0,24.0,0
41.00_83.00,2016-07-18,41.0,83.0,0.0,0.0,0.0,0.0,0.0,0.0,25.0,0
41.00_83.00,2016-07-25,41.0,83.0,0.0,0.0,0.0,0.0,0.0,0.0,26.0,0
41.00_83.00,2016-08-01,41.0,83.0,0.0,0.0,0.0,0.0,0.0,0.0,27.0,0
41.00_83.00,2016-08-08,41.0,83.0,0.0,0.0,0.0,0.0,0.0,0.0,28.0,0
41.00_83.00,2016-08-15,41.0,83.0,0.0,0.0,0.0,0.0,0.0,0.0,29.0,0
41.00_83.00,2016-08-22,41.0,83.0,0.0,0.0,0.0,0.0,0.0,0.0,30.0,0
41.00_83.00,2016-08-29,41.0,83.0,0.0,0.0,0.0,0.0,0.0,0.0,31.0,0
41.00_83.00,2016-09-05,41.0,83.0,0.0,0.0,0.0,0.0,0.0,0.0,32.0,0
41.00_83.00,2016-09-12,41.0,83.0,0.0,0.0,0.0,0.0,0.0,0.0,33.0,0
41.00_83.00,2016-09-19,41.0,83.0,0.0,0.0,0.0,0.0,0.0,0.0,34.0,0
41.00_83.00,2016-09-26,41.0,83.0,0.0,0.0,0.0,0.0,0.0,0.0,35.0,0
41.00_83.00,2016-10-03,41.0,83.0,0.0,0.0,0.0,0.0,0.0,0.0,36.0,0
41.00_83.00,2016-10-10,41.0,83.0,0.0,0.0,0.0,0.0,0.0,0.0,37.0,0
41.00_83.00,2016-10-17,41.0,83.0,0.0,0.0,0.0,0.0,0.0,0.0,38.0,0
41.00_83.00,2016-10-24,41.0,83.0,0.0,0.0,0.0,0.0,0.0,0.0,39.0,0
41.00_83.00,2016-10-31,41.0,83.0,0.0,0.0,0.0,0.0,0.0,0.0,40.0,0
41.00_83.00,2016-11-07,41.0,83.0,0.0,0.0,0.0,0.0,0.0,0.0,41.0,0
41.00_83.00,2016-11-14,41.0,83.0,0.0,0.0,0.0,0.0,0.0,0.0,42.0,0
41.00_83.00,2016-11-21,41.0,83.0,0.0,0.0,0.0,0.0,0.0,0.0,43.0,0
41.00_83.00,2016-11-28,41.0,83.0,0.0,0.0,0.0,0.0,0.0,0.0,44.0,0
41.00_83.00,2016-12-05,41.0,83.0,0.0,0.0,0.0,0.0,0.0,0.0,45.0,0
41.00_83.00,2016-12-12,41.0,83.0,0.0,0.0,0.0,0.0,0.0,0.0,46.0,0
41.00_83.00,2016-12-19,41.0,83.0,0.0,0.0,0.0,0.0,0.0,0.0,47.0,0
41.00_83.00,2016-12-26,41.0,83.0,0.0,0.0,0.0,0.0,0.0,0.0,48.0,0
41.00_83.00,2017-01-02,41.0,83.0,0.0,0.0,0.0,0.0,0.0,0.0,49.0,0
41.00_83.00,2017-01-09,41.0,83.0,0.0,0.0,0.0,0.0,0.0,0.0,50.0,0
41.00_83.00,2017-01-16,41.0,83.0,0.0,0.0,0.0,0.0,0.0,0.0,51.0,0
41.00_83.00,2017-01-23,41.0,83.0,0.0,0.0,0.0,0.0,0.0,0.0,52.0,0
41.00_83.00,2017-01-30,41.0,83.0,0.0,0.0,0.0,0.0,0.0,0.0,53.0,0
41.00_83.00,2017-02-06,41.0,83.0,0.0,0.0,0.0,0.0,0.0,0.0,54.0,0
41.00_83.00,2017-02-13,41.0,83.0,0.0,0.0,0.0,0.0,0.0,0.0,55.0,0
41.00_83.00,2017-02-20,41.0,83.0,0.0,0.0,0.0,0.0,0.0,0.0,56.0,0
41.00_83.00,2017-02-27,41.0,83.0,0.0,0.0,0.0,0.0,0.0,0.0,57.0,0
41.00_83.00,2017-03-06,41.0,83.0,0.0,0.0,0.0,0.0,0.0,0.0,58.0,0
41.00_83.00,2017-03-13,41.0,83.0,0.0,0.0,0.0,0.0,0.0,0.0,59.0,0
41.00_83.00,2017-03-20,41.0,83.0,0.0,0.0,0.0,0.0,0.0,0.0,60.0,0
41.00_83.00,2017-03-27,41.0,83.0,0.0,0.0,0.0,0.0,0.0,0.0,61.0,0
41.00_83.00,2017-04-03,41.0,83.0,0.0,0.0,0.0,0.0,0.0,0.0,62.0,0
41.00_83.00,2017-04-10,41.0,83.0,0.0,0.0,0.0,0.0,0.0,0.0,63.0,0
41.00_83.00,2017-04-17,41.0,83.0,0.0,0.0,0.0,0.0,0.0,0.0,64.0,0
41.00_83.00,2017-04-24,41.0,83.0,0.0,0.0,0.0,0.0,0.0,0.0,65.0,0
41.00_83.00,2017-05-01,41.0,83.0,0.0,0.0,0.0,0.0,0.0,0.0,66.0,0
41.00_83.00,2017-05-08,41.0,83.0,0.0,0.0,0.0,0.0,0.0,0.0,67.0,0
41.00_83.00,2017-05-15,41.0,83.0,0.0,0.0,0.0,0.0,0.0,0.0,68.0,0
41.00_83.00,2017-05-22,41.0,83.0,0.0,0.0,0.0,0.0,0.0,0.0,69.0,0
41.00_83.00,2017-05-29,41.0,83.0,0.0,0.0,0.0,0.0,0.0,0.0,70.0,0
41.00_83.00,2017-06-05,41.0,83.0,0.0,0.0,0.0,0.0,0.0,0.0,71.0,0
41.00_83.00,2017-06-12,41.0,83.0,0.0,0.0,0.0,0.0,0.0,0.0,72.0,0
41.00_83.00,2017-06-19,41.0,83.0,0.0,0.0,0.0,0.0,0.0,0.0,73.0,0
41.00_83.00,2017-06-26,41.0,83.0,0.0,0.0,0.0,0.0,0.0,0.0,74.0,0
41.00_83.00,2017-07-03,41.0,83.0,0.0,0.0,0.0,0.0,0.0,0.0,75.0,0
41.00_83.00,2017-07-10,41.0,83.0,0.0,0.0,0.0,0.0,0.0,0.0,76.0,0
41.00_83.00,2017-07-17,41.0,83.0,0.0,0.0,0.0,0.0,0.0,0.0,77.0,0
41.00_83.00,2017-07-24,41.0,83.0,0.0,0.0,0.0,0.0,0.0,0.0,78.0,0
41.00_83.00,2017-07-31,41.0,83.0,0.0,0.0,0.0,0.0,0.0,0.0,79.0,0
41.00_83.00,2017-08-07,41.0,83.0,0.0,0.0,0.0,0.0,0.0,0.0,80.0,0
41.00_83.00,2017-08-14,41.0,83.0,0.0,0.0,0.0,0.0,0.0,0.0,81.0,0
41.00_83.00,2017-08-21,41.0,83.0,0.0,0.0,0.0,0.0,0.0,0.0,82.0,0
41.00_83.00,2017-08-28,41.0,83.0,0.0,0.0,0.0,0.0,0.0,0.0,83.0,0
41.00_83.00,2017-09-04,41.0,83.0,0.0,0.0,0.0,0.0,0.0,0.0,84.0,0
41.00_83.00,2017-09-11,41.0,83.0,0.0,0.0,0.0,0.0,0.0,0.0,85.0,1
41.00_83.00,2017-09-18,41.0,83.0,1.0,5.4,5.4,5.4,1.0,125892541.17941713,0.0,0
41.00_83.00,2017-09-25,41.0,83.0,0.0,0.0,0.0,5.4,1.0,125892541.17941713,1.0,1
41.00_83.00,2017-10-02,41.0,83.0,1.0,4.5,4.5,5.4,2.0,131515954.43132062,0.0,0
41.00_83.00,2017-10-09,41.0,83.0,0.0,0.0,0.0,5.4,2.0,131515954.43132062,1.0,0
41.00_83.00,2017-10-16,41.0,83.0,0.0,0.0,0.0,4.5,2.0,131515954.43132062,2.0,0
41.00_83.00,2017-10-23,41.0,83.0,0.0,0.0,0.0,4.5,2.0,131515954.43132062,3.0,0
41.00_83.00,2017-10-30,41.0,83.0,0.0,0.0,0.0,0.0,2.0,131515954.43132062,4.0,0
41.00_83.00,2017-11-06,41.0,83.0,0.0,0.0,0.0,0.0,2.0,131515954.43132062,5.0,0
41.00_83.00,2017-11-13,41.0,83.0,0.0,0.0,0.0,0.0,2.0,5623413.251903491,6.0,0
41.00_83.00,2017-11-20,41.0,83.0,0.0,0.0,0.0,0.0,2.0,5623413.251903491,7.0,0
41.00_83.00,2017-11-27,41.0,83.0,0.0,0.0,0.0,0.0,2.0,0.0,8.0,0
41.00_83.00,2017-12-04,41.0,83.0,0.0,0.0,0.0,0.0,2.0,0.0,9.0,0
41.00_83.00,2017-12-11,41.0,83.0,0.0,0.0,0.0,0.0,1.0,0.0,10.0,0
41.00_83.00,2017-12-18,41.0,83.0,0.0,0.0,0.0,0.0,1.0,0.0,11.0,0
41.00_83.00,2017-12-25,41.0,83.0,0.0,0.0,0.0,0.0,0.0,0.0,12.0,0
41.00_83.00,2018-01-01,41.0,83.0,0.0,0.0,0.0,0.0,0.0,0.0,13.0,0
41.00_83.00,2018-01-08,41.0,83.0,0.0,0.0,0.0,0.0,0.0,0.0,14.0,0
41.00_83.00,2018-01-15,41.0,83.0,0.0,0.0,0.0,0.0,0.0,0.0,15.0,0
41.00_83.00,2018-01-22,41.0,83.0,0.0,0.0,0.0,0.0,0.0,0.0,16.0,0
41.00_83.00,2018-01-29,41.0,83.0,0.0,0.0,0.0,0.0,0.0,0.0,17.0,0
41.00_83.00,2018-02-05,41.0,83.0,0.0,0.0,0.0,0.0,0.0,0.0,18.0,0
41.00_83.00,2018-02-12,41.0,83.0,0.0,0.0,0.0,0.0,0.0,0.0,19.0,0
41.00_83.00,2018-02-19,41.0,83.0,0.0,0.0,0.0,0.0,0.0,0.0,20.0,0
41.00_83.00,2018-02-26,41.0,83.0,0.0,0.0,0.0,0.0,0.0,0.0,21.0,0
41.00_83.00,2018-03-05,41.0,83.0,0.0,0.0,0.0,0.0,0.0,0.0,22.0,0
41.00_83.00,2018-03-12,41.0,83.0,0.0,0.0,0.0,0.0,0.0,0.0,23.0,0
41.00_83.00,2018-03-19,41.0,83.0,0.0,0.0,0.0,0.0,0.0,0.0,24.0,0
41.00_83.00,2018-03-26,41.0,83.0,0.0,0.0,0.0,0.0,0.0,0.0,25.0,0
41.00_83.00,2018-04-02,41.0,83.0,0.0,0.0,0.0,0.0,0.0,0.0,26.0,0
41.00_83.00,2018-04-09,41.0,83.0,0.0,0.0,0.0,0.0,0.0,0.0,27.0,0
41.00_83.00,2018-04-16,41.0,83.0,0.0,0.0,0.0,0.0,0.0,0.0,28.0,0
41.00_83.00,2018-04-23,41.0,83.0,0.0,0.0,0.0,0.0,0.0,0.0,29.0,0
41.00_83.00,2018-04-30,41.0,83.0,0.0,0.0,0.0,0.0,0.0,0.0,30.0,0
41.00_83.00,2018-05-07,41.0,83.0,0.0,0.0,0.0,0.0,0.0,0.0,31.0,0
41.00_83.00,2018-05-14,41.0,83.0,0.0,0.0,0.0,0.0,0.0,0.0,32.0,0
41.00_83.00,2018-05-21,41.0,83.0,0.0,0.0,0.0,0.0,0.0,0.0,33.0,0
41.00_83.00,2018-05-28,41.0,83.0,0.0,0.0,0.0,0.0,0.0,0.0,34.0,0
41.00_83.00,2018-06-04,41.0,83.0,0.0,0.0,0.0,0.0,0.0,0.0,35.0,0
41.00_83.00,2018-06-11,41.0,83.0,0.0,0.0,0.0,0.0,0.0,0.0,36.0,0
41.00_83.00,2018-06-18,41.0,83.0,0.0,0.0,0.0,0.0,0.0,0.0,37.0,0
41.00_83.00,2018-06-25,41.0,83.0,0.0,0.0,0.0,0.0,0.0,0.0,38.0,0
41.00_83.00,2018-07-02,41.0,83.0,0.0,0.0,0.0,0.0,0.0,0.0,39.0,0
41.00_83.00,2018-07-09,41.0,83.0,0.0,0.0,0.0,0.0,0.0,0.0,40.0,0
41.00_83.00,2018-07-16,41.0,83.0,0.0,0.0,0.0,0.0,0.0,0.0,41.0,0
41.00_83.00,2018-07-23,41.0,83.0,0.0,0.0,0.0,0.0,0.0,0.0,42.0,0
41.00_83.00,2018-07-30,41.0,83.0,0.0,0.0,0.0,0.0,0.0,0.0,43.0,0
41.00_83.00,2018-08-06,41.0,83.0,0.0,0.0,0.0,0.0,0.0,0.0,44.0,0
41.00_83.00,2018-08-13,41.0,83.0,0.0,0.0,0.0,0.0,0.0,0.0,45.0,0
41.00_83.00,2018-08-20,41.0,83.0,0.0,0.0,0.0,0.0,0.0,0.0,46.0,0
41.00_83.00,2018-08-27,41.0,83.0,0.0,0.0,0.0,0.0,0.0,0.0,47.0,0
41.00_83.00,2018-09-03,41.0,83.0,0.0,0.0,0.0,0.0,0.0,0.0,48.0,0
41.00_83.00,2018-09-10,41.0,83.0,0.0,0.0,0.0,0.0,0.0,0.0,49.0,0
41.00_83.00,2018-09-17,41.0,83.0,0.0,0.0,0.0,0.0,0.0,0.0,50.0,0
41.00_83.00,2018-09-24,41.0,83.0,0.0,0.0,0.0,0.0,0.0,0.0,51.0,0
41.00_83.00,2018-10-01,41.0,83.0,0.0,0.0,0.0,0.0,0.0,0.0,52.0,0
41.00_83.00,2018-10-08,41.0,83.0,0.0,0.0,0.0,0.0,0.0,0.0,53.0,0
41.00_83.00,2018-10-15,41.0,83.0,0.0,0.0,0.0,0.0,0.0,0.0,54.0,0
41.00_83.00,2018-10-22,41.0,83.0,0.0,0.0,0.0,0.0,0.0,0.0,55.0,0
41.00_83.00,2018-10-29,41.0,83.0,0.0,0.0,0.0,0.0,0.0,0.0,56.0,0
41.00_83.00,2018-11-05,41.0,83.0,0.0,0.0,0.0,0.0,0.0,0.0,57.0,0
41.00_83.00,2018-11-12,41.0,83.0,0.0,0.0,0.0,0.0,0.0,0.0,58.0,0
41.00_83.00,2018-11-19,41.0,83.0,0.0,0.0,0.0,0.0,0.0,0.0,59.0,0
41.00_83.00,2018-11-26,41.0,83.0,0.0,0.0,0.0,0.0,0.0,0.0,60.0,0
41.00_83.00,2018-12-03,41.0,83.0,0.0,0.0,0.0,0.0,0.0,0.0,61.0,0
41.00_83.00,2018-12-10,41.0,83.0,0.0,0.0,0.0,0.0,0.0,0.0,62.0,0
41.00_83.00,2018-12-17,41.0,83.0,0.0,0.0,0.0,0.0,0.0,0.0,63.0,0
41.00_83.00,2018-12-24,41.0,83.0,0.0,0.0,0.0,0.0,0.0,0.0,64.0,0
41.00_83.00,2018-12-31,41.0,83.0,0.0,0.0,0.0,0.0,0.0,0.0,65.0,0
41.00_83.00,2019-01-07,41.0,83.0,0.0,0.0,0.0,0.0,0.0,0.0,66.0,0
41.00_83.00,2019-01-14,41.0,83.0,0.0,0.0,0.0,0.0,0.0,0.0,67.0,0
41.00_83.00,2019-01-21,41.0,83.0,0.0,0.0,0.0,0.0,0.0,0.0,68.0,0
41.00_83.00,2019-01-28,41.0,83.0,0.0,0.0,0.0,0.0,0.0,0.0,69.0,0
41.00_83.00,2019-02-04,41.0,83.0,0.0,0.0,0.0,0.0,0.0,0.0,70.0,0
41.00_83.00,2019-02-11,41.0,83.0,0.0,0.0,0.0,0.0,0.0,0.0,71.0,0
41.00_83.00,2019-02-18,41.0,83.0,0.0,0.0,0.0,0.0,0.0,0.0,72.0,0
41.00_83.00,2019-02-25,41.0,83.0,0.0,0.0,0.0,0.0,0.0,0.0,73.0,0
41.00_83.00,2019-03-04,41.0,83.0,0.0,0.0,0.0,0.0,0.0,0.0,74.0,0
41.00_83.00,2019-03-11,41.0,83.0,0.0,0.0,0.0,0.0,0.0,0.0,75.0,0
41.00_83.00,2019-03-18,41.0,83.0,0.0,0.0,0.0,0.0,0.0,0.0,76.0,0
41.00_83.00,2019-03-25,41.0,83.0,0.0,0.0,0.0,0.0,0.0,0.0,77.0,0
41.00_83.00,2019-04-01,41.0,83.0,0.0,0.0,0.0,0.0,0.0,0.0,78.0,0
41.00_83.00,2019-04-08,41.0,83.0,0.0,0.0,0.0,0.0,0.0,0.0,79.0,0
41.00_83.00,2019-04-15,41.0,83.0,0.0,0.0,0.0,0.0,0.0,0.0,80.0,0
41.00_83.00,2019-04-22,41.0,83.0,0.0,0.0,0.0,0.0,0.0,0.0,81.0,0
41.00_83.00,2019-04-29,41.0,83.0,0.0,0.0,0.0,0.0,0.0,0.0,82.0,0
41.00_83.00,2019-05-06,41.0,83.0,0.0,0.0,0.0,0.0,0.0,0.0,83.0,0
41.00_83.00,2019-05-13,41.0,83.0,0.0,0.0,0.0,0.0,0.0,0.0,84.0,0
41.00_83.00,2019-05-20,41.0,83.0,0.0,0.0,0.0,0.0,0.0,0.0,85.0,0
41.00_83.00,2019-05-27,41.0,83.0,0.0,0.0,0.0,0.0,0.0,0.0,86.0,0
41.00_83.00,2019-06-03,41.0,83.0,0.0,0.0,0.0,0.0,0.0,0.0,87.0,0
41.00_83.00,2019-06-10,41.0,83.0,0.0,0.0,0.0,0.0,0.0,0.0,88.0,0
41.00_83.00,2019-06-17,41.0,83.0,0.0,0.0,0.0,0.0,0.0,0.0,89.0,0
41.00_83.00,2019-06-24,41.0,83.0,0.0,0.0,0.0,0.0,0.0,0.0,90.0,0
41.00_83.00,2019-07-01,41.0,83.0,0.0,0.0,0.0,0.0,0.0,0.0,91.0,0
41.00_83.00,2019-07-08,41.0,83.0,0.0,0.0,0.0,0.0,0.0,0.0,92.0,0
41.00_83.00,2019-07-15,41.0,83.0,0.0,0.0,0.0,0.0,0.0,0.0,93.0,0
41.00_83.00,2019-07-22,41.0,83.0,0.0,0.0,0.0,0.0,0.0,0.0,94.0,0
41.00_83.00,2019-07-29,41.0,83.0,0.0,0.0,0.0,0.0,0.0,0.0,95.0,0
41.00_83.00,2019-08-05,41.0,83.0,0.0,0.0,0.0,0.0,0.0,0.0,96.0,0
41.00_83.00,2019-08-12,41.0,83.0,0.0,0.0,0.0,0.0,0.0,0.0,97.0,0
41.00_83.00,2019-08-19,41.0,83.0,0.0,0.0,0.0,0.0,0.0,0.0,98.0,0
41.00_83.00,2019-08-26,41.0,83.0,0.0,0.0,0.0,0.0,0.0,0.0,99.0,0
41.00_83.00,2019-09-02,41.0,83.0,0.0,0.0,0.0,0.0,0.0,0.0,100.0,0
41.00_83.00,2019-09-09,41.0,83.0,0.0,0.0,0.0,0.0,0.0,0.0,101.0,2
41.00_83.00,2019-09-16,41.0,83.0,2.0,4.5,4.5,4.5,2.0,11246826.503806982,0.0,1
41.00_83.00,2019-09-23,41.0,83.0,1.0,4.5,4.5,4.5,3.0,16870239.755710475,0.0,0
41.00_83.00,2019-09-30,41.0,83.0,0.0,0.0,0.0,4.5,3.0,16870239.755710475,1.0,0
41.00_83.00,2019-10-07,41.0,83.0,0.0,0.0,0.0,4.5,3.0,16870239.755710475,2.0,0
41.00_83.00,2019-10-14,41.0,83.0,0.0,0.0,0.0,4.5,3.0,16870239.755710475,3.0,0
41.00_83.00,2019-10-21,41.0,83.0,0.0,0.0,0.0,0.0,3.0,16870239.755710475,4.0,1
41.00_83.00,2019-10-28,41.0,83.0,1.0,5.1,5.1,5.1,4.0,61538598.97080673,0.0,0
41.00_83.00,2019-11-04,41.0,83.0,0.0,0.0,0.0,5.1,4.0,61538598.97080673,1.0,0
41.00_83.00,2019-11-11,41.0,83.0,0.0,0.0,0.0,5.1,4.0,50291772.466999754,2.0,0
41.00_83.00,2019-11-18,41.0,83.0,0.0,0.0,0.0,5.1,4.0,44668359.21509626,3.0,0
41.00_83.00,2019-11-25,41.0,83.0,0.0,0.0,0.0,0.0,4.0,44668359.21509626,4.0,0
41.00_83.00,2019-12-02,41.0,83.0,0.0,0.0,0.0,0.0,4.0,44668359.21509626,5.0,0
41.00_83.00,2019-12-09,41.0,83.0,0.0,0.0,0.0,0.0,2.0,44668359.21509626,6.0,0
41.00_83.00,2019-12-16,41.0,83.0,0.0,0.0,0.0,0.0,1.0,44668359.21509626,7.0,0
41.00_83.00,2019-12-23,41.0,83.0,0.0,0.0,0.0,0.0,1.0,0.0,8.0,0
41.00_83.00,2019-12-30,41.0,83.0,0.0,0.0,0.0,0.0,1.0,0.0,9.0,0
41.00_83.00,2020-01-06,41.0,83.0,0.0,0.0,0.0,0.0,1.0,0.0,10.0,0
41.00_83.00,2020-01-13,41.0,83.0,0.0,0.0,0.0,0.0,1.0,0.0,11.0,1
41.00_83.00,2020-01-20,41.0,83.0,1.0,5.2,5.2,5.2,1.0,63095734.44801943,0.0,0
41.00_83.00,2020-01-27,41.0,83.0,0.0,0.0,0.0,5.2,1.0,63095734.44801943,1.0,0
41.00_83.00,2020-02-03,41.0,83.0,0.0,0.0,0.0,5.2,1.0,63095734.44801943,2.0,0
41.00_83.00,2020-02-10,41.0,83.0,0.0,0.0,0.0,5.2,1.0,63095734.44801943,3.0,0
41.00_83.00,2020-02-17,41.0,83.0,0.0,0.0,0.0,0.0,1.0,63095734.44801943,4.0,0
41.00_83.00,2020-02-24,41.0,83.0,0.0,0.0,0.0,0.0,1.0,63095734.44801943,5.0,0
41.00_83.00,2020-03-02,41.0,83.0,0.0,0.0,0.0,0.0,1.0,63095734.44801943,6.0,0
41.00_83.00,2020-03-09,41.0,83.0,0.0,0.0,0.0,0.0,1.0,63095734.44801943,7.0,0
41.00_83.00,2020-03-16,41.0,83.0,0.0,0.0,0.0,0.0,1.0,0.0,8.0,0
41.00_83.00,2020-03-23,41.0,83.0,0.0,0.0,0.0,0.0,1.0,0.0,9.0,0
41.00_83.00,2020-03-30,41.0,83.0,0.0,0.0,0.0,0.0,1.0,0.0,10.0,0
41.00_83.00,2020-04-06,41.0,83.0,0.0,0.0,0.0,0.0,1.0,0.0,11.0,0
41.00_83.00,2020-04-13,41.0,83.0,0.0,0.0,0.0,0.0,0.0,0.0,12.0,0
41.00_83.00,2020-04-20,41.0,83.0,0.0,0.0,0.0,0.0,0.0,0.0,13.0,0
41.00_83.00,2020-04-27,41.0,83.0,0.0,0.0,0.0,0.0,0.0,0.0,14.0,0
41.00_83.00,2020-05-04,41.0,83.0,0.0,0.0,0.0,0.0,0.0,0.0,15.0,0
41.00_83.00,2020-05-11,41.0,83.0,0.0,0.0,0.0,0.0,0.0,0.0,16.0,0
41.00_83.00,2020-05-18,41.0,83.0,0.0,0.0,0.0,0.0,0.0,0.0,17.0,0
41.00_83.00,2020-05-25,41.0,83.0,0.0,0.0,0.0,0.0,0.0,0.0,18.0,0
41.00_83.00,2020-06-01,41.0,83.0,0.0,0.0,0.0,0.0,0.0,0.0,19.0,0
41.00_83.00,2020-06-08,41.0,83.0,0.0,0.0,0.0,0.0,0.0,0.0,20.0,0
41.00_83.00,2020-06-15,41.0,83.0,0.0,0.0,0.0,0.0,0.0,0.0,21.0,0
41.00_83.00,2020-06-22,41.0,83.0,0.0,0.0,0.0,0.0,0.0,0.0,22.0,0
41.00_83.00,2020-06-29,41.0,83.0,0.0,0.0,0.0,0.0,0.0,0.0,23.0,0
41.00_83.00,2020-07-06,41.0,83.0,0.0,0.0,0.0,0.0,0.0,0.0,24.0,0
41.00_83.00,2020-07-13,41.0,83.0,0.0,0.0,0.0,0.0,0.0,0.0,25.0,0
41.00_83.00,2020-07-20,41.0,83.0,0.0,0.0,0.0,0.0,0.0,0.0,26.0,0
41.00_83.00,2020-07-27,41.0,83.0,0.0,0.0,0.0,0.0,0.0,0.0,27.0,0
41.00_83.00,2020-08-03,41.0,83.0,0.0,0.0,0.0,0.0,0.0,0.0,28.0,0
41.00_83.00,2020-08-10,41.0,83.0,0.0,0.0,0.0,0.0,0.0,0.0,29.0,0
41.00_83.00,2020-08-17,41.0,83.0,0.0,0.0,0.0,0.0,0.0,0.0,30.0,0
41.00_83.00,2020-08-24,41.0,83.0,0.0,0.0,0.0,0.0,0.0,0.0,31.0,0
41.00_83.00,2020-08-31,41.0,83.0,0.0,0.0,0.0,0.0,0.0,0.0,32.0,0
41.00_83.00,2020-09-07,41.0,83.0,0.0,0.0,0.0,0.0,0.0,0.0,33.0,1
41.00_83.00,2020-09-14,41.0,83.0,1.0,4.6,4.6,4.6,1.0,7943282.347242805,0.0,2
41.00_83.00,2020-09-21,41.0,83.0,2.0,4.6,4.5,4.6,3.0,21509977.9463891,0.0,0
41.00_83.00,2020-09-28,41.0,83.0,0.0,0.0,0.0,4.6,3.0,21509977.9463891,1.0,0
41.00_83.00,2020-10-05,41.0,83.0,0.0,0.0,0.0,4.6,3.0,21509977.9463891,2.0,0
41.00_83.00,2020-10-12,41.0,83.0,0.0,0.0,0.0,4.6,3.0,21509977.9463891,3.0,0
41.00_83.00,2020-10-19,41.0,83.0,0.0,0.0,0.0,0.0,3.0,21509977.9463891,4.0,0
41.00_83.00,2020-10-26,41.0,83.0,0.0,0.0,0.0,0.0,3.0,21509977.9463891,5.0,0
41.00_83.00,2020-11-02,41.0,83.0,0.0,0.0,0.0,0.0,3.0,21509977.9463891,6.0,0
41.00_83.00,2020-11-09,41.0,83.0,0.0,0.0,0.0,0.0,3.0,13566695.599146295,7.0,0
41.00_83.00,2020-11-16,41.0,83.0,0.0,0.0,0.0,0.0,3.0,0.0,8.0,0
41.00_83.00,2020-11-23,41.0,83.0,0.0,0.0,0.0,0.0,3.0,0.0,9.0,0
41.00_83.00,2020-11-30,41.0,83.0,0.0,0.0,0.0,0.0,3.0,0.0,10.0,0
41.00_83.00,2020-12-07,41.0,83.0,0.0,0.0,0.0,0.0,2.0,0.0,11.0,1
41.00_83.00,2020-12-14,41.0,83.0,1.0,4.6,4.6,4.6,1.0,7943282.347242805,0.0,0
41.00_83.00,2020-12-21,41.0,83.0,0.0,0.0,0.0,4.6,1.0,7943282.347242805,1.0,0
41.00_83.00,2020-12-28,41.0,83.0,0.0,0.0,0.0,4.6,1.0,7943282.347242805,2.0,0
41.00_83.00,2021-01-04,41.0,83.0,0.0,0.0,0.0,4.6,1.0,7943282.347242805,3.0,0
41.00_83.00,2021-01-11,41.0,83.0,0.0,0.0,0.0,0.0,1.0,7943282.347242805,4.0,0
41.00_83.00,2021-01-18,41.0,83.0,0.0,0.0,0.0,0.0,1.0,7943282.347242805,5.0,0
41.00_83.00,2021-01-25,41.0,83.0,0.0,0.0,0.0,0.0,1.0,7943282.347242805,6.0,0
41.00_83.00,2021-02-01,41.0,83.0,0.0,0.0,0.0,0.0,1.0,7943282.347242805,7.0,0
41.00_83.00,2021-02-08,41.0,83.0,0.0,0.0,0.0,0.0,1.0,0.0,8.0,0
41.00_83.00,2021-02-15,41.0,83.0,0.0,0.0,0.0,0.0,1.0,0.0,9.0,0
41.00_83.00,2021-02-22,41.0,83.0,0.0,0.0,0.0,0.0,1.0,0.0,10.0,0
41.00_83.00,2021-03-01,41.0,83.0,0.0,0.0,0.0,0.0,1.0,0.0,11.0,0
41.00_83.00,2021-03-08,41.0,83.0,0.0,0.0,0.0,0.0,0.0,0.0,12.0,1
41.00_83.00,2021-03-15,41.0,83.0,1.0,4.5,4.5,4.5,1.0,5623413.251903491,0.0,0
41.00_83.00,2021-03-22,41.0,83.0,0.0,0.0,0.0,4.5,1.0,5623413.251903491,1.0,0
41.00_83.00,2021-03-29,41.0,83.0,0.0,0.0,0.0,4.5,1.0,5623413.251903491,2.0,0
41.00_83.00,2021-04-05,41.0,83.0,0.0,0.0,0.0,4.5,1.0,5623413.251903491,3.0,0
41.00_83.00,2021-04-12,41.0,83.0,0.0,0.0,0.0,0.0,1.0,5623413.251903491,4.0,0
41.00_83.00,2021-04-19,41.0,83.0,0.0,0.0,0.0,0.0,1.0,5623413.251903491,5.0,0
41.00_83.00,2021-04-26,41.0,83.0,0.0,0.0,0.0,0.0,1.0,5623413.251903491,6.0,0
41.00_83.00,2021-05-03,41.0,83.0,0.0,0.0,0.0,0.0,1.0,5623413.251903491,7.0,0
41.00_83.00,2021-05-10,41.0,83.0,0.0,0.0,0.0,0.0,1.0,0.0,8.0,0
41.00_83.00,2021-05-17,41.0,83.0,0.0,0.0,0.0,0.0,1.0,0.0,9.0,0
41.00_83.00,2021-05-24,41.0,83.0,0.0,0.0,0.0,0.0,1.0,0.0,10.0,0
41.00_83.00,2021-05-31,41.0,83.0,0.0,0.0,0.0,0.0,1.0,0.0,11.0,0
41.00_83.00,2021-06-07,41.0,83.0,0.0,0.0,0.0,0.0,0.0,0.0,12.0,0
41.00_83.00,2021-06-14,41.0,83.0,0.0,0.0,0.0,0.0,0.0,0.0,13.0,0
41.00_83.00,2021-06-21,41.0,83.0,0.0,0.0,0.0,0.0,0.0,0.0,14.0,1
41.00_83.00,2021-06-28,41.0,83.0,1.0,4.5,4.5,4.5,1.0,5623413.251903491,0.0,0
41.00_83.00,2021-07-05,41.0,83.0,0.0,0.0,0.0,4.5,1.0,5623413.251903491,1.0,0
41.00_83.00,2021-07-12,41.0,83.0,0.0,0.0,0.0,4.5,1.0,5623413.251903491,2.0,0
41.00_83.00,2021-07-19,41.0,83.0,0.0,0.0,0.0,4.5,1.0,5623413.251903491,3.0,1
41.00_83.00,2021-07-26,41.0,83.0,1.0,4.5,4.5,4.5,2.0,11246826.503806982,0.0,0
41.00_83.00,2021-08-02,41.0,83.0,0.0,0.0,0.0,4.5,2.0,11246826.503806982,1.0,0
41.00_83.00,2021-08-09,41.0,83.0,0.0,0.0,0.0,4.5,2.0,11246826.503806982,2.0,0
41.00_83.00,2021-08-16,41.0,83.0,0.0,0.0,0.0,4.5,2.0,11246826.503806982,3.0,0
41.00_83.00,2021-08-23,41.0,83.0,0.0,0.0,0.0,0.0,2.0,5623413.251903491,4.0,0
41.00_83.00,2021-08-30,41.0,83.0,0.0,0.0,0.0,0.0,2.0,5623413.251903491,5.0,0
41.00_83.00,2021-09-06,41.0,83.0,0.0,0.0,0.0,0.0,2.0,5623413.251903491,6.0,0
41.00_83.00,2021-09-13,41.0,83.0,0.0,0.0,0.0,0.0,2.0,5623413.251903491,7.0,0
41.00_83.00,2021-09-20,41.0,83.0,0.0,0.0,0.0,0.0,1.0,0.0,8.0,0
41.00_83.00,2021-09-27,41.0,83.0,0.0,0.0,0.0,0.0,1.0,0.0,9.0,0
41.00_83.00,2021-10-04,41.0,83.0,0.0,0.0,0.0,0.0,1.0,0.0,10.0,1
41.00_83.00,2021-10-11,41.0,83.0,1.0,4.5,4.5,4.5,2.0,5623413.251903491,0.0,0
41.00_83.00,2021-10-18,41.0,83.0,0.0,0.0,0.0,4.5,1.0,5623413.251903491,1.0,1
41.00_83.00,2021-10-25,41.0,83.0,1.0,4.6,4.6,4.6,2.0,13566695.599146295,0.0,1
41.00_83.00,2021-11-01,41.0,83.0,1.0,4.7,4.7,4.7,3.0,24786880.142165948,0.0,0
41.00_83.00,2021-11-08,41.0,83.0,0.0,0.0,0.0,4.7,3.0,24786880.142165948,1.0,0
41.00_83.00,2021-11-15,41.0,83.0,0.0,0.0,0.0,4.7,3.0,24786880.142165948,2.0,0
41.00_83.00,2021-11-22,41.0,83.0,0.0,0.0,0.0,4.7,3.0,24786880.142165948,3.0,0
41.00_83.00,2021-11-29,41.0,83.0,0.0,0.0,0.0,0.0,3.0,24786880.142165948,4.0,0
41.00_83.00,2021-12-06,41.0,83.0,0.0,0.0,0.0,0.0,3.0,19163466.890262455,5.0,0
41.00_83.00,2021-12-13,41.0,83.0,0.0,0.0,0.0,0.0,3.0,19163466.890262455,6.0,0
41.00_83.00,2021-12-20,41.0,83.0,0.0,0.0,0.0,0.0,3.0,11220184.543019652,7.0,0
41.00_83.00,2021-12-27,41.0,83.0,0.0,0.0,0.0,0.0,3.0,0.0,8.0,0
41.00_83.00,2022-01-03,41.0,83.0,0.0,0.0,0.0,0.0,2.0,0.0,9.0,0
41.00_83.00,2022-01-10,41.0,83.0,0.0,0.0,0.0,0.0,2.0,0.0,10.0,0
41.00_83.00,2022-01-17,41.0,83.0,0.0,0.0,0.0,0.0,1.0,0.0,11.0,0
41.00_83.00,2022-01-24,41.0,83.0,0.0,0.0,0.0,0.0,0.0,0.0,12.0,0
41.00_83.00,2022-01-31,41.0,83.0,0.0,0.0,0.0,0.0,0.0,0.0,13.0,0
41.00_83.00,2022-02-07,41.0,83.0,0.0,0.0,0.0,0.0,0.0,0.0,14.0,0
41.00_83.00,2022-02-14,41.0,83.0,0.0,0.0,0.0,0.0,0.0,0.0,15.0,0
41.00_83.00,2022-02-21,41.0,83.0,0.0,0.0,0.0,0.0,0.0,0.0,16.0,0
41.00_83.00,2022-02-28,41.0,83.0,0.0,0.0,0.0,0.0,0.0,0.0,17.0,0
41.00_83.00,2022-03-07,41.0,83.0,0.0,0.0,0.0,0.0,0.0,0.0,18.0,0
41.00_83.00,2022-03-14,41.0,83.0,0.0,0.0,0.0,0.0,0.0,0.0,19.0,0
41.00_83.00,2022-03-21,41.0,83.0,0.0,0.0,0.0,0.0,0.0,0.0,20.0,0
41.00_83.00,2022-03-28,41.0,83.0,0.0,0.0,0.0,0.0,0.0,0.0,21.0,0
41.00_83.00,2022-04-04,41.0,83.0,0.0,0.0,0.0,0.0,0.0,0.0,22.0,0
41.00_83.00,2022-04-11,41.0,83.0,0.0,0.0,0.0,0.0,0.0,0.0,23.0,0
41.00_83.00,2022-04-18,41.0,83.0,0.0,0.0,0.0,0.0,0.0,0.0,24.0,0
41.00_83.00,2022-04-25,41.0,83.0,0.0,0.0,0.0,0.0,0.0,0.0,25.0,0
41.00_83.00,2022-05-02,41.0,83.0,0.0,0.0,0.0,0.0,0.0,0.0,26.0,0
41.00_83.00,2022-05-09,41.0,83.0,0.0,0.0,0.0,0.0,0.0,0.0,27.0,0
41.00_83.00,2022-05-16,41.0,83.0,0.0,0.0,0.0,0.0,0.0,0.0,28.0,0
41.00_83.00,2022-05-23,41.0,83.0,0.0,0.0,0.0,0.0,0.0,0.0,29.0,0
41.00_83.00,2022-05-30,41.0,83.0,0.0,0.0,0.0,0.0,0.0,0.0,30.0,0
41.00_83.00,2022-06-06,41.0,83.0,0.0,0.0,0.0,0.0,0.0,0.0,31.0,0
41.00_83.00,2022-06-13,41.0,83.0,0.0,0.0,0.0,0.0,0.0,0.0,32.0,0
41.00_83.00,2022-06-20,41.0,83.0,0.0,0.0,0.0,0.0,0.0,0.0,33.0,0
41.00_83.00,2022-06-27,41.0,83.0,0.0,0.0,0.0,0.0,0.0,0.0,34.0,0
41.00_83.00,2022-07-04,41.0,83.0,0.0,0.0,0.0,0.0,0.0,0.0,35.0,0
41.00_83.00,2022-07-11,41.0,83.0,0.0,0.0,0.0,0.0,0.0,0.0,36.0,0
41.00_83.00,2022-07-18,41.0,83.0,0.0,0.0,0.0,0.0,0.0,0.0,37.0,0
41.00_83.00,2022-07-25,41.0,83.0,0.0,0.0,0.0,0.0,0.0,0.0,38.0,0
41.00_83.00,2022-08-01,41.0,83.0,0.0,0.0,0.0,0.0,0.0,0.0,39.0,0
41.00_83.00,2022-08-08,41.0,83.0,0.0,0.0,0.0,0.0,0.0,0.0,40.0,0
41.00_83.00,2022-08-15,41.0,83.0,0.0,0.0,0.0,0.0,0.0,0.0,41.0,0
41.00_83.00,2022-08-22,41.0,83.0,0.0,0.0,0.0,0.0,0.0,0.0,42.0,0
41.00_83.00,2022-08-29,41.0,83.0,0.0,0.0,0.0,0.0,0.0,0.0,43.0,0
41.00_83.00,2022-09-05,41.0,83.0,0.0,0.0,0.0,0.0,0.0,0.0,44.0,0
41.00_83.00,2022-09-12,41.0,83.0,0.0,0.0,0.0,0.0,0.0,0.0,45.0,0
41.00_83.00,2022-09-19,41.0,83.0,0.0,0.0,0.0,0.0,0.0,0.0,46.0,0
41.00_83.00,2022-09-26,41.0,83.0,0.0,0.0,0.0,0.0,0.0,0.0,47.0,0
41.00_83.00,2022-10-03,41.0,83.0,0.0,0.0,0.0,0.0,0.0,0.0,48.0,0
41.00_83.00,2022-10-10,41.0,83.0,0.0,0.0,0.0,0.0,0.0,0.0,49.0,0
41.00_83.00,2022-10-17,41.0,83.0,0.0,0.0,0.0,0.0,0.0,0.0,50.0,0
41.00_83.00,2022-10-24,41.0,83.0,0.0,0.0,0.0,0.0,0.0,0.0,51.0,0
41.00_83.00,2022-10-31,41.0,83.0,0.0,0.0,0.0,0.0,0.0,0.0,52.0,0
41.00_83.00,2022-11-07,41.0,83.0,0.0,0.0,0.0,0.0,0.0,0.0,53.0,0
41.00_83.00,2022-11-14,41.0,83.0,0.0,0.0,0.0,0.0,0.0,0.0,54.0,0
41.00_83.00,2022-11-21,41.0,83.0,0.0,0.0,0.0,0.0,0.0,0.0,55.0,0
41.00_83.00,2022-11-28,41.0,83.0,0.0,0.0,0.0,0.0,0.0,0.0,56.0,0
41.00_83.00,2022-12-05,41.0,83.0,0.0,0.0,0.0,0.0,0.0,0.0,57.0,0
41.00_83.00,2022-12-12,41.0,83.0,0.0,0.0,0.0,0.0,0.0,0.0,58.0,0
41.00_83.00,2022-12-19,41.0,83.0,0.0,0.0,0.0,0.0,0.0,0.0,59.0,0
41.00_83.00,2022-12-26,41.0,83.0,0.0,0.0,0.0,0.0,0.0,0.0,60.0,0
41.00_83.00,2023-01-02,41.0,83.0,0.0,0.0,0.0,0.0,0.0,0.0,61.0,0
41.00_83.00,2023-01-09,41.0,83.0,0.0,0.0,0.0,0.0,0.0,0.0,62.0,0
41.00_83.00,2023-01-16,41.0,83.0,0.0,0.0,0.0,0.0,0.0,0.0,63.0,0
41.00_83.00,2023-01-23,41.0,83.0,0.0,0.0,0.0,0.0,0.0,0.0,64.0,1
41.00_83.00,2023-01-30,41.0,83.0,1.0,4.6,4.6,4.6,1.0,7943282.347242805,0.0,0
41.00_83.00,2023-02-06,41.0,83.0,0.0,0.0,0.0,4.6,1.0,7943282.347242805,1.0,0
41.00_83.00,2023-02-13,41.0,83.0,0.0,0.0,0.0,4.6,1.0,7943282.347242805,2.0,0
41.00_83.00,2023-02-20,41.0,83.0,0.0,0.0,0.0,4.6,1.0,7943282.347242805,3.0,0
41.00_83.00,2023-02-27,41.0,83.0,0.0,0.0,0.0,0.0,1.0,7943282.347242805,4.0,0
41.00_83.00,2023-03-06,41.0,83.0,0.0,0.0,0.0,0.0,1.0,7943282.347242805,5.0,0
41.00_83.00,2023-03-13,41.0,83.0,0.0,0.0,0.0,0.0,1.0,7943282.347242805,6.0,0
41.00_83.00,2023-03-20,41.0,83.0,0.0,0.0,0.0,0.0,1.0,7943282.347242805,7.0,0
41.00_83.00,2023-03-27,41.0,83.0,0.0,0.0,0.0,0.0,1.0,0.0,8.0,0
41.00_83.00,2023-04-03,41.0,83.0,0.0,0.0,0.0,0.0,1.0,0.0,9.0,0
41.00_83.00,2023-04-10,41.0,83.0,0.0,0.0,0.0,0.0,1.0,0.0,10.0,0
41.00_83.00,2023-04-17,41.0,83.0,0.0,0.0,0.0,0.0,1.0,0.0,11.0,0
41.00_83.00,2023-04-24,41.0,83.0,0.0,0.0,0.0,0.0,0.0,0.0,12.0,1
41.00_83.00,2023-05-01,41.0,83.0,1.0,4.5,4.5,4.5,1.0,5623413.251903491,0.0,0
41.00_83.00,2023-05-08,41.0,83.0,0.0,0.0,0.0,4.5,1.0,5623413.251903491,1.0,0
41.00_83.00,2023-05-15,41.0,83.0,0.0,0.0,0.0,4.5,1.0,5623413.251903491,2.0,0
41.00_83.00,2023-05-22,41.0,83.0,0.0,0.0,0.0,4.5,1.0,5623413.251903491,3.0,0
41.00_83.00,2023-05-29,41.0,83.0,0.0,0.0,0.0,0.0,1.0,5623413.251903491,4.0,0
41.00_83.00,2023-06-05,41.0,83.0,0.0,0.0,0.0,0.0,1.0,5623413.251903491,5.0,0
41.00_83.00,2023-06-12,41.0,83.0,0.0,0.0,0.0,0.0,1.0,5623413.251903491,6.0,0
41.00_83.00,2023-06-19,41.0,83.0,0.0,0.0,0.0,0.0,1.0,5623413.251903491,7.0,0
41.00_83.00,2023-06-26,41.0,83.0,0.0,0.0,0.0,0.0,1.0,0.0,8.0,0
41.00_83.00,2023-07-03,41.0,83.0,0.0,0.0,0.0,0.0,1.0,0.0,9.0,0
41.00_83.00,2023-07-10,41.0,83.0,0.0,0.0,0.0,0.0,1.0,0.0,10.0,0
41.00_83.00,2023-07-17,41.0,83.0,0.0,0.0,0.0,0.0,1.0,0.0,11.0,0
41.00_83.00,2023-07-24,41.0,83.0,0.0,0.0,0.0,0.0,0.0,0.0,12.0,0
41.00_83.00,2023-07-31,41.0,83.0,0.0,0.0,0.0,0.0,0.0,0.0,13.0,0
41.00_83.00,2023-08-07,41.0,83.0,0.0,0.0,0.0,0.0,0.0,0.0,14.0,0
41.00_83.00,2023-08-14,41.0,83.0,0.0,0.0,0.0,0.0,0.0,0.0,15.0,0
41.00_83.00,2023-08-21,41.0,83.0,0.0,0.0,0.0,0.0,0.0,0.0,16.0,0
41.00_83.00,2023-08-28,41.0,83.0,0.0,0.0,0.0,0.0,0.0,0.0,17.0,0
41.00_83.00,2023-09-04,41.0,83.0,0.0,0.0,0.0,0.0,0.0,0.0,18.0,1
41.00_83.00,2023-09-11,41.0,83.0,1.0,4.5,4.5,4.5,1.0,5623413.251903491,0.0,0
41.00_83.00,2023-09-18,41.0,83.0,0.0,0.0,0.0,4.5,1.0,5623413.251903491,1.0,0
41.00_83.00,2023-09-25,41.0,83.0,0.0,0.0,0.0,4.5,1.0,5623413.251903491,2.0,0
41.00_83.00,2023-10-02,41.0,83.0,0.0,0.0,0.0,4.5,1.0,5623413.251903491,3.0,0
41.00_83.00,2023-10-09,41.0,83.0,0.0,0.0,0.0,0.0,1.0,5623413.251903491,4.0,0
41.00_83.00,2023-10-16,41.0,83.0,0.0,0.0,0.0,0.0,1.0,5623413.251903491,5.0,0
41.00_83.00,2023-10-23,41.0,83.0,0.0,0.0,0.0,0.0,1.0,5623413.251903491,6.0,0
41.00_83.00,2023-10-30,41.0,83.0,0.0,0.0,0.0,0.0,1.0,5623413.251903491,7.0,0
41.00_83.00,2023-11-06,41.0,83.0,0.0,0.0,0.0,0.0,1.0,0.0,8.0,0
41.00_83.00,2023-11-13,41.0,83.0,0.0,0.0,0.0,0.0,1.0,0.0,9.0,0
41.00_83.00,2023-11-20,41.0,83.0,0.0,0.0,0.0,0.0,1.0,0.0,10.0,0
41.00_83.00,2023-11-27,41.0,83.0,0.0,0.0,0.0,0.0,1.0,0.0,11.0,0
41.00_83.00,2023-12-04,41.0,83.0,0.0,0.0,0.0,0.0,0.0,0.0,12.0,0
41.00_83.00,2023-12-11,41.0,83.0,0.0,0.0,0.0,0.0,0.0,0.0,13.0,0
41.00_83.00,2023-12-18,41.0,83.0,0.0,0.0,0.0,0.0,0.0,0.0,14.0,0
41.00_83.00,2023-12-25,41.0,83.0,0.0,0.0,0.0,0.0,0.0,0.0,15.0,0
44.00_77.00,2010-03-22,44.0,77.0,0.0,0.0,0.0,0.0,0.0,0.0,500.0,0
44.00_77.00,2010-03-29,44.0,77.0,0.0,0.0,0.0,0.0,0.0,0.0,500.0,0
44.00_77.00,2010-04-05,44.0,77.0,0.0,0.0,0.0,0.0,0.0,0.0,500.0,0
44.00_77.00,2010-04-12,44.0,77.0,0.0,0.0,0.0,0.0,0.0,0.0,500.0,0
44.00_77.00,2010-04-19,44.0,77.0,0.0,0.0,0.0,0.0,0.0,0.0,500.0,0
44.00_77.00,2010-04-26,44.0,77.0,0.0,0.0,0.0,0.0,0.0,0.0,500.0,0
44.00_77.00,2010-05-03,44.0,77.0,0.0,0.0,0.0,0.0,0.0,0.0,500.0,0
44.00_77.00,2010-05-10,44.0,77.0,0.0,0.0,0.0,0.0,0.0,0.0,500.0,0
44.00_77.00,2010-05-17,44.0,77.0,0.0,0.0,0.0,0.0,0.0,0.0,500.0,0
44.00_77.00,2010-05-24,44.0,77.0,0.0,0.0,0.0,0.0,0.0,0.0,500.0,0
44.00_77.00,2010-05-31,44.0,77.0,0.0,0.0,0.0,0.0,0.0,0.0,500.0,0
44.00_77.00,2010-06-07,44.0,77.0,0.0,0.0,0.0,0.0,0.0,0.0,500.0,0
44.00_77.00,2010-06-14,44.0,77.0,0.0,0.0,0.0,0.0,0.0,0.0,500.0,0
44.00_77.00,2010-06-21,44.0,77.0,0.0,0.0,0.0,0.0,0.0,0.0,500.0,0
44.00_77.00,2010-06-28,44.0,77.0,0.0,0.0,0.0,0.0,0.0,0.0,500.0,0
44.00_77.00,2010-07-05,44.0,77.0,0.0,0.0,0.0,0.0,0.0,0.0,500.0,0
44.00_77.00,2010-07-12,44.0,77.0,0.0,0.0,0.0,0.0,0.0,0.0,500.0,0
44.00_77.00,2010-07-19,44.0,77.0,0.0,0.0,0.0,0.0,0.0,0.0,500.0,0
44.00_77.00,2010-07-26,44.0,77.0,0.0,0.0,0.0,0.0,0.0,0.0,500.0,0
44.00_77.00,2010-08-02,44.0,77.0,0.0,0.0,0.0,0.0,0.0,0.0,500.0,0
44.00_77.00,2010-08-09,44.0,77.0,0.0,0.0,0.0,0.0,0.0,0.0,500.0,0
44.00_77.00,2010-08-16,44.0,77.0,0.0,0.0,0.0,0.0,0.0,0.0,500.0,0
44.00_77.00,2010-08-23,44.0,77.0,0.0,0.0,0.0,0.0,0.0,0.0,500.0,0
44.00_77.00,2010-08-30,44.0,77.0,0.0,0.0,0.0,0.0,0.0,0.0,500.0,0
44.00_77.00,2010-09-06,44.0,77.0,0.0,0.0,0.0,0.0,0.0,0.0,500.0,0
44.00_77.00,2010-09-13,44.0,77.0,0.0,0.0,0.0,0.0,0.0,0.0,500.0,0
44.00_77.00,2010-09-20,44.0,77.0,0.0,0.0,0.0,0.0,0.0,0.0,500.0,0
44.00_77.00,2010-09-27,44.0,77.0,0.0,0.0,0.0,0.0,0.0,0.0,500.0,0
44.00_77.00,2010-10-04,44.0,77.0,0.0,0.0,0.0,0.0,0.0,0.0,500.0,0
44.00_77.00,2010-10-11,44.0,77.0,0.0,0.0,0.0,0.0,0.0,0.0,500.0,0
44.00_77.00,2010-10-18,44.0,77.0,0.0,0.0,0.0,0.0,0.0,0.0,500.0,0
44.00_77.00,2010-10-25,44.0,77.0,0.0,0.0,0.0,0.0,0.0,0.0,500.0,0
44.00_77.00,2010-11-01,44.0,77.0,0.0,0.0,0.0,0.0,0.0,0.0,500.0,0
44.00_77.00,2010-11-08,44.0,77.0,0.0,0.0,0.0,0.0,0.0,0.0,500.0,0
44.00_77.00,2010-11-15,44.0,77.0,0.0,0.0,0.0,0.0,0.0,0.0,500.0,0
44.00_77.00,2010-11-22,44.0,77.0,0.0,0.0,0.0,0.0,0.0,0.0,500.0,0
44.00_77.00,2010-11-29,44.0,77.0,0.0,0.0,0.0,0.0,0.0,0.0,500.0,0
44.00_77.00,2010-12-06,44.0,77.0,0.0,0.0,0.0,0.0,0.0,0.0,500.0,0
44.00_77.00,2010-12-13,44.0,77.0,0.0,0.0,0.0,0.0,0.0,0.0,500.0,0
44.00_77.00,2010-12-20,44.0,77.0,0.0,0.0,0.0,0.0,0.0,0.0,500.0,0
44.00_77.00,2010-12-27,44.0,77.0,0.0,0.0,0.0,0.0,0.0,0.0,500.0,0
44.00_77.00,2011-01-03,44.0,77.0,0.0,0.0,0.0,0.0,0.0,0.0,500.0,0
44.00_77.00,2011-01-10,44.0,77.0,0.0,0.0,0.0,0.0,0.0,0.0,500.0,0
44.00_77.00,2011-01-17,44.0,77.0,0.0,0.0,0.0,0.0,0.0,0.0,500.0,0
44.00_77.00,2011-01-24,44.0,77.0,0.0,0.0,0.0,0.0,0.0,0.0,500.0,0
44.00_77.00,2011-01-31,44.0,77.0,0.0,0.0,0.0,0.0,0.0,0.0,500.0,0
44.00_77.00,2011-02-07,44.0,77.0,0.0,0.0,0.0,0.0,0.0,0.0,500.0,0
44.00_77.00,2011-02-14,44.0,77.0,0.0,0.0,0.0,0.0,0.0,0.0,500.0,0
44.00_77.00,2011-02-21,44.0,77.0,0.0,0.0,0.0,0.0,0.0,0.0,500.0,0
44.00_77.00,2011-02-28,44.0,77.0,0.0,0.0,0.0,0.0,0.0,0.0,500.0,0
44.00_77.00,2011-03-07,44.0,77.0,0.0,0.0,0.0,0.0,0.0,0.0,500.0,0
44.00_77.00,2011-03-14,44.0,77.0,0.0,0.0,0.0,0.0,0.0,0.0,500.0,0
44.00_77.00,2011-03-21,44.0,77.0,0.0,0.0,0.0,0.0,0.0,0.0,500.0,0
44.00_77.00,2011-03-28,44.0,77.0,0.0,0.0,0.0,0.0,0.0,0.0,500.0,0
44.00_77.00,2011-04-04,44.0,77.0,0.0,0.0,0.0,0.0,0.0,0.0,500.0,0
44.00_77.00,2011-04-11,44.0,77.0,0.0,0.0,0.0,0.0,0.0,0.0,500.0,0
44.00_77.00,2011-04-18,44.0,77.0,0.0,0.0,0.0,0.0,0.0,0.0,500.0,0
44.00_77.00,2011-04-25,44.0,77.0,0.0,0.0,0.0,0.0,0.0,0.0,500.0,0
44.00_77.00,2011-05-02,44.0,77.0,0.0,0.0,0.0,0.0,0.0,0.0,500.0,0
44.00_77.00,2011-05-09,44.0,77.0,0.0,0.0,0.0,0.0,0.0,0.0,500.0,0
44.00_77.00,2011-05-16,44.0,77.0,0.0,0.0,0.0,0.0,0.0,0.0,500.0,0
44.00_77.00,2011-05-23,44.0,77.0,0.0,0.0,0.0,0.0,0.0,0.0,500.0,0
44.00_77.00,2011-05-30,44.0,77.0,0.0,0.0,0.0,0.0,0.0,0.0,500.0,0
44.00_77.00,2011-06-06,44.0,77.0,0.0,0.0,0.0,0.0,0.0,0.0,500.0,0
44.00_77.00,2011-06-13,44.0,77.0,0.0,0.0,0.0,0.0,0.0,0.0,500.0,0
44.00_77.00,2011-06-20,44.0,77.0,0.0,0.0,0.0,0.0,0.0,0.0,500.0,0
44.00_77.00,2011-06-27,44.0,77.0,0.0,0.0,0.0,0.0,0.0,0.0,500.0,0
44.00_77.00,2011-07-04,44.0,77.0,0.0,0.0,0.0,0.0,0.0,0.0,500.0,0
44.00_77.00,2011-07-11,44.0,77.0,0.0,0.0,0.0,0.0,0.0,0.0,500.0,0
44.00_77.00,2011-07-18,44.0,77.0,0.0,0.0,0.0,0.0,0.0,0.0,500.0,0
44.00_77.00,2011-07-25,44.0,77.0,0.0,0.0,0.0,0.0,0.0,0.0,500.0,0
44.00_77.00,2011-08-01,44.0,77.0,0.0,0.0,0.0,0.0,0.0,0.0,500.0,0
44.00_77.00,2011-08-08,44.0,77.0,0.0,0.0,0.0,0.0,0.0,0.0,500.0,0
44.00_77.00,2011-08-15,44.0,77.0,0.0,0.0,0.0,0.0,0.0,0.0,500.0,0
44.00_77.00,2011-08-22,44.0,77.0,0.0,0.0,0.0,0.0,0.0,0.0,500.0,0
44.00_77.00,2011-08-29,44.0,77.0,0.0,0.0,0.0,0.0,0.0,0.0,500.0,0
44.00_77.00,2011-09-05,44.0,77.0,0.0,0.0,0.0,0.0,0.0,0.0,500.0,0
44.00_77.00,2011-09-12,44.0,77.0,0.0,0.0,0.0,0.0,0.0,0.0,500.0,0
44.00_77.00,2011-09-19,44.0,77.0,0.0,0.0,0.0,0.0,0.0,0.0,500.0,0
44.00_77.00,2011-09-26,44.0,77.0,0.0,0.0,0.0,0.0,0.0,0.0,500.0,0
44.00_77.00,2011-10-03,44.0,77.0,0.0,0.0,0.0,0.0,0.0,0.0,500.0,0
44.00_77.00,2011-10-10,44.0,77.0,0.0,0.0,0.0,0.0,0.0,0.0,500.0,0
44.00_77.00,2011-10-17,44.0,77.0,0.0,0.0,0.0,0.0,0.0,0.0,500.0,0
44.00_77.00,2011-10-24,44.0,77.0,0.0,0.0,0.0,0.0,0.0,0.0,500.0,0
44.00_77.00,2011-10-31,44.0,77.0,0.0,0.0,0.0,0.0,0.0,0.0,500.0,0
44.00_77.00,2011-11-07,44.0,77.0,0.0,0.0,0.0,0.0,0.0,0.0,500.0,0
44.00_77.00,2011-11-14,44.0,77.0,0.0,0.0,0.0,0.0,0.0,0.0,500.0,0
44.00_77.00,2011-11-21,44.0,77.0,0.0,0.0,0.0,0.0,0.0,0.0,500.0,0
44.00_77.00,2011-11-28,44.0,77.0,0.0,0.0,0.0,0.0,0.0,0.0,500.0,0
44.00_77.00,2011-12-05,44.0,77.0,0.0,0.0,0.0,0.0,0.0,0.0,500.0,0
44.00_77.00,2011-12-12,44.0,77.0,0.0,0.0,0.0,0.0,0.0,0.0,500.0,0
44.00_77.00,2011-12-19,44.0,77.0,0.0,0.0,0.0,0.0,0.0,0.0,500.0,0
44.00_77.00,2011-12-26,44.0,77.0,0.0,0.0,0.0,0.0,0.0,0.0,500.0,0
44.00_77.00,2012-01-02,44.0,77.0,0.0,0.0,0.0,0.0,0.0,0.0,500.0,0
44.00_77.00,2012-01-09,44.0,77.0,0.0,0.0,0.0,0.0,0.0,0.0,500.0,0
44.00_77.00,2012-01-16,44.0,77.0,0.0,0.0,0.0,0.0,0.0,0.0,500.0,0
44.00_77.00,2012-01-23,44.0,77.0,0.0,0.0,0.0,0.0,0.0,0.0,500.0,0
44.00_77.00,2012-01-30,44.0,77.0,0.0,0.0,0.0,0.0,0.0,0.0,500.0,0
44.00_77.00,2012-02-06,44.0,77.0,0.0,0.0,0.0,0.0,0.0,0.0,500.0,0
44.00_77.00,2012-02-13,44.0,77.0,0.0,0.0,0.0,0.0,0.0,0.0,500.0,0
44.00_77.00,2012-02-20,44.0,77.0,0.0,0.0,0.0,0.0,0.0,0.0,500.0,0
44.00_77.00,2012-02-27,44.0,77.0,0.0,0.0,0.0,0.0,0.0,0.0,500.0,0
44.00_77.00,2012-03-05,44.0,77.0,0.0,0.0,0.0,0.0,0.0,0.0,500.0,0
44.00_77.00,2012-03-12,44.0,77.0,0.0,0.0,0.0,0.0,0.0,0.0,500.0,0
44.00_77.00,2012-03-19,44.0,77.0,0.0,0.0,0.0,0.0,0.0,0.0,500.0,0
44.00_77.00,2012-03-26,44.0,77.0,0.0,0.0,0.0,0.0,0.0,0.0,500.0,0
44.00_77.00,2012-04-02,44.0,77.0,0.0,0.0,0.0,0.0,0.0,0.0,500.0,0
44.00_77.00,2012-04-09,44.0,77.0,0.0,0.0,0.0,0.0,0.0,0.0,500.0,0
44.00_77.00,2012-04-16,44.0,77.0,0.0,0.0,0.0,0.0,0.0,0.0,500.0,0
44.00_77.00,2012-04-23,44.0,77.0,0.0,0.0,0.0,0.0,0.0,0.0,500.0,0
44.00_77.00,2012-04-30,44.0,77.0,0.0,0.0,0.0,0.0,0.0,0.0,500.0,0
44.00_77.00,2012-05-07,44.0,77.0,0.0,0.0,0.0,0.0,0.0,0.0,500.0,0
44.00_77.00,2012-05-14,44.0,77.0,0.0,0.0,0.0,0.0,0.0,0.0,500.0,0
44.00_77.00,2012-05-21,44.0,77.0,0.0,0.0,0.0,0.0,0.0,0.0,500.0,0
44.00_77.00,2012-05-28,44.0,77.0,0.0,0.0,0.0,0.0,0.0,0.0,500.0,0
44.00_77.00,2012-06-04,44.0,77.0,0.0,0.0,0.0,0.0,0.0,0.0,500.0,1
44.00_77.00,2012-06-11,44.0,77.0,1.0,4.5,4.5,4.5,1.0,5623413.251903491,0.0,0
44.00_77.00,2012-06-18,44.0,77.0,0.0,0.0,0.0,4.5,1.0,5623413.251903491,1.0,0
44.00_77.00,2012-06-25,44.0,77.0,0.0,0.0,0.0,4.5,1.0,5623413.251903491,2.0,0
44.00_77.00,2012-07-02,44.0,77.0,0.0,0.0,0.0,4.5,1.0,5623413.251903491,3.0,0
44.00_77.00,2012-07-09,44.0,77.0,0.0,0.0,0.0,0.0,1.0,5623413.251903491,4.0,0
44.00_77.00,2012-07-16,44.0,77.0,0.0,0.0,0.0,0.0,1.0,5623413.251903491,5.0,0
44.00_77.00,2012-07-23,44.0,77.0,0.0,0.0,0.0,0.0,1.0,5623413.251903491,6.0,0
44.00_77.00,2012-07-30,44.0,77.0,0.0,0.0,0.0,0.0,1.0,5623413.251903491,7.0,0
44.00_77.00,2012-08-06,44.0,77.0,0.0,0.0,0.0,0.0,1.0,0.0,8.0,0
44.00_77.00,2012-08-13,44.0,77.0,0.0,0.0,0.0,0.0,1.0,0.0,9.0,0
44.00_77.00,2012-08-20,44.0,77.0,0.0,0.0,0.0,0.0,1.0,0.0,10.0,0
44.00_77.00,2012-08-27,44.0,77.0,0.0,0.0,0.0,0.0,1.0,0.0,11.0,0
44.00_77.00,2012-09-03,44.0,77.0,0.0,0.0,0.0,0.0,0.0,0.0,12.0,0
44.00_77.00,2012-09-10,44.0,77.0,0.0,0.0,0.0,0.0,0.0,0.0,13.0,0
44.00_77.00,2012-09-17,44.0,77.0,0.0,0.0,0.0,0.0,0.0,0.0,14.0,0
44.00_77.00,2012-09-24,44.0,77.0,0.0,0.0,0.0,0.0,0.0,0.0,15.0,0
44.00_77.00,2012-10-01,44.0,77.0,0.0,0.0,0.0,0.0,0.0,0.0,16.0,0
44.00_77.00,2012-10-08,44.0,77.0,0.0,0.0,0.0,0.0,0.0,0.0,17.0,0
44.00_77.00,2012-10-15,44.0,77.0,0.0,0.0,0.0,0.0,0.0,0.0,18.0,0
44.00_77.00,2012-10-22,44.0,77.0,0.0,0.0,0.0,0.0,0.0,0.0,19.0,0
44.00_77.00,2012-10-29,44.0,77.0,0.0,0.0,0.0,0.0,0.0,0.0,20.0,0
44.00_77.00,2012-11-05,44.0,77.0,0.0,0.0,0.0,0.0,0.0,0.0,21.0,0
44.00_77.00,2012-11-12,44.0,77.0,0.0,0.0,0.0,0.0,0.0,0.0,22.0,0
44.00_77.00,2012-11-19,44.0,77.0,0.0,0.0,0.0,0.0,0.0,0.0,23.0,0
44.00_77.00,2012-11-26,44.0,77.0,0.0,0.0,0.0,0.0,0.0,0.0,24.0,0
44.00_77.00,2012-12-03,44.0,77.0,0.0,0.0,0.0,0.0,0.0,0.0,25.0,0
44.00_77.00,2012-12-10,44.0,77.0,0.0,0.0,0.0,0.0,0.0,0.0,26.0,0
44.00_77.00,2012-12-17,44.0,77.0,0.0,0.0,0.0,0.0,0.0,0.0,27.0,0
44.00_77.00,2012-12-24,44.0,77.0,0.0,0.0,0.0,0.0,0.0,0.0,28.0,0
44.00_77.00,2012-12-31,44.0,77.0,0.0,0.0,0.0,0.0,0.0,0.0,29.0,0
44.00_77.00,2013-01-07,44.0,77.0,0.0,0.0,0.0,0.0,0.0,0.0,30.0,0
44.00_77.00,2013-01-14,44.0,77.0,0.0,0.0,0.0,0.0,0.0,0.0,31.0,0
44.00_77.00,2013-01-21,44.0,77.0,0.0,0.0,0.0,0.0,0.0,0.0,32.0,0
44.00_77.00,2013-01-28,44.0,77.0,0.0,0.0,0.0,0.0,0.0,0.0,33.0,0
44.00_77.00,2013-02-04,44.0,77.0,0.0,0.0,0.0,0.0,0.0,0.0,34.0,0
44.00_77.00,2013-02-11,44.0,77.0,0.0,0.0,0.0,0.0,0.0,0.0,35.0,0
44.00_77.00,2013-02-18,44.0,77.0,0.0,0.0,0.0,0.0,0.0,0.0,36.0,0
44.00_77.00,2013-02-25,44.0,77.0,0.0,0.0,0.0,0.0,0.0,0.0,37.0,0
44.00_77.00,2013-03-04,44.0,77.0,0.0,0.0,0.0,0.0,0.0,0.0,38.0,0
44.00_77.00,2013-03-11,44.0,77.0,0.0,0.0,0.0,0.0,0.0,0.0,39.0,0
44.00_77.00,2013-03-18,44.0,77.0,0.0,0.0,0.0,0.0,0.0,0.0,40.0,0
44.00_77.00,2013-03-25,44.0,77.0,0.0,0.0,0.0,0.0,0.0,0.0,41.0,0
44.00_77.00,2013-04-01,44.0,77.0,0.0,0.0,0.0,0.0,0.0,0.0,42.0,0
44.00_77.00,2013-04-08,44.0,77.0,0.0,0.0,0.0,0.0,0.0,0.0,43.0,0
44.00_77.00,2013-04-15,44.0,77.0,0.0,0.0,0.0,0.0,0.0,0.0,44.0,0
44.00_77.00,2013-04-22,44.0,77.0,0.0,0.0,0.0,0.0,0.0,0.0,45.0,0
44.00_77.00,2013-04-29,44.0,77.0,0.0,0.0,0.0,0.0,0.0,0.0,46.0,0
44.00_77.00,2013-05-06,44.0,77.0,0.0,0.0,0.0,0.0,0.0,0.0,47.0,0
44.00_77.00,2013-05-13,44.0,77.0,0.0,0.0,0.0,0.0,0.0,0.0,48.0,0
44.00_77.00,2013-05-20,44.0,77.0,0.0,0.0,0.0,0.0,0.0,0.0,49.0,0
44.00_77.00,2013-05-27,44.0,77.0,0.0,0.0,0.0,0.0,0.0,0.0,50.0,0
44.00_77.00,2013-06-03,44.0,77.0,0.0,0.0,0.0,0.0,0.0,0.0,51.0,0
44.00_77.00,2013-06-10,44.0,77.0,0.0,0.0,0.0,0.0,0.0,0.0,52.0,0
44.00_77.00,2013-06-17,44.0,77.0,0.0,0.0,0.0,0.0,0.0,0.0,53.0,0
44.00_77.00,2013-06-24,44.0,77.0,0.0,0.0,0.0,0.0,0.0,0.0,54.0,0
44.00_77.00,2013-07-01,44.0,77.0,0.0,0.0,0.0,0.0,0.0,0.0,55.0,0
44.00_77.00,2013-07-08,44.0,77.0,0.0,0.0,0.0,0.0,0.0,0.0,56.0,0
44.00_77.00,2013-07-15,44.0,77.0,0.0,0.0,0.0,0.0,0.0,0.0,57.0,0
44.00_77.00,2013-07-22,44.0,77.0,0.0,0.0,0.0,0.0,0.0,0.0,58.0,0
44.00_77.00,2013-07-29,44.0,77.0,0.0,0.0,0.0,0.0,0.0,0.0,59.0,0
44.00_77.00,2013-08-05,44.0,77.0,0.0,0.0,0.0,0.0,0.0,0.0,60.0,0
44.00_77.00,2013-08-12,44.0,77.0,0.0,0.0,0.0,0.0,0.0,0.0,61.0,0
44.00_77.00,2013-08-19,44.0,77.0,0.0,0.0,0.0,0.0,0.0,0.0,62.0,0
44.00_77.00,2013-08-26,44.0,77.0,0.0,0.0,0.0,0.0,0.0,0.0,63.0,0
44.00_77.00,2013-09-02,44.0,77.0,0.0,0.0,0.0,0.0,0.0,0.0,64.0,0
44.00_77.00,2013-09-09,44.0,77.0,0.0,0.0,0.0,0.0,0.0,0.0,65.0,0
44.00_77.00,2013-09-16,44.0,77.0,0.0,0.0,0.0,0.0,0.0,0.0,66.0,0
44.00_77.00,2013-09-23,44.0,77.0,0.0,0.0,0.0,0.0,0.0,0.0,67.0,0
44.00_77.00,2013-09-30,44.0,77.0,0.0,0.0,0.0,0.0,0.0,0.0,68.0,0
44.00_77.00,2013-10-07,44.0,77.0,0.0,0.0,0.0,0.0,0.0,0.0,69.0,0
44.00_77.00,2013-10-14,44.0,77.0,0.0,0.0,0.0,0.0,0.0,0.0,70.0,0
44.00_77.00,2013-10-21,44.0,77.0,0.0,0.0,0.0,0.0,0.0,0.0,71.0,0
44.00_77.00,2013-10-28,44.0,77.0,0.0,0.0,0.0,0.0,0.0,0.0,72.0,0
44.00_77.00,2013-11-04,44.0,77.0,0.0,0.0,0.0,0.0,0.0,0.0,73.0,0
44.00_77.00,2013-11-11,44.0,77.0,0.0,0.0,0.0,0.0,0.0,0.0,74.0,0
44.00_77.00,2013-11-18,44.0,77.0,0.0,0.0,0.0,0.0,0.0,0.0,75.0,0
44.00_77.00,2013-11-25,44.0,77.0,0.0,0.0,0.0,0.0,0.0,0.0,76.0,0
44.00_77.00,2013-12-02,44.0,77.0,0.0,0.0,0.0,0.0,0.0,0.0,77.0,0
44.00_77.00,2013-12-09,44.0,77.0,0.0,0.0,0.0,0.0,0.0,0.0,78.0,0
44.00_77.00,2013-12-16,44.0,77.0,0.0,0.0,0.0,0.0,0.0,0.0,79.0,0
44.00_77.00,2013-12-23,44.0,77.0,0.0,0.0,0.0,0.0,0.0,0.0,80.0,0
44.00_77.00,2013-12-30,44.0,77.0,0.0,0.0,0.0,0.0,0.0,0.0,81.0,0
44.00_77.00,2014-01-06,44.0,77.0,0.0,0.0,0.0,0.0,0.0,0.0,82.0,0
44.00_77.00,2014-01-13,44.0,77.0,0.0,0.0,0.0,0.0,0.0,0.0,83.0,0
44.00_77.00,2014-01-20,44.0,77.0,0.0,0.0,0.0,0.0,0.0,0.0,84.0,0
44.00_77.00,2014-01-27,44.0,77.0,0.0,0.0,0.0,0.0,0.0,0.0,85.0,0
44.00_77.00,2014-02-03,44.0,77.0,0.0,0.0,0.0,0.0,0.0,0.0,86.0,0
44.00_77.00,2014-02-10,44.0,77.0,0.0,0.0,0.0,0.0,0.0,0.0,87.0,0
44.00_77.00,2014-02-17,44.0,77.0,0.0,0.0,0.0,0.0,0.0,0.0,88.0,0
44.00_77.00,2014-02-24,44.0,77.0,0.0,0.0,0.0,0.0,0.0,0.0,89.0,0
44.00_77.00,2014-03-03,44.0,77.0,0.0,0.0,0.0,0.0,0.0,0.0,90.0,0
44.00_77.00,2014-03-10,44.0,77.0,0.0,0.0,0.0,0.0,0.0,0.0,91.0,0
44.00_77.00,2014-03-17,44.0,77.0,0.0,0.0,0.0,0.0,0.0,0.0,92.0,0
44.00_77.00,2014-03-24,44.0,77.0,0.0,0.0,0.0,0.0,0.0,0.0,93.0,0
44.00_77.00,2014-03-31,44.0,77.0,0.0,0.0,0.0,0.0,0.0,0.0,94.0,0
44.00_77.00,2014-04-07,44.0,77.0,0.0,0.0,0.0,0.0,0.0,0.0,95.0,0
44.00_77.00,2014-04-14,44.0,77.0,0.0,0.0,0.0,0.0,0.0,0.0,96.0,0
44.00_77.00,2014-04-21,44.0,77.0,0.0,0.0,0.0,0.0,0.0,0.0,97.0,0
44.00_77.00,2014-04-28,44.0,77.0,0.0,0.0,0.0,0.0,0.0,0.0,98.0,0
44.00_77.00,2014-05-05,44.0,77.0,0.0,0.0,0.0,0.0,0.0,0.0,99.0,0
44.00_77.00,2014-05-12,44.0,77.0,0.0,0.0,0.0,0.0,0.0,0.0,100.0,0
44.00_77.00,2014-05-19,44.0,77.0,0.0,0.0,0.0,0.0,0.0,0.0,101.0,0
44.00_77.00,2014-05-26,44.0,77.0,0.0,0.0,0.0,0.0,0.0,0.0,102.0,0
44.00_77.00,2014-06-02,44.0,77.0,0.0,0.0,0.0,0.0,0.0,0.0,103.0,0
44.00_77.00,2014-06-09,44.0,77.0,0.0,0.0,0.0,0.0,0.0,0.0,104.0,0
44.00_77.00,2014-06-16,44.0,77.0,0.0,0.0,0.0,0.0,0.0,0.0,105.0,0
44.00_77.00,2014-06-23,44.0,77.0,0.0,0.0,0.0,0.0,0.0,0.0,106.0,0
44.00_77.00,2014-06-30,44.0,77.0,0.0,0.0,0.0,0.0,0.0,0.0,107.0,0
44.00_77.00,2014-07-07,44.0,77.0,0.0,0.0,0.0,0.0,0.0,0.0,108.0,0
44.00_77.00,2014-07-14,44.0,77.0,0.0,0.0,0.0,0.0,0.0,0.0,109.0,0
44.00_77.00,2014-07-21,44.0,77.0,0.0,0.0,0.0,0.0,0.0,0.0,110.0,0
44.00_77.00,2014-07-28,44.0,77.0,0.0,0.0,0.0,0.0,0.0,0.0,111.0,0
44.00_77.00,2014-08-04,44.0,77.0,0.0,0.0,0.0,0.0,0.0,0.0,112.0,0
44.00_77.00,2014-08-11,44.0,77.0,0.0,0.0,0.0,0.0,0.0,0.0,113.0,0
44.00_77.00,2014-08-18,44.0,77.0,0.0,0.0,0.0,0.0,0.0,0.0,114.0,0
44.00_77.00,2014-08-25,44.0,77.0,0.0,0.0,0.0,0.0,0.0,0.0,115.0,0
44.00_77.00,2014-09-01,44.0,77.0,0.0,0.0,0.0,0.0,0.0,0.0,116.0,0
44.00_77.00,2014-09-08,44.0,77.0,0.0,0.0,0.0,0.0,0.0,0.0,117.0,0
44.00_77.00,2014-09-15,44.0,77.0,0.0,0.0,0.0,0.0,0.0,0.0,118.0,0
44.00_77.00,2014-09-22,44.0,77.0,0.0,0.0,0.0,0.0,0.0,0.0,119.0,0
44.00_77.00,2014-09-29,44.0,77.0,0.0,0.0,0.0,0.0,0.0,0.0,120.0,0
44.00_77.00,2014-10-06,44.0,77.0,0.0,0.0,0.0,0.0,0.0,0.0,121.0,0
44.00_77.00,2014-10-13,44.0,77.0,0.0,0.0,0.0,0.0,0.0,0.0,122.0,0
44.00_77.00,2014-10-20,44.0,77.0,0.0,0.0,0.0,0.0,0.0,0.0,123.0,0
44.00_77.00,2014-10-27,44.0,77.0,0.0,0.0,0.0,0.0,0.0,0.0,124.0,0
44.00_77.00,2014-11-03,44.0,77.0,0.0,0.0,0.0,0.0,0.0,0.0,125.0,0
44.00_77.00,2014-11-10,44.0,77.0,0.0,0.0,0.0,0.0,0.0,0.0,126.0,0
44.00_77.00,2014-11-17,44.0,77.0,0.0,0.0,0.0,0.0,0.0,0.0,127.0,0
44.00_77.00,2014-11-24,44.0,77.0,0.0,0.0,0.0,0.0,0.0,0.0,128.0,0
44.00_77.00,2014-12-01,44.0,77.0,0.0,0.0,0.0,0.0,0.0,0.0,129.0,0
44.00_77.00,2014-12-08,44.0,77.0,0.0,0.0,0.0,0.0,0.0,0.0,130.0,0
44.00_77.00,2014-12-15,44.0,77.0,0.0,0.0,0.0,0.0,0.0,0.0,131.0,0
44.00_77.00,2014-12-22,44.0,77.0,0.0,0.0,0.0,0.0,0.0,0.0,132.0,0
44.00_77.00,2014-12-29,44.0,77.0,0.0,0.0,0.0,0.0,0.0,0.0,133.0,0
44.00_77.00,2015-01-05,44.0,77.0,0.0,0.0,0.0,0.0,0.0,0.0,134.0,0
44.00_77.00,2015-01-12,44.0,77.0,0.0,0.0,0.0,0.0,0.0,0.0,135.0,0
44.00_77.00,2015-01-19,44.0,77.0,0.0,0.0,0.0,0.0,0.0,0.0,136.0,0
44.00_77.00,2015-01-26,44.0,77.0,0.0,0.0,0.0,0.0,0.0,0.0,137.0,0
44.00_77.00,2015-02-02,44.0,77.0,0.0,0.0,0.0,0.0,0.0,0.0,138.0,0
44.00_77.00,2015-02-09,44.0,77.0,0.0,0.0,0.0,0.0,0.0,0.0,139.0,0
44.00_77.00,2015-02-16,44.0,77.0,0.0,0.0,0.0,0.0,0.0,0.0,140.0,0
44.00_77.00,2015-02-23,44.0,77.0,0.0,0.0,0.0,0.0,0.0,0.0,141.0,0
44.00_77.00,2015-03-02,44.0,77.0,0.0,0.0,0.0,0.0,0.0,0.0,142.0,0
44.00_77.00,2015-03-09,44.0,77.0,0.0,0.0,0.0,0.0,0.0,0.0,143.0,0
44.00_77.00,2015-03-16,44.0,77.0,0.0,0.0,0.0,0.0,0.0,0.0,144.0,0
44.00_77.00,2015-03-23,44.0,77.0,0.0,0.0,0.0,0.0,0.0,0.0,145.0,0
44.00_77.00,2015-03-30,44.0,77.0,0.0,0.0,0.0,0.0,0.0,0.0,146.0,0
44.00_77.00,2015-04-06,44.0,77.0,0.0,0.0,0.0,0.0,0.0,0.0,147.0,0
44.00_77.00,2015-04-13,44.0,77.0,0.0,0.0,0.0,0.0,0.0,0.0,148.0,0
44.00_77.00,2015-04-20,44.0,77.0,0.0,0.0,0.0,0.0,0.0,0.0,149.0,0
44.00_77.00,2015-04-27,44.0,77.0,0.0,0.0,0.0,0.0,0.0,0.0,150.0,0
44.00_77.00,2015-05-04,44.0,77.0,0.0,0.0,0.0,0.0,0.0,0.0,151.0,0
44.00_77.00,2015-05-11,44.0,77.0,0.0,0.0,0.0,0.0,0.0,0.0,152.0,0
44.00_77.00,2015-05-18,44.0,77.0,0.0,0.0,0.0,0.0,0.0,0.0,153.0,0
44.00_77.00,2015-05-25,44.0,77.0,0.0,0.0,0.0,0.0,0.0,0.0,154.0,0
44.00_77.00,2015-06-01,44.0,77.0,0.0,0.0,0.0,0.0,0.0,0.0,155.0,0
44.00_77.00,2015-06-08,44.0,77.0,0.0,0.0,0.0,0.0,0.0,0.0,156.0,0
44.00_77.00,2015-06-15,44.0,77.0,0.0,0.0,0.0,0.0,0.0,0.0,157.0,0
44.00_77.00,2015-06-22,44.0,77.0,0.0,0.0,0.0,0.0,0.0,0.0,158.0,0
44.00_77.00,2015-06-29,44.0,77.0,0.0,0.0,0.0,0.0,0.0,0.0,159.0,0
44.00_77.00,2015-07-06,44.0,77.0,0.0,0.0,0.0,0.0,0.0,0.0,160.0,0
44.00_77.00,2015-07-13,44.0,77.0,0.0,0.0,0.0,0.0,0.0,0.0,161.0,0
44.00_77.00,2015-07-20,44.0,77.0,0.0,0.0,0.0,0.0,0.0,0.0,162.0,0
44.00_77.00,2015-07-27,44.0,77.0,0.0,0.0,0.0,0.0,0.0,0.0,163.0,0
44.00_77.00,2015-08-03,44.0,77.0,0.0,0.0,0.0,0.0,0.0,0.0,164.0,0
44.00_77.00,2015-08-10,44.0,77.0,0.0,0.0,0.0,0.0,0.0,0.0,165.0,0
44.00_77.00,2015-08-17,44.0,77.0,0.0,0.0,0.0,0.0,0.0,0.0,166.0,0
44.00_77.00,2015-08-24,44.0,77.0,0.0,0.0,0.0,0.0,0.0,0.0,167.0,0
44.00_77.00,2015-08-31,44.0,77.0,0.0,0.0,0.0,0.0,0.0,0.0,168.0,0
44.00_77.00,2015-09-07,44.0,77.0,0.0,0.0,0.0,0.0,0.0,0.0,169.0,0
44.00_77.00,2015-09-14,44.0,77.0,0.0,0.0,0.0,0.0,0.0,0.0,170.0,0
44.00_77.00,2015-09-21,44.0,77.0,0.0,0.0,0.0,0.0,0.0,0.0,171.0,0
44.00_77.00,2015-09-28,44.0,77.0,0.0,0.0,0.0,0.0,0.0,0.0,172.0,0
44.00_77.00,2015-10-05,44.0,77.0,0.0,0.0,0.0,0.0,0.0,0.0,173.0,0
44.00_77.00,2015-10-12,44.0,77.0,0.0,0.0,0.0,0.0,0.0,0.0,174.0,0
44.00_77.00,2015-10-19,44.0,77.0,0.0,0.0,0.0,0.0,0.0,0.0,175.0,0
44.00_77.00,2015-10-26,44.0,77.0,0.0,0.0,0.0,0.0,0.0,0.0,176.0,0
44.00_77.00,2015-11-02,44.0,77.0,0.0,0.0,0.0,0.0,0.0,0.0,177.0,0
44.00_77.00,2015-11-09,44.0,77.0,0.0,0.0,0.0,0.0,0.0,0.0,178.0,0
44.00_77.00,2015-11-16,44.0,77.0,0.0,0.0,0.0,0.0,0.0,0.0,179.0,0
44.00_77.00,2015-11-23,44.0,77.0,0.0,0.0,0.0,0.0,0.0,0.0,180.0,0
44.00_77.00,2015-11-30,44.0,77.0,0.0,0.0,0.0,0.0,0.0,0.0,181.0,0
44.00_77.00,2015-12-07,44.0,77.0,0.0,0.0,0.0,0.0,0.0,0.0,182.0,0
44.00_77.00,2015-12-14,44.0,77.0,0.0,0.0,0.0,0.0,0.0,0.0,183.0,0
44.00_77.00,2015-12-21,44.0,77.0,0.0,0.0,0.0,0.0,0.0,0.0,184.0,0
44.00_77.00,2015-12-28,44.0,77.0,0.0,0.0,0.0,0.0,0.0,0.0,185.0,0
44.00_77.00,2016-01-04,44.0,77.0,0.0,0.0,0.0,0.0,0.0,0.0,186.0,0
44.00_77.00,2016-01-11,44.0,77.0,0.0,0.0,0.0,0.0,0.0,0.0,187.0,0
44.00_77.00,2016-01-18,44.0,77.0,0.0,0.0,0.0,0.0,0.0,0.0,188.0,0
44.00_77.00,2016-01-25,44.0,77.0,0.0,0.0,0.0,0.0,0.0,0.0,189.0,0
44.00_77.00,2016-02-01,44.0,77.0,0.0,0.0,0.0,0.0,0.0,0.0,190.0,0
44.00_77.00,2016-02-08,44.0,77.0,0.0,0.0,0.0,0.0,0.0,0.0,191.0,0
44.00_77.00,2016-02-15,44.0,77.0,0.0,0.0,0.0,0.0,0.0,0.0,192.0,0
44.00_77.00,2016-02-22,44.0,77.0,0.0,0.0,0.0,0.0,0.0,0.0,193.0,0
44.00_77.00,2016-02-29,44.0,77.0,0.0,0.0,0.0,0.0,0.0,0.0,194.0,0
44.00_77.00,2016-03-07,44.0,77.0,0.0,0.0,0.0,0.0,0.0,0.0,195.0,0
44.00_77.00,2016-03-14,44.0,77.0,0.0,0.0,0.0,0.0,0.0,0.0,196.0,0
44.00_77.00,2016-03-21,44.0,77.0,0.0,0.0,0.0,0.0,0.0,0.0,197.0,0
44.00_77.00,2016-03-28,44.0,77.0,0.0,0.0,0.0,0.0,0.0,0.0,198.0,0
44.00_77.00,2016-04-04,44.0,77.0,0.0,0.0,0.0,0.0,0.0,0.0,199.0,0
44.00_77.00,2016-04-11,44.0,77.0,0.0,0.0,0.0,0.0,0.0,0.0,200.0,0
44.00_77.00,2016-04-18,44.0,77.0,0.0,0.0,0.0,0.0,0.0,0.0,201.0,0
44.00_77.00,2016-04-25,44.0,77.0,0.0,0.0,0.0,0.0,0.0,0.0,202.0,0
44.00_77.00,2016-05-02,44.0,77.0,0.0,0.0,0.0,0.0,0.0,0.0,203.0,0
44.00_77.00,2016-05-09,44.0,77.0,0.0,0.0,0.0,0.0,0.0,0.0,204.0,0
44.00_77.00,2016-05-16,44.0,77.0,0.0,0.0,0.0,0.0,0.0,0.0,205.0,0
44.00_77.00,2016-05-23,44.0,77.0,0.0,0.0,0.0,0.0,0.0,0.0,206.0,0
44.00_77.00,2016-05-30,44.0,77.0,0.0,0.0,0.0,0.0,0.0,0.0,207.0,0
44.00_77.00,2016-06-06,44.0,77.0,0.0,0.0,0.0,0.0,0.0,0.0,208.0,0
44.00_77.00,2016-06-13,44.0,77.0,0.0,0.0,0.0,0.0,0.0,0.0,209.0,0
44.00_77.00,2016-06-20,44.0,77.0,0.0,0.0,0.0,0.0,0.0,0.0,210.0,0
44.00_77.00,2016-06-27,44.0,77.0,0.0,0.0,0.0,0.0,0.0,0.0,211.0,0
44.00_77.00,2016-07-04,44.0,77.0,0.0,0.0,0.0,0.0,0.0,0.0,212.0,0
44.00_77.00,2016-07-11,44.0,77.0,0.0,0.0,0.0,0.0,0.0,0.0,213.0,0
44.00_77.00,2016-07-18,44.0,77.0,0.0,0.0,0.0,0.0,0.0,0.0,214.0,0
44.00_77.00,2016-07-25,44.0,77.0,0.0,0.0,0.0,0.0,0.0,0.0,215.0,0
44.00_77.00,2016-08-01,44.0,77.0,0.0,0.0,0.0,0.0,0.0,0.0,216.0,0
44.00_77.00,2016-08-08,44.0,77.0,0.0,0.0,0.0,0.0,0.0,0.0,217.0,0
44.00_77.00,2016-08-15,44.0,77.0,0.0,0.0,0.0,0.0,0.0,0.0,218.0,0
44.00_77.00,2016-08-22,44.0,77.0,0.0,0.0,0.0,0.0,0.0,0.0,219.0,0
44.00_77.00,2016-08-29,44.0,77.0,0.0,0.0,0.0,0.0,0.0,0.0,220.0,0
44.00_77.00,2016-09-05,44.0,77.0,0.0,0.0,0.0,0.0,0.0,0.0,221.0,0
44.00_77.00,2016-09-12,44.0,77.0,0.0,0.0,0.0,0.0,0.0,0.0,222.0,0
44.00_77.00,2016-09-19,44.0,77.0,0.0,0.0,0.0,0.0,0.0,0.0,223.0,0
44.00_77.00,2016-09-26,44.0,77.0,0.0,0.0,0.0,0.0,0.0,0.0,224.0,0
44.00_77.00,2016-10-03,44.0,77.0,0.0,0.0,0.0,0.0,0.0,0.0,225.0,0
44.00_77.00,2016-10-10,44.0,77.0,0.0,0.0,0.0,0.0,0.0,0.0,226.0,0
44.00_77.00,2016-10-17,44.0,77.0,0.0,0.0,0.0,0.0,0.0,0.0,227.0,0
44.00_77.00,2016-10-24,44.0,77.0,0.0,0.0,0.0,0.0,0.0,0.0,228.0,0
44.00_77.00,2016-10-31,44.0,77.0,0.0,0.0,0.0,0.0,0.0,0.0,229.0,0
44.00_77.00,2016-11-07,44.0,77.0,0.0,0.0,0.0,0.0,0.0,0.0,230.0,0
44.00_77.00,2016-11-14,44.0,77.0,0.0,0.0,0.0,0.0,0.0,0.0,231.0,0
44.00_77.00,2016-11-21,44.0,77.0,0.0,0.0,0.0,0.0,0.0,0.0,232.0,0
44.00_77.00,2016-11-28,44.0,77.0,0.0,0.0,0.0,0.0,0.0,0.0,233.0,0
44.00_77.00,2016-12-05,44.0,77.0,0.0,0.0,0.0,0.0,0.0,0.0,234.0,0
44.00_77.00,2016-12-12,44.0,77.0,0.0,0.0,0.0,0.0,0.0,0.0,235.0,0
44.00_77.00,2016-12-19,44.0,77.0,0.0,0.0,0.0,0.0,0.0,0.0,236.0,0
44.00_77.00,2016-12-26,44.0,77.0,0.0,0.0,0.0,0.0,0.0,0.0,237.0,0
44.00_77.00,2017-01-02,44.0,77.0,0.0,0.0,0.0,0.0,0.0,0.0,238.0,0
44.00_77.00,2017-01-09,44.0,77.0,0.0,0.0,0.0,0.0,0.0,0.0,239.0,0
44.00_77.00,2017-01-16,44.0,77.0,0.0,0.0,0.0,0.0,0.0,0.0,240.0,0
44.00_77.00,2017-01-23,44.0,77.0,0.0,0.0,0.0,0.0,0.0,0.0,241.0,0
44.00_77.00,2017-01-30,44.0,77.0,0.0,0.0,0.0,0.0,0.0,0.0,242.0,0
44.00_77.00,2017-02-06,44.0,77.0,0.0,0.0,0.0,0.0,0.0,0.0,243.0,0
44.00_77.00,2017-02-13,44.0,77.0,0.0,0.0,0.0,0.0,0.0,0.0,244.0,0
44.00_77.00,2017-02-20,44.0,77.0,0.0,0.0,0.0,0.0,0.0,0.0,245.0,0
44.00_77.00,2017-02-27,44.0,77.0,0.0,0.0,0.0,0.0,0.0,0.0,246.0,0
44.00_77.00,2017-03-06,44.0,77.0,0.0,0.0,0.0,0.0,0.0,0.0,247.0,0
44.00_77.00,2017-03-13,44.0,77.0,0.0,0.0,0.0,0.0,0.0,0.0,248.0,0
44.00_77.00,2017-03-20,44.0,77.0,0.0,0.0,0.0,0.0,0.0,0.0,249.0,0
44.00_77.00,2017-03-27,44.0,77.0,0.0,0.0,0.0,0.0,0.0,0.0,250.0,0
44.00_77.00,2017-04-03,44.0,77.0,0.0,0.0,0.0,0.0,0.0,0.0,251.0,0
44.00_77.00,2017-04-10,44.0,77.0,0.0,0.0,0.0,0.0,0.0,0.0,252.0,0
44.00_77.00,2017-04-17,44.0,77.0,0.0,0.0,0.0,0.0,0.0,0.0,253.0,0
44.00_77.00,2017-04-24,44.0,77.0,0.0,0.0,0.0,0.0,0.0,0.0,254.0,0
44.00_77.00,2017-05-01,44.0,77.0,0.0,0.0,0.0,0.0,0.0,0.0,255.0,0
44.00_77.00,2017-05-08,44.0,77.0,0.0,0.0,0.0,0.0,0.0,0.0,256.0,0
44.00_77.00,2017-05-15,44.0,77.0,0.0,0.0,0.0,0.0,0.0,0.0,257.0,0
44.00_77.00,2017-05-22,44.0,77.0,0.0,0.0,0.0,0.0,0.0,0.0,258.0,0
44.00_77.00,2017-05-29,44.0,77.0,0.0,0.0,0.0,0.0,0.0,0.0,259.0,0
44.00_77.00,2017-06-05,44.0,77.0,0.0,0.0,0.0,0.0,0.0,0.0,260.0,0
44.00_77.00,2017-06-12,44.0,77.0,0.0,0.0,0.0,0.0,0.0,0.0,261.0,0
44.00_77.00,2017-06-19,44.0,77.0,0.0,0.0,0.0,0.0,0.0,0.0,262.0,0
44.00_77.00,2017-06-26,44.0,77.0,0.0,0.0,0.0,0.0,0.0,0.0,263.0,0
44.00_77.00,2017-07-03,44.0,77.0,0.0,0.0,0.0,0.0,0.0,0.0,264.0,0
44.00_77.00,2017-07-10,44.0,77.0,0.0,0.0,0.0,0.0,0.0,0.0,265.0,0
44.00_77.00,2017-07-17,44.0,77.0,0.0,0.0,0.0,0.0,0.0,0.0,266.0,0
44.00_77.00,2017-07-24,44.0,77.0,0.0,0.0,0.0,0.0,0.0,0.0,267.0,0
44.00_77.00,2017-07-31,44.0,77.0,0.0,0.0,0.0,0.0,0.0,0.0,268.0,0
44.00_77.00,2017-08-07,44.0,77.0,0.0,0.0,0.0,0.0,0.0,0.0,269.0,0
44.00_77.00,2017-08-14,44.0,77.0,0.0,0.0,0.0,0.0,0.0,0.0,270.0,0
44.00_77.00,2017-08-21,44.0,77.0,0.0,0.0,0.0,0.0,0.0,0.0,271.0,0
44.00_77.00,2017-08-28,44.0,77.0,0.0,0.0,0.0,0.0,0.0,0.0,272.0,0
44.00_77.00,2017-09-04,44.0,77.0,0.0,0.0,0.0,0.0,0.0,0.0,273.0,0
44.00_77.00,2017-09-11,44.0,77.0,0.0,0.0,0.0,0.0,0.0,0.0,274.0,0
44.00_77.00,2017-09-18,44.0,77.0,0.0,0.0,0.0,0.0,0.0,0.0,275.0,0
44.00_77.00,2017-09-25,44.0,77.0,0.0,0.0,0.0,0.0,0.0,0.0,276.0,0
44.00_77.00,2017-10-02,44.0,77.0,0.0,0.0,0.0,0.0,0.0,0.0,277.0,0
44.00_77.00,2017-10-09,44.0,77.0,0.0,0.0,0.0,0.0,0.0,0.0,278.0,0
44.00_77.00,2017-10-16,44.0,77.0,0.0,0.0,0.0,0.0,0.0,0.0,279.0,0
44.00_77.00,2017-10-23,44.0,77.0,0.0,0.0,0.0,0.0,0.0,0.0,280.0,0
44.00_77.00,2017-10-30,44.0,77.0,0.0,0.0,0.0,0.0,0.0,0.0,281.0,0
44.00_77.00,2017-11-06,44.0,77.0,0.0,0.0,0.0,0.0,0.0,0.0,282.0,0
44.00_77.00,2017-11-13,44.0,77.0,0.0,0.0,0.0,0.0,0.0,0.0,283.0,0
44.00_77.00,2017-11-20,44.0,77.0,0.0,0.0,0.0,0.0,0.0,0.0,284.0,0
44.00_77.00,2017-11-27,44.0,77.0,0.0,0.0,0.0,0.0,0.0,0.0,285.0,0
44.00_77.00,2017-12-04,44.0,77.0,0.0,0.0,0.0,0.0,0.0,0.0,286.0,0
44.00_77.00,2017-12-11,44.0,77.0,0.0,0.0,0.0,0.0,0.0,0.0,287.0,0
44.00_77.00,2017-12-18,44.0,77.0,0.0,0.0,0.0,0.0,0.0,0.0,288.0,0
44.00_77.00,2017-12-25,44.0,77.0,0.0,0.0,0.0,0.0,0.0,0.0,289.0,0
44.00_77.00,2018-01-01,44.0,77.0,0.0,0.0,0.0,0.0,0.0,0.0,290.0,0
44.00_77.00,2018-01-08,44.0,77.0,0.0,0.0,0.0,0.0,0.0,0.0,291.0,0
44.00_77.00,2018-01-15,44.0,77.0,0.0,0.0,0.0,0.0,0.0,0.0,292.0,0
44.00_77.00,2018-01-22,44.0,77.0,0.0,0.0,0.0,0.0,0.0,0.0,293.0,0
44.00_77.00,2018-01-29,44.0,77.0,0.0,0.0,0.0,0.0,0.0,0.0,294.0,0
44.00_77.00,2018-02-05,44.0,77.0,0.0,0.0,0.0,0.0,0.0,0.0,295.0,0
44.00_77.00,2018-02-12,44.0,77.0,0.0,0.0,0.0,0.0,0.0,0.0,296.0,0
44.00_77.00,2018-02-19,44.0,77.0,0.0,0.0,0.0,0.0,0.0,0.0,297.0,0
44.00_77.00,2018-02-26,44.0,77.0,0.0,0.0,0.0,0.0,0.0,0.0,298.0,0
44.00_77.00,2018-03-05,44.0,77.0,0.0,0.0,0.0,0.0,0.0,0.0,299.0,0
44.00_77.00,2018-03-12,44.0,77.0,0.0,0.0,0.0,0.0,0.0,0.0,300.0,0
44.00_77.00,2018-03-19,44.0,77.0,0.0,0.0,0.0,0.0,0.0,0.0,301.0,0
44.00_77.00,2018-03-26,44.0,77.0,0.0,0.0,0.0,0.0,0.0,0.0,302.0,0
44.00_77.00,2018-04-02,44.0,77.0,0.0,0.0,0.0,0.0,0.0,0.0,303.0,0
44.00_77.00,2018-04-09,44.0,77.0,0.0,0.0,0.0,0.0,0.0,0.0,304.0,0
44.00_77.00,2018-04-16,44.0,77.0,0.0,0.0,0.0,0.0,0.0,0.0,305.0,0
44.00_77.00,2018-04-23,44.0,77.0,0.0,0.0,0.0,0.0,0.0,0.0,306.0,0
44.00_77.00,2018-04-30,44.0,77.0,0.0,0.0,0.0,0.0,0.0,0.0,307.0,0
44.00_77.00,2018-05-07,44.0,77.0,0.0,0.0,0.0,0.0,0.0,0.0,308.0,0
44.00_77.00,2018-05-14,44.0,77.0,0.0,0.0,0.0,0.0,0.0,0.0,309.0,0
44.00_77.00,2018-05-21,44.0,77.0,0.0,0.0,0.0,0.0,0.0,0.0,310.0,0
44.00_77.00,2018-05-28,44.0,77.0,0.0,0.0,0.0,0.0,0.0,0.0,311.0,0
44.00_77.00,2018-06-04,44.0,77.0,0.0,0.0,0.0,0.0,0.0,0.0,312.0,0
44.00_77.00,2018-06-11,44.0,77.0,0.0,0.0,0.0,0.0,0.0,0.0,313.0,0
44.00_77.00,2018-06-18,44.0,77.0,0.0,0.0,0.0,0.0,0.0,0.0,314.0,0
44.00_77.00,2018-06-25,44.0,77.0,0.0,0.0,0.0,0.0,0.0,0.0,315.0,0
44.00_77.00,2018-07-02,44.0,77.0,0.0,0.0,0.0,0.0,0.0,0.0,316.0,0
44.00_77.00,2018-07-09,44.0,77.0,0.0,0.0,0.0,0.0,0.0,0.0,317.0,0
44.00_77.00,2018-07-16,44.0,77.0,0.0,0.0,0.0,0.0,0.0,0.0,318.0,0
44.00_77.00,2018-07-23,44.0,77.0,0.0,0.0,0.0,0.0,0.0,0.0,319.0,0
44.00_77.00,2018-07-30,44.0,77.0,0.0,0.0,0.0,0.0,0.0,0.0,320.0,0
44.00_77.00,2018-08-06,44.0,77.0,0.0,0.0,0.0,0.0,0.0,0.0,321.0,0
44.00_77.00,2018-08-13,44.0,77.0,0.0,0.0,0.0,0.0,0.0,0.0,322.0,0
44.00_77.00,2018-08-20,44.0,77.0,0.0,0.0,0.0,0.0,0.0,0.0,323.0,0
44.00_77.00,2018-08-27,44.0,77.0,0.0,0.0,0.0,0.0,0.0,0.0,324.0,0
44.00_77.00,2018-09-03,44.0,77.0,0.0,0.0,0.0,0.0,0.0,0.0,325.0,0
44.00_77.00,2018-09-10,44.0,77.0,0.0,0.0,0.0,0.0,0.0,0.0,326.0,0
44.00_77.00,2018-09-17,44.0,77.0,0.0,0.0,0.0,0.0,0.0,0.0,327.0,0
44.00_77.00,2018-09-24,44.0,77.0,0.0,0.0,0.0,0.0,0.0,0.0,328.0,0
44.00_77.00,2018-10-01,44.0,77.0,0.0,0.0,0.0,0.0,0.0,0.0,329.0,0
44.00_77.00,2018-10-08,44.0,77.0,0.0,0.0,0.0,0.0,0.0,0.0,330.0,0
44.00_77.00,2018-10-15,44.0,77.0,0.0,0.0,0.0,0.0,0.0,0.0,331.0,0
44.00_77.00,2018-10-22,44.0,77.0,0.0,0.0,0.0,0.0,0.0,0.0,332.0,0
44.00_77.00,2018-10-29,44.0,77.0,0.0,0.0,0.0,0.0,0.0,0.0,333.0,0
44.00_77.00,2018-11-05,44.0,77.0,0.0,0.0,0.0,0.0,0.0,0.0,334.0,0
44.00_77.00,2018-11-12,44.0,77.0,0.0,0.0,0.0,0.0,0.0,0.0,335.0,0
44.00_77.00,2018-11-19,44.0,77.0,0.0,0.0,0.0,0.0,0.0,0.0,336.0,0
44.00_77.00,2018-11-26,44.0,77.0,0.0,0.0,0.0,0.0,0.0,0.0,337.0,0
44.00_77.00,2018-12-03,44.0,77.0,0.0,0.0,0.0,0.0,0.0,0.0,338.0,0
44.00_77.00,2018-12-10,44.0,77.0,0.0,0.0,0.0,0.0,0.0,0.0,339.0,0
44.00_77.00,2018-12-17,44.0,77.0,0.0,0.0,0.0,0.0,0.0,0.0,340.0,0
44.00_77.00,2018-12-24,44.0,77.0,0.0,0.0,0.0,0.0,0.0,0.0,341.0,0
44.00_77.00,2018-12-31,44.0,77.0,0.0,0.0,0.0,0.0,0.0,0.0,342.0,0
44.00_77.00,2019-01-07,44.0,77.0,0.0,0.0,0.0,0.0,0.0,0.0,343.0,0
44.00_77.00,2019-01-14,44.0,77.0,0.0,0.0,0.0,0.0,0.0,0.0,344.0,0
44.00_77.00,2019-01-21,44.0,77.0,0.0,0.0,0.0,0.0,0.0,0.0,345.0,0
44.00_77.00,2019-01-28,44.0,77.0,0.0,0.0,0.0,0.0,0.0,0.0,346.0,0
44.00_77.00,2019-02-04,44.0,77.0,0.0,0.0,0.0,0.0,0.0,0.0,347.0,0
44.00_77.00,2019-02-11,44.0,77.0,0.0,0.0,0.0,0.0,0.0,0.0,348.0,0
44.00_77.00,2019-02-18,44.0,77.0,0.0,0.0,0.0,0.0,0.0,0.0,349.0,0
44.00_77.00,2019-02-25,44.0,77.0,0.0,0.0,0.0,0.0,0.0,0.0,350.0,0
44.00_77.00,2019-03-04,44.0,77.0,0.0,0.0,0.0,0.0,0.0,0.0,351.0,0
44.00_77.00,2019-03-11,44.0,77.0,0.0,0.0,0.0,0.0,0.0,0.0,352.0,0
44.00_77.00,2019-03-18,44.0,77.0,0.0,0.0,0.0,0.0,0.0,0.0,353.0,0
44.00_77.00,2019-03-25,44.0,77.0,0.0,0.0,0.0,0.0,0.0,0.0,354.0,0
44.00_77.00,2019-04-01,44.0,77.0,0.0,0.0,0.0,0.0,0.0,0.0,355.0,0
44.00_77.00,2019-04-08,44.0,77.0,0.0,0.0,0.0,0.0,0.0,0.0,356.0,0
44.00_77.00,2019-04-15,44.0,77.0,0.0,0.0,0.0,0.0,0.0,0.0,357.0,0
44.00_77.00,2019-04-22,44.0,77.0,0.0,0.0,0.0,0.0,0.0,0.0,358.0,0
44.00_77.00,2019-04-29,44.0,77.0,0.0,0.0,0.0,0.0,0.0,0.0,359.0,0
44.00_77.00,2019-05-06,44.0,77.0,0.0,0.0,0.0,0.0,0.0,0.0,360.0,0
44.00_77.00,2019-05-13,44.0,77.0,0.0,0.0,0.0,0.0,0.0,0.0,361.0,0
44.00_77.00,2019-05-20,44.0,77.0,0.0,0.0,0.0,0.0,0.0,0.0,362.0,0
44.00_77.00,2019-05-27,44.0,77.0,0.0,0.0,0.0,0.0,0.0,0.0,363.0,0
44.00_77.00,2019-06-03,44.0,77.0,0.0,0.0,0.0,0.0,0.0,0.0,364.0,0
44.00_77.00,2019-06-10,44.0,77.0,0.0,0.0,0.0,0.0,0.0,0.0,365.0,0
44.00_77.00,2019-06-17,44.0,77.0,0.0,0.0,0.0,0.0,0.0,0.0,366.0,0
44.00_77.00,2019-06-24,44.0,77.0,0.0,0.0,0.0,0.0,0.0,0.0,367.0,0
44.00_77.00,2019-07-01,44.0,77.0,0.0,0.0,0.0,0.0,0.0,0.0,368.0,0
44.00_77.00,2019-07-08,44.0,77.0,0.0,0.0,0.0,0.0,0.0,0.0,369.0,0
44.00_77.00,2019-07-15,44.0,77.0,0.0,0.0,0.0,0.0,0.0,0.0,370.0,0
44.00_77.00,2019-07-22,44.0,77.0,0.0,0.0,0.0,0.0,0.0,0.0,371.0,0
44.00_77.00,2019-07-29,44.0,77.0,0.0,0.0,0.0,0.0,0.0,0.0,372.0,0
44.00_77.00,2019-08-05,44.0,77.0,0.0,0.0,0.0,0.0,0.0,0.0,373.0,0
44.00_77.00,2019-08-12,44.0,77.0,0.0,0.0,0.0,0.0,0.0,0.0,374.0,0
44.00_77.00,2019-08-19,44.0,77.0,0.0,0.0,0.0,0.0,0.0,0.0,375.0,0
44.00_77.00,2019-08-26,44.0,77.0,0.0,0.0,0.0,0.0,0.0,0.0,376.0,0
44.00_77.00,2019-09-02,44.0,77.0,0.0,0.0,0.0,0.0,0.0,0.0,377.0,0
44.00_77.00,2019-09-09,44.0,77.0,0.0,0.0,0.0,0.0,0.0,0.0,378.0,0
44.00_77.00,2019-09-16,44.0,77.0,0.0,0.0,0.0,0.0,0.0,0.0,379.0,0
44.00_77.00,2019-09-23,44.0,77.0,0.0,0.0,0.0,0.0,0.0,0.0,380.0,0
44.00_77.00,2019-09-30,44.0,77.0,0.0,0.0,0.0,0.0,0.0,0.0,381.0,0
44.00_77.00,2019-10-07,44.0,77.0,0.0,0.0,0.0,0.0,0.0,0.0,382.0,0
44.00_77.00,2019-10-14,44.0,77.0,0.0,0.0,0.0,0.0,0.0,0.0,383.0,0
44.00_77.00,2019-10-21,44.0,77.0,0.0,0.0,0.0,0.0,0.0,0.0,384.0,0
44.00_77.00,2019-10-28,44.0,77.0,0.0,0.0,0.0,0.0,0.0,0.0,385.0,0
44.00_77.00,2019-11-04,44.0,77.0,0.0,0.0,0.0,0.0,0.0,0.0,386.0,0
44.00_77.00,2019-11-11,44.0,77.0,0.0,0.0,0.0,0.0,0.0,0.0,387.0,0
44.00_77.00,2019-11-18,44.0,77.0,0.0,0.0,0.0,0.0,0.0,0.0,388.0,0
44.00_77.00,2019-11-25,44.0,77.0,0.0,0.0,0.0,0.0,0.0,0.0,389.0,0
44.00_77.00,2019-12-02,44.0,77.0,0.0,0.0,0.0,0.0,0.0,0.0,390.0,0
44.00_77.00,2019-12-09,44.0,77.0,0.0,0.0,0.0,0.0,0.0,0.0,391.0,0
44.00_77.00,2019-12-16,44.0,77.0,0.0,0.0,0.0,0.0,0.0,0.0,392.0,0
44.00_77.00,2019-12-23,44.0,77.0,0.0,0.0,0.0,0.0,0.0,0.0,393.0,0
44.00_77.00,2019-12-30,44.0,77.0,0.0,0.0,0.0,0.0,0.0,0.0,394.0,0
44.00_77.00,2020-01-06,44.0,77.0,0.0,0.0,0.0,0.0,0.0,0.0,395.0,0
44.00_77.00,2020-01-13,44.0,77.0,0.0,0.0,0.0,0.0,0.0,0.0,396.0,0
44.00_77.00,2020-01-20,44.0,77.0,0.0,0.0,0.0,0.0,0.0,0.0,397.0,1
44.00_77.00,2020-01-27,44.0,77.0,1.0,4.5,4.5,4.5,1.0,5623413.251903491,0.0,0
44.00_77.00,2020-02-03,44.0,77.0,0.0,0.0,0.0,4.5,1.0,5623413.251903491,1.0,0
44.00_77.00,2020-02-10,44.0,77.0,0.0,0.0,0.0,4.5,1.0,5623413.251903491,2.0,0
44.00_77.00,2020-02-17,44.0,77.0,0.0,0.0,0.0,4.5,1.0,5623413.251903491,3.0,0
44.00_77.00,2020-02-24,44.0,77.0,0.0,0.0,0.0,0.0,1.0,5623413.251903491,4.0,0
44.00_77.00,2020-03-02,44.0,77.0,0.0,0.0,0.0,0.0,1.0,5623413.251903491,5.0,0
44.00_77.00,2020-03-09,44.0,77.0,0.0,0.0,0.0,0.0,1.0,5623413.251903491,6.0,0
44.00_77.00,2020-03-16,44.0,77.0,0.0,0.0,0.0,0.0,1.0,5623413.251903491,7.0,0
44.00_77.00,2020-03-23,44.0,77.0,0.0,0.0,0.0,0.0,1.0,0.0,8.0,0
44.00_77.00,2020-03-30,44.0,77.0,0.0,0.0,0.0,0.0,1.0,0.0,9.0,0
44.00_77.00,2020-04-06,44.0,77.0,0.0,0.0,0.0,0.0,1.0,0.0,10.0,0
44.00_77.00,2020-04-13,44.0,77.0,0.0,0.0,0.0,0.0,1.0,0.0,11.0,0
44.00_77.00,2020-04-20,44.0,77.0,0.0,0.0,0.0,0.0,0.0,0.0,12.0,0
44.00_77.00,2020-04-27,44.0,77.0,0.0,0.0,0.0,0.0,0.0,0.0,13.0,0
44.00_77.00,2020-05-04,44.0,77.0,0.0,0.0,0.0,0.0,0.0,0.0,14.0,0
44.00_77.00,2020-05-11,44.0,77.0,0.0,0.0,0.0,0.0,0.0,0.0,15.0,0
44.00_77.00,2020-05-18,44.0,77.0,0.0,0.0,0.0,0.0,0.0,0.0,16.0,0
44.00_77.00,2020-05-25,44.0,77.0,0.0,0.0,0.0,0.0,0.0,0.0,17.0,0
44.00_77.00,2020-06-01,44.0,77.0,0.0,0.0,0.0,0.0,0.0,0.0,18.0,1
44.00_77.00,2020-06-08,44.0,77.0,1.0,4.5,4.5,4.5,1.0,5623413.251903491,0.0,0
44.00_77.00,2020-06-15,44.0,77.0,0.0,0.0,0.0,4.5,1.0,5623413.251903491,1.0,0
44.00_77.00,2020-06-22,44.0,77.0,0.0,0.0,0.0,4.5,1.0,5623413.251903491,2.0,0
44.00_77.00,2020-06-29,44.0,77.0,0.0,0.0,0.0,4.5,1.0,5623413.251903491,3.0,0
44.00_77.00,2020-07-06,44.0,77.0,0.0,0.0,0.0,0.0,1.0,5623413.251903491,4.0,0
44.00_77.00,2020-07-13,44.0,77.0,0.0,0.0,0.0,0.0,1.0,5623413.251903491,5.0,0
44.00_77.00,2020-07-20,44.0,77.0,0.0,0.0,0.0,0.0,1.0,5623413.251903491,6.0,0
44.00_77.00,2020-07-27,44.0,77.0,0.0,0.0,0.0,0.0,1.0,5623413.251903491,7.0,0
44.00_77.00,2020-08-03,44.0,77.0,0.0,0.0,0.0,0.0,1.0,0.0,8.0,0
44.00_77.00,2020-08-10,44.0,77.0,0.0,0.0,0.0,0.0,1.0,0.0,9.0,0
44.00_77.00,2020-08-17,44.0,77.0,0.0,0.0,0.0,0.0,1.0,0.0,10.0,0
44.00_77.00,2020-08-24,44.0,77.0,0.0,0.0,0.0,0.0,1.0,0.0,11.0,0
44.00_77.00,2020-08-31,44.0,77.0,0.0,0.0,0.0,0.0,0.0,0.0,12.0,0
44.00_77.00,2020-09-07,44.0,77.0,0.0,0.0,0.0,0.0,0.0,0.0,13.0,0
44.00_77.00,2020-09-14,44.0,77.0,0.0,0.0,0.0,0.0,0.0,0.0,14.0,0
44.00_77.00,2020-09-21,44.0,77.0,0.0,0.0,0.0,0.0,0.0,0.0,15.0,0
44.00_77.00,2020-09-28,44.0,77.0,0.0,0.0,0.0,0.0,0.0,0.0,16.0,0
44.00_77.00,2020-10-05,44.0,77.0,0.0,0.0,0.0,0.0,0.0,0.0,17.0,0
44.00_77.00,2020-10-12,44.0,77.0,0.0,0.0,0.0,0.0,0.0,0.0,18.0,0
44.00_77.00,2020-10-19,44.0,77.0,0.0,0.0,0.0,0.0,0.0,0.0,19.0,0
44.00_77.00,2020-10-26,44.0,77.0,0.0,0.0,0.0,0.0,0.0,0.0,20.0,0
44.00_77.00,2020-11-02,44.0,77.0,0.0,0.0,0.0,0.0,0.0,0.0,21.0,0
44.00_77.00,2020-11-09,44.0,77.0,0.0,0.0,0.0,0.0,0.0,0.0,22.0,0
44.00_77.00,2020-11-16,44.0,77.0,0.0,0.0,0.0,0.0,0.0,0.0,23.0,0
44.00_77.00,2020-11-23,44.0,77.0,0.0,0.0,0.0,0.0,0.0,0.0,24.0,0
44.00_77.00,2020-11-30,44.0,77.0,0.0,0.0,0.0,0.0,0.0,0.0,25.0,0
44.00_77.00,2020-12-07,44.0,77.0,0.0,0.0,0.0,0.0,0.0,0.0,26.0,0
44.00_77.00,2020-12-14,44.0,77.0,0.0,0.0,0.0,0.0,0.0,0.0,27.0,0
44.00_77.00,2020-12-21,44.0,77.0,0.0,0.0,0.0,0.0,0.0,0.0,28.0,0
44.00_77.00,2020-12-28,44.0,77.0,0.0,0.0,0.0,0.0,0.0,0.0,29.0,0
44.00_77.00,2021-01-04,44.0,77.0,0.0,0.0,0.0,0.0,0.0,0.0,30.0,0
44.00_77.00,2021-01-11,44.0,77.0,0.0,0.0,0.0,0.0,0.0,0.0,31.0,0
44.00_77.00,2021-01-18,44.0,77.0,0.0,0.0,0.0,0.0,0.0,0.0,32.0,0
44.00_77.00,2021-01-25,44.0,77.0,0.0,0.0,0.0,0.0,0.0,0.0,33.0,0
44.00_77.00,2021-02-01,44.0,77.0,0.0,0.0,0.0,0.0,0.0,0.0,34.0,0
44.00_77.00,2021-02-08,44.0,77.0,0.0,0.0,0.0,0.0,0.0,0.0,35.0,0
44.00_77.00,2021-02-15,44.0,77.0,0.0,0.0,0.0,0.0,0.0,0.0,36.0,0
44.00_77.00,2021-02-22,44.0,77.0,0.0,0.0,0.0,0.0,0.0,0.0,37.0,0
44.00_77.00,2021-03-01,44.0,77.0,0.0,0.0,0.0,0.0,0.0,0.0,38.0,0
44.00_77.00,2021-03-08,44.0,77.0,0.0,0.0,0.0,0.0,0.0,0.0,39.0,0
44.00_77.00,2021-03-15,44.0,77.0,0.0,0.0,0.0,0.0,0.0,0.0,40.0,0
44.00_77.00,2021-03-22,44.0,77.0,0.0,0.0,0.0,0.0,0.0,0.0,41.0,0
44.00_77.00,2021-03-29,44.0,77.0,0.0,0.0,0.0,0.0,0.0,0.0,42.0,0
44.00_77.00,2021-04-05,44.0,77.0,0.0,0.0,0.0,0.0,0.0,0.0,43.0,0
44.00_77.00,2021-04-12,44.0,77.0,0.0,0.0,0.0,0.0,0.0,0.0,44.0,0
44.00_77.00,2021-04-19,44.0,77.0,0.0,0.0,0.0,0.0,0.0,0.0,45.0,0
44.00_77.00,2021-04-26,44.0,77.0,0.0,0.0,0.0,0.0,0.0,0.0,46.0,0
44.00_77.00,2021-05-03,44.0,77.0,0.0,0.0,0.0,0.0,0.0,0.0,47.0,0
44.00_77.00,2021-05-10,44.0,77.0,0.0,0.0,0.0,0.0,0.0,0.0,48.0,0
44.00_77.00,2021-05-17,44.0,77.0,0.0,0.0,0.0,0.0,0.0,0.0,49.0,0
44.00_77.00,2021-05-24,44.0,77.0,0.0,0.0,0.0,0.0,0.0,0.0,50.0,0
44.00_77.00,2021-05-31,44.0,77.0,0.0,0.0,0.0,0.0,0.0,0.0,51.0,0
44.00_77.00,2021-06-07,44.0,77.0,0.0,0.0,0.0,0.0,0.0,0.0,52.0,0
44.00_77.00,2021-06-14,44.0,77.0,0.0,0.0,0.0,0.0,0.0,0.0,53.0,0
44.00_77.00,2021-06-21,44.0,77.0,0.0,0.0,0.0,0.0,0.0,0.0,54.0,0
44.00_77.00,2021-06-28,44.0,77.0,0.0,0.0,0.0,0.0,0.0,0.0,55.0,0
44.00_77.00,2021-07-05,44.0,77.0,0.0,0.0,0.0,0.0,0.0,0.0,56.0,0
44.00_77.00,2021-07-12,44.0,77.0,0.0,0.0,0.0,0.0,0.0,0.0,57.0,0
44.00_77.00,2021-07-19,44.0,77.0,0.0,0.0,0.0,0.0,0.0,0.0,58.0,0
44.00_77.00,2021-07-26,44.0,77.0,0.0,0.0,0.0,0.0,0.0,0.0,59.0,0
44.00_77.00,2021-08-02,44.0,77.0,0.0,0.0,0.0,0.0,0.0,0.0,60.0,0
44.00_77.00,2021-08-09,44.0,77.0,0.0,0.0,0.0,0.0,0.0,0.0,61.0,0
44.00_77.00,2021-08-16,44.0,77.0,0.0,0.0,0.0,0.0,0.0,0.0,62.0,0
44.00_77.00,2021-08-23,44.0,77.0,0.0,0.0,0.0,0.0,0.0,0.0,63.0,0
44.00_77.00,2021-08-30,44.0,77.0,0.0,0.0,0.0,0.0,0.0,0.0,64.0,0
44.00_77.00,2021-09-06,44.0,77.0,0.0,0.0,0.0,0.0,0.0,0.0,65.0,0
44.00_77.00,2021-09-13,44.0,77.0,0.0,0.0,0.0,0.0,0.0,0.0,66.0,0
44.00_77.00,2021-09-20,44.0,77.0,0.0,0.0,0.0,0.0,0.0,0.0,67.0,0
44.00_77.00,2021-09-27,44.0,77.0,0.0,0.0,0.0,0.0,0.0,0.0,68.0,0
44.00_77.00,2021-10-04,44.0,77.0,0.0,0.0,0.0,0.0,0.0,0.0,69.0,0
44.00_77.00,2021-10-11,44.0,77.0,0.0,0.0,0.0,0.0,0.0,0.0,70.0,0
44.00_77.00,2021-10-18,44.0,77.0,0.0,0.0,0.0,0.0,0.0,0.0,71.0,0
44.00_77.00,2021-10-25,44.0,77.0,0.0,0.0,0.0,0.0,0.0,0.0,72.0,0
44.00_77.00,2021-11-01,44.0,77.0,0.0,0.0,0.0,0.0,0.0,0.0,73.0,0
44.00_77.00,2021-11-08,44.0,77.0,0.0,0.0,0.0,0.0,0.0,0.0,74.0,0
44.00_77.00,2021-11-15,44.0,77.0,0.0,0.0,0.0,0.0,0.0,0.0,75.0,0
44.00_77.00,2021-11-22,44.0,77.0,0.0,0.0,0.0,0.0,0.0,0.0,76.0,0
44.00_77.00,2021-11-29,44.0,77.0,0.0,0.0,0.0,0.0,0.0,0.0,77.0,0
44.00_77.00,2021-12-06,44.0,77.0,0.0,0.0,0.0,0.0,0.0,0.0,78.0,0
44.00_77.00,2021-12-13,44.0,77.0,0.0,0.0,0.0,0.0,0.0,0.0,79.0,0
44.00_77.00,2021-12-20,44.0,77.0,0.0,0.0,0.0,0.0,0.0,0.0,80.0,0
44.00_77.00,2021-12-27,44.0,77.0,0.0,0.0,0.0,0.0,0.0,0.0,81.0,0
44.00_77.00,2022-01-03,44.0,77.0,0.0,0.0,0.0,0.0,0.0,0.0,82.0,0
44.00_77.00,2022-01-10,44.0,77.0,0.0,0.0,0.0,0.0,0.0,0.0,83.0,0
44.00_77.00,2022-01-17,44.0,77.0,0.0,0.0,0.0,0.0,0.0,0.0,84.0,0
44.00_77.00,2022-01-24,44.0,77.0,0.0,0.0,0.0,0.0,0.0,0.0,85.0,0
44.00_77.00,2022-01-31,44.0,77.0,0.0,0.0,0.0,0.0,0.0,0.0,86.0,0
44.00_77.00,2022-02-07,44.0,77.0,0.0,0.0,0.0,0.0,0.0,0.0,87.0,0
44.00_77.00,2022-02-14,44.0,77.0,0.0,0.0,0.0,0.0,0.0,0.0,88.0,0
44.00_77.00,2022-02-21,44.0,77.0,0.0,0.0,0.0,0.0,0.0,0.0,89.0,0
44.00_77.00,2022-02-28,44.0,77.0,0.0,0.0,0.0,0.0,0.0,0.0,90.0,0
44.00_77.00,2022-03-07,44.0,77.0,0.0,0.0,0.0,0.0,0.0,0.0,91.0,0
44.00_77.00,2022-03-14,44.0,77.0,0.0,0.0,0.0,0.0,0.0,0.0,92.0,0
44.00_77.00,2022-03-21,44.0,77.0,0.0,0.0,0.0,0.0,0.0,0.0,93.0,0
44.00_77.00,2022-03-28,44.0,77.0,0.0,0.0,0.0,0.0,0.0,0.0,94.0,0
44.00_77.00,2022-04-04,44.0,77.0,0.0,0.0,0.0,0.0,0.0,0.0,95.0,0
44.00_77.00,2022-04-11,44.0,77.0,0.0,0.0,0.0,0.0,0.0,0.0,96.0,0
44.00_77.00,2022-04-18,44.0,77.0,0.0,0.0,0.0,0.0,0.0,0.0,97.0,0
44.00_77.00,2022-04-25,44.0,77.0,0.0,0.0,0.0,0.0,0.0,0.0,98.0,0
44.00_77.00,2022-05-02,44.0,77.0,0.0,0.0,0.0,0.0,0.0,0.0,99.0,0
44.00_77.00,2022-05-09,44.0,77.0,0.0,0.0,0.0,0.0,0.0,0.0,100.0,0
44.00_77.00,2022-05-16,44.0,77.0,0.0,0.0,0.0,0.0,0.0,0.0,101.0,0
44.00_77.00,2022-05-23,44.0,77.0,0.0,0.0,0.0,0.0,0.0,0.0,102.0,0
44.00_77.00,2022-05-30,44.0,77.0,0.0,0.0,0.0,0.0,0.0,0.0,103.0,0
44.00_77.00,2022-06-06,44.0,77.0,0.0,0.0,0.0,0.0,0.0,0.0,104.0,0
44.00_77.00,2022-06-13,44.0,77.0,0.0,0.0,0.0,0.0,0.0,0.0,105.0,0
44.00_77.00,2022-06-20,44.0,77.0,0.0,0.0,0.0,0.0,0.0,0.0,106.0,0
44.00_77.00,2022-06-27,44.0,77.0,0.0,0.0,0.0,0.0,0.0,0.0,107.0,0
44.00_77.00,2022-07-04,44.0,77.0,0.0,0.0,0.0,0.0,0.0,0.0,108.0,0
44.00_77.00,2022-07-11,44.0,77.0,0.0,0.0,0.0,0.0,0.0,0.0,109.0,0
44.00_77.00,2022-07-18,44.0,77.0,0.0,0.0,0.0,0.0,0.0,0.0,110.0,0
44.00_77.00,2022-07-25,44.0,77.0,0.0,0.0,0.0,0.0,0.0,0.0,111.0,0
44.00_77.00,2022-08-01,44.0,77.0,0.0,0.0,0.0,0.0,0.0,0.0,112.0,0
44.00_77.00,2022-08-08,44.0,77.0,0.0,0.0,0.0,0.0,0.0,0.0,113.0,0
44.00_77.00,2022-08-15,44.0,77.0,0.0,0.0,0.0,0.0,0.0,0.0,114.0,0
44.00_77.00,2022-08-22,44.0,77.0,0.0,0.0,0.0,0.0,0.0,0.0,115.0,0
44.00_77.00,2022-08-29,44.0,77.0,0.0,0.0,0.0,0.0,0.0,0.0,116.0,0
44.00_77.00,2022-09-05,44.0,77.0,0.0,0.0,0.0,0.0,0.0,0.0,117.0,0
44.00_77.00,2022-09-12,44.0,77.0,0.0,0.0,0.0,0.0,0.0,0.0,118.0,0
44.00_77.00,2022-09-19,44.0,77.0,0.0,0.0,0.0,0.0,0.0,0.0,119.0,0
44.00_77.00,2022-09-26,44.0,77.0,0.0,0.0,0.0,0.0,0.0,0.0,120.0,0
44.00_77.00,2022-10-03,44.0,77.0,0.0,0.0,0.0,0.0,0.0,0.0,121.0,0
44.00_77.00,2022-10-10,44.0,77.0,0.0,0.0,0.0,0.0,0.0,0.0,122.0,0
44.00_77.00,2022-10-17,44.0,77.0,0.0,0.0,0.0,0.0,0.0,0.0,123.0,0
44.00_77.00,2022-10-24,44.0,77.0,0.0,0.0,0.0,0.0,0.0,0.0,124.0,0
44.00_77.00,2022-10-31,44.0,77.0,0.0,0.0,0.0,0.0,0.0,0.0,125.0,0
44.00_77.00,2022-11-07,44.0,77.0,0.0,0.0,0.0,0.0,0.0,0.0,126.0,0
44.00_77.00,2022-11-14,44.0,77.0,0.0,0.0,0.0,0.0,0.0,0.0,127.0,1
44.00_77.00,2022-11-21,44.0,77.0,1.0,4.7,4.7,4.7,1.0,11220184.543019652,0.0,0
44.00_77.00,2022-11-28,44.0,77.0,0.0,0.0,0.0,4.7,1.0,11220184.543019652,1.0,0
44.00_77.00,2022-12-05,44.0,77.0,0.0,0.0,0.0,4.7,1.0,11220184.543019652,2.0,0
44.00_77.00,2022-12-12,44.0,77.0,0.0,0.0,0.0,4.7,1.0,11220184.543019652,3.0,0
44.00_77.00,2022-12-19,44.0,77.0,0.0,0.0,0.0,0.0,1.0,11220184.543019652,4.0,0
44.00_77.00,2022-12-26,44.0,77.0,0.0,0.0,0.0,0.0,1.0,11220184.543019652,5.0,0
44.00_77.00,2023-01-02,44.0,77.0,0.0,0.0,0.0,0.0,1.0,11220184.543019652,6.0,0
44.00_77.00,2023-01-09,44.0,77.0,0.0,0.0,0.0,0.0,1.0,11220184.543019652,7.0,0
44.00_77.00,2023-01-16,44.0,77.0,0.0,0.0,0.0,0.0,1.0,0.0,8.0,0
44.00_77.00,2023-01-23,44.0,77.0,0.0,0.0,0.0,0.0,1.0,0.0,9.0,0
44.00_77.00,2023-01-30,44.0,77.0,0.0,0.0,0.0,0.0,1.0,0.0,10.0,0
44.00_77.00,2023-02-06,44.0,77.0,0.0,0.0,0.0,0.0,1.0,0.0,11.0,0
44.00_77.00,2023-02-13,44.0,77.0,0.0,0.0,0.0,0.0,0.0,0.0,12.0,0
44.00_77.00,2023-02-20,44.0,77.0,0.0,0.0,0.0,0.0,0.0,0.0,13.0,0
44.00_77.00,2023-02-27,44.0,77.0,0.0,0.0,0.0,0.0,0.0,0.0,14.0,0
44.00_77.00,2023-03-06,44.0,77.0,0.0,0.0,0.0,0.0,0.0,0.0,15.0,0
44.00_77.00,2023-03-13,44.0,77.0,0.0,0.0,0.0,0.0,0.0,0.0,16.0,0
44.00_77.00,2023-03-20,44.0,77.0,0.0,0.0,0.0,0.0,0.0,0.0,17.0,0
44.00_77.00,2023-03-27,44.0,77.0,0.0,0.0,0.0,0.0,0.0,0.0,18.0,0
44.00_77.00,2023-04-03,44.0,77.0,0.0,0.0,0.0,0.0,0.0,0.0,19.0,0
44.00_77.00,2023-04-10,44.0,77.0,0.0,0.0,0.0,0.0,0.0,0.0,20.0,0
44.00_77.00,2023-04-17,44.0,77.0,0.0,0.0,0.0,0.0,0.0,0.0,21.0,0
44.00_77.00,2023-04-24,44.0,77.0,0.0,0.0,0.0,0.0,0.0,0.0,22.0,0
44.00_77.00,2023-05-01,44.0,77.0,0.0,0.0,0.0,0.0,0.0,0.0,23.0,0
44.00_77.00,2023-05-08,44.0,77.0,0.0,0.0,0.0,0.0,0.0,0.0,24.0,0
44.00_77.00,2023-05-15,44.0,77.0,0.0,0.0,0.0,0.0,0.0,0.0,25.0,0
44.00_77.00,2023-05-22,44.0,77.0,0.0,0.0,0.0,0.0,0.0,0.0,26.0,0
44.00_77.00,2023-05-29,44.0,77.0,0.0,0.0,0.0,0.0,0.0,0.0,27.0,0
44.00_77.00,2023-06-05,44.0,77.0,0.0,0.0,0.0,0.0,0.0,0.0,28.0,0
44.00_77.00,2023-06-12,44.0,77.0,0.0,0.0,0.0,0.0,0.0,0.0,29.0,0
44.00_77.00,2023-06-19,44.0,77.0,0.0,0.0,0.0,0.0,0.0,0.0,30.0,0
44.00_77.00,2023-06-26,44.0,77.0,0.0,0.0,0.0,0.0,0.0,0.0,31.0,0
44.00_77.00,2023-07-03,44.0,77.0,0.0,0.0,0.0,0.0,0.0,0.0,32.0,0
44.00_77.00,2023-07-10,44.0,77.0,0.0,0.0,0.0,0.0,0.0,0.0,33.0,0
44.00_77.00,2023-07-17,44.0,77.0,0.0,0.0,0.0,0.0,0.0,0.0,34.0,0
44.00_77.00,2023-07-24,44.0,77.0,0.0,0.0,0.0,0.0,0.0,0.0,35.0,0
44.00_77.00,2023-07-31,44.0,77.0,0.0,0.0,0.0,0.0,0.0,0.0,36.0,0
44.00_77.00,2023-08-07,44.0,77.0,0.0,0.0,0.0,0.0,0.0,0.0,37.0,0
44.00_77.00,2023-08-14,44.0,77.0,0.0,0.0,0.0,0.0,0.0,0.0,38.0,0
44.00_77.00,2023-08-21,44.0,77.0,0.0,0.0,0.0,0.0,0.0,0.0,39.0,0
44.00_77.00,2023-08-28,44.0,77.0,0.0,0.0,0.0,0.0,0.0,0.0,40.0,0
44.00_77.00,2023-09-04,44.0,77.0,0.0,0.0,0.0,0.0,0.0,0.0,41.0,0
44.00_77.00,2023-09-11,44.0,77.0,0.0,0.0,0.0,0.0,0.0,0.0,42.0,0
44.00_77.00,2023-09-18,44.0,77.0,0.0,0.0,0.0,0.0,0.0,0.0,43.0,0
44.00_77.00,2023-09-25,44.0,77.0,0.0,0.0,0.0,0.0,0.0,0.0,44.0,0
44.00_77.00,2023-10-02,44.0,77.0,0.0,0.0,0.0,0.0,0.0,0.0,45.0,0
44.00_77.00,2023-10-09,44.0,77.0,0.0,0.0,0.0,0.0,0.0,0.0,46.0,0
44.00_77.00,2023-10-16,44.0,77.0,0.0,0.0,0.0,0.0,0.0,0.0,47.0,0
44.00_77.00,2023-10-23,44.0,77.0,0.0,0.0,0.0,0.0,0.0,0.0,48.0,0
44.00_77.00,2023-10-30,44.0,77.0,0.0,0.0,0.0,0.0,0.0,0.0,49.0,0
44.00_77.00,2023-11-06,44.0,77.0,0.0,0.0,0.0,0.0,0.0,0.0,50.0,0
44.00_77.00,2023-11-13,44.0,77.0,0.0,0.0,0.0,0.0,0.0,0.0,51.0,0
44.00_77.00,2023-11-20,44.0,77.0,0.0,0.0,0.0,0.0,0.0,0.0,52.0,0
44.00_77.00,2023-11-27,44.0,77.0,0.0,0.0,0.0,0.0,0.0,0.0,53.0,0
44.00_77.00,2023-12-04,44.0,77.0,0.0,0.0,0.0,0.0,0.0,0.0,54.0,0
44.00_77.00,2023-12-11,44.0,77.0,0.0,0.0,0.0,0.0,0.0,0.0,55.0,0
44.00_77.00,2023-12-18,44.0,77.0,0.0,0.0,0.0,0.0,0.0,0.0,56.0,0
44.00_77.00,2023-12-25,44.0,77.0,0.0,0.0,0.0,0.0,0.0,0.0,57.0,0
44.00_80.00,2010-03-22,44.0,80.0,0.0,0.0,0.0,0.0,0.0,0.0,500.0,0
44.00_80.00,2010-03-29,44.0,80.0,0.0,0.0,0.0,0.0,0.0,0.0,500.0,0
44.00_80.00,2010-04-05,44.0,80.0,0.0,0.0,0.0,0.0,0.0,0.0,500.0,0
44.00_80.00,2010-04-12,44.0,80.0,0.0,0.0,0.0,0.0,0.0,0.0,500.0,0
44.00_80.00,2010-04-19,44.0,80.0,0.0,0.0,0.0,0.0,0.0,0.0,500.0,0
44.00_80.00,2010-04-26,44.0,80.0,0.0,0.0,0.0,0.0,0.0,0.0,500.0,0
44.00_80.00,2010-05-03,44.0,80.0,0.0,0.0,0.0,0.0,0.0,0.0,500.0,0
44.00_80.00,2010-05-10,44.0,80.0,0.0,0.0,0.0,0.0,0.0,0.0,500.0,0
44.00_80.00,2010-05-17,44.0,80.0,0.0,0.0,0.0,0.0,0.0,0.0,500.0,0
44.00_80.00,2010-05-24,44.0,80.0,0.0,0.0,0.0,0.0,0.0,0.0,500.0,0
44.00_80.00,2010-05-31,44.0,80.0,0.0,0.0,0.0,0.0,0.0,0.0,500.0,0
44.00_80.00,2010-06-07,44.0,80.0,0.0,0.0,0.0,0.0,0.0,0.0,500.0,0
44.00_80.00,2010-06-14,44.0,80.0,0.0,0.0,0.0,0.0,0.0,0.0,500.0,0
44.00_80.00,2010-06-21,44.0,80.0,0.0,0.0,0.0,0.0,0.0,0.0,500.0,0
44.00_80.00,2010-06-28,44.0,80.0,0.0,0.0,0.0,0.0,0.0,0.0,500.0,0
44.00_80.00,2010-07-05,44.0,80.0,0.0,0.0,0.0,0.0,0.0,0.0,500.0,0
44.00_80.00,2010-07-12,44.0,80.0,0.0,0.0,0.0,0.0,0.0,0.0,500.0,0
44.00_80.00,2010-07-19,44.0,80.0,0.0,0.0,0.0,0.0,0.0,0.0,500.0,0
44.00_80.00,2010-07-26,44.0,80.0,0.0,0.0,0.0,0.0,0.0,0.0,500.0,0
44.00_80.00,2010-08-02,44.0,80.0,0.0,0.0,0.0,0.0,0.0,0.0,500.0,0
44.00_80.00,2010-08-09,44.0,80.0,0.0,0.0,0.0,0.0,0.0,0.0,500.0,0
44.00_80.00,2010-08-16,44.0,80.0,0.0,0.0,0.0,0.0,0.0,0.0,500.0,0
44.00_80.00,2010-08-23,44.0,80.0,0.0,0.0,0.0,0.0,0.0,0.0,500.0,0
44.00_80.00,2010-08-30,44.0,80.0,0.0,0.0,0.0,0.0,0.0,0.0,500.0,0
44.00_80.00,2010-09-06,44.0,80.0,0.0,0.0,0.0,0.0,0.0,0.0,500.0,0
44.00_80.00,2010-09-13,44.0,80.0,0.0,0.0,0.0,0.0,0.0,0.0,500.0,0
44.00_80.00,2010-09-20,44.0,80.0,0.0,0.0,0.0,0.0,0.0,0.0,500.0,0
44.00_80.00,2010-09-27,44.0,80.0,0.0,0.0,0.0,0.0,0.0,0.0,500.0,0
44.00_80.00,2010-10-04,44.0,80.0,0.0,0.0,0.0,0.0,0.0,0.0,500.0,1
44.00_80.00,2010-10-11,44.0,80.0,1.0,4.5,4.5,4.5,1.0,5623413.251903491,0.0,0
44.00_80.00,2010-10-18,44.0,80.0,0.0,0.0,0.0,4.5,1.0,5623413.251903491,1.0,0
44.00_80.00,2010-10-25,44.0,80.0,0.0,0.0,0.0,4.5,1.0,5623413.251903491,2.0,0
44.00_80.00,2010-11-01,44.0,80.0,0.0,0.0,0.0,4.5,1.0,5623413.251903491,3.0,0
44.00_80.00,2010-11-08,44.0,80.0,0.0,0.0,0.0,0.0,1.0,5623413.251903491,4.0,0
44.00_80.00,2010-11-15,44.0,80.0,0.0,0.0,0.0,0.0,1.0,5623413.251903491,5.0,0
44.00_80.00,2010-11-22,44.0,80.0,0.0,0.0,0.0,0.0,1.0,5623413.251903491,6.0,0
44.00_80.00,2010-11-29,44.0,80.0,0.0,0.0,0.0,0.0,1.0,5623413.251903491,7.0,0
44.00_80.00,2010-12-06,44.0,80.0,0.0,0.0,0.0,0.0,1.0,0.0,8.0,0
44.00_80.00,2010-12-13,44.0,80.0,0.0,0.0,0.0,0.0,1.0,0.0,9.0,0
44.00_80.00,2010-12-20,44.0,80.0,0.0,0.0,0.0,0.0,1.0,0.0,10.0,0
44.00_80.00,2010-12-27,44.0,80.0,0.0,0.0,0.0,0.0,1.0,0.0,11.0,0
44.00_80.00,2011-01-03,44.0,80.0,0.0,0.0,0.0,0.0,0.0,0.0,12.0,0
44.00_80.00,2011-01-10,44.0,80.0,0.0,0.0,0.0,0.0,0.0,0.0,13.0,0
44.00_80.00,2011-01-17,44.0,80.0,0.0,0.0,0.0,0.0,0.0,0.0,14.0,0
44.00_80.00,2011-01-24,44.0,80.0,0.0,0.0,0.0,0.0,0.0,0.0,15.0,0
44.00_80.00,2011-01-31,44.0,80.0,0.0,0.0,0.0,0.0,0.0,0.0,16.0,0
44.00_80.00,2011-02-07,44.0,80.0,0.0,0.0,0.0,0.0,0.0,0.0,17.0,0
44.00_80.00,2011-02-14,44.0,80.0,0.0,0.0,0.0,0.0,0.0,0.0,18.0,0
44.00_80.00,2011-02-21,44.0,80.0,0.0,0.0,0.0,0.0,0.0,0.0,19.0,0
44.00_80.00,2011-02-28,44.0,80.0,0.0,0.0,0.0,0.0,0.0,0.0,20.0,0
44.00_80.00,2011-03-07,44.0,80.0,0.0,0.0,0.0,0.0,0.0,0.0,21.0,0
44.00_80.00,2011-03-14,44.0,80.0,0.0,0.0,0.0,0.0,0.0,0.0,22.0,0
44.00_80.00,2011-03-21,44.0,80.0,0.0,0.0,0.0,0.0,0.0,0.0,23.0,0
44.00_80.00,2011-03-28,44.0,80.0,0.0,0.0,0.0,0.0,0.0,0.0,24.0,0
44.00_80.00,2011-04-04,44.0,80.0,0.0,0.0,0.0,0.0,0.0,0.0,25.0,0
44.00_80.00,2011-04-11,44.0,80.0,0.0,0.0,0.0,0.0,0.0,0.0,26.0,0
44.00_80.00,2011-04-18,44.0,80.0,0.0,0.0,0.0,0.0,0.0,0.0,27.0,0
44.00_80.00,2011-04-25,44.0,80.0,0.0,0.0,0.0,0.0,0.0,0.0,28.0,0
44.00_80.00,2011-05-02,44.0,80.0,0.0,0.0,0.0,0.0,0.0,0.0,29.0,0
44.00_80.00,2011-05-09,44.0,80.0,0.0,0.0,0.0,0.0,0.0,0.0,30.0,0
44.00_80.00,2011-05-16,44.0,80.0,0.0,0.0,0.0,0.0,0.0,0.0,31.0,0
44.00_80.00,2011-05-23,44.0,80.0,0.0,0.0,0.0,0.0,0.0,0.0,32.0,0
44.00_80.00,2011-05-30,44.0,80.0,0.0,0.0,0.0,0.0,0.0,0.0,33.0,0
44.00_80.00,2011-06-06,44.0,80.0,0.0,0.0,0.0,0.0,0.0,0.0,34.0,0
44.00_80.00,2011-06-13,44.0,80.0,0.0,0.0,0.0,0.0,0.0,0.0,35.0,0
44.00_80.00,2011-06-20,44.0,80.0,0.0,0.0,0.0,0.0,0.0,0.0,36.0,0
44.00_80.00,2011-06-27,44.0,80.0,0.0,0.0,0.0,0.0,0.0,0.0,37.0,0
44.00_80.00,2011-07-04,44.0,80.0,0.0,0.0,0.0,0.0,0.0,0.0,38.0,0
44.00_80.00,2011-07-11,44.0,80.0,0.0,0.0,0.0,0.0,0.0,0.0,39.0,0
44.00_80.00,2011-07-18,44.0,80.0,0.0,0.0,0.0,0.0,0.0,0.0,40.0,0
44.00_80.00,2011-07-25,44.0,80.0,0.0,0.0,0.0,0.0,0.0,0.0,41.0,0
44.00_80.00,2011-08-01,44.0,80.0,0.0,0.0,0.0,0.0,0.0,0.0,42.0,0
44.00_80.00,2011-08-08,44.0,80.0,0.0,0.0,0.0,0.0,0.0,0.0,43.0,0
44.00_80.00,2011-08-15,44.0,80.0,0.0,0.0,0.0,0.0,0.0,0.0,44.0,0
44.00_80.00,2011-08-22,44.0,80.0,0.0,0.0,0.0,0.0,0.0,0.0,45.0,0
44.00_80.00,2011-08-29,44.0,80.0,0.0,0.0,0.0,0.0,0.0,0.0,46.0,0
44.00_80.00,2011-09-05,44.0,80.0,0.0,0.0,0.0,0.0,0.0,0.0,47.0,0
44.00_80.00,2011-09-12,44.0,80.0,0.0,0.0,0.0,0.0,0.0,0.0,48.0,0
44.00_80.00,2011-09-19,44.0,80.0,0.0,0.0,0.0,0.0,0.0,0.0,49.0,0
44.00_80.00,2011-09-26,44.0,80.0,0.0,0.0,0.0,0.0,0.0,0.0,50.0,0
44.00_80.00,2011-10-03,44.0,80.0,0.0,0.0,0.0,0.0,0.0,0.0,51.0,0
44.00_80.00,2011-10-10,44.0,80.0,0.0,0.0,0.0,0.0,0.0,0.0,52.0,1
44.00_80.00,2011-10-17,44.0,80.0,1.0,4.8,4.8,4.8,1.0,15848931.924611108,0.0,0
44.00_80.00,2011-10-24,44.0,80.0,0.0,0.0,0.0,4.8,1.0,15848931.924611108,1.0,0
44.00_80.00,2011-10-31,44.0,80.0,0.0,0.0,0.0,4.8,1.0,15848931.924611108,2.0,0
44.00_80.00,2011-11-07,44.0,80.0,0.0,0.0,0.0,4.8,1.0,15848931.924611108,3.0,0
44.00_80.00,2011-11-14,44.0,80.0,0.0,0.0,0.0,0.0,1.0,15848931.924611108,4.0,0
44.00_80.00,2011-11-21,44.0,80.0,0.0,0.0,0.0,0.0,1.0,15848931.924611108,5.0,0
44.00_80.00,2011-11-28,44.0,80.0,0.0,0.0,0.0,0.0,1.0,15848931.924611108,6.0,0
44.00_80.00,2011-12-05,44.0,80.0,0.0,0.0,0.0,0.0,1.0,15848931.924611108,7.0,0
44.00_80.00,2011-12-12,44.0,80.0,0.0,0.0,0.0,0.0,1.0,0.0,8.0,0
44.00_80.00,2011-12-19,44.0,80.0,0.0,0.0,0.0,0.0,1.0,0.0,9.0,0
44.00_80.00,2011-12-26,44.0,80.0,0.0,0.0,0.0,0.0,1.0,0.0,10.0,0
44.00_80.00,2012-01-02,44.0,80.0,0.0,0.0,0.0,0.0,1.0,0.0,11.0,0
44.00_80.00,2012-01-09,44.0,80.0,0.0,0.0,0.0,0.0,0.0,0.0,12.0,0
44.00_80.00,2012-01-16,44.0,80.0,0.0,0.0,0.0,0.0,0.0,0.0,13.0,0
44.00_80.00,2012-01-23,44.0,80.0,0.0,0.0,0.0,0.0,0.0,0.0,14.0,0
44.00_80.00,2012-01-30,44.0,80.0,0.0,0.0,0.0,0.0,0.0,0.0,15.0,0
44.00_80.00,2012-02-06,44.0,80.0,0.0,0.0,0.0,0.0,0.0,0.0,16.0,0
44.00_80.00,2012-02-13,44.0,80.0,0.0,0.0,0.0,0.0,0.0,0.0,17.0,0
44.00_80.00,2012-02-20,44.0,80.0,0.0,0.0,0.0,0.0,0.0,0.0,18.0,0
44.00_80.00,2012-02-27,44.0,80.0,0.0,0.0,0.0,0.0,0.0,0.0,19.0,0
44.00_80.00,2012-03-05,44.0,80.0,0.0,0.0,0.0,0.0,0.0,0.0,20.0,0
44.00_80.00,2012-03-12,44.0,80.0,0.0,0.0,0.0,0.0,0.0,0.0,21.0,0
44.00_80.00,2012-03-19,44.0,80.0,0.0,0.0,0.0,0.0,0.0,0.0,22.0,0
44.00_80.00,2012-03-26,44.0,80.0,0.0,0.0,0.0,0.0,0.0,0.0,23.0,0
44.00_80.00,2012-04-02,44.0,80.0,0.0,0.0,0.0,0.0,0.0,0.0,24.0,0
44.00_80.00,2012-04-09,44.0,80.0,0.0,0.0,0.0,0.0,0.0,0.0,25.0,0
44.00_80.00,2012-04-16,44.0,80.0,0.0,0.0,0.0,0.0,0.0,0.0,26.0,0
44.00_80.00,2012-04-23,44.0,80.0,0.0,0.0,0.0,0.0,0.0,0.0,27.0,0
44.00_80.00,2012-04-30,44.0,80.0,0.0,0.0,0.0,0.0,0.0,0.0,28.0,0
44.00_80.00,2012-05-07,44.0,80.0,0.0,0.0,0.0,0.0,0.0,0.0,29.0,0
44.00_80.00,2012-05-14,44.0,80.0,0.0,0.0,0.0,0.0,0.0,0.0,30.0,0
44.00_80.00,2012-05-21,44.0,80.0,0.0,0.0,0.0,0.0,0.0,0.0,31.0,0
44.00_80.00,2012-05-28,44.0,80.0,0.0,0.0,0.0,0.0,0.0,0.0,32.0,0
44.00_80.00,2012-06-04,44.0,80.0,0.0,0.0,0.0,0.0,0.0,0.0,33.0,0
44.00_80.00,2012-06-11,44.0,80.0,0.0,0.0,0.0,0.0,0.0,0.0,34.0,0
44.00_80.00,2012-06-18,44.0,80.0,0.0,0.0,0.0,0.0,0.0,0.0,35.0,0
44.00_80.00,2012-06-25,44.0,80.0,0.0,0.0,0.0,0.0,0.0,0.0,36.0,0
44.00_80.00,2012-07-02,44.0,80.0,0.0,0.0,0.0,0.0,0.0,0.0,37.0,0
44.00_80.00,2012-07-09,44.0,80.0,0.0,0.0,0.0,0.0,0.0,0.0,38.0,0
44.00_80.00,2012-07-16,44.0,80.0,0.0,0.0,0.0,0.0,0.0,0.0,39.0,0
44.00_80.00,2012-07-23,44.0,80.0,0.0,0.0,0.0,0.0,0.0,0.0,40.0,0
44.00_80.00,2012-07-30,44.0,80.0,0.0,0.0,0.0,0.0,0.0,0.0,41.0,0
44.00_80.00,2012-08-06,44.0,80.0,0.0,0.0,0.0,0.0,0.0,0.0,42.0,0
44.00_80.00,2012-08-13,44.0,80.0,0.0,0.0,0.0,0.0,0.0,0.0,43.0,0
44.00_80.00,2012-08-20,44.0,80.0,0.0,0.0,0.0,0.0,0.0,0.0,44.0,0
44.00_80.00,2012-08-27,44.0,80.0,0.0,0.0,0.0,0.0,0.0,0.0,45.0,0
44.00_80.00,2012-09-03,44.0,80.0,0.0,0.0,0.0,0.0,0.0,0.0,46.0,0
44.00_80.00,2012-09-10,44.0,80.0,0.0,0.0,0.0,0.0,0.0,0.0,47.0,0
44.00_80.00,2012-09-17,44.0,80.0,0.0,0.0,0.0,0.0,0.0,0.0,48.0,0
44.00_80.00,2012-09-24,44.0,80.0,0.0,0.0,0.0,0.0,0.0,0.0,49.0,0
44.00_80.00,2012-10-01,44.0,80.0,0.0,0.0,0.0,0.0,0.0,0.0,50.0,0
44.00_80.00,2012-10-08,44.0,80.0,0.0,0.0,0.0,0.0,0.0,0.0,51.0,0
44.00_80.00,2012-10-15,44.0,80.0,0.0,0.0,0.0,0.0,0.0,0.0,52.0,0
44.00_80.00,2012-10-22,44.0,80.0,0.0,0.0,0.0,0.0,0.0,0.0,53.0,0
44.00_80.00,2012-10-29,44.0,80.0,0.0,0.0,0.0,0.0,0.0,0.0,54.0,0
44.00_80.00,2012-11-05,44.0,80.0,0.0,0.0,0.0,0.0,0.0,0.0,55.0,0
44.00_80.00,2012-11-12,44.0,80.0,0.0,0.0,0.0,0.0,0.0,0.0,56.0,0
44.00_80.00,2012-11-19,44.0,80.0,0.0,0.0,0.0,0.0,0.0,0.0,57.0,0
44.00_80.00,2012-11-26,44.0,80.0,0.0,0.0,0.0,0.0,0.0,0.0,58.0,0
44.00_80.00,2012-12-03,44.0,80.0,0.0,0.0,0.0,0.0,0.0,0.0,59.0,0
44.00_80.00,2012-12-10,44.0,80.0,0.0,0.0,0.0,0.0,0.0,0.0,60.0,0
44.00_80.00,2012-12-17,44.0,80.0,0.0,0.0,0.0,0.0,0.0,0.0,61.0,0
44.00_80.00,2012-12-24,44.0,80.0,0.0,0.0,0.0,0.0,0.0,0.0,62.0,0
44.00_80.00,2012-12-31,44.0,80.0,0.0,0.0,0.0,0.0,0.0,0.0,63.0,0
44.00_80.00,2013-01-07,44.0,80.0,0.0,0.0,0.0,0.0,0.0,0.0,64.0,0
44.00_80.00,2013-01-14,44.0,80.0,0.0,0.0,0.0,0.0,0.0,0.0,65.0,0
44.00_80.00,2013-01-21,44.0,80.0,0.0,0.0,0.0,0.0,0.0,0.0,66.0,0
44.00_80.00,2013-01-28,44.0,80.0,0.0,0.0,0.0,0.0,0.0,0.0,67.0,0
44.00_80.00,2013-02-04,44.0,80.0,0.0,0.0,0.0,0.0,0.0,0.0,68.0,0
44.00_80.00,2013-02-11,44.0,80.0,0.0,0.0,0.0,0.0,0.0,0.0,69.0,0
44.00_80.00,2013-02-18,44.0,80.0,0.0,0.0,0.0,0.0,0.0,0.0,70.0,0
44.00_80.00,2013-02-25,44.0,80.0,0.0,0.0,0.0,0.0,0.0,0.0,71.0,0
44.00_80.00,2013-03-04,44.0,80.0,0.0,0.0,0.0,0.0,0.0,0.0,72.0,0
44.00_80.00,2013-03-11,44.0,80.0,0.0,0.0,0.0,0.0,0.0,0.0,73.0,0
44.00_80.00,2013-03-18,44.0,80.0,0.0,0.0,0.0,0.0,0.0,0.0,74.0,0
44.00_80.00,2013-03-25,44.0,80.0,0.0,0.0,0.0,0.0,0.0,0.0,75.0,0
44.00_80.00,2013-04-01,44.0,80.0,0.0,0.0,0.0,0.0,0.0,0.0,76.0,0
44.00_80.00,2013-04-08,44.0,80.0,0.0,0.0,0.0,0.0,0.0,0.0,77.0,0
44.00_80.00,2013-04-15,44.0,80.0,0.0,0.0,0.0,0.0,0.0,0.0,78.0,0
44.00_80.00,2013-04-22,44.0,80.0,0.0,0.0,0.0,0.0,0.0,0.0,79.0,0
44.00_80.00,2013-04-29,44.0,80.0,0.0,0.0,0.0,0.0,0.0,0.0,80.0,0
44.00_80.00,2013-05-06,44.0,80.0,0.0,0.0,0.0,0.0,0.0,0.0,81.0,0
44.00_80.00,2013-05-13,44.0,80.0,0.0,0.0,0.0,0.0,0.0,0.0,82.0,0
44.00_80.00,2013-05-20,44.0,80.0,0.0,0.0,0.0,0.0,0.0,0.0,83.0,0
44.00_80.00,2013-05-27,44.0,80.0,0.0,0.0,0.0,0.0,0.0,0.0,84.0,0
44.00_80.00,2013-06-03,44.0,80.0,0.0,0.0,0.0,0.0,0.0,0.0,85.0,0
44.00_80.00,2013-06-10,44.0,80.0,0.0,0.0,0.0,0.0,0.0,0.0,86.0,0
44.00_80.00,2013-06-17,44.0,80.0,0.0,0.0,0.0,0.0,0.0,0.0,87.0,0
44.00_80.00,2013-06-24,44.0,80.0,0.0,0.0,0.0,0.0,0.0,0.0,88.0,0
44.00_80.00,2013-07-01,44.0,80.0,0.0,0.0,0.0,0.0,0.0,0.0,89.0,0
44.00_80.00,2013-07-08,44.0,80.0,0.0,0.0,0.0,0.0,0.0,0.0,90.0,0
44.00_80.00,2013-07-15,44.0,80.0,0.0,0.0,0.0,0.0,0.0,0.0,91.0,0
44.00_80.00,2013-07-22,44.0,80.0,0.0,0.0,0.0,0.0,0.0,0.0,92.0,0
44.00_80.00,2013-07-29,44.0,80.0,0.0,0.0,0.0,0.0,0.0,0.0,93.0,1
44.00_80.00,2013-08-05,44.0,80.0,1.0,4.7,4.7,4.7,1.0,11220184.543019652,0.0,0
44.00_80.00,2013-08-12,44.0,80.0,0.0,0.0,0.0,4.7,1.0,11220184.543019652,1.0,0
44.00_80.00,2013-08-19,44.0,80.0,0.0,0.0,0.0,4.7,1.0,11220184.543019652,2.0,0
44.00_80.00,2013-08-26,44.0,80.0,0.0,0.0,0.0,4.7,1.0,11220184.543019652,3.0,0
44.00_80.00,2013-09-02,44.0,80.0,0.0,0.0,0.0,0.0,1.0,11220184.543019652,4.0,0
44.00_80.00,2013-09-09,44.0,80.0,0.0,0.0,0.0,0.0,1.0,11220184.543019652,5.0,0
44.00_80.00,2013-09-16,44.0,80.0,0.0,0.0,0.0,0.0,1.0,11220184.543019652,6.0,0
44.00_80.00,2013-09-23,44.0,80.0,0.0,0.0,0.0,0.0,1.0,11220184.543019652,7.0,0
44.00_80.00,2013-09-30,44.0,80.0,0.0,0.0,0.0,0.0,1.0,0.0,8.0,0
44.00_80.00,2013-10-07,44.0,80.0,0.0,0.0,0.0,0.0,1.0,0.0,9.0,0
44.00_80.00,2013-10-14,44.0,80.0,0.0,0.0,0.0,0.0,1.0,0.0,10.0,0
44.00_80.00,2013-10-21,44.0,80.0,0.0,0.0,0.0,0.0,1.0,0.0,11.0,0
44.00_80.00,2013-10-28,44.0,80.0,0.0,0.0,0.0,0.0,0.0,0.0,12.0,0
44.00_80.00,2013-11-04,44.0,80.0,0.0,0.0,0.0,0.0,0.0,0.0,13.0,0
44.00_80.00,2013-11-11,44.0,80.0,0.0,0.0,0.0,0.0,0.0,0.0,14.0,0
44.00_80.00,2013-11-18,44.0,80.0,0.0,0.0,0.0,0.0,0.0,0.0,15.0,0
44.00_80.00,2013-11-25,44.0,80.0,0.0,0.0,0.0,0.0,0.0,0.0,16.0,0
44.00_80.00,2013-12-02,44.0,80.0,0.0,0.0,0.0,0.0,0.0,0.0,17.0,0
44.00_80.00,2013-12-09,44.0,80.0,0.0,0.0,0.0,0.0,0.0,0.0,18.0,0
44.00_80.00,2013-12-16,44.0,80.0,0.0,0.0,0.0,0.0,0.0,0.0,19.0,0
44.00_80.00,2013-12-23,44.0,80.0,0.0,0.0,0.0,0.0,0.0,0.0,20.0,0
44.00_80.00,2013-12-30,44.0,80.0,0.0,0.0,0.0,0.0,0.0,0.0,21.0,0
44.00_80.00,2014-01-06,44.0,80.0,0.0,0.0,0.0,0.0,0.0,0.0,22.0,0
44.00_80.00,2014-01-13,44.0,80.0,0.0,0.0,0.0,0.0,0.0,0.0,23.0,0
44.00_80.00,2014-01-20,44.0,80.0,0.0,0.0,0.0,0.0,0.0,0.0,24.0,0
44.00_80.00,2014-01-27,44.0,80.0,0.0,0.0,0.0,0.0,0.0,0.0,25.0,0
44.00_80.00,2014-02-03,44.0,80.0,0.0,0.0,0.0,0.0,0.0,0.0,26.0,0
44.00_80.00,2014-02-10,44.0,80.0,0.0,0.0,0.0,0.0,0.0,0.0,27.0,0
44.00_80.00,2014-02-17,44.0,80.0,0.0,0.0,0.0,0.0,0.0,0.0,28.0,0
44.00_80.00,2014-02-24,44.0,80.0,0.0,0.0,0.0,0.0,0.0,0.0,29.0,0
44.00_80.00,2014-03-03,44.0,80.0,0.0,0.0,0.0,0.0,0.0,0.0,30.0,0
44.00_80.00,2014-03-10,44.0,80.0,0.0,0.0,0.0,0.0,0.0,0.0,31.0,0
44.00_80.00,2014-03-17,44.0,80.0,0.0,0.0,0.0,0.0,0.0,0.0,32.0,0
44.00_80.00,2014-03-24,44.0,80.0,0.0,0.0,0.0,0.0,0.0,0.0,33.0,0
44.00_80.00,2014-03-31,44.0,80.0,0.0,0.0,0.0,0.0,0.0,0.0,34.0,0
44.00_80.00,2014-04-07,44.0,80.0,0.0,0.0,0.0,0.0,0.0,0.0,35.0,0
44.00_80.00,2014-04-14,44.0,80.0,0.0,0.0,0.0,0.0,0.0,0.0,36.0,0
44.00_80.00,2014-04-21,44.0,80.0,0.0,0.0,0.0,0.0,0.0,0.0,37.0,0
44.00_80.00,2014-04-28,44.0,80.0,0.0,0.0,0.0,0.0,0.0,0.0,38.0,0
44.00_80.00,2014-05-05,44.0,80.0,0.0,0.0,0.0,0.0,0.0,0.0,39.0,0
44.00_80.00,2014-05-12,44.0,80.0,0.0,0.0,0.0,0.0,0.0,0.0,40.0,0
44.00_80.00,2014-05-19,44.0,80.0,0.0,0.0,0.0,0.0,0.0,0.0,41.0,0
44.00_80.00,2014-05-26,44.0,80.0,0.0,0.0,0.0,0.0,0.0,0.0,42.0,0
44.00_80.00,2014-06-02,44.0,80.0,0.0,0.0,0.0,0.0,0.0,0.0,43.0,0
44.00_80.00,2014-06-09,44.0,80.0,0.0,0.0,0.0,0.0,0.0,0.0,44.0,1
44.00_80.00,2014-06-16,44.0,80.0,1.0,4.8,4.8,4.8,1.0,15848931.924611108,0.0,0
44.00_80.00,2014-06-23,44.0,80.0,0.0,0.0,0.0,4.8,1.0,15848931.924611108,1.0,0
44.00_80.00,2014-06-30,44.0,80.0,0.0,0.0,0.0,4.8,1.0,15848931.924611108,2.0,0
44.00_80.00,2014-07-07,44.0,80.0,0.0,0.0,0.0,4.8,1.0,15848931.924611108,3.0,0
44.00_80.00,2014-07-14,44.0,80.0,0.0,0.0,0.0,0.0,1.0,15848931.924611108,4.0,0
44.00_80.00,2014-07-21,44.0,80.0,0.0,0.0,0.0,0.0,1.0,15848931.924611108,5.0,0
44.00_80.00,2014-07-28,44.0,80.0,0.0,0.0,0.0,0.0,1.0,15848931.924611108,6.0,0
44.00_80.00,2014-08-04,44.0,80.0,0.0,0.0,0.0,0.0,1.0,15848931.924611108,7.0,0
44.00_80.00,2014-08-11,44.0,80.0,0.0,0.0,0.0,0.0,1.0,0.0,8.0,0
44.00_80.00,2014-08-18,44.0,80.0,0.0,0.0,0.0,0.0,1.0,0.0,9.0,0
44.00_80.00,2014-08-25,44.0,80.0,0.0,0.0,0.0,0.0,1.0,0.0,10.0,0
44.00_80.00,2014-09-01,44.0,80.0,0.0,0.0,0.0,0.0,1.0,0.0,11.0,0
44.00_80.00,2014-09-08,44.0,80.0,0.0,0.0,0.0,0.0,0.0,0.0,12.0,0
44.00_80.00,2014-09-15,44.0,80.0,0.0,0.0,0.0,0.0,0.0,0.0,13.0,0
44.00_80.00,2014-09-22,44.0,80.0,0.0,0.0,0.0,0.0,0.0,0.0,14.0,0
44.00_80.00,2014-09-29,44.0,80.0,0.0,0.0,0.0,0.0,0.0,0.0,15.0,0
44.00_80.00,2014-10-06,44.0,80.0,0.0,0.0,0.0,0.0,0.0,0.0,16.0,0
44.00_80.00,2014-10-13,44.0,80.0,0.0,0.0,0.0,0.0,0.0,0.0,17.0,0
44.00_80.00,2014-10-20,44.0,80.0,0.0,0.0,0.0,0.0,0.0,0.0,18.0,0
44.00_80.00,2014-10-27,44.0,80.0,0.0,0.0,0.0,0.0,0.0,0.0,19.0,0
44.00_80.00,2014-11-03,44.0,80.0,0.0,0.0,0.0,0.0,0.0,0.0,20.0,0
44.00_80.00,2014-11-10,44.0,80.0,0.0,0.0,0.0,0.0,0.0,0.0,21.0,0
44.00_80.00,2014-11-17,44.0,80.0,0.0,0.0,0.0,0.0,0.0,0.0,22.0,0
44.00_80.00,2014-11-24,44.0,80.0,0.0,0.0,0.0,0.0,0.0,0.0,23.0,0
44.00_80.00,2014-12-01,44.0,80.0,0.0,0.0,0.0,0.0,0.0,0.0,24.0,0
44.00_80.00,2014-12-08,44.0,80.0,0.0,0.0,0.0,0.0,0.0,0.0,25.0,0
44.00_80.00,2014-12-15,44.0,80.0,0.0,0.0,0.0,0.0,0.0,0.0,26.0,0
44.00_80.00,2014-12-22,44.0,80.0,0.0,0.0,0.0,0.0,0.0,0.0,27.0,0
44.00_80.00,2014-12-29,44.0,80.0,0.0,0.0,0.0,0.0,0.0,0.0,28.0,0
44.00_80.00,2015-01-05,44.0,80.0,0.0,0.0,0.0,0.0,0.0,0.0,29.0,0
44.00_80.00,2015-01-12,44.0,80.0,0.0,0.0,0.0,0.0,0.0,0.0,30.0,0
44.00_80.00,2015-01-19,44.0,80.0,0.0,0.0,0.0,0.0,0.0,0.0,31.0,0
44.00_80.00,2015-01-26,44.0,80.0,0.0,0.0,0.0,0.0,0.0,0.0,32.0,0
44.00_80.00,2015-02-02,44.0,80.0,0.0,0.0,0.0,0.0,0.0,0.0,33.0,0
44.00_80.00,2015-02-09,44.0,80.0,0.0,0.0,0.0,0.0,0.0,0.0,34.0,0
44.00_80.00,2015-02-16,44.0,80.0,0.0,0.0,0.0,0.0,0.0,0.0,35.0,0
44.00_80.00,2015-02-23,44.0,80.0,0.0,0.0,0.0,0.0,0.0,0.0,36.0,0
44.00_80.00,2015-03-02,44.0,80.0,0.0,0.0,0.0,0.0,0.0,0.0,37.0,0
44.00_80.00,2015-03-09,44.0,80.0,0.0,0.0,0.0,0.0,0.0,0.0,38.0,0
44.00_80.00,2015-03-16,44.0,80.0,0.0,0.0,0.0,0.0,0.0,0.0,39.0,0
44.00_80.00,2015-03-23,44.0,80.0,0.0,0.0,0.0,0.0,0.0,0.0,40.0,0
44.00_80.00,2015-03-30,44.0,80.0,0.0,0.0,0.0,0.0,0.0,0.0,41.0,0
44.00_80.00,2015-04-06,44.0,80.0,0.0,0.0,0.0,0.0,0.0,0.0,42.0,0
44.00_80.00,2015-04-13,44.0,80.0,0.0,0.0,0.0,0.0,0.0,0.0,43.0,0
44.00_80.00,2015-04-20,44.0,80.0,0.0,0.0,0.0,0.0,0.0,0.0,44.0,0
44.00_80.00,2015-04-27,44.0,80.0,0.0,0.0,0.0,0.0,0.0,0.0,45.0,0
44.00_80.00,2015-05-04,44.0,80.0,0.0,0.0,0.0,0.0,0.0,0.0,46.0,0
44.00_80.00,2015-05-11,44.0,80.0,0.0,0.0,0.0,0.0,0.0,0.0,47.0,0
44.00_80.00,2015-05-18,44.0,80.0,0.0,0.0,0.0,0.0,0.0,0.0,48.0,0
44.00_80.00,2015-05-25,44.0,80.0,0.0,0.0,0.0,0.0,0.0,0.0,49.0,0
44.00_80.00,2015-06-01,44.0,80.0,0.0,0.0,0.0,0.0,0.0,0.0,50.0,0
44.00_80.00,2015-06-08,44.0,80.0,0.0,0.0,0.0,0.0,0.0,0.0,51.0,0
44.00_80.00,2015-06-15,44.0,80.0,0.0,0.0,0.0,0.0,0.0,0.0,52.0,0
44.00_80.00,2015-06-22,44.0,80.0,0.0,0.0,0.0,0.0,0.0,0.0,53.0,0
44.00_80.00,2015-06-29,44.0,80.0,0.0,0.0,0.0,0.0,0.0,0.0,54.0,0
44.00_80.00,2015-07-06,44.0,80.0,0.0,0.0,0.0,0.0,0.0,0.0,55.0,0
44.00_80.00,2015-07-13,44.0,80.0,0.0,0.0,0.0,0.0,0.0,0.0,56.0,0
44.00_80.00,2015-07-20,44.0,80.0,0.0,0.0,0.0,0.0,0.0,0.0,57.0,0
44.00_80.00,2015-07-27,44.0,80.0,0.0,0.0,0.0,0.0,0.0,0.0,58.0,0
44.00_80.00,2015-08-03,44.0,80.0,0.0,0.0,0.0,0.0,0.0,0.0,59.0,0
44.00_80.00,2015-08-10,44.0,80.0,0.0,0.0,0.0,0.0,0.0,0.0,60.0,0
44.00_80.00,2015-08-17,44.0,80.0,0.0,0.0,0.0,0.0,0.0,0.0,61.0,0
44.00_80.00,2015-08-24,44.0,80.0,0.0,0.0,0.0,0.0,0.0,0.0,62.0,0
44.00_80.00,2015-08-31,44.0,80.0,0.0,0.0,0.0,0.0,0.0,0.0,63.0,0
44.00_80.00,2015-09-07,44.0,80.0,0.0,0.0,0.0,0.0,0.0,0.0,64.0,0
44.00_80.00,2015-09-14,44.0,80.0,0.0,0.0,0.0,0.0,0.0,0.0,65.0,0
44.00_80.00,2015-09-21,44.0,80.0,0.0,0.0,0.0,0.0,0.0,0.0,66.0,0
44.00_80.00,2015-09-28,44.0,80.0,0.0,0.0,0.0,0.0,0.0,0.0,67.0,0
44.00_80.00,2015-10-05,44.0,80.0,0.0,0.0,0.0,0.0,0.0,0.0,68.0,0
44.00_80.00,2015-10-12,44.0,80.0,0.0,0.0,0.0,0.0,0.0,0.0,69.0,0
44.00_80.00,2015-10-19,44.0,80.0,0.0,0.0,0.0,0.0,0.0,0.0,70.0,0
44.00_80.00,2015-10-26,44.0,80.0,0.0,0.0,0.0,0.0,0.0,0.0,71.0,0
44.00_80.00,2015-11-02,44.0,80.0,0.0,0.0,0.0,0.0,0.0,0.0,72.0,0
44.00_80.00,2015-11-09,44.0,80.0,0.0,0.0,0.0,0.0,0.0,0.0,73.0,0
44.00_80.00,2015-11-16,44.0,80.0,0.0,0.0,0.0,0.0,0.0,0.0,74.0,0
44.00_80.00,2015-11-23,44.0,80.0,0.0,0.0,0.0,0.0,0.0,0.0,75.0,0
44.00_80.00,2015-11-30,44.0,80.0,0.0,0.0,0.0,0.0,0.0,0.0,76.0,0
44.00_80.00,2015-12-07,44.0,80.0,0.0,0.0,0.0,0.0,0.0,0.0,77.0,0
44.00_80.00,2015-12-14,44.0,80.0,0.0,0.0,0.0,0.0,0.0,0.0,78.0,0
44.00_80.00,2015-12-21,44.0,80.0,0.0,0.0,0.0,0.0,0.0,0.0,79.0,0
44.00_80.00,2015-12-28,44.0,80.0,0.0,0.0,0.0,0.0,0.0,0.0,80.0,0
44.00_80.00,2016-01-04,44.0,80.0,0.0,0.0,0.0,0.0,0.0,0.0,81.0,0
44.00_80.00,2016-01-11,44.0,80.0,0.0,0.0,0.0,0.0,0.0,0.0,82.0,0
44.00_80.00,2016-01-18,44.0,80.0,0.0,0.0,0.0,0.0,0.0,0.0,83.0,0
44.00_80.00,2016-01-25,44.0,80.0,0.0,0.0,0.0,0.0,0.0,0.0,84.0,0
44.00_80.00,2016-02-01,44.0,80.0,0.0,0.0,0.0,0.0,0.0,0.0,85.0,0
44.00_80.00,2016-02-08,44.0,80.0,0.0,0.0,0.0,0.0,0.0,0.0,86.0,0
44.00_80.00,2016-02-15,44.0,80.0,0.0,0.0,0.0,0.0,0.0,0.0,87.0,0
44.00_80.00,2016-02-22,44.0,80.0,0.0,0.0,0.0,0.0,0.0,0.0,88.0,1
44.00_80.00,2016-02-29,44.0,80.0,1.0,4.5,4.5,4.5,1.0,5623413.251903491,0.0,0
44.00_80.00,2016-03-07,44.0,80.0,0.0,0.0,0.0,4.5,1.0,5623413.251903491,1.0,0
44.00_80.00,2016-03-14,44.0,80.0,0.0,0.0,0.0,4.5,1.0,5623413.251903491,2.0,0
44.00_80.00,2016-03-21,44.0,80.0,0.0,0.0,0.0,4.5,1.0,5623413.251903491,3.0,0
44.00_80.00,2016-03-28,44.0,80.0,0.0,0.0,0.0,0.0,1.0,5623413.251903491,4.0,0
44.00_80.00,2016-04-04,44.0,80.0,0.0,0.0,0.0,0.0,1.0,5623413.251903491,5.0,0
44.00_80.00,2016-04-11,44.0,80.0,0.0,0.0,0.0,0.0,1.0,5623413.251903491,6.0,0
44.00_80.00,2016-04-18,44.0,80.0,0.0,0.0,0.0,0.0,1.0,5623413.251903491,7.0,0
44.00_80.00,2016-04-25,44.0,80.0,0.0,0.0,0.0,0.0,1.0,0.0,8.0,0
44.00_80.00,2016-05-02,44.0,80.0,0.0,0.0,0.0,0.0,1.0,0.0,9.0,0
44.00_80.00,2016-05-09,44.0,80.0,0.0,0.0,0.0,0.0,1.0,0.0,10.0,0
44.00_80.00,2016-05-16,44.0,80.0,0.0,0.0,0.0,0.0,1.0,0.0,11.0,0
44.00_80.00,2016-05-23,44.0,80.0,0.0,0.0,0.0,0.0,0.0,0.0,12.0,0
44.00_80.00,2016-05-30,44.0,80.0,0.0,0.0,0.0,0.0,0.0,0.0,13.0,0
44.00_80.00,2016-06-06,44.0,80.0,0.0,0.0,0.0,0.0,0.0,0.0,14.0,0
44.00_80.00,2016-06-13,44.0,80.0,0.0,0.0,0.0,0.0,0.0,0.0,15.0,0
44.00_80.00,2016-06-20,44.0,80.0,0.0,0.0,0.0,0.0,0.0,0.0,16.0,0
44.00_80.00,2016-06-27,44.0,80.0,0.0,0.0,0.0,0.0,0.0,0.0,17.0,0
44.00_80.00,2016-07-04,44.0,80.0,0.0,0.0,0.0,0.0,0.0,0.0,18.0,0
44.00_80.00,2016-07-11,44.0,80.0,0.0,0.0,0.0,0.0,0.0,0.0,19.0,0
44.00_80.00,2016-07-18,44.0,80.0,0.0,0.0,0.0,0.0,0.0,0.0,20.0,0
44.00_80.00,2016-07-25,44.0,80.0,0.0,0.0,0.0,0.0,0.0,0.0,21.0,0
44.00_80.00,2016-08-01,44.0,80.0,0.0,0.0,0.0,0.0,0.0,0.0,22.0,0
44.00_80.00,2016-08-08,44.0,80.0,0.0,0.0,0.0,0.0,0.0,0.0,23.0,0
44.00_80.00,2016-08-15,44.0,80.0,0.0,0.0,0.0,0.0,0.0,0.0,24.0,0
44.00_80.00,2016-08-22,44.0,80.0,0.0,0.0,0.0,0.0,0.0,0.0,25.0,0
44.00_80.00,2016-08-29,44.0,80.0,0.0,0.0,0.0,0.0,0.0,0.0,26.0,0
44.00_80.00,2016-09-05,44.0,80.0,0.0,0.0,0.0,0.0,0.0,0.0,27.0,0
44.00_80.00,2016-09-12,44.0,80.0,0.0,0.0,0.0,0.0,0.0,0.0,28.0,0
44.00_80.00,2016-09-19,44.0,80.0,0.0,0.0,0.0,0.0,0.0,0.0,29.0,0
44.00_80.00,2016-09-26,44.0,80.0,0.0,0.0,0.0,0.0,0.0,0.0,30.0,0
44.00_80.00,2016-10-03,44.0,80.0,0.0,0.0,0.0,0.0,0.0,0.0,31.0,0
44.00_80.00,2016-10-10,44.0,80.0,0.0,0.0,0.0,0.0,0.0,0.0,32.0,0
44.00_80.00,2016-10-17,44.0,80.0,0.0,0.0,0.0,0.0,0.0,0.0,33.0,0
44.00_80.00,2016-10-24,44.0,80.0,0.0,0.0,0.0,0.0,0.0,0.0,34.0,0
44.00_80.00,2016-10-31,44.0,80.0,0.0,0.0,0.0,0.0,0.0,0.0,35.0,0
44.00_80.00,2016-11-07,44.0,80.0,0.0,0.0,0.0,0.0,0.0,0.0,36.0,0
44.00_80.00,2016-11-14,44.0,80.0,0.0,0.0,0.0,0.0,0.0,0.0,37.0,0
44.00_80.00,2016-11-21,44.0,80.0,0.0,0.0,0.0,0.0,0.0,0.0,38.0,0
44.00_80.00,2016-11-28,44.0,80.0,0.0,0.0,0.0,0.0,0.0,0.0,39.0,0
44.00_80.00,2016-12-05,44.0,80.0,0.0,0.0,0.0,0.0,0.0,0.0,40.0,0
44.00_80.00,2016-12-12,44.0,80.0,0.0,0.0,0.0,0.0,0.0,0.0,41.0,0
44.00_80.00,2016-12-19,44.0,80.0,0.0,0.0,0.0,0.0,0.0,0.0,42.0,0
44.00_80.00,2016-12-26,44.0,80.0,0.0,0.0,0.0,0.0,0.0,0.0,43.0,0
44.00_80.00,2017-01-02,44.0,80.0,0.0,0.0,0.0,0.0,0.0,0.0,44.0,0
44.00_80.00,2017-01-09,44.0,80.0,0.0,0.0,0.0,0.0,0.0,0.0,45.0,0
44.00_80.00,2017-01-16,44.0,80.0,0.0,0.0,0.0,0.0,0.0,0.0,46.0,0
44.00_80.00,2017-01-23,44.0,80.0,0.0,0.0,0.0,0.0,0.0,0.0,47.0,0
44.00_80.00,2017-01-30,44.0,80.0,0.0,0.0,0.0,0.0,0.0,0.0,48.0,0
44.00_80.00,2017-02-06,44.0,80.0,0.0,0.0,0.0,0.0,0.0,0.0,49.0,0
44.00_80.00,2017-02-13,44.0,80.0,0.0,0.0,0.0,0.0,0.0,0.0,50.0,0
44.00_80.00,2017-02-20,44.0,80.0,0.0,0.0,0.0,0.0,0.0,0.0,51.0,0
44.00_80.00,2017-02-27,44.0,80.0,0.0,0.0,0.0,0.0,0.0,0.0,52.0,0
44.00_80.00,2017-03-06,44.0,80.0,0.0,0.0,0.0,0.0,0.0,0.0,53.0,0
44.00_80.00,2017-03-13,44.0,80.0,0.0,0.0,0.0,0.0,0.0,0.0,54.0,0
44.00_80.00,2017-03-20,44.0,80.0,0.0,0.0,0.0,0.0,0.0,0.0,55.0,0
44.00_80.00,2017-03-27,44.0,80.0,0.0,0.0,0.0,0.0,0.0,0.0,56.0,0
44.00_80.00,2017-04-03,44.0,80.0,0.0,0.0,0.0,0.0,0.0,0.0,57.0,0
44.00_80.00,2017-04-10,44.0,80.0,0.0,0.0,0.0,0.0,0.0,0.0,58.0,0
44.00_80.00,2017-04-17,44.0,80.0,0.0,0.0,0.0,0.0,0.0,0.0,59.0,0
44.00_80.00,2017-04-24,44.0,80.0,0.0,0.0,0.0,0.0,0.0,0.0,60.0,0
44.00_80.00,2017-05-01,44.0,80.0,0.0,0.0,0.0,0.0,0.0,0.0,61.0,0
44.00_80.00,2017-05-08,44.0,80.0,0.0,0.0,0.0,0.0,0.0,0.0,62.0,0
44.00_80.00,2017-05-15,44.0,80.0,0.0,0.0,0.0,0.0,0.0,0.0,63.0,0
44.00_80.00,2017-05-22,44.0,80.0,0.0,0.0,0.0,0.0,0.0,0.0,64.0,0
44.00_80.00,2017-05-29,44.0,80.0,0.0,0.0,0.0,0.0,0.0,0.0,65.0,0
44.00_80.00,2017-06-05,44.0,80.0,0.0,0.0,0.0,0.0,0.0,0.0,66.0,0
44.00_80.00,2017-06-12,44.0,80.0,0.0,0.0,0.0,0.0,0.0,0.0,67.0,0
44.00_80.00,2017-06-19,44.0,80.0,0.0,0.0,0.0,0.0,0.0,0.0,68.0,0
44.00_80.00,2017-06-26,44.0,80.0,0.0,0.0,0.0,0.0,0.0,0.0,69.0,0
44.00_80.00,2017-07-03,44.0,80.0,0.0,0.0,0.0,0.0,0.0,0.0,70.0,0
44.00_80.00,2017-07-10,44.0,80.0,0.0,0.0,0.0,0.0,0.0,0.0,71.0,0
44.00_80.00,2017-07-17,44.0,80.0,0.0,0.0,0.0,0.0,0.0,0.0,72.0,0
44.00_80.00,2017-07-24,44.0,80.0,0.0,0.0,0.0,0.0,0.0,0.0,73.0,0
44.00_80.00,2017-07-31,44.0,80.0,0.0,0.0,0.0,0.0,0.0,0.0,74.0,0
44.00_80.00,2017-08-07,44.0,80.0,0.0,0.0,0.0,0.0,0.0,0.0,75.0,5
44.00_80.00,2017-08-14,44.0,80.0,5.0,6.3,4.5,6.3,5.0,2987447357.320766,0.0,1
44.00_80.00,2017-08-21,44.0,80.0,1.0,4.6,4.6,6.3,6.0,2995390639.668009,0.0,0
44.00_80.00,2017-08-28,44.0,80.0,0.0,0.0,0.0,6.3,6.0,2995390639.668009,1.0,0
44.00_80.00,2017-09-04,44.0,80.0,0.0,0.0,0.0,6.3,6.0,2995390639.668009,2.0,0
44.00_80.00,2017-09-11,44.0,80.0,0.0,0.0,0.0,4.6,6.0,2995390639.668009,3.0,0
44.00_80.00,2017-09-18,44.0,80.0,0.0,0.0,0.0,0.0,6.0,2995390639.668009,4.0,0
44.00_80.00,2017-09-25,44.0,80.0,0.0,0.0,0.0,0.0,6.0,2995390639.668009,5.0,0
44.00_80.00,2017-10-02,44.0,80.0,0.0,0.0,0.0,0.0,6.0,2995390639.668009,6.0,0
44.00_80.00,2017-10-09,44.0,80.0,0.0,0.0,0.0,0.0,6.0,7943282.347242805,7.0,0
44.00_80.00,2017-10-16,44.0,80.0,0.0,0.0,0.0,0.0,6.0,0.0,8.0,0
44.00_80.00,2017-10-23,44.0,80.0,0.0,0.0,0.0,0.0,6.0,0.0,9.0,0
44.00_80.00,2017-10-30,44.0,80.0,0.0,0.0,0.0,0.0,6.0,0.0,10.0,0
44.00_80.00,2017-11-06,44.0,80.0,0.0,0.0,0.0,0.0,1.0,0.0,11.0,0
44.00_80.00,2017-11-13,44.0,80.0,0.0,0.0,0.0,0.0,0.0,0.0,12.0,0
44.00_80.00,2017-11-20,44.0,80.0,0.0,0.0,0.0,0.0,0.0,0.0,13.0,0
44.00_80.00,2017-11-27,44.0,80.0,0.0,0.0,0.0,0.0,0.0,0.0,14.0,0
44.00_80.00,2017-12-04,44.0,80.0,0.0,0.0,0.0,0.0,0.0,0.0,15.0,0
44.00_80.00,2017-12-11,44.0,80.0,0.0,0.0,0.0,0.0,0.0,0.0,16.0,0
44.00_80.00,2017-12-18,44.0,80.0,0.0,0.0,0.0,0.0,0.0,0.0,17.0,0
44.00_80.00,2017-12-25,44.0,80.0,0.0,0.0,0.0,0.0,0.0,0.0,18.0,0
44.00_80.00,2018-01-01,44.0,80.0,0.0,0.0,0.0,0.0,0.0,0.0,19.0,0
44.00_80.00,2018-01-08,44.0,80.0,0.0,0.0,0.0,0.0,0.0,0.0,20.0,0
44.00_80.00,2018-01-15,44.0,80.0,0.0,0.0,0.0,0.0,0.0,0.0,21.0,0
44.00_80.00,2018-01-22,44.0,80.0,0.0,0.0,0.0,0.0,0.0,0.0,22.0,0
44.00_80.00,2018-01-29,44.0,80.0,0.0,0.0,0.0,0.0,0.0,0.0,23.0,0
44.00_80.00,2018-02-05,44.0,80.0,0.0,0.0,0.0,0.0,0.0,0.0,24.0,0
44.00_80.00,2018-02-12,44.0,80.0,0.0,0.0,0.0,0.0,0.0,0.0,25.0,0
44.00_80.00,2018-02-19,44.0,80.0,0.0,0.0,0.0,0.0,0.0,0.0,26.0,0
44.00_80.00,2018-02-26,44.0,80.0,0.0,0.0,0.0,0.0,0.0,0.0,27.0,0
44.00_80.00,2018-03-05,44.0,80.0,0.0,0.0,0.0,0.0,0.0,0.0,28.0,0
44.00_80.00,2018-03-12,44.0,80.0,0.0,0.0,0.0,0.0,0.0,0.0,29.0,0
44.00_80.00,2018-03-19,44.0,80.0,0.0,0.0,0.0,0.0,0.0,0.0,30.0,0
44.00_80.00,2018-03-26,44.0,80.0,0.0,0.0,0.0,0.0,0.0,0.0,31.0,0
44.00_80.00,2018-04-02,44.0,80.0,0.0,0.0,0.0,0.0,0.0,0.0,32.0,0
44.00_80.00,2018-04-09,44.0,80.0,0.0,0.0,0.0,0.0,0.0,0.0,33.0,0
44.00_80.00,2018-04-16,44.0,80.0,0.0,0.0,0.0,0.0,0.0,0.0,34.0,0
44.00_80.00,2018-04-23,44.0,80.0,0.0,0.0,0.0,0.0,0.0,0.0,35.0,0
44.00_80.00,2018-04-30,44.0,80.0,0.0,0.0,0.0,0.0,0.0,0.0,36.0,0
44.00_80.00,2018-05-07,44.0,80.0,0.0,0.0,0.0,0.0,0.0,0.0,37.0,0
44.00_80.00,2018-05-14,44.0,80.0,0.0,0.0,0.0,0.0,0.0,0.0,38.0,0
44.00_80.00,2018-05-21,44.0,80.0,0.0,0.0,0.0,0.0,0.0,0.0,39.0,0
44.00_80.00,2018-05-28,44.0,80.0,0.0,0.0,0.0,0.0,0.0,0.0,40.0,0
44.00_80.00,2018-06-04,44.0,80.0,0.0,0.0,0.0,0.0,0.0,0.0,41.0,0
44.00_80.00,2018-06-11,44.0,80.0,0.0,0.0,0.0,0.0,0.0,0.0,42.0,0
44.00_80.00,2018-06-18,44.0,80.0,0.0,0.0,0.0,0.0,0.0,0.0,43.0,0
44.00_80.00,2018-06-25,44.0,80.0,0.0,0.0,0.0,0.0,0.0,0.0,44.0,0
44.00_80.00,2018-07-02,44.0,80.0,0.0,0.0,0.0,0.0,0.0,0.0,45.0,0
44.00_80.00,2018-07-09,44.0,80.0,0.0,0.0,0.0,0.0,0.0,0.0,46.0,0
44.00_80.00,2018-07-16,44.0,80.0,0.0,0.0,0.0,0.0,0.0,0.0,47.0,0
44.00_80.00,2018-07-23,44.0,80.0,0.0,0.0,0.0,0.0,0.0,0.0,48.0,0
44.00_80.00,2018-07-30,44.0,80.0,0.0,0.0,0.0,0.0,0.0,0.0,49.0,0
44.00_80.00,2018-08-06,44.0,80.0,0.0,0.0,0.0,0.0,0.0,0.0,50.0,0
44.00_80.00,2018-08-13,44.0,80.0,0.0,0.0,0.0,0.0,0.0,0.0,51.0,0
44.00_80.00,2018-08-20,44.0,80.0,0.0,0.0,0.0,0.0,0.0,0.0,52.0,0
44.00_80.00,2018-08-27,44.0,80.0,0.0,0.0,0.0,0.0,0.0,0.0,53.0,0
44.00_80.00,2018-09-03,44.0,80.0,0.0,0.0,0.0,0.0,0.0,0.0,54.0,0
44.00_80.00,2018-09-10,44.0,80.0,0.0,0.0,0.0,0.0,0.0,0.0,55.0,0
44.00_80.00,2018-09-17,44.0,80.0,0.0,0.0,0.0,0.0,0.0,0.0,56.0,0
44.00_80.00,2018-09-24,44.0,80.0,0.0,0.0,0.0,0.0,0.0,0.0,57.0,0
44.00_80.00,2018-10-01,44.0,80.0,0.0,0.0,0.0,0.0,0.0,0.0,58.0,0
44.00_80.00,2018-10-08,44.0,80.0,0.0,0.0,0.0,0.0,0.0,0.0,59.0,0
44.00_80.00,2018-10-15,44.0,80.0,0.0,0.0,0.0,0.0,0.0,0.0,60.0,1
44.00_80.00,2018-10-22,44.0,80.0,1.0,5.2,5.2,5.2,1.0,63095734.44801943,0.0,1
44.00_80.00,2018-10-29,44.0,80.0,1.0,5.1,5.1,5.2,2.0,107764093.66311568,0.0,0
44.00_80.00,2018-11-05,44.0,80.0,0.0,0.0,0.0,5.2,2.0,107764093.66311568,1.0,1
44.00_80.00,2018-11-12,44.0,80.0,1.0,4.5,4.5,5.2,3.0,113387506.91501918,0.0,0
44.00_80.00,2018-11-19,44.0,80.0,0.0,0.0,0.0,5.1,3.0,113387506.91501918,1.0,1
44.00_80.00,2018-11-26,44.0,80.0,1.0,5.0,5.0,5.0,4.0,145010283.51670298,0.0,0
44.00_80.00,2018-12-03,44.0,80.0,0.0,0.0,0.0,5.0,4.0,145010283.51670298,1.0,0
44.00_80.00,2018-12-10,44.0,80.0,0.0,0.0,0.0,5.0,4.0,145010283.51670298,2.0,0
44.00_80.00,2018-12-17,44.0,80.0,0.0,0.0,0.0,5.0,4.0,81914549.06868353,3.0,0
44.00_80.00,2018-12-24,44.0,80.0,0.0,0.0,0.0,0.0,4.0,37246189.853587285,4.0,0
44.00_80.00,2018-12-31,44.0,80.0,0.0,0.0,0.0,0.0,4.0,37246189.853587285,5.0,0
44.00_80.00,2019-01-07,44.0,80.0,0.0,0.0,0.0,0.0,4.0,31622776.601683795,6.0,0
44.00_80.00,2019-01-14,44.0,80.0,0.0,0.0,0.0,0.0,3.0,31622776.601683795,7.0,0
44.00_80.00,2019-01-21,44.0,80.0,0.0,0.0,0.0,0.0,2.0,0.0,8.0,0
44.00_80.00,2019-01-28,44.0,80.0,0.0,0.0,0.0,0.0,2.0,0.0,9.0,0
44.00_80.00,2019-02-04,44.0,80.0,0.0,0.0,0.0,0.0,1.0,0.0,10.0,0
44.00_80.00,2019-02-11,44.0,80.0,0.0,0.0,0.0,0.0,1.0,0.0,11.0,0
44.00_80.00,2019-02-18,44.0,80.0,0.0,0.0,0.0,0.0,0.0,0.0,12.0,0
44.00_80.00,2019-02-25,44.0,80.0,0.0,0.0,0.0,0.0,0.0,0.0,13.0,0
44.00_80.00,2019-03-04,44.0,80.0,0.0,0.0,0.0,0.0,0.0,0.0,14.0,0
44.00_80.00,2019-03-11,44.0,80.0,0.0,0.0,0.0,0.0,0.0,0.0,15.0,0
44.00_80.00,2019-03-18,44.0,80.0,0.0,0.0,0.0,0.0,0.0,0.0,16.0,0
44.00_80.00,2019-03-25,44.0,80.0,0.0,0.0,0.0,0.0,0.0,0.0,17.0,0
44.00_80.00,2019-04-01,44.0,80.0,0.0,0.0,0.0,0.0,0.0,0.0,18.0,0
44.00_80.00,2019-04-08,44.0,80.0,0.0,0.0,0.0,0.0,0.0,0.0,19.0,0
44.00_80.00,2019-04-15,44.0,80.0,0.0,0.0,0.0,0.0,0.0,0.0,20.0,0
44.00_80.00,2019-04-22,44.0,80.0,0.0,0.0,0.0,0.0,0.0,0.0,21.0,0
44.00_80.00,2019-04-29,44.0,80.0,0.0,0.0,0.0,0.0,0.0,0.0,22.0,0
44.00_80.00,2019-05-06,44.0,80.0,0.0,0.0,0.0,0.0,0.0,0.0,23.0,0
44.00_80.00,2019-05-13,44.0,80.0,0.0,0.0,0.0,0.0,0.0,0.0,24.0,0
44.00_80.00,2019-05-20,44.0,80.0,0.0,0.0,0.0,0.0,0.0,0.0,25.0,0
44.00_80.00,2019-05-27,44.0,80.0,0.0,0.0,0.0,0.0,0.0,0.0,26.0,0
44.00_80.00,2019-06-03,44.0,80.0,0.0,0.0,0.0,0.0,0.0,0.0,27.0,0
44.00_80.00,2019-06-10,44.0,80.0,0.0,0.0,0.0,0.0,0.0,0.0,28.0,0
44.00_80.00,2019-06-17,44.0,80.0,0.0,0.0,0.0,0.0,0.0,0.0,29.0,0
44.00_80.00,2019-06-24,44.0,80.0,0.0,0.0,0.0,0.0,0.0,0.0,30.0,0
44.00_80.00,2019-07-01,44.0,80.0,0.0,0.0,0.0,0.0,0.0,0.0,31.0,0
44.00_80.00,2019-07-08,44.0,80.0,0.0,0.0,0.0,0.0,0.0,0.0,32.0,0
44.00_80.00,2019-07-15,44.0,80.0,0.0,0.0,0.0,0.0,0.0,0.0,33.0,0
44.00_80.00,2019-07-22,44.0,80.0,0.0,0.0,0.0,0.0,0.0,0.0,34.0,0
44.00_80.00,2019-07-29,44.0,80.0,0.0,0.0,0.0,0.0,0.0,0.0,35.0,0
44.00_80.00,2019-08-05,44.0,80.0,0.0,0.0,0.0,0.0,0.0,0.0,36.0,0
44.00_80.00,2019-08-12,44.0,80.0,0.0,0.0,0.0,0.0,0.0,0.0,37.0,0
44.00_80.00,2019-08-19,44.0,80.0,0.0,0.0,0.0,0.0,0.0,0.0,38.0,0
44.00_80.00,2019-08-26,44.0,80.0,0.0,0.0,0.0,0.0,0.0,0.0,39.0,0
44.00_80.00,2019-09-02,44.0,80.0,0.0,0.0,0.0,0.0,0.0,0.0,40.0,0
44.00_80.00,2019-09-09,44.0,80.0,0.0,0.0,0.0,0.0,0.0,0.0,41.0,0
44.00_80.00,2019-09-16,44.0,80.0,0.0,0.0,0.0,0.0,0.0,0.0,42.0,0
44.00_80.00,2019-09-23,44.0,80.0,0.0,0.0,0.0,0.0,0.0,0.0,43.0,0
44.00_80.00,2019-09-30,44.0,80.0,0.0,0.0,0.0,0.0,0.0,0.0,44.0,0
44.00_80.00,2019-10-07,44.0,80.0,0.0,0.0,0.0,0.0,0.0,0.0,45.0,0
44.00_80.00,2019-10-14,44.0,80.0,0.0,0.0,0.0,0.0,0.0,0.0,46.0,0
44.00_80.00,2019-10-21,44.0,80.0,0.0,0.0,0.0,0.0,0.0,0.0,47.0,0
44.00_80.00,2019-10-28,44.0,80.0,0.0,0.0,0.0,0.0,0.0,0.0,48.0,0
44.00_80.00,2019-11-04,44.0,80.0,0.0,0.0,0.0,0.0,0.0,0.0,49.0,0
44.00_80.00,2019-11-11,44.0,80.0,0.0,0.0,0.0,0.0,0.0,0.0,50.0,0
44.00_80.00,2019-11-18,44.0,80.0,0.0,0.0,0.0,0.0,0.0,0.0,51.0,0
44.00_80.00,2019-11-25,44.0,80.0,0.0,0.0,0.0,0.0,0.0,0.0,52.0,0
44.00_80.00,2019-12-02,44.0,80.0,0.0,0.0,0.0,0.0,0.0,0.0,53.0,0
44.00_80.00,2019-12-09,44.0,80.0,0.0,0.0,0.0,0.0,0.0,0.0,54.0,0
44.00_80.00,2019-12-16,44.0,80.0,0.0,0.0,0.0,0.0,0.0,0.0,55.0,0
44.00_80.00,2019-12-23,44.0,80.0,0.0,0.0,0.0,0.0,0.0,0.0,56.0,0
44.00_80.00,2019-12-30,44.0,80.0,0.0,0.0,0.0,0.0,0.0,0.0,57.0,0
44.00_80.00,2020-01-06,44.0,80.0,0.0,0.0,0.0,0.0,0.0,0.0,58.0,0
44.00_80.00,2020-01-13,44.0,80.0,0.0,0.0,0.0,0.0,0.0,0.0,59.0,0
44.00_80.00,2020-01-20,44.0,80.0,0.0,0.0,0.0,0.0,0.0,0.0,60.0,0
44.00_80.00,2020-01-27,44.0,80.0,0.0,0.0,0.0,0.0,0.0,0.0,61.0,0
44.00_80.00,2020-02-03,44.0,80.0,0.0,0.0,0.0,0.0,0.0,0.0,62.0,0
44.00_80.00,2020-02-10,44.0,80.0,0.0,0.0,0.0,0.0,0.0,0.0,63.0,0
44.00_80.00,2020-02-17,44.0,80.0,0.0,0.0,0.0,0.0,0.0,0.0,64.0,0
44.00_80.00,2020-02-24,44.0,80.0,0.0,0.0,0.0,0.0,0.0,0.0,65.0,0
44.00_80.00,2020-03-02,44.0,80.0,0.0,0.0,0.0,0.0,0.0,0.0,66.0,0
44.00_80.00,2020-03-09,44.0,80.0,0.0,0.0,0.0,0.0,0.0,0.0,67.0,0
44.00_80.00,2020-03-16,44.0,80.0,0.0,0.0,0.0,0.0,0.0,0.0,68.0,0
44.00_80.00,2020-03-23,44.0,80.0,0.0,0.0,0.0,0.0,0.0,0.0,69.0,0
44.00_80.00,2020-03-30,44.0,80.0,0.0,0.0,0.0,0.0,0.0,0.0,70.0,0
44.00_80.00,2020-04-06,44.0,80.0,0.0,0.0,0.0,0.0,0.0,0.0,71.0,0
44.00_80.00,2020-04-13,44.0,80.0,0.0,0.0,0.0,0.0,0.0,0.0,72.0,0
44.00_80.00,2020-04-20,44.0,80.0,0.0,0.0,0.0,0.0,0.0,0.0,73.0,0
44.00_80.00,2020-04-27,44.0,80.0,0.0,0.0,0.0,0.0,0.0,0.0,74.0,0
44.00_80.00,2020-05-04,44.0,80.0,0.0,0.0,0.0,0.0,0.0,0.0,75.0,0
44.00_80.00,2020-05-11,44.0,80.0,0.0,0.0,0.0,0.0,0.0,0.0,76.0,0
44.00_80.00,2020-05-18,44.0,80.0,0.0,0.0,0.0,0.0,0.0,0.0,77.0,0
44.00_80.00,2020-05-25,44.0,80.0,0.0,0.0,0.0,0.0,0.0,0.0,78.0,0
44.00_80.00,2020-06-01,44.0,80.0,0.0,0.0,0.0,0.0,0.0,0.0,79.0,0
44.00_80.00,2020-06-08,44.0,80.0,0.0,0.0,0.0,0.0,0.0,0.0,80.0,0
44.00_80.00,2020-06-15,44.0,80.0,0.0,0.0,0.0,0.0,0.0,0.0,81.0,0
44.00_80.00,2020-06-22,44.0,80.0,0.0,0.0,0.0,0.0,0.0,0.0,82.0,0
44.00_80.00,2020-06-29,44.0,80.0,0.0,0.0,0.0,0.0,0.0,0.0,83.0,0
44.00_80.00,2020-07-06,44.0,80.0,0.0,0.0,0.0,0.0,0.0,0.0,84.0,0
44.00_80.00,2020-07-13,44.0,80.0,0.0,0.0,0.0,0.0,0.0,0.0,85.0,1
44.00_80.00,2020-07-20,44.0,80.0,1.0,4.5,4.5,4.5,1.0,5623413.251903491,0.0,0
44.00_80.00,2020-07-27,44.0,80.0,0.0,0.0,0.0,4.5,1.0,5623413.251903491,1.0,0
44.00_80.00,2020-08-03,44.0,80.0,0.0,0.0,0.0,4.5,1.0,5623413.251903491,2.0,0
44.00_80.00,2020-08-10,44.0,80.0,0.0,0.0,0.0,4.5,1.0,5623413.251903491,3.0,0
44.00_80.00,2020-08-17,44.0,80.0,0.0,0.0,0.0,0.0,1.0,5623413.251903491,4.0,0
44.00_80.00,2020-08-24,44.0,80.0,0.0,0.0,0.0,0.0,1.0,5623413.251903491,5.0,0
44.00_80.00,2020-08-31,44.0,80.0,0.0,0.0,0.0,0.0,1.0,5623413.251903491,6.0,0
44.00_80.00,2020-09-07,44.0,80.0,0.0,0.0,0.0,0.0,1.0,5623413.251903491,7.0,0
44.00_80.00,2020-09-14,44.0,80.0,0.0,0.0,0.0,0.0,1.0,0.0,8.0,0
44.00_80.00,2020-09-21,44.0,80.0,0.0,0.0,0.0,0.0,1.0,0.0,9.0,0
44.00_80.00,2020-09-28,44.0,80.0,0.0,0.0,0.0,0.0,1.0,0.0,10.0,0
44.00_80.00,2020-10-05,44.0,80.0,0.0,0.0,0.0,0.0,1.0,0.0,11.0,0
44.00_80.00,2020-10-12,44.0,80.0,0.0,0.0,0.0,0.0,0.0,0.0,12.0,0
44.00_80.00,2020-10-19,44.0,80.0,0.0,0.0,0.0,0.0,0.0,0.0,13.0,0
44.00_80.00,2020-10-26,44.0,80.0,0.0,0.0,0.0,0.0,0.0,0.0,14.0,0
44.00_80.00,2020-11-02,44.0,80.0,0.0,0.0,0.0,0.0,0.0,0.0,15.0,0
44.00_80.00,2020-11-09,44.0,80.0,0.0,0.0,0.0,0.0,0.0,0.0,16.0,0
44.00_80.00,2020-11-16,44.0,80.0,0.0,0.0,0.0,0.0,0.0,0.0,17.0,0
44.00_80.00,2020-11-23,44.0,80.0,0.0,0.0,0.0,0.0,0.0,0.0,18.0,0
44.00_80.00,2020-11-30,44.0,80.0,0.0,0.0,0.0,0.0,0.0,0.0,19.0,0
44.00_80.00,2020-12-07,44.0,80.0,0.0,0.0,0.0,0.0,0.0,0.0,20.0,0
44.00_80.00,2020-12-14,44.0,80.0,0.0,0.0,0.0,0.0,0.0,0.0,21.0,0
44.00_80.00,2020-12-21,44.0,80.0,0.0,0.0,0.0,0.0,0.0,0.0,22.0,0
44.00_80.00,2020-12-28,44.0,80.0,0.0,0.0,0.0,0.0,0.0,0.0,23.0,0
44.00_80.00,2021-01-04,44.0,80.0,0.0,0.0,0.0,0.0,0.0,0.0,24.0,0
44.00_80.00,2021-01-11,44.0,80.0,0.0,0.0,0.0,0.0,0.0,0.0,25.0,0
44.00_80.00,2021-01-18,44.0,80.0,0.0,0.0,0.0,0.0,0.0,0.0,26.0,0
44.00_80.00,2021-01-25,44.0,80.0,0.0,0.0,0.0,0.0,0.0,0.0,27.0,0
44.00_80.00,2021-02-01,44.0,80.0,0.0,0.0,0.0,0.0,0.0,0.0,28.0,0
44.00_80.00,2021-02-08,44.0,80.0,0.0,0.0,0.0,0.0,0.0,0.0,29.0,0
44.00_80.00,2021-02-15,44.0,80.0,0.0,0.0,0.0,0.0,0.0,0.0,30.0,0
44.00_80.00,2021-02-22,44.0,80.0,0.0,0.0,0.0,0.0,0.0,0.0,31.0,0
44.00_80.00,2021-03-01,44.0,80.0,0.0,0.0,0.0,0.0,0.0,0.0,32.0,0
44.00_80.00,2021-03-08,44.0,80.0,0.0,0.0,0.0,0.0,0.0,0.0,33.0,0
44.00_80.00,2021-03-15,44.0,80.0,0.0,0.0,0.0,0.0,0.0,0.0,34.0,1
44.00_80.00,2021-03-22,44.0,80.0,1.0,4.5,4.5,4.5,1.0,5623413.251903491,0.0,0
44.00_80.00,2021-03-29,44.0,80.0,0.0,0.0,0.0,4.5,1.0,5623413.251903491,1.0,0
44.00_80.00,2021-04-05,44.0,80.0,0.0,0.0,0.0,4.5,1.0,5623413.251903491,2.0,0
44.00_80.00,2021-04-12,44.0,80.0,0.0,0.0,0.0,4.5,1.0,5623413.251903491,3.0,0
44.00_80.00,2021-04-19,44.0,80.0,0.0,0.0,0.0,0.0,1.0,5623413.251903491,4.0,0
44.00_80.00,2021-04-26,44.0,80.0,0.0,0.0,0.0,0.0,1.0,5623413.251903491,5.0,0
44.00_80.00,2021-05-03,44.0,80.0,0.0,0.0,0.0,0.0,1.0,5623413.251903491,6.0,0
44.00_80.00,2021-05-10,44.0,80.0,0.0,0.0,0.0,0.0,1.0,5623413.251903491,7.0,0
44.00_80.00,2021-05-17,44.0,80.0,0.0,0.0,0.0,0.0,1.0,0.0,8.0,0
44.00_80.00,2021-05-24,44.0,80.0,0.0,0.0,0.0,0.0,1.0,0.0,9.0,0
44.00_80.00,2021-05-31,44.0,80.0,0.0,0.0,0.0,0.0,1.0,0.0,10.0,0
44.00_80.00,2021-06-07,44.0,80.0,0.0,0.0,0.0,0.0,1.0,0.0,11.0,0
44.00_80.00,2021-06-14,44.0,80.0,0.0,0.0,0.0,0.0,0.0,0.0,12.0,0
44.00_80.00,2021-06-21,44.0,80.0,0.0,0.0,0.0,0.0,0.0,0.0,13.0,0
44.00_80.00,2021-06-28,44.0,80.0,0.0,0.0,0.0,0.0,0.0,0.0,14.0,0
44.00_80.00,2021-07-05,44.0,80.0,0.0,0.0,0.0,0.0,0.0,0.0,15.0,0
44.00_80.00,2021-07-12,44.0,80.0,0.0,0.0,0.0,0.0,0.0,0.0,16.0,0
44.00_80.00,2021-07-19,44.0,80.0,0.0,0.0,0.0,0.0,0.0,0.0,17.0,0
44.00_80.00,2021-07-26,44.0,80.0,0.0,0.0,0.0,0.0,0.0,0.0,18.0,0
44.00_80.00,2021-08-02,44.0,80.0,0.0,0.0,0.0,0.0,0.0,0.0,19.0,0
44.00_80.00,2021-08-09,44.0,80.0,0.0,0.0,0.0,0.0,0.0,0.0,20.0,0
44.00_80.00,2021-08-16,44.0,80.0,0.0,0.0,0.0,0.0,0.0,0.0,21.0,0
44.00_80.00,2021-08-23,44.0,80.0,0.0,0.0,0.0,0.0,0.0,0.0,22.0,0
44.00_80.00,2021-08-30,44.0,80.0,0.0,0.0,0.0,0.0,0.0,0.0,23.0,0
44.00_80.00,2021-09-06,44.0,80.0,0.0,0.0,0.0,0.0,0.0,0.0,24.0,0
44.00_80.00,2021-09-13,44.0,80.0,0.0,0.0,0.0,0.0,0.0,0.0,25.0,0
44.00_80.00,2021-09-20,44.0,80.0,0.0,0.0,0.0,0.0,0.0,0.0,26.0,0
44.00_80.00,2021-09-27,44.0,80.0,0.0,0.0,0.0,0.0,0.0,0.0,27.0,0
44.00_80.00,2021-10-04,44.0,80.0,0.0,0.0,0.0,0.0,0.0,0.0,28.0,0
44.00_80.00,2021-10-11,44.0,80.0,0.0,0.0,0.0,0.0,0.0,0.0,29.0,0
44.00_80.00,2021-10-18,44.0,80.0,0.0,0.0,0.0,0.0,0.0,0.0,30.0,0
44.00_80.00,2021-10-25,44.0,80.0,0.0,0.0,0.0,0.0,0.0,0.0,31.0,0
44.00_80.00,2021-11-01,44.0,80.0,0.0,0.0,0.0,0.0,0.0,0.0,32.0,0
44.00_80.00,2021-11-08,44.0,80.0,0.0,0.0,0.0,0.0,0.0,0.0,33.0,0
44.00_80.00,2021-11-15,44.0,80.0,0.0,0.0,0.0,0.0,0.0,0.0,34.0,0
44.00_80.00,2021-11-22,44.0,80.0,0.0,0.0,0.0,0.0,0.0,0.0,35.0,0
44.00_80.00,2021-11-29,44.0,80.0,0.0,0.0,0.0,0.0,0.0,0.0,36.0,0
44.00_80.00,2021-12-06,44.0,80.0,0.0,0.0,0.0,0.0,0.0,0.0,37.0,0
44.00_80.00,2021-12-13,44.0,80.0,0.0,0.0,0.0,0.0,0.0,0.0,38.0,0
44.00_80.00,2021-12-20,44.0,80.0,0.0,0.0,0.0,0.0,0.0,0.0,39.0,0
44.00_80.00,2021-12-27,44.0,80.0,0.0,0.0,0.0,0.0,0.0,0.0,40.0,0
44.00_80.00,2022-01-03,44.0,80.0,0.0,0.0,0.0,0.0,0.0,0.0,41.0,0
44.00_80.00,2022-01-10,44.0,80.0,0.0,0.0,0.0,0.0,0.0,0.0,42.0,0
44.00_80.00,2022-01-17,44.0,80.0,0.0,0.0,0.0,0.0,0.0,0.0,43.0,0
44.00_80.00,2022-01-24,44.0,80.0,0.0,0.0,0.0,0.0,0.0,0.0,44.0,0
44.00_80.00,2022-01-31,44.0,80.0,0.0,0.0,0.0,0.0,0.0,0.0,45.0,0
44.00_80.00,2022-02-07,44.0,80.0,0.0,0.0,0.0,0.0,0.0,0.0,46.0,0
44.00_80.00,2022-02-14,44.0,80.0,0.0,0.0,0.0,0.0,0.0,0.0,47.0,0
44.00_80.00,2022-02-21,44.0,80.0,0.0,0.0,0.0,0.0,0.0,0.0,48.0,0
44.00_80.00,2022-02-28,44.0,80.0,0.0,0.0,0.0,0.0,0.0,0.0,49.0,0
44.00_80.00,2022-03-07,44.0,80.0,0.0,0.0,0.0,0.0,0.0,0.0,50.0,0
44.00_80.00,2022-03-14,44.0,80.0,0.0,0.0,0.0,0.0,0.0,0.0,51.0,0
44.00_80.00,2022-03-21,44.0,80.0,0.0,0.0,0.0,0.0,0.0,0.0,52.0,0
44.00_80.00,2022-03-28,44.0,80.0,0.0,0.0,0.0,0.0,0.0,0.0,53.0,0
44.00_80.00,2022-04-04,44.0,80.0,0.0,0.0,0.0,0.0,0.0,0.0,54.0,0
44.00_80.00,2022-04-11,44.0,80.0,0.0,0.0,0.0,0.0,0.0,0.0,55.0,0
44.00_80.00,2022-04-18,44.0,80.0,0.0,0.0,0.0,0.0,0.0,0.0,56.0,0
44.00_80.00,2022-04-25,44.0,80.0,0.0,0.0,0.0,0.0,0.0,0.0,57.0,0
44.00_80.00,2022-05-02,44.0,80.0,0.0,0.0,0.0,0.0,0.0,0.0,58.0,0
44.00_80.00,2022-05-09,44.0,80.0,0.0,0.0,0.0,0.0,0.0,0.0,59.0,0
44.00_80.00,2022-05-16,44.0,80.0,0.0,0.0,0.0,0.0,0.0,0.0,60.0,0
44.00_80.00,2022-05-23,44.0,80.0,0.0,0.0,0.0,0.0,0.0,0.0,61.0,0
44.00_80.00,2022-05-30,44.0,80.0,0.0,0.0,0.0,0.0,0.0,0.0,62.0,0
44.00_80.00,2022-06-06,44.0,80.0,0.0,0.0,0.0,0.0,0.0,0.0,63.0,0
44.00_80.00,2022-06-13,44.0,80.0,0.0,0.0,0.0,0.0,0.0,0.0,64.0,0
44.00_80.00,2022-06-20,44.0,80.0,0.0,0.0,0.0,0.0,0.0,0.0,65.0,0
44.00_80.00,2022-06-27,44.0,80.0,0.0,0.0,0.0,0.0,0.0,0.0,66.0,0
44.00_80.00,2022-07-04,44.0,80.0,0.0,0.0,0.0,0.0,0.0,0.0,67.0,0
44.00_80.00,2022-07-11,44.0,80.0,0.0,0.0,0.0,0.0,0.0,0.0,68.0,0
44.00_80.00,2022-07-18,44.0,80.0,0.0,0.0,0.0,0.0,0.0,0.0,69.0,0
44.00_80.00,2022-07-25,44.0,80.0,0.0,0.0,0.0,0.0,0.0,0.0,70.0,0
44.00_80.00,2022-08-01,44.0,80.0,0.0,0.0,0.0,0.0,0.0,0.0,71.0,0
44.00_80.00,2022-08-08,44.0,80.0,0.0,0.0,0.0,0.0,0.0,0.0,72.0,0
44.00_80.00,2022-08-15,44.0,80.0,0.0,0.0,0.0,0.0,0.0,0.0,73.0,0
44.00_80.00,2022-08-22,44.0,80.0,0.0,0.0,0.0,0.0,0.0,0.0,74.0,0
44.00_80.00,2022-08-29,44.0,80.0,0.0,0.0,0.0,0.0,0.0,0.0,75.0,0
44.00_80.00,2022-09-05,44.0,80.0,0.0,0.0,0.0,0.0,0.0,0.0,76.0,0
44.00_80.00,2022-09-12,44.0,80.0,0.0,0.0,0.0,0.0,0.0,0.0,77.0,0
44.00_80.00,2022-09-19,44.0,80.0,0.0,0.0,0.0,0.0,0.0,0.0,78.0,0
44.00_80.00,2022-09-26,44.0,80.0,0.0,0.0,0.0,0.0,0.0,0.0,79.0,0
44.00_80.00,2022-10-03,44.0,80.0,0.0,0.0,0.0,0.0,0.0,0.0,80.0,0
44.00_80.00,2022-10-10,44.0,80.0,0.0,0.0,0.0,0.0,0.0,0.0,81.0,0
44.00_80.00,2022-10-17,44.0,80.0,0.0,0.0,0.0,0.0,0.0,0.0,82.0,0
44.00_80.00,2022-10-24,44.0,80.0,0.0,0.0,0.0,0.0,0.0,0.0,83.0,0
44.00_80.00,2022-10-31,44.0,80.0,0.0,0.0,0.0,0.0,0.0,0.0,84.0,0
44.00_80.00,2022-11-07,44.0,80.0,0.0,0.0,0.0,0.0,0.0,0.0,85.0,0
44.00_80.00,2022-11-14,44.0,80.0,0.0,0.0,0.0,0.0,0.0,0.0,86.0,0
44.00_80.00,2022-11-21,44.0,80.0,0.0,0.0,0.0,0.0,0.0,0.0,87.0,0
44.00_80.00,2022-11-28,44.0,80.0,0.0,0.0,0.0,0.0,0.0,0.0,88.0,0
44.00_80.00,2022-12-05,44.0,80.0,0.0,0.0,0.0,0.0,0.0,0.0,89.0,0
44.00_80.00,2022-12-12,44.0,80.0,0.0,0.0,0.0,0.0,0.0,0.0,90.0,0
44.00_80.00,2022-12-19,44.0,80.0,0.0,0.0,0.0,0.0,0.0,0.0,91.0,0
44.00_80.00,2022-12-26,44.0,80.0,0.0,0.0,0.0,0.0,0.0,0.0,92.0,0
44.00_80.00,2023-01-02,44.0,80.0,0.0,0.0,0.0,0.0,0.0,0.0,93.0,0
44.00_80.00,2023-01-09,44.0,80.0,0.0,0.0,0.0,0.0,0.0,0.0,94.0,0
44.00_80.00,2023-01-16,44.0,80.0,0.0,0.0,0.0,0.0,0.0,0.0,95.0,0
44.00_80.00,2023-01-23,44.0,80.0,0.0,0.0,0.0,0.0,0.0,0.0,96.0,0
44.00_80.00,2023-01-30,44.0,80.0,0.0,0.0,0.0,0.0,0.0,0.0,97.0,0
44.00_80.00,2023-02-06,44.0,80.0,0.0,0.0,0.0,0.0,0.0,0.0,98.0,0
44.00_80.00,2023-02-13,44.0,80.0,0.0,0.0,0.0,0.0,0.0,0.0,99.0,0
44.00_80.00,2023-02-20,44.0,80.0,0.0,0.0,0.0,0.0,0.0,0.0,100.0,0
44.00_80.00,2023-02-27,44.0,80.0,0.0,0.0,0.0,0.0,0.0,0.0,101.0,0
44.00_80.00,2023-03-06,44.0,80.0,0.0,0.0,0.0,0.0,0.0,0.0,102.0,0
44.00_80.00,2023-03-13,44.0,80.0,0.0,0.0,0.0,0.0,0.0,0.0,103.0,0
44.00_80.00,2023-03-20,44.0,80.0,0.0,0.0,0.0,0.0,0.0,0.0,104.0,0
44.00_80.00,2023-03-27,44.0,80.0,0.0,0.0,0.0,0.0,0.0,0.0,105.0,0
44.00_80.00,2023-04-03,44.0,80.0,0.0,0.0,0.0,0.0,0.0,0.0,106.0,0
44.00_80.00,2023-04-10,44.0,80.0,0.0,0.0,0.0,0.0,0.0,0.0,107.0,0
44.00_80.00,2023-04-17,44.0,80.0,0.0,0.0,0.0,0.0,0.0,0.0,108.0,0
44.00_80.00,2023-04-24,44.0,80.0,0.0,0.0,0.0,0.0,0.0,0.0,109.0,0
44.00_80.00,2023-05-01,44.0,80.0,0.0,0.0,0.0,0.0,0.0,0.0,110.0,0
44.00_80.00,2023-05-08,44.0,80.0,0.0,0.0,0.0,0.0,0.0,0.0,111.0,0
44.00_80.00,2023-05-15,44.0,80.0,0.0,0.0,0.0,0.0,0.0,0.0,112.0,0
44.00_80.00,2023-05-22,44.0,80.0,0.0,0.0,0.0,0.0,0.0,0.0,113.0,0
44.00_80.00,2023-05-29,44.0,80.0,0.0,0.0,0.0,0.0,0.0,0.0,114.0,0
44.00_80.00,2023-06-05,44.0,80.0,0.0,0.0,0.0,0.0,0.0,0.0,115.0,0
44.00_80.00,2023-06-12,44.0,80.0,0.0,0.0,0.0,0.0,0.0,0.0,116.0,0
44.00_80.00,2023-06-19,44.0,80.0,0.0,0.0,0.0,0.0,0.0,0.0,117.0,0
44.00_80.00,2023-06-26,44.0,80.0,0.0,0.0,0.0,0.0,0.0,0.0,118.0,0
44.00_80.00,2023-07-03,44.0,80.0,0.0,0.0,0.0,0.0,0.0,0.0,119.0,0
44.00_80.00,2023-07-10,44.0,80.0,0.0,0.0,0.0,0.0,0.0,0.0,120.0,0
44.00_80.00,2023-07-17,44.0,80.0,0.0,0.0,0.0,0.0,0.0,0.0,121.0,0
44.00_80.00,2023-07-24,44.0,80.0,0.0,0.0,0.0,0.0,0.0,0.0,122.0,0
44.00_80.00,2023-07-31,44.0,80.0,0.0,0.0,0.0,0.0,0.0,0.0,123.0,0
44.00_80.00,2023-08-07,44.0,80.0,0.0,0.0,0.0,0.0,0.0,0.0,124.0,0
44.00_80.00,2023-08-14,44.0,80.0,0.0,0.0,0.0,0.0,0.0,0.0,125.0,0
44.00_80.00,2023-08-21,44.0,80.0,0.0,0.0,0.0,0.0,0.0,0.0,126.0,0
44.00_80.00,2023-08-28,44.0,80.0,0.0,0.0,0.0,0.0,0.0,0.0,127.0,0
44.00_80.00,2023-09-04,44.0,80.0,0.0,0.0,0.0,0.0,0.0,0.0,128.0,0
44.00_80.00,2023-09-11,44.0,80.0,0.0,0.0,0.0,0.0,0.0,0.0,129.0,0
44.00_80.00,2023-09-18,44.0,80.0,0.0,0.0,0.0,0.0,0.0,0.0,130.0,0
44.00_80.00,2023-09-25,44.0,80.0,0.0,0.0,0.0,0.0,0.0,0.0,131.0,0
44.00_80.00,2023-10-02,44.0,80.0,0.0,0.0,0.0,0.0,0.0,0.0,132.0,0
44.00_80.00,2023-10-09,44.0,80.0,0.0,0.0,0.0,0.0,0.0,0.0,133.0,0
44.00_80.00,2023-10-16,44.0,80.0,0.0,0.0,0.0,0.0,0.0,0.0,134.0,0
44.00_80.00,2023-10-23,44.0,80.0,0.0,0.0,0.0,0.0,0.0,0.0,135.0,0
44.00_80.00,2023-10-30,44.0,80.0,0.0,0.0,0.0,0.0,0.0,0.0,136.0,0
44.00_80.00,2023-11-06,44.0,80.0,0.0,0.0,0.0,0.0,0.0,0.0,137.0,0
44.00_80.00,2023-11-13,44.0,80.0,0.0,0.0,0.0,0.0,0.0,0.0,138.0,0
44.00_80.00,2023-11-20,44.0,80.0,0.0,0.0,0.0,0.0,0.0,0.0,139.0,0
44.00_80.00,2023-11-27,44.0,80.0,0.0,0.0,0.0,0.0,0.0,0.0,140.0,0
44.00_80.00,2023-12-04,44.0,80.0,0.0,0.0,0.0,0.0,0.0,0.0,141.0,0
44.00_80.00,2023-12-11,44.0,80.0,0.0,0.0,0.0,0.0,0.0,0.0,142.0,0
44.00_80.00,2023-12-18,44.0,80.0,0.0,0.0,0.0,0.0,0.0,0.0,143.0,0
44.00_80.00,2023-12-25,44.0,80.0,0.0,0.0,0.0,0.0,0.0,0.0,144.0,0
44.00_83.00,2010-03-22,44.0,83.0,0.0,0.0,0.0,0.0,0.0,0.0,500.0,0
44.00_83.00,2010-03-29,44.0,83.0,0.0,0.0,0.0,0.0,0.0,0.0,500.0,0
44.00_83.00,2010-04-05,44.0,83.0,0.0,0.0,0.0,0.0,0.0,0.0,500.0,0
44.00_83.00,2010-04-12,44.0,83.0,0.0,0.0,0.0,0.0,0.0,0.0,500.0,0
44.00_83.00,2010-04-19,44.0,83.0,0.0,0.0,0.0,0.0,0.0,0.0,500.0,0
44.00_83.00,2010-04-26,44.0,83.0,0.0,0.0,0.0,0.0,0.0,0.0,500.0,0
44.00_83.00,2010-05-03,44.0,83.0,0.0,0.0,0.0,0.0,0.0,0.0,500.0,0
44.00_83.00,2010-05-10,44.0,83.0,0.0,0.0,0.0,0.0,0.0,0.0,500.0,0
44.00_83.00,2010-05-17,44.0,83.0,0.0,0.0,0.0,0.0,0.0,0.0,500.0,0
44.00_83.00,2010-05-24,44.0,83.0,0.0,0.0,0.0,0.0,0.0,0.0,500.0,0
44.00_83.00,2010-05-31,44.0,83.0,0.0,0.0,0.0,0.0,0.0,0.0,500.0,0
44.00_83.00,2010-06-07,44.0,83.0,0.0,0.0,0.0,0.0,0.0,0.0,500.0,1
44.00_83.00,2010-06-14,44.0,83.0,1.0,4.5,4.5,4.5,1.0,5623413.251903491,0.0,0
44.00_83.00,2010-06-21,44.0,83.0,0.0,0.0,0.0,4.5,1.0,5623413.251903491,1.0,0
44.00_83.00,2010-06-28,44.0,83.0,0.0,0.0,0.0,4.5,1.0,5623413.251903491,2.0,0
44.00_83.00,2010-07-05,44.0,83.0,0.0,0.0,0.0,4.5,1.0,5623413.251903491,3.0,0
44.00_83.00,2010-07-12,44.0,83.0,0.0,0.0,0.0,0.0,1.0,5623413.251903491,4.0,0
44.00_83.00,2010-07-19,44.0,83.0,0.0,0.0,0.0,0.0,1.0,5623413.251903491,5.0,0
44.00_83.00,2010-07-26,44.0,83.0,0.0,0.0,0.0,0.0,1.0,5623413.251903491,6.0,0
44.00_83.00,2010-08-02,44.0,83.0,0.0,0.0,0.0,0.0,1.0,5623413.251903491,7.0,0
44.00_83.00,2010-08-09,44.0,83.0,0.0,0.0,0.0,0.0,1.0,0.0,8.0,0
44.00_83.00,2010-08-16,44.0,83.0,0.0,0.0,0.0,0.0,1.0,0.0,9.0,0
44.00_83.00,2010-08-23,44.0,83.0,0.0,0.0,0.0,0.0,1.0,0.0,10.0,0
44.00_83.00,2010-08-30,44.0,83.0,0.0,0.0,0.0,0.0,1.0,0.0,11.0,0
44.00_83.00,2010-09-06,44.0,83.0,0.0,0.0,0.0,0.0,0.0,0.0,12.0,0
44.00_83.00,2010-09-13,44.0,83.0,0.0,0.0,0.0,0.0,0.0,0.0,13.0,0
44.00_83.00,2010-09-20,44.0,83.0,0.0,0.0,0.0,0.0,0.0,0.0,14.0,0
44.00_83.00,2010-09-27,44.0,83.0,0.0,0.0,0.0,0.0,0.0,0.0,15.0,0
44.00_83.00,2010-10-04,44.0,83.0,0.0,0.0,0.0,0.0,0.0,0.0,16.0,0
44.00_83.00,2010-10-11,44.0,83.0,0.0,0.0,0.0,0.0,0.0,0.0,17.0,0
44.00_83.00,2010-10-18,44.0,83.0,0.0,0.0,0.0,0.0,0.0,0.0,18.0,0
44.00_83.00,2010-10-25,44.0,83.0,0.0,0.0,0.0,0.0,0.0,0.0,19.0,0
44.00_83.00,2010-11-01,44.0,83.0,0.0,0.0,0.0,0.0,0.0,0.0,20.0,0
44.00_83.00,2010-11-08,44.0,83.0,0.0,0.0,0.0,0.0,0.0,0.0,21.0,0
44.00_83.00,2010-11-15,44.0,83.0,0.0,0.0,0.0,0.0,0.0,0.0,22.0,0
44.00_83.00,2010-11-22,44.0,83.0,0.0,0.0,0.0,0.0,0.0,0.0,23.0,0
44.00_83.00,2010-11-29,44.0,83.0,0.0,0.0,0.0,0.0,0.0,0.0,24.0,0
44.00_83.00,2010-12-06,44.0,83.0,0.0,0.0,0.0,0.0,0.0,0.0,25.0,0
44.00_83.00,2010-12-13,44.0,83.0,0.0,0.0,0.0,0.0,0.0,0.0,26.0,0
44.00_83.00,2010-12-20,44.0,83.0,0.0,0.0,0.0,0.0,0.0,0.0,27.0,0
44.00_83.00,2010-12-27,44.0,83.0,0.0,0.0,0.0,0.0,0.0,0.0,28.0,0
44.00_83.00,2011-01-03,44.0,83.0,0.0,0.0,0.0,0.0,0.0,0.0,29.0,0
44.00_83.00,2011-01-10,44.0,83.0,0.0,0.0,0.0,0.0,0.0,0.0,30.0,0
44.00_83.00,2011-01-17,44.0,83.0,0.0,0.0,0.0,0.0,0.0,0.0,31.0,0
44.00_83.00,2011-01-24,44.0,83.0,0.0,0.0,0.0,0.0,0.0,0.0,32.0,0
44.00_83.00,2011-01-31,44.0,83.0,0.0,0.0,0.0,0.0,0.0,0.0,33.0,0
44.00_83.00,2011-02-07,44.0,83.0,0.0,0.0,0.0,0.0,0.0,0.0,34.0,0
44.00_83.00,2011-02-14,44.0,83.0,0.0,0.0,0.0,0.0,0.0,0.0,35.0,0
44.00_83.00,2011-02-21,44.0,83.0,0.0,0.0,0.0,0.0,0.0,0.0,36.0,0
44.00_83.00,2011-02-28,44.0,83.0,0.0,0.0,0.0,0.0,0.0,0.0,37.0,0
44.00_83.00,2011-03-07,44.0,83.0,0.0,0.0,0.0,0.0,0.0,0.0,38.0,0
44.00_83.00,2011-03-14,44.0,83.0,0.0,0.0,0.0,0.0,0.0,0.0,39.0,0
44.00_83.00,2011-03-21,44.0,83.0,0.0,0.0,0.0,0.0,0.0,0.0,40.0,0
44.00_83.00,2011-03-28,44.0,83.0,0.0,0.0,0.0,0.0,0.0,0.0,41.0,0
44.00_83.00,2011-04-04,44.0,83.0,0.0,0.0,0.0,0.0,0.0,0.0,42.0,0
44.00_83.00,2011-04-11,44.0,83.0,0.0,0.0,0.0,0.0,0.0,0.0,43.0,0
44.00_83.00,2011-04-18,44.0,83.0,0.0,0.0,0.0,0.0,0.0,0.0,44.0,0
44.00_83.00,2011-04-25,44.0,83.0,0.0,0.0,0.0,0.0,0.0,0.0,45.0,0
44.00_83.00,2011-05-02,44.0,83.0,0.0,0.0,0.0,0.0,0.0,0.0,46.0,0
44.00_83.00,2011-05-09,44.0,83.0,0.0,0.0,0.0,0.0,0.0,0.0,47.0,0
44.00_83.00,2011-05-16,44.0,83.0,0.0,0.0,0.0,0.0,0.0,0.0,48.0,0
44.00_83.00,2011-05-23,44.0,83.0,0.0,0.0,0.0,0.0,0.0,0.0,49.0,0
44.00_83.00,2011-05-30,44.0,83.0,0.0,0.0,0.0,0.0,0.0,0.0,50.0,0
44.00_83.00,2011-06-06,44.0,83.0,0.0,0.0,0.0,0.0,0.0,0.0,51.0,0
44.00_83.00,2011-06-13,44.0,83.0,0.0,0.0,0.0,0.0,0.0,0.0,52.0,0
44.00_83.00,2011-06-20,44.0,83.0,0.0,0.0,0.0,0.0,0.0,0.0,53.0,0
44.00_83.00,2011-06-27,44.0,83.0,0.0,0.0,0.0,0.0,0.0,0.0,54.0,0
44.00_83.00,2011-07-04,44.0,83.0,0.0,0.0,0.0,0.0,0.0,0.0,55.0,0
44.00_83.00,2011-07-11,44.0,83.0,0.0,0.0,0.0,0.0,0.0,0.0,56.0,0
44.00_83.00,2011-07-18,44.0,83.0,0.0,0.0,0.0,0.0,0.0,0.0,57.0,0
44.00_83.00,2011-07-25,44.0,83.0,0.0,0.0,0.0,0.0,0.0,0.0,58.0,0
44.00_83.00,2011-08-01,44.0,83.0,0.0,0.0,0.0,0.0,0.0,0.0,59.0,0
44.00_83.00,2011-08-08,44.0,83.0,0.0,0.0,0.0,0.0,0.0,0.0,60.0,0
44.00_83.00,2011-08-15,44.0,83.0,0.0,0.0,0.0,0.0,0.0,0.0,61.0,0
44.00_83.00,2011-08-22,44.0,83.0,0.0,0.0,0.0,0.0,0.0,0.0,62.0,0
44.00_83.00,2011-08-29,44.0,83.0,0.0,0.0,0.0,0.0,0.0,0.0,63.0,0
44.00_83.00,2011-09-05,44.0,83.0,0.0,0.0,0.0,0.0,0.0,0.0,64.0,0
44.00_83.00,2011-09-12,44.0,83.0,0.0,0.0,0.0,0.0,0.0,0.0,65.0,0
44.00_83.00,2011-09-19,44.0,83.0,0.0,0.0,0.0,0.0,0.0,0.0,66.0,0
44.00_83.00,2011-09-26,44.0,83.0,0.0,0.0,0.0,0.0,0.0,0.0,67.0,0
44.00_83.00,2011-10-03,44.0,83.0,0.0,0.0,0.0,0.0,0.0,0.0,68.0,0
44.00_83.00,2011-10-10,44.0,83.0,0.0,0.0,0.0,0.0,0.0,0.0,69.0,0
44.00_83.00,2011-10-17,44.0,83.0,0.0,0.0,0.0,0.0,0.0,0.0,70.0,0
44.00_83.00,2011-10-24,44.0,83.0,0.0,0.0,0.0,0.0,0.0,0.0,71.0,0
44.00_83.00,2011-10-31,44.0,83.0,0.0,0.0,0.0,0.0,0.0,0.0,72.0,0
44.00_83.00,2011-11-07,44.0,83.0,0.0,0.0,0.0,0.0,0.0,0.0,73.0,0
44.00_83.00,2011-11-14,44.0,83.0,0.0,0.0,0.0,0.0,0.0,0.0,74.0,0
44.00_83.00,2011-11-21,44.0,83.0,0.0,0.0,0.0,0.0,0.0,0.0,75.0,0
44.00_83.00,2011-11-28,44.0,83.0,0.0,0.0,0.0,0.0,0.0,0.0,76.0,0
44.00_83.00,2011-12-05,44.0,83.0,0.0,0.0,0.0,0.0,0.0,0.0,77.0,0
44.00_83.00,2011-12-12,44.0,83.0,0.0,0.0,0.0,0.0,0.0,0.0,78.0,0
44.00_83.00,2011-12-19,44.0,83.0,0.0,0.0,0.0,0.0,0.0,0.0,79.0,0
44.00_83.00,2011-12-26,44.0,83.0,0.0,0.0,0.0,0.0,0.0,0.0,80.0,0
44.00_83.00,2012-01-02,44.0,83.0,0.0,0.0,0.0,0.0,0.0,0.0,81.0,0
44.00_83.00,2012-01-09,44.0,83.0,0.0,0.0,0.0,0.0,0.0,0.0,82.0,0
44.00_83.00,2012-01-16,44.0,83.0,0.0,0.0,0.0,0.0,0.0,0.0,83.0,0
44.00_83.00,2012-01-23,44.0,83.0,0.0,0.0,0.0,0.0,0.0,0.0,84.0,0
44.00_83.00,2012-01-30,44.0,83.0,0.0,0.0,0.0,0.0,0.0,0.0,85.0,0
44.00_83.00,2012-02-06,44.0,83.0,0.0,0.0,0.0,0.0,0.0,0.0,86.0,1
44.00_83.00,2012-02-13,44.0,83.0,1.0,4.7,4.7,4.7,1.0,11220184.543019652,0.0,0
44.00_83.00,2012-02-20,44.0,83.0,0.0,0.0,0.0,4.7,1.0,11220184.543019652,1.0,0
44.00_83.00,2012-02-27,44.0,83.0,0.0,0.0,0.0,4.7,1.0,11220184.543019652,2.0,0
44.00_83.00,2012-03-05,44.0,83.0,0.0,0.0,0.0,4.7,1.0,11220184.543019652,3.0,0
44.00_83.00,2012-03-12,44.0,83.0,0.0,0.0,0.0,0.0,1.0,11220184.543019652,4.0,0
44.00_83.00,2012-03-19,44.0,83.0,0.0,0.0,0.0,0.0,1.0,11220184.543019652,5.0,0
44.00_83.00,2012-03-26,44.0,83.0,0.0,0.0,0.0,0.0,1.0,11220184.543019652,6.0,0
44.00_83.00,2012-04-02,44.0,83.0,0.0,0.0,0.0,0.0,1.0,11220184.543019652,7.0,0
44.00_83.00,2012-04-09,44.0,83.0,0.0,0.0,0.0,0.0,1.0,0.0,8.0,0
44.00_83.00,2012-04-16,44.0,83.0,0.0,0.0,0.0,0.0,1.0,0.0,9.0,0
44.00_83.00,2012-04-23,44.0,83.0,0.0,0.0,0.0,0.0,1.0,0.0,10.0,0
44.00_83.00,2012-04-30,44.0,83.0,0.0,0.0,0.0,0.0,1.0,0.0,11.0,0
44.00_83.00,2012-05-07,44.0,83.0,0.0,0.0,0.0,0.0,0.0,0.0,12.0,0
44.00_83.00,2012-05-14,44.0,83.0,0.0,0.0,0.0,0.0,0.0,0.0,13.0,0
44.00_83.00,2012-05-21,44.0,83.0,0.0,0.0,0.0,0.0,0.0,0.0,14.0,0
44.00_83.00,2012-05-28,44.0,83.0,0.0,0.0,0.0,0.0,0.0,0.0,15.0,0
44.00_83.00,2012-06-04,44.0,83.0,0.0,0.0,0.0,0.0,0.0,0.0,16.0,0
44.00_83.00,2012-06-11,44.0,83.0,0.0,0.0,0.0,0.0,0.0,0.0,17.0,0
44.00_83.00,2012-06-18,44.0,83.0,0.0,0.0,0.0,0.0,0.0,0.0,18.0,0
44.00_83.00,2012-06-25,44.0,83.0,0.0,0.0,0.0,0.0,0.0,0.0,19.0,0
44.00_83.00,2012-07-02,44.0,83.0,0.0,0.0,0.0,0.0,0.0,0.0,20.0,0
44.00_83.00,2012-07-09,44.0,83.0,0.0,0.0,0.0,0.0,0.0,0.0,21.0,0
44.00_83.00,2012-07-16,44.0,83.0,0.0,0.0,0.0,0.0,0.0,0.0,22.0,0
44.00_83.00,2012-07-23,44.0,83.0,0.0,0.0,0.0,0.0,0.0,0.0,23.0,0
44.00_83.00,2012-07-30,44.0,83.0,0.0,0.0,0.0,0.0,0.0,0.0,24.0,0
44.00_83.00,2012-08-06,44.0,83.0,0.0,0.0,0.0,0.0,0.0,0.0,25.0,0
44.00_83.00,2012-08-13,44.0,83.0,0.0,0.0,0.0,0.0,0.0,0.0,26.0,0
44.00_83.00,2012-08-20,44.0,83.0,0.0,0.0,0.0,0.0,0.0,0.0,27.0,0
44.00_83.00,2012-08-27,44.0,83.0,0.0,0.0,0.0,0.0,0.0,0.0,28.0,0
44.00_83.00,2012-09-03,44.0,83.0,0.0,0.0,0.0,0.0,0.0,0.0,29.0,0
44.00_83.00,2012-09-10,44.0,83.0,0.0,0.0,0.0,0.0,0.0,0.0,30.0,0
44.00_83.00,2012-09-17,44.0,83.0,0.0,0.0,0.0,0.0,0.0,0.0,31.0,0
44.00_83.00,2012-09-24,44.0,83.0,0.0,0.0,0.0,0.0,0.0,0.0,32.0,0
44.00_83.00,2012-10-01,44.0,83.0,0.0,0.0,0.0,0.0,0.0,0.0,33.0,0
44.00_83.00,2012-10-08,44.0,83.0,0.0,0.0,0.0,0.0,0.0,0.0,34.0,0
44.00_83.00,2012-10-15,44.0,83.0,0.0,0.0,0.0,0.0,0.0,0.0,35.0,0
44.00_83.00,2012-10-22,44.0,83.0,0.0,0.0,0.0,0.0,0.0,0.0,36.0,0
44.00_83.00,2012-10-29,44.0,83.0,0.0,0.0,0.0,0.0,0.0,0.0,37.0,0
44.00_83.00,2012-11-05,44.0,83.0,0.0,0.0,0.0,0.0,0.0,0.0,38.0,0
44.00_83.00,2012-11-12,44.0,83.0,0.0,0.0,0.0,0.0,0.0,0.0,39.0,0
44.00_83.00,2012-11-19,44.0,83.0,0.0,0.0,0.0,0.0,0.0,0.0,40.0,0
44.00_83.00,2012-11-26,44.0,83.0,0.0,0.0,0.0,0.0,0.0,0.0,41.0,0
44.00_83.00,2012-12-03,44.0,83.0,0.0,0.0,0.0,0.0,0.0,0.0,42.0,0
44.00_83.00,2012-12-10,44.0,83.0,0.0,0.0,0.0,0.0,0.0,0.0,43.0,0
44.00_83.00,2012-12-17,44.0,83.0,0.0,0.0,0.0,0.0,0.0,0.0,44.0,0
44.00_83.00,2012-12-24,44.0,83.0,0.0,0.0,0.0,0.0,0.0,0.0,45.0,0
44.00_83.00,2012-12-31,44.0,83.0,0.0,0.0,0.0,0.0,0.0,0.0,46.0,0
44.00_83.00,2013-01-07,44.0,83.0,0.0,0.0,0.0,0.0,0.0,0.0,47.0,0
44.00_83.00,2013-01-14,44.0,83.0,0.0,0.0,0.0,0.0,0.0,0.0,48.0,0
44.00_83.00,2013-01-21,44.0,83.0,0.0,0.0,0.0,0.0,0.0,0.0,49.0,0
44.00_83.00,2013-01-28,44.0,83.0,0.0,0.0,0.0,0.0,0.0,0.0,50.0,0
44.00_83.00,2013-02-04,44.0,83.0,0.0,0.0,0.0,0.0,0.0,0.0,51.0,0
44.00_83.00,2013-02-11,44.0,83.0,0.0,0.0,0.0,0.0,0.0,0.0,52.0,0
44.00_83.00,2013-02-18,44.0,83.0,0.0,0.0,0.0,0.0,0.0,0.0,53.0,0
44.00_83.00,2013-02-25,44.0,83.0,0.0,0.0,0.0,0.0,0.0,0.0,54.0,0
44.00_83.00,2013-03-04,44.0,83.0,0.0,0.0,0.0,0.0,0.0,0.0,55.0,0
44.00_83.00,2013-03-11,44.0,83.0,0.0,0.0,0.0,0.0,0.0,0.0,56.0,0
44.00_83.00,2013-03-18,44.0,83.0,0.0,0.0,0.0,0.0,0.0,0.0,57.0,0
44.00_83.00,2013-03-25,44.0,83.0,0.0,0.0,0.0,0.0,0.0,0.0,58.0,0
44.00_83.00,2013-04-01,44.0,83.0,0.0,0.0,0.0,0.0,0.0,0.0,59.0,0
44.00_83.00,2013-04-08,44.0,83.0,0.0,0.0,0.0,0.0,0.0,0.0,60.0,0
44.00_83.00,2013-04-15,44.0,83.0,0.0,0.0,0.0,0.0,0.0,0.0,61.0,0
44.00_83.00,2013-04-22,44.0,83.0,0.0,0.0,0.0,0.0,0.0,0.0,62.0,0
44.00_83.00,2013-04-29,44.0,83.0,0.0,0.0,0.0,0.0,0.0,0.0,63.0,0
44.00_83.00,2013-05-06,44.0,83.0,0.0,0.0,0.0,0.0,0.0,0.0,64.0,0
44.00_83.00,2013-05-13,44.0,83.0,0.0,0.0,0.0,0.0,0.0,0.0,65.0,0
44.00_83.00,2013-05-20,44.0,83.0,0.0,0.0,0.0,0.0,0.0,0.0,66.0,0
44.00_83.00,2013-05-27,44.0,83.0,0.0,0.0,0.0,0.0,0.0,0.0,67.0,0
44.00_83.00,2013-06-03,44.0,83.0,0.0,0.0,0.0,0.0,0.0,0.0,68.0,0
44.00_83.00,2013-06-10,44.0,83.0,0.0,0.0,0.0,0.0,0.0,0.0,69.0,0
44.00_83.00,2013-06-17,44.0,83.0,0.0,0.0,0.0,0.0,0.0,0.0,70.0,0
44.00_83.00,2013-06-24,44.0,83.0,0.0,0.0,0.0,0.0,0.0,0.0,71.0,2
44.00_83.00,2013-07-01,44.0,83.0,2.0,4.7,4.5,4.7,2.0,16843597.79492314,0.0,0
44.00_83.00,2013-07-08,44.0,83.0,0.0,0.0,0.0,4.7,2.0,16843597.79492314,1.0,0
44.00_83.00,2013-07-15,44.0,83.0,0.0,0.0,0.0,4.7,2.0,16843597.79492314,2.0,0
44.00_83.00,2013-07-22,44.0,83.0,0.0,0.0,0.0,4.7,2.0,16843597.79492314,3.0,0
44.00_83.00,2013-07-29,44.0,83.0,0.0,0.0,0.0,0.0,2.0,16843597.79492314,4.0,1
44.00_83.00,2013-08-05,44.0,83.0,1.0,4.9,4.9,4.9,3.0,39230809.18060657,0.0,0
44.00_83.00,2013-08-12,44.0,83.0,0.0,0.0,0.0,4.9,3.0,39230809.18060657,1.0,0
44.00_83.00,2013-08-19,44.0,83.0,0.0,0.0,0.0,4.9,3.0,39230809.18060657,2.0,0
44.00_83.00,2013-08-26,44.0,83.0,0.0,0.0,0.0,4.9,3.0,22387211.385683425,3.0,0
44.00_83.00,2013-09-02,44.0,83.0,0.0,0.0,0.0,0.0,3.0,22387211.385683425,4.0,0
44.00_83.00,2013-09-09,44.0,83.0,0.0,0.0,0.0,0.0,3.0,22387211.385683425,5.0,0
44.00_83.00,2013-09-16,44.0,83.0,0.0,0.0,0.0,0.0,3.0,22387211.385683425,6.0,0
44.00_83.00,2013-09-23,44.0,83.0,0.0,0.0,0.0,0.0,1.0,22387211.385683425,7.0,0
44.00_83.00,2013-09-30,44.0,83.0,0.0,0.0,0.0,0.0,1.0,0.0,8.0,0
44.00_83.00,2013-10-07,44.0,83.0,0.0,0.0,0.0,0.0,1.0,0.0,9.0,0
44.00_83.00,2013-10-14,44.0,83.0,0.0,0.0,0.0,0.0,1.0,0.0,10.0,0
44.00_83.00,2013-10-21,44.0,83.0,0.0,0.0,0.0,0.0,1.0,0.0,11.0,0
44.00_83.00,2013-10-28,44.0,83.0,0.0,0.0,0.0,0.0,0.0,0.0,12.0,0
44.00_83.00,2013-11-04,44.0,83.0,0.0,0.0,0.0,0.0,0.0,0.0,13.0,0
44.00_83.00,2013-11-11,44.0,83.0,0.0,0.0,0.0,0.0,0.0,0.0,14.0,0
44.00_83.00,2013-11-18,44.0,83.0,0.0,0.0,0.0,0.0,0.0,0.0,15.0,0
44.00_83.00,2013-11-25,44.0,83.0,0.0,0.0,0.0,0.0,0.0,0.0,16.0,0
44.00_83.00,2013-12-02,44.0,83.0,0.0,0.0,0.0,0.0,0.0,0.0,17.0,0
44.00_83.00,2013-12-09,44.0,83.0,0.0,0.0,0.0,0.0,0.0,0.0,18.0,0
44.00_83.00,2013-12-16,44.0,83.0,0.0,0.0,0.0,0.0,0.0,0.0,19.0,0
44.00_83.00,2013-12-23,44.0,83.0,0.0,0.0,0.0,0.0,0.0,0.0,20.0,0
44.00_83.00,2013-12-30,44.0,83.0,0.0,0.0,0.0,0.0,0.0,0.0,21.0,0
44.00_83.00,2014-01-06,44.0,83.0,0.0,0.0,0.0,0.0,0.0,0.0,22.0,0
44.00_83.00,2014-01-13,44.0,83.0,0.0,0.0,0.0,0.0,0.0,0.0,23.0,0
44.00_83.00,2014-01-20,44.0,83.0,0.0,0.0,0.0,0.0,0.0,0.0,24.0,0
44.00_83.00,2014-01-27,44.0,83.0,0.0,0.0,0.0,0.0,0.0,0.0,25.0,0
44.00_83.00,2014-02-03,44.0,83.0,0.0,0.0,0.0,0.0,0.0,0.0,26.0,0
44.00_83.00,2014-02-10,44.0,83.0,0.0,0.0,0.0,0.0,0.0,0.0,27.0,0
44.00_83.00,2014-02-17,44.0,83.0,0.0,0.0,0.0,0.0,0.0,0.0,28.0,0
44.00_83.00,2014-02-24,44.0,83.0,0.0,0.0,0.0,0.0,0.0,0.0,29.0,0
44.00_83.00,2014-03-03,44.0,83.0,0.0,0.0,0.0,0.0,0.0,0.0,30.0,0
44.00_83.00,2014-03-10,44.0,83.0,0.0,0.0,0.0,0.0,0.0,0.0,31.0,0
44.00_83.00,2014-03-17,44.0,83.0,0.0,0.0,0.0,0.0,0.0,0.0,32.0,0
44.00_83.00,2014-03-24,44.0,83.0,0.0,0.0,0.0,0.0,0.0,0.0,33.0,0
44.00_83.00,2014-03-31,44.0,83.0,0.0,0.0,0.0,0.0,0.0,0.0,34.0,0
44.00_83.00,2014-04-07,44.0,83.0,0.0,0.0,0.0,0.0,0.0,0.0,35.0,0
44.00_83.00,2014-04-14,44.0,83.0,0.0,0.0,0.0,0.0,0.0,0.0,36.0,0
44.00_83.00,2014-04-21,44.0,83.0,0.0,0.0,0.0,0.0,0.0,0.0,37.0,0
44.00_83.00,2014-04-28,44.0,83.0,0.0,0.0,0.0,0.0,0.0,0.0,38.0,0
44.00_83.00,2014-05-05,44.0,83.0,0.0,0.0,0.0,0.0,0.0,0.0,39.0,0
44.00_83.00,2014-05-12,44.0,83.0,0.0,0.0,0.0,0.0,0.0,0.0,40.0,0
44.00_83.00,2014-05-19,44.0,83.0,0.0,0.0,0.0,0.0,0.0,0.0,41.0,0
44.00_83.00,2014-05-26,44.0,83.0,0.0,0.0,0.0,0.0,0.0,0.0,42.0,0
44.00_83.00,2014-06-02,44.0,83.0,0.0,0.0,0.0,0.0,0.0,0.0,43.0,0
44.00_83.00,2014-06-09,44.0,83.0,0.0,0.0,0.0,0.0,0.0,0.0,44.0,0
44.00_83.00,2014-06-16,44.0,83.0,0.0,0.0,0.0,0.0,0.0,0.0,45.0,0
44.00_83.00,2014-06-23,44.0,83.0,0.0,0.0,0.0,0.0,0.0,0.0,46.0,0
44.00_83.00,2014-06-30,44.0,83.0,0.0,0.0,0.0,0.0,0.0,0.0,47.0,0
44.00_83.00,2014-07-07,44.0,83.0,0.0,0.0,0.0,0.0,0.0,0.0,48.0,0
44.00_83.00,2014-07-14,44.0,83.0,0.0,0.0,0.0,0.0,0.0,0.0,49.0,0
44.00_83.00,2014-07-21,44.0,83.0,0.0,0.0,0.0,0.0,0.0,0.0,50.0,0
44.00_83.00,2014-07-28,44.0,83.0,0.0,0.0,0.0,0.0,0.0,0.0,51.0,0
44.00_83.00,2014-08-04,44.0,83.0,0.0,0.0,0.0,0.0,0.0,0.0,52.0,0
44.00_83.00,2014-08-11,44.0,83.0,0.0,0.0,0.0,0.0,0.0,0.0,53.0,0
44.00_83.00,2014-08-18,44.0,83.0,0.0,0.0,0.0,0.0,0.0,0.0,54.0,0
44.00_83.00,2014-08-25,44.0,83.0,0.0,0.0,0.0,0.0,0.0,0.0,55.0,0
44.00_83.00,2014-09-01,44.0,83.0,0.0,0.0,0.0,0.0,0.0,0.0,56.0,0
44.00_83.00,2014-09-08,44.0,83.0,0.0,0.0,0.0,0.0,0.0,0.0,57.0,0
44.00_83.00,2014-09-15,44.0,83.0,0.0,0.0,0.0,0.0,0.0,0.0,58.0,0
44.00_83.00,2014-09-22,44.0,83.0,0.0,0.0,0.0,0.0,0.0,0.0,59.0,0
44.00_83.00,2014-09-29,44.0,83.0,0.0,0.0,0.0,0.0,0.0,0.0,60.0,0
44.00_83.00,2014-10-06,44.0,83.0,0.0,0.0,0.0,0.0,0.0,0.0,61.0,0
44.00_83.00,2014-10-13,44.0,83.0,0.0,0.0,0.0,0.0,0.0,0.0,62.0,0
44.00_83.00,2014-10-20,44.0,83.0,0.0,0.0,0.0,0.0,0.0,0.0,63.0,0
44.00_83.00,2014-10-27,44.0,83.0,0.0,0.0,0.0,0.0,0.0,0.0,64.0,0
44.00_83.00,2014-11-03,44.0,83.0,0.0,0.0,0.0,0.0,0.0,0.0,65.0,1
44.00_83.00,2014-11-10,44.0,83.0,1.0,4.6,4.6,4.6,1.0,7943282.347242805,0.0,0
44.00_83.00,2014-11-17,44.0,83.0,0.0,0.0,0.0,4.6,1.0,7943282.347242805,1.0,0
44.00_83.00,2014-11-24,44.0,83.0,0.0,0.0,0.0,4.6,1.0,7943282.347242805,2.0,0
44.00_83.00,2014-12-01,44.0,83.0,0.0,0.0,0.0,4.6,1.0,7943282.347242805,3.0,0
44.00_83.00,2014-12-08,44.0,83.0,0.0,0.0,0.0,0.0,1.0,7943282.347242805,4.0,0
44.00_83.00,2014-12-15,44.0,83.0,0.0,0.0,0.0,0.0,1.0,7943282.347242805,5.0,0
44.00_83.00,2014-12-22,44.0,83.0,0.0,0.0,0.0,0.0,1.0,7943282.347242805,6.0,0
44.00_83.00,2014-12-29,44.0,83.0,0.0,0.0,0.0,0.0,1.0,7943282.347242805,7.0,0
44.00_83.00,2015-01-05,44.0,83.0,0.0,0.0,0.0,0.0,1.0,0.0,8.0,0
44.00_83.00,2015-01-12,44.0,83.0,0.0,0.0,0.0,0.0,1.0,0.0,9.0,0
44.00_83.00,2015-01-19,44.0,83.0,0.0,0.0,0.0,0.0,1.0,0.0,10.0,1
44.00_83.00,2015-01-26,44.0,83.0,1.0,4.8,4.8,4.8,2.0,15848931.924611108,0.0,0
44.00_83.00,2015-02-02,44.0,83.0,0.0,0.0,0.0,4.8,1.0,15848931.924611108,1.0,0
44.00_83.00,2015-02-09,44.0,83.0,0.0,0.0,0.0,4.8,1.0,15848931.924611108,2.0,0
44.00_83.00,2015-02-16,44.0,83.0,0.0,0.0,0.0,4.8,1.0,15848931.924611108,3.0,0
44.00_83.00,2015-02-23,44.0,83.0,0.0,0.0,0.0,0.0,1.0,15848931.924611108,4.0,0
44.00_83.00,2015-03-02,44.0,83.0,0.0,0.0,0.0,0.0,1.0,15848931.924611108,5.0,0
44.00_83.00,2015-03-09,44.0,83.0,0.0,0.0,0.0,0.0,1.0,15848931.924611108,6.0,0
44.00_83.00,2015-03-16,44.0,83.0,0.0,0.0,0.0,0.0,1.0,15848931.924611108,7.0,0
44.00_83.00,2015-03-23,44.0,83.0,0.0,0.0,0.0,0.0,1.0,0.0,8.0,0
44.00_83.00,2015-03-30,44.0,83.0,0.0,0.0,0.0,0.0,1.0,0.0,9.0,0
44.00_83.00,2015-04-06,44.0,83.0,0.0,0.0,0.0,0.0,1.0,0.0,10.0,0
44.00_83.00,2015-04-13,44.0,83.0,0.0,0.0,0.0,0.0,1.0,0.0,11.0,0
44.00_83.00,2015-04-20,44.0,83.0,0.0,0.0,0.0,0.0,0.0,0.0,12.0,0
44.00_83.00,2015-04-27,44.0,83.0,0.0,0.0,0.0,0.0,0.0,0.0,13.0,0
44.00_83.00,2015-05-04,44.0,83.0,0.0,0.0,0.0,0.0,0.0,0.0,14.0,0
44.00_83.00,2015-05-11,44.0,83.0,0.0,0.0,0.0,0.0,0.0,0.0,15.0,0
44.00_83.00,2015-05-18,44.0,83.0,0.0,0.0,0.0,0.0,0.0,0.0,16.0,0
44.00_83.00,2015-05-25,44.0,83.0,0.0,0.0,0.0,0.0,0.0,0.0,17.0,0
44.00_83.00,2015-06-01,44.0,83.0,0.0,0.0,0.0,0.0,0.0,0.0,18.0,0
44.00_83.00,2015-06-08,44.0,83.0,0.0,0.0,0.0,0.0,0.0,0.0,19.0,0
44.00_83.00,2015-06-15,44.0,83.0,0.0,0.0,0.0,0.0,0.0,0.0,20.0,0
44.00_83.00,2015-06-22,44.0,83.0,0.0,0.0,0.0,0.0,0.0,0.0,21.0,0
44.00_83.00,2015-06-29,44.0,83.0,0.0,0.0,0.0,0.0,0.0,0.0,22.0,0
44.00_83.00,2015-07-06,44.0,83.0,0.0,0.0,0.0,0.0,0.0,0.0,23.0,0
44.00_83.00,2015-07-13,44.0,83.0,0.0,0.0,0.0,0.0,0.0,0.0,24.0,0
44.00_83.00,2015-07-20,44.0,83.0,0.0,0.0,0.0,0.0,0.0,0.0,25.0,0
44.00_83.00,2015-07-27,44.0,83.0,0.0,0.0,0.0,0.0,0.0,0.0,26.0,0
44.00_83.00,2015-08-03,44.0,83.0,0.0,0.0,0.0,0.0,0.0,0.0,27.0,0
44.00_83.00,2015-08-10,44.0,83.0,0.0,0.0,0.0,0.0,0.0,0.0,28.0,0
44.00_83.00,2015-08-17,44.0,83.0,0.0,0.0,0.0,0.0,0.0,0.0,29.0,0
44.00_83.00,2015-08-24,44.0,83.0,0.0,0.0,0.0,0.0,0.0,0.0,30.0,0
44.00_83.00,2015-08-31,44.0,83.0,0.0,0.0,0.0,0.0,0.0,0.0,31.0,0
44.00_83.00,2015-09-07,44.0,83.0,0.0,0.0,0.0,0.0,0.0,0.0,32.0,0
44.00_83.00,2015-09-14,44.0,83.0,0.0,0.0,0.0,0.0,0.0,0.0,33.0,0
44.00_83.00,2015-09-21,44.0,83.0,0.0,0.0,0.0,0.0,0.0,0.0,34.0,0
44.00_83.00,2015-09-28,44.0,83.0,0.0,0.0,0.0,0.0,0.0,0.0,35.0,0
44.00_83.00,2015-10-05,44.0,83.0,0.0,0.0,0.0,0.0,0.0,0.0,36.0,0
44.00_83.00,2015-10-12,44.0,83.0,0.0,0.0,0.0,0.0,0.0,0.0,37.0,0
44.00_83.00,2015-10-19,44.0,83.0,0.0,0.0,0.0,0.0,0.0,0.0,38.0,0
44.00_83.00,2015-10-26,44.0,83.0,0.0,0.0,0.0,0.0,0.0,0.0,39.0,0
44.00_83.00,2015-11-02,44.0,83.0,0.0,0.0,0.0,0.0,0.0,0.0,40.0,0
44.00_83.00,2015-11-09,44.0,83.0,0.0,0.0,0.0,0.0,0.0,0.0,41.0,0
44.00_83.00,2015-11-16,44.0,83.0,0.0,0.0,0.0,0.0,0.0,0.0,42.0,0
44.00_83.00,2015-11-23,44.0,83.0,0.0,0.0,0.0,0.0,0.0,0.0,43.0,0
44.00_83.00,2015-11-30,44.0,83.0,0.0,0.0,0.0,0.0,0.0,0.0,44.0,0
44.00_83.00,2015-12-07,44.0,83.0,0.0,0.0,0.0,0.0,0.0,0.0,45.0,0
44.00_83.00,2015-12-14,44.0,83.0,0.0,0.0,0.0,0.0,0.0,0.0,46.0,0
44.00_83.00,2015-12-21,44.0,83.0,0.0,0.0,0.0,0.0,0.0,0.0,47.0,0
44.00_83.00,2015-12-28,44.0,83.0,0.0,0.0,0.0,0.0,0.0,0.0,48.0,0
44.00_83.00,2016-01-04,44.0,83.0,0.0,0.0,0.0,0.0,0.0,0.0,49.0,0
44.00_83.00,2016-01-11,44.0,83.0,0.0,0.0,0.0,0.0,0.0,0.0,50.0,0
44.00_83.00,2016-01-18,44.0,83.0,0.0,0.0,0.0,0.0,0.0,0.0,51.0,0
44.00_83.00,2016-01-25,44.0,83.0,0.0,0.0,0.0,0.0,0.0,0.0,52.0,0
44.00_83.00,2016-02-01,44.0,83.0,0.0,0.0,0.0,0.0,0.0,0.0,53.0,0
44.00_83.00,2016-02-08,44.0,83.0,0.0,0.0,0.0,0.0,0.0,0.0,54.0,0
44.00_83.00,2016-02-15,44.0,83.0,0.0,0.0,0.0,0.0,0.0,0.0,55.0,0
44.00_83.00,2016-02-22,44.0,83.0,0.0,0.0,0.0,0.0,0.0,0.0,56.0,0
44.00_83.00,2016-02-29,44.0,83.0,0.0,0.0,0.0,0.0,0.0,0.0,57.0,0
44.00_83.00,2016-03-07,44.0,83.0,0.0,0.0,0.0,0.0,0.0,0.0,58.0,0
44.00_83.00,2016-03-14,44.0,83.0,0.0,0.0,0.0,0.0,0.0,0.0,59.0,0
44.00_83.00,2016-03-21,44.0,83.0,0.0,0.0,0.0,0.0,0.0,0.0,60.0,0
44.00_83.00,2016-03-28,44.0,83.0,0.0,0.0,0.0,0.0,0.0,0.0,61.0,0
44.00_83.00,2016-04-04,44.0,83.0,0.0,0.0,0.0,0.0,0.0,0.0,62.0,0
44.00_83.00,2016-04-11,44.0,83.0,0.0,0.0,0.0,0.0,0.0,0.0,63.0,0
44.00_83.00,2016-04-18,44.0,83.0,0.0,0.0,0.0,0.0,0.0,0.0,64.0,0
44.00_83.00,2016-04-25,44.0,83.0,0.0,0.0,0.0,0.0,0.0,0.0,65.0,0
44.00_83.00,2016-05-02,44.0,83.0,0.0,0.0,0.0,0.0,0.0,0.0,66.0,0
44.00_83.00,2016-05-09,44.0,83.0,0.0,0.0,0.0,0.0,0.0,0.0,67.0,0
44.00_83.00,2016-05-16,44.0,83.0,0.0,0.0,0.0,0.0,0.0,0.0,68.0,0
44.00_83.00,2016-05-23,44.0,83.0,0.0,0.0,0.0,0.0,0.0,0.0,69.0,0
44.00_83.00,2016-05-30,44.0,83.0,0.0,0.0,0.0,0.0,0.0,0.0,70.0,0
44.00_83.00,2016-06-06,44.0,83.0,0.0,0.0,0.0,0.0,0.0,0.0,71.0,0
44.00_83.00,2016-06-13,44.0,83.0,0.0,0.0,0.0,0.0,0.0,0.0,72.0,0
44.00_83.00,2016-06-20,44.0,83.0,0.0,0.0,0.0,0.0,0.0,0.0,73.0,0
44.00_83.00,2016-06-27,44.0,83.0,0.0,0.0,0.0,0.0,0.0,0.0,74.0,0
44.00_83.00,2016-07-04,44.0,83.0,0.0,0.0,0.0,0.0,0.0,0.0,75.0,0
44.00_83.00,2016-07-11,44.0,83.0,0.0,0.0,0.0,0.0,0.0,0.0,76.0,0
44.00_83.00,2016-07-18,44.0,83.0,0.0,0.0,0.0,0.0,0.0,0.0,77.0,0
44.00_83.00,2016-07-25,44.0,83.0,0.0,0.0,0.0,0.0,0.0,0.0,78.0,0
44.00_83.00,2016-08-01,44.0,83.0,0.0,0.0,0.0,0.0,0.0,0.0,79.0,0
44.00_83.00,2016-08-08,44.0,83.0,0.0,0.0,0.0,0.0,0.0,0.0,80.0,0
44.00_83.00,2016-08-15,44.0,83.0,0.0,0.0,0.0,0.0,0.0,0.0,81.0,0
44.00_83.00,2016-08-22,44.0,83.0,0.0,0.0,0.0,0.0,0.0,0.0,82.0,0
44.00_83.00,2016-08-29,44.0,83.0,0.0,0.0,0.0,0.0,0.0,0.0,83.0,0
44.00_83.00,2016-09-05,44.0,83.0,0.0,0.0,0.0,0.0,0.0,0.0,84.0,0
44.00_83.00,2016-09-12,44.0,83.0,0.0,0.0,0.0,0.0,0.0,0.0,85.0,0
44.00_83.00,2016-09-19,44.0,83.0,0.0,0.0,0.0,0.0,0.0,0.0,86.0,0
44.00_83.00,2016-09-26,44.0,83.0,0.0,0.0,0.0,0.0,0.0,0.0,87.0,0
44.00_83.00,2016-10-03,44.0,83.0,0.0,0.0,0.0,0.0,0.0,0.0,88.0,0
44.00_83.00,2016-10-10,44.0,83.0,0.0,0.0,0.0,0.0,0.0,0.0,89.0,0
44.00_83.00,2016-10-17,44.0,83.0,0.0,0.0,0.0,0.0,0.0,0.0,90.0,0
44.00_83.00,2016-10-24,44.0,83.0,0.0,0.0,0.0,0.0,0.0,0.0,91.0,0
44.00_83.00,2016-10-31,44.0,83.0,0.0,0.0,0.0,0.0,0.0,0.0,92.0,0
44.00_83.00,2016-11-07,44.0,83.0,0.0,0.0,0.0,0.0,0.0,0.0,93.0,0
44.00_83.00,2016-11-14,44.0,83.0,0.0,0.0,0.0,0.0,0.0,0.0,94.0,0
44.00_83.00,2016-11-21,44.0,83.0,0.0,0.0,0.0,0.0,0.0,0.0,95.0,0
44.00_83.00,2016-11-28,44.0,83.0,0.0,0.0,0.0,0.0,0.0,0.0,96.0,0
44.00_83.00,2016-12-05,44.0,83.0,0.0,0.0,0.0,0.0,0.0,0.0,97.0,0
44.00_83.00,2016-12-12,44.0,83.0,0.0,0.0,0.0,0.0,0.0,0.0,98.0,0
44.00_83.00,2016-12-19,44.0,83.0,0.0,0.0,0.0,0.0,0.0,0.0,99.0,0
44.00_83.00,2016-12-26,44.0,83.0,0.0,0.0,0.0,0.0,0.0,0.0,100.0,0
44.00_83.00,2017-01-02,44.0,83.0,0.0,0.0,0.0,0.0,0.0,0.0,101.0,0
44.00_83.00,2017-01-09,44.0,83.0,0.0,0.0,0.0,0.0,0.0,0.0,102.0,0
44.00_83.00,2017-01-16,44.0,83.0,0.0,0.0,0.0,0.0,0.0,0.0,103.0,0
44.00_83.00,2017-01-23,44.0,83.0,0.0,0.0,0.0,0.0,0.0,0.0,104.0,0
44.00_83.00,2017-01-30,44.0,83.0,0.0,0.0,0.0,0.0,0.0,0.0,105.0,0
44.00_83.00,2017-02-06,44.0,83.0,0.0,0.0,0.0,0.0,0.0,0.0,106.0,0
44.00_83.00,2017-02-13,44.0,83.0,0.0,0.0,0.0,0.0,0.0,0.0,107.0,0
44.00_83.00,2017-02-20,44.0,83.0,0.0,0.0,0.0,0.0,0.0,0.0,108.0,0
44.00_83.00,2017-02-27,44.0,83.0,0.0,0.0,0.0,0.0,0.0,0.0,109.0,0
44.00_83.00,2017-03-06,44.0,83.0,0.0,0.0,0.0,0.0,0.0,0.0,110.0,0
44.00_83.00,2017-03-13,44.0,83.0,0.0,0.0,0.0,0.0,0.0,0.0,111.0,0
44.00_83.00,2017-03-20,44.0,83.0,0.0,0.0,0.0,0.0,0.0,0.0,112.0,0
44.00_83.00,2017-03-27,44.0,83.0,0.0,0.0,0.0,0.0,0.0,0.0,113.0,0
44.00_83.00,2017-04-03,44.0,83.0,0.0,0.0,0.0,0.0,0.0,0.0,114.0,0
44.00_83.00,2017-04-10,44.0,83.0,0.0,0.0,0.0,0.0,0.0,0.0,115.0,0
44.00_83.00,2017-04-17,44.0,83.0,0.0,0.0,0.0,0.0,0.0,0.0,116.0,0
44.00_83.00,2017-04-24,44.0,83.0,0.0,0.0,0.0,0.0,0.0,0.0,117.0,0
44.00_83.00,2017-05-01,44.0,83.0,0.0,0.0,0.0,0.0,0.0,0.0,118.0,0
44.00_83.00,2017-05-08,44.0,83.0,0.0,0.0,0.0,0.0,0.0,0.0,119.0,0
44.00_83.00,2017-05-15,44.0,83.0,0.0,0.0,0.0,0.0,0.0,0.0,120.0,0
44.00_83.00,2017-05-22,44.0,83.0,0.0,0.0,0.0,0.0,0.0,0.0,121.0,0
44.00_83.00,2017-05-29,44.0,83.0,0.0,0.0,0.0,0.0,0.0,0.0,122.0,0
44.00_83.00,2017-06-05,44.0,83.0,0.0,0.0,0.0,0.0,0.0,0.0,123.0,0
44.00_83.00,2017-06-12,44.0,83.0,0.0,0.0,0.0,0.0,0.0,0.0,124.0,0
44.00_83.00,2017-06-19,44.0,83.0,0.0,0.0,0.0,0.0,0.0,0.0,125.0,0
44.00_83.00,2017-06-26,44.0,83.0,0.0,0.0,0.0,0.0,0.0,0.0,126.0,0
44.00_83.00,2017-07-03,44.0,83.0,0.0,0.0,0.0,0.0,0.0,0.0,127.0,0
44.00_83.00,2017-07-10,44.0,83.0,0.0,0.0,0.0,0.0,0.0,0.0,128.0,0
44.00_83.00,2017-07-17,44.0,83.0,0.0,0.0,0.0,0.0,0.0,0.0,129.0,0
44.00_83.00,2017-07-24,44.0,83.0,0.0,0.0,0.0,0.0,0.0,0.0,130.0,0
44.00_83.00,2017-07-31,44.0,83.0,0.0,0.0,0.0,0.0,0.0,0.0,131.0,0
44.00_83.00,2017-08-07,44.0,83.0,0.0,0.0,0.0,0.0,0.0,0.0,132.0,0
44.00_83.00,2017-08-14,44.0,83.0,0.0,0.0,0.0,0.0,0.0,0.0,133.0,0
44.00_83.00,2017-08-21,44.0,83.0,0.0,0.0,0.0,0.0,0.0,0.0,134.0,0
44.00_83.00,2017-08-28,44.0,83.0,0.0,0.0,0.0,0.0,0.0,0.0,135.0,0
44.00_83.00,2017-09-04,44.0,83.0,0.0,0.0,0.0,0.0,0.0,0.0,136.0,0
44.00_83.00,2017-09-11,44.0,83.0,0.0,0.0,0.0,0.0,0.0,0.0,137.0,0
44.00_83.00,2017-09-18,44.0,83.0,0.0,0.0,0.0,0.0,0.0,0.0,138.0,0
44.00_83.00,2017-09-25,44.0,83.0,0.0,0.0,0.0,0.0,0.0,0.0,139.0,0
44.00_83.00,2017-10-02,44.0,83.0,0.0,0.0,0.0,0.0,0.0,0.0,140.0,0
44.00_83.00,2017-10-09,44.0,83.0,0.0,0.0,0.0,0.0,0.0,0.0,141.0,0
44.00_83.00,2017-10-16,44.0,83.0,0.0,0.0,0.0,0.0,0.0,0.0,142.0,0
44.00_83.00,2017-10-23,44.0,83.0,0.0,0.0,0.0,0.0,0.0,0.0,143.0,0
44.00_83.00,2017-10-30,44.0,83.0,0.0,0.0,0.0,0.0,0.0,0.0,144.0,0
44.00_83.00,2017-11-06,44.0,83.0,0.0,0.0,0.0,0.0,0.0,0.0,145.0,0
44.00_83.00,2017-11-13,44.0,83.0,0.0,0.0,0.0,0.0,0.0,0.0,146.0,0
44.00_83.00,2017-11-20,44.0,83.0,0.0,0.0,0.0,0.0,0.0,0.0,147.0,0
44.00_83.00,2017-11-27,44.0,83.0,0.0,0.0,0.0,0.0,0.0,0.0,148.0,0
44.00_83.00,2017-12-04,44.0,83.0,0.0,0.0,0.0,0.0,0.0,0.0,149.0,0
44.00_83.00,2017-12-11,44.0,83.0,0.0,0.0,0.0,0.0,0.0,0.0,150.0,0
44.00_83.00,2017-12-18,44.0,83.0,0.0,0.0,0.0,0.0,0.0,0.0,151.0,0
44.00_83.00,2017-12-25,44.0,83.0,0.0,0.0,0.0,0.0,0.0,0.0,152.0,0
44.00_83.00,2018-01-01,44.0,83.0,0.0,0.0,0.0,0.0,0.0,0.0,153.0,0
44.00_83.00,2018-01-08,44.0,83.0,0.0,0.0,0.0,0.0,0.0,0.0,154.0,0
44.00_83.00,2018-01-15,44.0,83.0,0.0,0.0,0.0,0.0,0.0,0.0,155.0,0
44.00_83.00,2018-01-22,44.0,83.0,0.0,0.0,0.0,0.0,0.0,0.0,156.0,0
44.00_83.00,2018-01-29,44.0,83.0,0.0,0.0,0.0,0.0,0.0,0.0,157.0,0
44.00_83.00,2018-02-05,44.0,83.0,0.0,0.0,0.0,0.0,0.0,0.0,158.0,0
44.00_83.00,2018-02-12,44.0,83.0,0.0,0.0,0.0,0.0,0.0,0.0,159.0,0
44.00_83.00,2018-02-19,44.0,83.0,0.0,0.0,0.0,0.0,0.0,0.0,160.0,0
44.00_83.00,2018-02-26,44.0,83.0,0.0,0.0,0.0,0.0,0.0,0.0,161.0,0
44.00_83.00,2018-03-05,44.0,83.0,0.0,0.0,0.0,0.0,0.0,0.0,162.0,0
44.00_83.00,2018-03-12,44.0,83.0,0.0,0.0,0.0,0.0,0.0,0.0,163.0,0
44.00_83.00,2018-03-19,44.0,83.0,0.0,0.0,0.0,0.0,0.0,0.0,164.0,0
44.00_83.00,2018-03-26,44.0,83.0,0.0,0.0,0.0,0.0,0.0,0.0,165.0,0
44.00_83.00,2018-04-02,44.0,83.0,0.0,0.0,0.0,0.0,0.0,0.0,166.0,0
44.00_83.00,2018-04-09,44.0,83.0,0.0,0.0,0.0,0.0,0.0,0.0,167.0,0
44.00_83.00,2018-04-16,44.0,83.0,0.0,0.0,0.0,0.0,0.0,0.0,168.0,0
44.00_83.00,2018-04-23,44.0,83.0,0.0,0.0,0.0,0.0,0.0,0.0,169.0,0
44.00_83.00,2018-04-30,44.0,83.0,0.0,0.0,0.0,0.0,0.0,0.0,170.0,0
44.00_83.00,2018-05-07,44.0,83.0,0.0,0.0,0.0,0.0,0.0,0.0,171.0,0
44.00_83.00,2018-05-14,44.0,83.0,0.0,0.0,0.0,0.0,0.0,0.0,172.0,0
44.00_83.00,2018-05-21,44.0,83.0,0.0,0.0,0.0,0.0,0.0,0.0,173.0,0
44.00_83.00,2018-05-28,44.0,83.0,0.0,0.0,0.0,0.0,0.0,0.0,174.0,0
44.00_83.00,2018-06-04,44.0,83.0,0.0,0.0,0.0,0.0,0.0,0.0,175.0,0
44.00_83.00,2018-06-11,44.0,83.0,0.0,0.0,0.0,0.0,0.0,0.0,176.0,0
44.00_83.00,2018-06-18,44.0,83.0,0.0,0.0,0.0,0.0,0.0,0.0,177.0,0
44.00_83.00,2018-06-25,44.0,83.0,0.0,0.0,0.0,0.0,0.0,0.0,178.0,0
44.00_83.00,2018-07-02,44.0,83.0,0.0,0.0,0.0,0.0,0.0,0.0,179.0,0
44.00_83.00,2018-07-09,44.0,83.0,0.0,0.0,0.0,0.0,0.0,0.0,180.0,0
44.00_83.00,2018-07-16,44.0,83.0,0.0,0.0,0.0,0.0,0.0,0.0,181.0,0
44.00_83.00,2018-07-23,44.0,83.0,0.0,0.0,0.0,0.0,0.0,0.0,182.0,0
44.00_83.00,2018-07-30,44.0,83.0,0.0,0.0,0.0,0.0,0.0,0.0,183.0,0
44.00_83.00,2018-08-06,44.0,83.0,0.0,0.0,0.0,0.0,0.0,0.0,184.0,0
44.00_83.00,2018-08-13,44.0,83.0,0.0,0.0,0.0,0.0,0.0,0.0,185.0,0
44.00_83.00,2018-08-20,44.0,83.0,0.0,0.0,0.0,0.0,0.0,0.0,186.0,0
44.00_83.00,2018-08-27,44.0,83.0,0.0,0.0,0.0,0.0,0.0,0.0,187.0,0
44.00_83.00,2018-09-03,44.0,83.0,0.0,0.0,0.0,0.0,0.0,0.0,188.0,0
44.00_83.00,2018-09-10,44.0,83.0,0.0,0.0,0.0,0.0,0.0,0.0,189.0,0
44.00_83.00,2018-09-17,44.0,83.0,0.0,0.0,0.0,0.0,0.0,0.0,190.0,0
44.00_83.00,2018-09-24,44.0,83.0,0.0,0.0,0.0,0.0,0.0,0.0,191.0,1
44.00_83.00,2018-10-01,44.0,83.0,1.0,4.7,4.7,4.7,1.0,11220184.543019652,0.0,0
44.00_83.00,2018-10-08,44.0,83.0,0.0,0.0,0.0,4.7,1.0,11220184.543019652,1.0,0
44.00_83.00,2018-10-15,44.0,83.0,0.0,0.0,0.0,4.7,1.0,11220184.543019652,2.0,0
44.00_83.00,2018-10-22,44.0,83.0,0.0,0.0,0.0,4.7,1.0,11220184.543019652,3.0,0
44.00_83.00,2018-10-29,44.0,83.0,0.0,0.0,0.0,0.0,1.0,11220184.543019652,4.0,0
44.00_83.00,2018-11-05,44.0,83.0,0.0,0.0,0.0,0.0,1.0,11220184.543019652,5.0,0
44.00_83.00,2018-11-12,44.0,83.0,0.0,0.0,0.0,0.0,1.0,11220184.543019652,6.0,0
44.00_83.00,2018-11-19,44.0,83.0,0.0,0.0,0.0,0.0,1.0,11220184.543019652,7.0,0
44.00_83.00,2018-11-26,44.0,83.0,0.0,0.0,0.0,0.0,1.0,0.0,8.0,0
44.00_83.00,2018-12-03,44.0,83.0,0.0,0.0,0.0,0.0,1.0,0.0,9.0,0
44.00_83.00,2018-12-10,44.0,83.0,0.0,0.0,0.0,0.0,1.0,0.0,10.0,0
44.00_83.00,2018-12-17,44.0,83.0,0.0,0.0,0.0,0.0,1.0,0.0,11.0,0
44.00_83.00,2018-12-24,44.0,83.0,0.0,0.0,0.0,0.0,0.0,0.0,12.0,0
44.00_83.00,2018-12-31,44.0,83.0,0.0,0.0,0.0,0.0,0.0,0.0,13.0,0
44.00_83.00,2019-01-07,44.0,83.0,0.0,0.0,0.0,0.0,0.0,0.0,14.0,0
44.00_83.00,2019-01-14,44.0,83.0,0.0,0.0,0.0,0.0,0.0,0.0,15.0,0
44.00_83.00,2019-01-21,44.0,83.0,0.0,0.0,0.0,0.0,0.0,0.0,16.0,0
44.00_83.00,2019-01-28,44.0,83.0,0.0,0.0,0.0,0.0,0.0,0.0,17.0,0
44.00_83.00,2019-02-04,44.0,83.0,0.0,0.0,0.0,0.0,0.0,0.0,18.0,0
44.00_83.00,2019-02-11,44.0,83.0,0.0,0.0,0.0,0.0,0.0,0.0,19.0,0
44.00_83.00,2019-02-18,44.0,83.0,0.0,0.0,0.0,0.0,0.0,0.0,20.0,0
44.00_83.00,2019-02-25,44.0,83.0,0.0,0.0,0.0,0.0,0.0,0.0,21.0,0
44.00_83.00,2019-03-04,44.0,83.0,0.0,0.0,0.0,0.0,0.0,0.0,22.0,0
44.00_83.00,2019-03-11,44.0,83.0,0.0,0.0,0.0,0.0,0.0,0.0,23.0,0
44.00_83.00,2019-03-18,44.0,83.0,0.0,0.0,0.0,0.0,0.0,0.0,24.0,0
44.00_83.00,2019-03-25,44.0,83.0,0.0,0.0,0.0,0.0,0.0,0.0,25.0,0
44.00_83.00,2019-04-01,44.0,83.0,0.0,0.0,0.0,0.0,0.0,0.0,26.0,0
44.00_83.00,2019-04-08,44.0,83.0,0.0,0.0,0.0,0.0,0.0,0.0,27.0,0
44.00_83.00,2019-04-15,44.0,83.0,0.0,0.0,0.0,0.0,0.0,0.0,28.0,0
44.00_83.00,2019-04-22,44.0,83.0,0.0,0.0,0.0,0.0,0.0,0.0,29.0,0
44.00_83.00,2019-04-29,44.0,83.0,0.0,0.0,0.0,0.0,0.0,0.0,30.0,0
44.00_83.00,2019-05-06,44.0,83.0,0.0,0.0,0.0,0.0,0.0,0.0,31.0,0
44.00_83.00,2019-05-13,44.0,83.0,0.0,0.0,0.0,0.0,0.0,0.0,32.0,0
44.00_83.00,2019-05-20,44.0,83.0,0.0,0.0,0.0,0.0,0.0,0.0,33.0,0
44.00_83.00,2019-05-27,44.0,83.0,0.0,0.0,0.0,0.0,0.0,0.0,34.0,0
44.00_83.00,2019-06-03,44.0,83.0,0.0,0.0,0.0,0.0,0.0,0.0,35.0,0
44.00_83.00,2019-06-10,44.0,83.0,0.0,0.0,0.0,0.0,0.0,0.0,36.0,0
44.00_83.00,2019-06-17,44.0,83.0,0.0,0.0,0.0,0.0,0.0,0.0,37.0,0
44.00_83.00,2019-06-24,44.0,83.0,0.0,0.0,0.0,0.0,0.0,0.0,38.0,0
44.00_83.00,2019-07-01,44.0,83.0,0.0,0.0,0.0,0.0,0.0,0.0,39.0,0
44.00_83.00,2019-07-08,44.0,83.0,0.0,0.0,0.0,0.0,0.0,0.0,40.0,0
44.00_83.00,2019-07-15,44.0,83.0,0.0,0.0,0.0,0.0,0.0,0.0,41.0,0
44.00_83.00,2019-07-22,44.0,83.0,0.0,0.0,0.0,0.0,0.0,0.0,42.0,0
44.00_83.00,2019-07-29,44.0,83.0,0.0,0.0,0.0,0.0,0.0,0.0,43.0,0
44.00_83.00,2019-08-05,44.0,83.0,0.0,0.0,0.0,0.0,0.0,0.0,44.0,0
44.00_83.00,2019-08-12,44.0,83.0,0.0,0.0,0.0,0.0,0.0,0.0,45.0,0
44.00_83.00,2019-08-19,44.0,83.0,0.0,0.0,0.0,0.0,0.0,0.0,46.0,0
44.00_83.00,2019-08-26,44.0,83.0,0.0,0.0,0.0,0.0,0.0,0.0,47.0,0
44.00_83.00,2019-09-02,44.0,83.0,0.0,0.0,0.0,0.0,0.0,0.0,48.0,0
44.00_83.00,2019-09-09,44.0,83.0,0.0,0.0,0.0,0.0,0.0,0.0,49.0,0
44.00_83.00,2019-09-16,44.0,83.0,0.0,0.0,0.0,0.0,0.0,0.0,50.0,0
44.00_83.00,2019-09-23,44.0,83.0,0.0,0.0,0.0,0.0,0.0,0.0,51.0,0
44.00_83.00,2019-09-30,44.0,83.0,0.0,0.0,0.0,0.0,0.0,0.0,52.0,0
44.00_83.00,2019-10-07,44.0,83.0,0.0,0.0,0.0,0.0,0.0,0.0,53.0,0
44.00_83.00,2019-10-14,44.0,83.0,0.0,0.0,0.0,0.0,0.0,0.0,54.0,0
44.00_83.00,2019-10-21,44.0,83.0,0.0,0.0,0.0,0.0,0.0,0.0,55.0,0
44.00_83.00,2019-10-28,44.0,83.0,0.0,0.0,0.0,0.0,0.0,0.0,56.0,0
44.00_83.00,2019-11-04,44.0,83.0,0.0,0.0,0.0,0.0,0.0,0.0,57.0,0
44.00_83.00,2019-11-11,44.0,83.0,0.0,0.0,0.0,0.0,0.0,0.0,58.0,0
44.00_83.00,2019-11-18,44.0,83.0,0.0,0.0,0.0,0.0,0.0,0.0,59.0,0
44.00_83.00,2019-11-25,44.0,83.0,0.0,0.0,0.0,0.0,0.0,0.0,60.0,0
44.00_83.00,2019-12-02,44.0,83.0,0.0,0.0,0.0,0.0,0.0,0.0,61.0,0
44.00_83.00,2019-12-09,44.0,83.0,0.0,0.0,0.0,0.0,0.0,0.0,62.0,0
44.00_83.00,2019-12-16,44.0,83.0,0.0,0.0,0.0,0.0,0.0,0.0,63.0,0
44.00_83.00,2019-12-23,44.0,83.0,0.0,0.0,0.0,0.0,0.0,0.0,64.0,0
44.00_83.00,2019-12-30,44.0,83.0,0.0,0.0,0.0,0.0,0.0,0.0,65.0,0
44.00_83.00,2020-01-06,44.0,83.0,0.0,0.0,0.0,0.0,0.0,0.0,66.0,0
44.00_83.00,2020-01-13,44.0,83.0,0.0,0.0,0.0,0.0,0.0,0.0,67.0,0
44.00_83.00,2020-01-20,44.0,83.0,0.0,0.0,0.0,0.0,0.0,0.0,68.0,0
44.00_83.00,2020-01-27,44.0,83.0,0.0,0.0,0.0,0.0,0.0,0.0,69.0,0
44.00_83.00,2020-02-03,44.0,83.0,0.0,0.0,0.0,0.0,0.0,0.0,70.0,0
44.00_83.00,2020-02-10,44.0,83.0,0.0,0.0,0.0,0.0,0.0,0.0,71.0,0
44.00_83.00,2020-02-17,44.0,83.0,0.0,0.0,0.0,0.0,0.0,0.0,72.0,0
44.00_83.00,2020-02-24,44.0,83.0,0.0,0.0,0.0,0.0,0.0,0.0,73.0,0
44.00_83.00,2020-03-02,44.0,83.0,0.0,0.0,0.0,0.0,0.0,0.0,74.0,0
44.00_83.00,2020-03-09,44.0,83.0,0.0,0.0,0.0,0.0,0.0,0.0,75.0,0
44.00_83.00,2020-03-16,44.0,83.0,0.0,0.0,0.0,0.0,0.0,0.0,76.0,0
44.00_83.00,2020-03-23,44.0,83.0,0.0,0.0,0.0,0.0,0.0,0.0,77.0,0
44.00_83.00,2020-03-30,44.0,83.0,0.0,0.0,0.0,0.0,0.0,0.0,78.0,0
44.00_83.00,2020-04-06,44.0,83.0,0.0,0.0,0.0,0.0,0.0,0.0,79.0,0
44.00_83.00,2020-04-13,44.0,83.0,0.0,0.0,0.0,0.0,0.0,0.0,80.0,0
44.00_83.00,2020-04-20,44.0,83.0,0.0,0.0,0.0,0.0,0.0,0.0,81.0,0
44.00_83.00,2020-04-27,44.0,83.0,0.0,0.0,0.0,0.0,0.0,0.0,82.0,0
44.00_83.00,2020-05-04,44.0,83.0,0.0,0.0,0.0,0.0,0.0,0.0,83.0,0
44.00_83.00,2020-05-11,44.0,83.0,0.0,0.0,0.0,0.0,0.0,0.0,84.0,0
44.00_83.00,2020-05-18,44.0,83.0,0.0,0.0,0.0,0.0,0.0,0.0,85.0,0
44.00_83.00,2020-05-25,44.0,83.0,0.0,0.0,0.0,0.0,0.0,0.0,86.0,0
44.00_83.00,2020-06-01,44.0,83.0,0.0,0.0,0.0,0.0,0.0,0.0,87.0,0
44.00_83.00,2020-06-08,44.0,83.0,0.0,0.0,0.0,0.0,0.0,0.0,88.0,0
44.00_83.00,2020-06-15,44.0,83.0,0.0,0.0,0.0,0.0,0.0,0.0,89.0,0
44.00_83.00,2020-06-22,44.0,83.0,0.0,0.0,0.0,0.0,0.0,0.0,90.0,0
44.00_83.00,2020-06-29,44.0,83.0,0.0,0.0,0.0,0.0,0.0,0.0,91.0,0
44.00_83.00,2020-07-06,44.0,83.0,0.0,0.0,0.0,0.0,0.0,0.0,92.0,0
44.00_83.00,2020-07-13,44.0,83.0,0.0,0.0,0.0,0.0,0.0,0.0,93.0,0
44.00_83.00,2020-07-20,44.0,83.0,0.0,0.0,0.0,0.0,0.0,0.0,94.0,0
44.00_83.00,2020-07-27,44.0,83.0,0.0,0.0,0.0,0.0,0.0,0.0,95.0,0
44.00_83.00,2020-08-03,44.0,83.0,0.0,0.0,0.0,0.0,0.0,0.0,96.0,1
44.00_83.00,2020-08-10,44.0,83.0,1.0,4.7,4.7,4.7,1.0,11220184.543019652,0.0,0
44.00_83.00,2020-08-17,44.0,83.0,0.0,0.0,0.0,4.7,1.0,11220184.543019652,1.0,0
44.00_83.00,2020-08-24,44.0,83.0,0.0,0.0,0.0,4.7,1.0,11220184.543019652,2.0,0
44.00_83.00,2020-08-31,44.0,83.0,0.0,0.0,0.0,4.7,1.0,11220184.543019652,3.0,0
44.00_83.00,2020-09-07,44.0,83.0,0.0,0.0,0.0,0.0,1.0,11220184.543019652,4.0,0
44.00_83.00,2020-09-14,44.0,83.0,0.0,0.0,0.0,0.0,1.0,11220184.543019652,5.0,0
44.00_83.00,2020-09-21,44.0,83.0,0.0,0.0,0.0,0.0,1.0,11220184.543019652,6.0,0
44.00_83.00,2020-09-28,44.0,83.0,0.0,0.0,0.0,0.0,1.0,11220184.543019652,7.0,0
44.00_83.00,2020-10-05,44.0,83.0,0.0,0.0,0.0,0.0,1.0,0.0,8.0,0
44.00_83.00,2020-10-12,44.0,83.0,0.0,0.0,0.0,0.0,1.0,0.0,9.0,0
44.00_83.00,2020-10-19,44.0,83.0,0.0,0.0,0.0,0.0,1.0,0.0,10.0,0
44.00_83.00,2020-10-26,44.0,83.0,0.0,0.0,0.0,0.0,1.0,0.0,11.0,0
44.00_83.00,2020-11-02,44.0,83.0,0.0,0.0,0.0,0.0,0.0,0.0,12.0,0
44.00_83.00,2020-11-09,44.0,83.0,0.0,0.0,0.0,0.0,0.0,0.0,13.0,0
44.00_83.00,2020-11-16,44.0,83.0,0.0,0.0,0.0,0.0,0.0,0.0,14.0,0
44.00_83.00,2020-11-23,44.0,83.0,0.0,0.0,0.0,0.0,0.0,0.0,15.0,0
44.00_83.00,2020-11-30,44.0,83.0,0.0,0.0,0.0,0.0,0.0,0.0,16.0,0
44.00_83.00,2020-12-07,44.0,83.0,0.0,0.0,0.0,0.0,0.0,0.0,17.0,0
44.00_83.00,2020-12-14,44.0,83.0,0.0,0.0,0.0,0.0,0.0,0.0,18.0,0
44.00_83.00,2020-12-21,44.0,83.0,0.0,0.0,0.0,0.0,0.0,0.0,19.0,0
44.00_83.00,2020-12-28,44.0,83.0,0.0,0.0,0.0,0.0,0.0,0.0,20.0,0
44.00_83.00,2021-01-04,44.0,83.0,0.0,0.0,0.0,0.0,0.0,0.0,21.0,0
44.00_83.00,2021-01-11,44.0,83.0,0.0,0.0,0.0,0.0,0.0,0.0,22.0,0
44.00_83.00,2021-01-18,44.0,83.0,0.0,0.0,0.0,0.0,0.0,0.0,23.0,0
44.00_83.00,2021-01-25,44.0,83.0,0.0,0.0,0.0,0.0,0.0,0.0,24.0,0
44.00_83.00,2021-02-01,44.0,83.0,0.0,0.0,0.0,0.0,0.0,0.0,25.0,0
44.00_83.00,2021-02-08,44.0,83.0,0.0,0.0,0.0,0.0,0.0,0.0,26.0,0
44.00_83.00,2021-02-15,44.0,83.0,0.0,0.0,0.0,0.0,0.0,0.0,27.0,0
44.00_83.00,2021-02-22,44.0,83.0,0.0,0.0,0.0,0.0,0.0,0.0,28.0,0
44.00_83.00,2021-03-01,44.0,83.0,0.0,0.0,0.0,0.0,0.0,0.0,29.0,0
44.00_83.00,2021-03-08,44.0,83.0,0.0,0.0,0.0,0.0,0.0,0.0,30.0,0
44.00_83.00,2021-03-15,44.0,83.0,0.0,0.0,0.0,0.0,0.0,0.0,31.0,0
44.00_83.00,2021-03-22,44.0,83.0,0.0,0.0,0.0,0.0,0.0,0.0,32.0,0
44.00_83.00,2021-03-29,44.0,83.0,0.0,0.0,0.0,0.0,0.0,0.0,33.0,0
44.00_83.00,2021-04-05,44.0,83.0,0.0,0.0,0.0,0.0,0.0,0.0,34.0,0
44.00_83.00,2021-04-12,44.0,83.0,0.0,0.0,0.0,0.0,0.0,0.0,35.0,0
44.00_83.00,2021-04-19,44.0,83.0,0.0,0.0,0.0,0.0,0.0,0.0,36.0,0
44.00_83.00,2021-04-26,44.0,83.0,0.0,0.0,0.0,0.0,0.0,0.0,37.0,0
44.00_83.00,2021-05-03,44.0,83.0,0.0,0.0,0.0,0.0,0.0,0.0,38.0,0
44.00_83.00,2021-05-10,44.0,83.0,0.0,0.0,0.0,0.0,0.0,0.0,39.0,0
44.00_83.00,2021-05-17,44.0,83.0,0.0,0.0,0.0,0.0,0.0,0.0,40.0,0
44.00_83.00,2021-05-24,44.0,83.0,0.0,0.0,0.0,0.0,0.0,0.0,41.0,0
44.00_83.00,2021-05-31,44.0,83.0,0.0,0.0,0.0,0.0,0.0,0.0,42.0,0
44.00_83.00,2021-06-07,44.0,83.0,0.0,0.0,0.0,0.0,0.0,0.0,43.0,0
44.00_83.00,2021-06-14,44.0,83.0,0.0,0.0,0.0,0.0,0.0,0.0,44.0,0
44.00_83.00,2021-06-21,44.0,83.0,0.0,0.0,0.0,0.0,0.0,0.0,45.0,0
44.00_83.00,2021-06-28,44.0,83.0,0.0,0.0,0.0,0.0,0.0,0.0,46.0,0
44.00_83.00,2021-07-05,44.0,83.0,0.0,0.0,0.0,0.0,0.0,0.0,47.0,0
44.00_83.00,2021-07-12,44.0,83.0,0.0,0.0,0.0,0.0,0.0,0.0,48.0,0
44.00_83.00,2021-07-19,44.0,83.0,0.0,0.0,0.0,0.0,0.0,0.0,49.0,0
44.00_83.00,2021-07-26,44.0,83.0,0.0,0.0,0.0,0.0,0.0,0.0,50.0,0
44.00_83.00,2021-08-02,44.0,83.0,0.0,0.0,0.0,0.0,0.0,0.0,51.0,0
44.00_83.00,2021-08-09,44.0,83.0,0.0,0.0,0.0,0.0,0.0,0.0,52.0,0
44.00_83.00,2021-08-16,44.0,83.0,0.0,0.0,0.0,0.0,0.0,0.0,53.0,0
44.00_83.00,2021-08-23,44.0,83.0,0.0,0.0,0.0,0.0,0.0,0.0,54.0,0
44.00_83.00,2021-08-30,44.0,83.0,0.0,0.0,0.0,0.0,0.0,0.0,55.0,0
44.00_83.00,2021-09-06,44.0,83.0,0.0,0.0,0.0,0.0,0.0,0.0,56.0,0
44.00_83.00,2021-09-13,44.0,83.0,0.0,0.0,0.0,0.0,0.0,0.0,57.0,0
44.00_83.00,2021-09-20,44.0,83.0,0.0,0.0,0.0,0.0,0.0,0.0,58.0,0
44.00_83.00,2021-09-27,44.0,83.0,0.0,0.0,0.0,0.0,0.0,0.0,59.0,0
44.00_83.00,2021-10-04,44.0,83.0,0.0,0.0,0.0,0.0,0.0,0.0,60.0,0
44.00_83.00,2021-10-11,44.0,83.0,0.0,0.0,0.0,0.0,0.0,0.0,61.0,0
44.00_83.00,2021-10-18,44.0,83.0,0.0,0.0,0.0,0.0,0.0,0.0,62.0,0
44.00_83.00,2021-10-25,44.0,83.0,0.0,0.0,0.0,0.0,0.0,0.0,63.0,0
44.00_83.00,2021-11-01,44.0,83.0,0.0,0.0,0.0,0.0,0.0,0.0,64.0,0
44.00_83.00,2021-11-08,44.0,83.0,0.0,0.0,0.0,0.0,0.0,0.0,65.0,0
44.00_83.00,2021-11-15,44.0,83.0,0.0,0.0,0.0,0.0,0.0,0.0,66.0,0
44.00_83.00,2021-11-22,44.0,83.0,0.0,0.0,0.0,0.0,0.0,0.0,67.0,0
44.00_83.00,2021-11-29,44.0,83.0,0.0,0.0,0.0,0.0,0.0,0.0,68.0,0
44.00_83.00,2021-12-06,44.0,83.0,0.0,0.0,0.0,0.0,0.0,0.0,69.0,0
44.00_83.00,2021-12-13,44.0,83.0,0.0,0.0,0.0,0.0,0.0,0.0,70.0,0
44.00_83.00,2021-12-20,44.0,83.0,0.0,0.0,0.0,0.0,0.0,0.0,71.0,0
44.00_83.00,2021-12-27,44.0,83.0,0.0,0.0,0.0,0.0,0.0,0.0,72.0,0
44.00_83.00,2022-01-03,44.0,83.0,0.0,0.0,0.0,0.0,0.0,0.0,73.0,0
44.00_83.00,2022-01-10,44.0,83.0,0.0,0.0,0.0,0.0,0.0,0.0,74.0,0
44.00_83.00,2022-01-17,44.0,83.0,0.0,0.0,0.0,0.0,0.0,0.0,75.0,0
44.00_83.00,2022-01-24,44.0,83.0,0.0,0.0,0.0,0.0,0.0,0.0,76.0,0
44.00_83.00,2022-01-31,44.0,83.0,0.0,0.0,0.0,0.0,0.0,0.0,77.0,0
44.00_83.00,2022-02-07,44.0,83.0,0.0,0.0,0.0,0.0,0.0,0.0,78.0,0
44.00_83.00,2022-02-14,44.0,83.0,0.0,0.0,0.0,0.0,0.0,0.0,79.0,0
44.00_83.00,2022-02-21,44.0,83.0,0.0,0.0,0.0,0.0,0.0,0.0,80.0,0
44.00_83.00,2022-02-28,44.0,83.0,0.0,0.0,0.0,0.0,0.0,0.0,81.0,0
44.00_83.00,2022-03-07,44.0,83.0,0.0,0.0,0.0,0.0,0.0,0.0,82.0,0
44.00_83.00,2022-03-14,44.0,83.0,0.0,0.0,0.0,0.0,0.0,0.0,83.0,0
44.00_83.00,2022-03-21,44.0,83.0,0.0,0.0,0.0,0.0,0.0,0.0,84.0,0
44.00_83.00,2022-03-28,44.0,83.0,0.0,0.0,0.0,0.0,0.0,0.0,85.0,0
44.00_83.00,2022-04-04,44.0,83.0,0.0,0.0,0.0,0.0,0.0,0.0,86.0,0
44.00_83.00,2022-04-11,44.0,83.0,0.0,0.0,0.0,0.0,0.0,0.0,87.0,0
44.00_83.00,2022-04-18,44.0,83.0,0.0,0.0,0.0,0.0,0.0,0.0,88.0,0
44.00_83.00,2022-04-25,44.0,83.0,0.0,0.0,0.0,0.0,0.0,0.0,89.0,0
44.00_83.00,2022-05-02,44.0,83.0,0.0,0.0,0.0,0.0,0.0,0.0,90.0,0
44.00_83.00,2022-05-09,44.0,83.0,0.0,0.0,0.0,0.0,0.0,0.0,91.0,0
44.00_83.00,2022-05-16,44.0,83.0,0.0,0.0,0.0,0.0,0.0,0.0,92.0,0
44.00_83.00,2022-05-23,44.0,83.0,0.0,0.0,0.0,0.0,0.0,0.0,93.0,0
44.00_83.00,2022-05-30,44.0,83.0,0.0,0.0,0.0,0.0,0.0,0.0,94.0,0
44.00_83.00,2022-06-06,44.0,83.0,0.0,0.0,0.0,0.0,0.0,0.0,95.0,0
44.00_83.00,2022-06-13,44.0,83.0,0.0,0.0,0.0,0.0,0.0,0.0,96.0,0
44.00_83.00,2022-06-20,44.0,83.0,0.0,0.0,0.0,0.0,0.0,0.0,97.0,0
44.00_83.00,2022-06-27,44.0,83.0,0.0,0.0,0.0,0.0,0.0,0.0,98.0,0
44.00_83.00,2022-07-04,44.0,83.0,0.0,0.0,0.0,0.0,0.0,0.0,99.0,0
44.00_83.00,2022-07-11,44.0,83.0,0.0,0.0,0.0,0.0,0.0,0.0,100.0,0
44.00_83.00,2022-07-18,44.0,83.0,0.0,0.0,0.0,0.0,0.0,0.0,101.0,0
44.00_83.00,2022-07-25,44.0,83.0,0.0,0.0,0.0,0.0,0.0,0.0,102.0,0
44.00_83.00,2022-08-01,44.0,83.0,0.0,0.0,0.0,0.0,0.0,0.0,103.0,0
44.00_83.00,2022-08-08,44.0,83.0,0.0,0.0,0.0,0.0,0.0,0.0,104.0,0
44.00_83.00,2022-08-15,44.0,83.0,0.0,0.0,0.0,0.0,0.0,0.0,105.0,0
44.00_83.00,2022-08-22,44.0,83.0,0.0,0.0,0.0,0.0,0.0,0.0,106.0,0
44.00_83.00,2022-08-29,44.0,83.0,0.0,0.0,0.0,0.0,0.0,0.0,107.0,0
44.00_83.00,2022-09-05,44.0,83.0,0.0,0.0,0.0,0.0,0.0,0.0,108.0,0
44.00_83.00,2022-09-12,44.0,83.0,0.0,0.0,0.0,0.0,0.0,0.0,109.0,0
44.00_83.00,2022-09-19,44.0,83.0,0.0,0.0,0.0,0.0,0.0,0.0,110.0,0
44.00_83.00,2022-09-26,44.0,83.0,0.0,0.0,0.0,0.0,0.0,0.0,111.0,0
44.00_83.00,2022-10-03,44.0,83.0,0.0,0.0,0.0,0.0,0.0,0.0,112.0,0
44.00_83.00,2022-10-10,44.0,83.0,0.0,0.0,0.0,0.0,0.0,0.0,113.0,0
44.00_83.00,2022-10-17,44.0,83.0,0.0,0.0,0.0,0.0,0.0,0.0,114.0,0
44.00_83.00,2022-10-24,44.0,83.0,0.0,0.0,0.0,0.0,0.0,0.0,115.0,0
44.00_83.00,2022-10-31,44.0,83.0,0.0,0.0,0.0,0.0,0.0,0.0,116.0,0
44.00_83.00,2022-11-07,44.0,83.0,0.0,0.0,0.0,0.0,0.0,0.0,117.0,0
44.00_83.00,2022-11-14,44.0,83.0,0.0,0.0,0.0,0.0,0.0,0.0,118.0,0
44.00_83.00,2022-11-21,44.0,83.0,0.0,0.0,0.0,0.0,0.0,0.0,119.0,0
44.00_83.00,2022-11-28,44.0,83.0,0.0,0.0,0.0,0.0,0.0,0.0,120.0,0
44.00_83.00,2022-12-05,44.0,83.0,0.0,0.0,0.0,0.0,0.0,0.0,121.0,0
44.00_83.00,2022-12-12,44.0,83.0,0.0,0.0,0.0,0.0,0.0,0.0,122.0,0
44.00_83.00,2022-12-19,44.0,83.0,0.0,0.0,0.0,0.0,0.0,0.0,123.0,0
44.00_83.00,2022-12-26,44.0,83.0,0.0,0.0,0.0,0.0,0.0,0.0,124.0,0
44.00_83.00,2023-01-02,44.0,83.0,0.0,0.0,0.0,0.0,0.0,0.0,125.0,0
44.00_83.00,2023-01-09,44.0,83.0,0.0,0.0,0.0,0.0,0.0,0.0,126.0,0
44.00_83.00,2023-01-16,44.0,83.0,0.0,0.0,0.0,0.0,0.0,0.0,127.0,0
44.00_83.00,2023-01-23,44.0,83.0,0.0,0.0,0.0,0.0,0.0,0.0,128.0,0
44.00_83.00,2023-01-30,44.0,83.0,0.0,0.0,0.0,0.0,0.0,0.0,129.0,0
44.00_83.00,2023-02-06,44.0,83.0,0.0,0.0,0.0,0.0,0.0,0.0,130.0,0
44.00_83.00,2023-02-13,44.0,83.0,0.0,0.0,0.0,0.0,0.0,0.0,131.0,0
44.00_83.00,2023-02-20,44.0,83.0,0.0,0.0,0.0,0.0,0.0,0.0,132.0,0
44.00_83.00,2023-02-27,44.0,83.0,0.0,0.0,0.0,0.0,0.0,0.0,133.0,0
44.00_83.00,2023-03-06,44.0,83.0,0.0,0.0,0.0,0.0,0.0,0.0,134.0,0
44.00_83.00,2023-03-13,44.0,83.0,0.0,0.0,0.0,0.0,0.0,0.0,135.0,0
44.00_83.00,2023-03-20,44.0,83.0,0.0,0.0,0.0,0.0,0.0,0.0,136.0,0
44.00_83.00,2023-03-27,44.0,83.0,0.0,0.0,0.0,0.0,0.0,0.0,137.0,0
44.00_83.00,2023-04-03,44.0,83.0,0.0,0.0,0.0,0.0,0.0,0.0,138.0,0
44.00_83.00,2023-04-10,44.0,83.0,0.0,0.0,0.0,0.0,0.0,0.0,139.0,0
44.00_83.00,2023-04-17,44.0,83.0,0.0,0.0,0.0,0.0,0.0,0.0,140.0,0
44.00_83.00,2023-04-24,44.0,83.0,0.0,0.0,0.0,0.0,0.0,0.0,141.0,0
44.00_83.00,2023-05-01,44.0,83.0,0.0,0.0,0.0,0.0,0.0,0.0,142.0,0
44.00_83.00,2023-05-08,44.0,83.0,0.0,0.0,0.0,0.0,0.0,0.0,143.0,0
44.00_83.00,2023-05-15,44.0,83.0,0.0,0.0,0.0,0.0,0.0,0.0,144.0,0
44.00_83.00,2023-05-22,44.0,83.0,0.0,0.0,0.0,0.0,0.0,0.0,145.0,0
44.00_83.00,2023-05-29,44.0,83.0,0.0,0.0,0.0,0.0,0.0,0.0,146.0,0
44.00_83.00,2023-06-05,44.0,83.0,0.0,0.0,0.0,0.0,0.0,0.0,147.0,0
44.00_83.00,2023-06-12,44.0,83.0,0.0,0.0,0.0,0.0,0.0,0.0,148.0,0
44.00_83.00,2023-06-19,44.0,83.0,0.0,0.0,0.0,0.0,0.0,0.0,149.0,0
44.00_83.00,2023-06-26,44.0,83.0,0.0,0.0,0.0,0.0,0.0,0.0,150.0,0
44.00_83.00,2023-07-03,44.0,83.0,0.0,0.0,0.0,0.0,0.0,0.0,151.0,0
44.00_83.00,2023-07-10,44.0,83.0,0.0,0.0,0.0,0.0,0.0,0.0,152.0,0
44.00_83.00,2023-07-17,44.0,83.0,0.0,0.0,0.0,0.0,0.0,0.0,153.0,0
44.00_83.00,2023-07-24,44.0,83.0,0.0,0.0,0.0,0.0,0.0,0.0,154.0,0
44.00_83.00,2023-07-31,44.0,83.0,0.0,0.0,0.0,0.0,0.0,0.0,155.0,0
44.00_83.00,2023-08-07,44.0,83.0,0.0,0.0,0.0,0.0,0.0,0.0,156.0,0
44.00_83.00,2023-08-14,44.0,83.0,0.0,0.0,0.0,0.0,0.0,0.0,157.0,0
44.00_83.00,2023-08-21,44.0,83.0,0.0,0.0,0.0,0.0,0.0,0.0,158.0,0
44.00_83.00,2023-08-28,44.0,83.0,0.0,0.0,0.0,0.0,0.0,0.0,159.0,0
44.00_83.00,2023-09-04,44.0,83.0,0.0,0.0,0.0,0.0,0.0,0.0,160.0,0
44.00_83.00,2023-09-11,44.0,83.0,0.0,0.0,0.0,0.0,0.0,0.0,161.0,0
44.00_83.00,2023-09-18,44.0,83.0,0.0,0.0,0.0,0.0,0.0,0.0,162.0,0
44.00_83.00,2023-09-25,44.0,83.0,0.0,0.0,0.0,0.0,0.0,0.0,163.0,0
44.00_83.00,2023-10-02,44.0,83.0,0.0,0.0,0.0,0.0,0.0,0.0,164.0,0
44.00_83.00,2023-10-09,44.0,83.0,0.0,0.0,0.0,0.0,0.0,0.0,165.0,0
44.00_83.00,2023-10-16,44.0,83.0,0.0,0.0,0.0,0.0,0.0,0.0,166.0,0
44.00_83.00,2023-10-23,44.0,83.0,0.0,0.0,0.0,0.0,0.0,0.0,167.0,0
44.00_83.00,2023-10-30,44.0,83.0,0.0,0.0,0.0,0.0,0.0,0.0,168.0,0
44.00_83.00,2023-11-06,44.0,83.0,0.0,0.0,0.0,0.0,0.0,0.0,169.0,0
44.00_83.00,2023-11-13,44.0,83.0,0.0,0.0,0.0,0.0,0.0,0.0,170.0,0
44.00_83.00,2023-11-20,44.0,83.0,0.0,0.0,0.0,0.0,0.0,0.0,171.0,0
44.00_83.00,2023-11-27,44.0,83.0,0.0,0.0,0.0,0.0,0.0,0.0,172.0,0
44.00_83.00,2023-12-04,44.0,83.0,0.0,0.0,0.0,0.0,0.0,0.0,173.0,0
44.00_83.00,2023-12-11,44.0,83.0,0.0,0.0,0.0,0.0,0.0,0.0,174.0,0
44.00_83.00,2023-12-18,44.0,83.0,0.0,0.0,0.0,0.0,0.0,0.0,175.0,0
44.00_83.00,2023-12-25,44.0,83.0,0.0,0.0,0.0,0.0,0.0,0.0,176.0,0
