time,latitude,longitude,depth,mag,place
2010-01-02 02:15:12.090000+00:00,38.245,71.467,47.0,5.4,"84 km N of Khorugh, Tajikistan"
2010-01-02 03:12:14.380000+00:00,38.362,71.318,42.7,4.4,"98 km S of Karakenja, Tajikistan"
2010-01-02 04:49:04.540000+00:00,38.452,71.291,48.6,4.3,"89 km SSW of Karakenja, Tajikistan"
2010-01-02 15:22:46.990000+00:00,40.715,79.66,48.2,4.8,"48 km SW of Aykol, China"
2010-01-06 05:36:30.030000+00:00,38.031,70.449,35.0,4.8,"37 km ESE of M?’minobod, Tajikistan"
2010-01-08 13:23:48.270000+00:00,38.483,74.017,107.1,4.5,"34 km N of Murghob, Tajikistan"
2010-01-11 09:45:45.380000+00:00,39.479,67.49,10.0,4.7,"10 km W of Panjakent, Tajikistan"
2010-01-12 07:12:47.940000+00:00,38.896,70.722,63.0,4.5,"33 km ESE of Rasht, Tajikistan"
2010-01-19 17:35:45.350000+00:00,42.091,72.086,0.6,5.0,"49 km SSW of Talas, Kyrgyzstan"
2010-01-28 19:44:57.410000+00:00,41.043,74.996,11.2,4.8,"69 km WSW of At-Bashi, Kyrgyzstan"
2010-02-13 06:21:13.750000+00:00,39.27,76.864,35.0,4.4,"78 km ESE of Kashgar, China"
2010-02-13 16:37:33.100000+00:00,39.314,72.691,6.1,4.7,"45 km SE of Kyzyl-Eshme, Kyrgyzstan"
2010-02-17 00:39:10.990000+00:00,39.488,74.977,55.0,4.6,"87 km W of Kashgar, China"
2010-02-21 02:05:27.080000+00:00,38.293,71.385,60.2,4.3,"90 km N of Khorugh, Tajikistan"
2010-02-24 11:18:21.700000+00:00,39.549,73.712,38.8,4.4,"122 km SE of Nookat, Kyrgyzstan"
2010-02-28 01:01:39.420000+00:00,38.438,71.41,52.7,4.3,"89 km S of Karakenja, Tajikistan"
2010-03-02 01:55:39.490000+00:00,42.471,75.628,21.3,5.1,Kyrgyzstan
2010-03-15 05:56:57.170000+00:00,38.623,72.149,61.9,4.4,"86 km SE of Karakenja, Tajikistan"
2010-04-01 10:17:40.720000+00:00,42.062,78.957,35.0,4.7,"60 km SE of Ak-Suu, Kyrgyzstan"
2010-04-07 09:22:38.170000+00:00,39.505,73.336,49.3,4.5,"91 km E of Kyzyl-Eshme, Kyrgyzstan"
2010-04-08 05:31:00.920000+00:00,41.342,79.001,46.1,4.6,"104 km WNW of Aykol, China"
2010-04-08 06:05:27.010000+00:00,41.256,79.068,37.7,4.2,"95 km WNW of Aykol, China"
2010-04-09 07:31:26.900000+00:00,43.122,70.052,10.0,4.3,"12 km ESE of Bayzhansay, Kazakhstan"
2010-04-09 12:23:30.380000+00:00,40.544,71.797,48.1,4.3,"7 km NNE of Toshloq, Uzbekistan"
2010-04-15 00:55:55.100000+00:00,39.964,76.64,59.5,4.7,"78 km NE of Kashgar, China"
2010-04-18 12:29:57.390000+00:00,39.423,70.314,45.8,4.3,"44 km N of Rasht, Tajikistan"
2010-04-20 08:42:43.880000+00:00,39.441,72.232,69.1,4.4,"12 km S of Daroot-Korgon, Kyrgyzstan"
2010-04-20 10:18:54.080000+00:00,43.955,77.984,28.3,4.4,"45 km S of Saryozek, Kazakhstan"
2010-04-20 10:58:29.430000+00:00,38.048,71.444,11.7,4.4,"62 km N of Khorugh, Tajikistan"
2010-04-20 19:07:49.180000+00:00,39.331,72.442,49.9,4.5,"29 km SSE of Kyzyl-Eshme, Kyrgyzstan"
2010-04-22 09:08:52.960000+00:00,38.767,70.849,35.0,4.4,"50 km SE of Rasht, Tajikistan"
2010-04-25 08:30:42.910000+00:00,40.965,75.029,10.0,4.7,"68 km WSW of At-Bashi, Kyrgyzstan"
2010-04-27 00:07:17.360000+00:00,39.604,73.922,45.4,4.8,"133 km SE of Nookat, Kyrgyzstan"
2010-04-30 14:09:34.990000+00:00,38.574,69.702,41.7,4.3,"15 km S of Obigarm, Tajikistan"
2010-05-11 22:58:34.460000+00:00,41.445,71.825,33.9,4.9,"7 km SE of Kerben, Kyrgyzstan"
2010-05-13 04:36:20.010000+00:00,38.332,74.015,124.9,4.6,"18 km NNE of Murghob, Tajikistan"
2010-05-14 07:02:17.110000+00:00,38.482,71.339,44.7,4.3,"85 km S of Karakenja, Tajikistan"
2010-05-23 03:02:22.640000+00:00,40.092,78.274,40.8,4.6,"184 km WSW of Aykol, China"
2010-05-26 17:21:55.380000+00:00,38.38,71.497,60.5,4.2,"95 km S of Karakenja, Tajikistan"
2010-05-27 05:38:28.260000+00:00,38.403,71.467,57.9,4.5,"92 km S of Karakenja, Tajikistan"
2010-05-27 10:01:04.570000+00:00,40.094,78.447,35.0,4.2,"172 km SW of Aykol, China"
2010-05-30 06:16:04.950000+00:00,40.169,77.078,47.3,4.2,"121 km NE of Kashgar, China"
2010-06-02 16:41:29.100000+00:00,38.265,75.856,151.5,4.3,"122 km W of Shache, China"
2010-06-08 16:09:23.680000+00:00,44.359,83.26,30.0,4.5,"103 km N of Xinyuan, China"
2010-06-10 06:38:05.420000+00:00,39.865,74.846,28.6,5.2,"107 km WNW of Kashgar, China"
2010-06-15 22:04:20.980000+00:00,42.392,81.016,65.5,4.1,"147 km NNE of Aksu, China"
2010-06-15 23:39:19.090000+00:00,38.571,71.977,56.4,4.8,"83 km SSE of Karakenja, Tajikistan"
2010-06-17 08:06:39.230000+00:00,39.224,71.794,35.0,4.1,"23 km E of Karakenja, Tajikistan"
2010-06-22 03:21:51.920000+00:00,42.072,82.694,43.2,4.6,"44 km NNW of Kuqa, China"
2010-06-22 07:24:35.650000+00:00,39.49,74.653,63.4,4.5,"115 km W of Kashgar, China"
2010-06-22 11:20:13.930000+00:00,42.015,82.637,35.0,4.3,"41 km NW of Kuqa, China"
2010-06-22 12:58:03.280000+00:00,42.027,82.583,37.7,4.3,"44 km NW of Kuqa, China"
2010-07-04 01:56:56.720000+00:00,38.899,70.449,60.1,4.7,"15 km SSE of Rasht, Tajikistan"
2010-07-07 04:04:01.120000+00:00,38.786,70.199,23.4,4.3,"22 km ESE of Darband, Tajikistan"
2010-07-24 14:21:02.170000+00:00,38.257,73.425,120.7,4.1,"48 km WNW of Murghob, Tajikistan"
2010-08-01 16:43:49.590000+00:00,38.102,74.153,172.4,4.8,"18 km ESE of Murghob, Tajikistan"
2010-08-03 16:26:25.090000+00:00,38.452,69.637,23.7,5.2,"28 km ENE of Norak, Tajikistan"
2010-08-10 09:34:10.640000+00:00,39.466,73.572,35.0,4.2,"112 km E of Kyzyl-Eshme, Kyrgyzstan"
2010-08-12 15:23:25.860000+00:00,42.227,81.051,41.6,4.5,"132 km NNE of Aksu, China"
2010-08-20 16:57:15.580000+00:00,39.321,71.817,13.0,5.2,"26 km ENE of Karakenja, Tajikistan"
2010-09-07 15:41:37.970000+00:00,39.453,73.84,10.0,5.4,"135 km E of Kyzyl-Eshme, Kyrgyzstan"
2010-09-07 15:49:12.150000+00:00,39.376,73.782,10.0,4.6,"131 km E of Kyzyl-Eshme, Kyrgyzstan"
2010-09-08 18:17:29.400000+00:00,39.404,73.916,10.0,4.1,"137 km N of Murghob, Tajikistan"
2010-09-22 01:04:37.160000+00:00,43.211,84.056,50.2,4.8,"69 km ESE of Xinyuan, China"
2010-09-26 06:37:51.340000+00:00,40.958,74.861,35.0,4.0,"82 km WSW of At-Bashi, Kyrgyzstan"
2010-10-02 09:52:26.050000+00:00,38.493,69.674,35.0,4.6,"25 km S of Obigarm, Tajikistan"
2010-10-04 05:01:51.180000+00:00,44.155,82.085,10.0,4.5,"89 km ENE of Qapqal, China"
2010-10-07 01:40:03.360000+00:00,39.154,70.285,3.6,5.1,"15 km NNW of Rasht, Tajikistan"
2010-10-08 08:29:31.720000+00:00,39.235,70.116,35.0,4.4,Kyrgyzstan-Tajikistan border region
2010-10-09 10:15:17.830000+00:00,39.229,70.266,30.9,4.9,"24 km NNW of Rasht, Tajikistan"
2010-10-09 10:58:12.720000+00:00,38.904,72.823,10.0,4.9,"87 km SSE of Kyzyl-Eshme, Kyrgyzstan"
2010-10-10 01:41:48.270000+00:00,39.273,72.458,61.7,4.7,"36 km SSE of Kyzyl-Eshme, Kyrgyzstan"
2010-10-27 04:48:05.880000+00:00,41.469,73.209,44.8,4.7,Kyrgyzstan
2010-10-30 17:27:35.360000+00:00,41.706,77.634,48.5,4.2,"61 km SE of Kadzhi-Say, Kyrgyzstan"
2010-10-31 05:39:07.480000+00:00,41.623,77.676,35.0,4.0,"70 km SE of Kadzhi-Say, Kyrgyzstan"
2010-10-31 19:03:56.070000+00:00,38.17,75.386,122.2,4.5,"124 km E of Murghob, Tajikistan"
2010-11-15 01:44:37.540000+00:00,38.655,69.443,35.0,4.1,"24 km WSW of Obigarm, Tajikistan"
2010-11-15 02:06:09.520000+00:00,38.58,69.63,28.4,4.8,"16 km SSW of Obigarm, Tajikistan"
2010-11-15 02:44:45.970000+00:00,38.55,69.762,43.3,4.7,"19 km SSE of Obigarm, Tajikistan"
2010-11-16 18:55:21.290000+00:00,38.497,69.581,9.0,4.4,"25 km ENE of Norak, Tajikistan"
2010-11-21 04:13:57.510000+00:00,39.557,73.315,14.2,4.3,"89 km E of Kyzyl-Eshme, Kyrgyzstan"
2010-11-22 14:16:30.960000+00:00,38.578,69.661,31.2,4.2,"16 km SSW of Obigarm, Tajikistan"
2010-11-24 03:44:05.530000+00:00,41.115,75.63,26.5,4.4,"15 km WSW of At-Bashi, Kyrgyzstan"
2010-11-25 09:27:31.240000+00:00,38.275,73.036,102.6,5.0,"82 km W of Murghob, Tajikistan"
2010-11-29 09:02:08.850000+00:00,40.251,72.579,35.0,4.0,"3 km WSW of Nookat, Kyrgyzstan"
2010-12-08 08:21:33.530000+00:00,39.358,72.86,10.0,5.5,"55 km ESE of Kyzyl-Eshme, Kyrgyzstan"
2010-12-08 11:39:22.530000+00:00,39.235,72.718,10.0,4.2,"53 km SE of Kyzyl-Eshme, Kyrgyzstan"
2010-12-19 00:40:58.190000+00:00,43.681,84.709,40.3,4.0,"121 km ENE of Xinyuan, China"
2010-12-19 11:51:54.910000+00:00,38.391,73.679,124.3,5.2,"35 km NW of Murghob, Tajikistan"
2011-01-01 01:56:05.990000+00:00,39.442,75.251,10.0,4.9,"63 km W of Kashgar, China"
2011-01-03 00:21:45.380000+00:00,44.935,81.064,39.2,4.2,"99 km N of Huocheng, China"
2011-01-08 02:23:09.180000+00:00,38.804,70.332,14.9,4.2,"25 km S of Rasht, Tajikistan"
2011-01-08 06:36:28.160000+00:00,42.139,84.275,35.1,4.7,"120 km ENE of Kuqa, China"
2011-01-10 10:58:13.340000+00:00,43.815,70.36,10.0,4.2,"57 km ENE of Zhangatas, Kazakhstan"
2011-01-19 03:47:06.540000+00:00,39.322,72.252,39.8,5.0,"25 km S of Daroot-Korgon, Kyrgyzstan"
2011-01-24 02:45:31.520000+00:00,38.413,72.791,110.0,6.0,"106 km WNW of Murghob, Tajikistan"
2011-01-28 14:17:59.140000+00:00,39.56,73.843,49.0,4.3,"130 km SE of Nookat, Kyrgyzstan"
2011-02-13 19:12:35.710000+00:00,39.54,73.856,59.8,4.9,"133 km SE of Nookat, Kyrgyzstan"
2011-02-14 07:35:36.410000+00:00,38.377,70.327,45.8,4.3,"39 km NE of M?’minobod, Tajikistan"
2011-02-18 22:15:26.530000+00:00,41.035,72.619,40.3,4.2,"10 km W of Bazar-Korgon, Kyrgyzstan"
2011-03-02 01:18:40.290000+00:00,39.034,75.332,43.3,4.8,"74 km SW of Kashgar, China"
2011-03-03 02:41:25.610000+00:00,38.729,75.266,10.0,4.5,"103 km SW of Kashgar, China"
2011-03-17 15:34:34.940000+00:00,40.476,79.084,32.8,4.9,"103 km WSW of Aykol, China"
2011-03-18 09:36:28.860000+00:00,43.108,74.771,21.3,4.1,"9 km NNE of Georgiyevka, Kazakhstan"
2011-03-25 10:21:23.080000+00:00,40.364,73.077,44.0,4.7,"29 km SE of Osh, Kyrgyzstan"
2011-04-02 06:38:57.320000+00:00,38.017,72.895,131.3,4.6,"95 km W of Murghob, Tajikistan"
2011-04-09 12:30:25.650000+00:00,42.067,74.819,14.4,4.9,"91 km SSE of Bishkek, Kyrgyzstan"
2011-04-16 20:50:10.050000+00:00,38.203,75.964,119.5,4.6,"114 km WSW of Shache, China"
2011-04-25 12:13:53.680000+00:00,40.996,71.583,10.0,4.4,"6 km E of To‘rqao‘rg‘on, Uzbekistan"
2011-05-01 02:31:29.620000+00:00,43.564,77.746,23.2,5.1,"21 km NE of Turgen, Kazakhstan"
2011-05-01 09:13:55.870000+00:00,43.597,77.639,22.0,4.9,"22 km N of Turgen, Kazakhstan"
2011-05-01 11:37:11.590000+00:00,43.724,77.538,28.2,4.8,"36 km N of Turgen, Kazakhstan"
2011-05-01 20:29:05.040000+00:00,43.637,77.725,20.6,4.0,"28 km NNE of Turgen, Kazakhstan"
2011-05-02 07:41:53.280000+00:00,41.856,65.864,10.0,4.1,"144 km N of Nurota, Uzbekistan"
2011-05-08 23:31:03.910000+00:00,43.28,83.108,35.0,4.3,"19 km SW of Xinyuan, China"
2011-05-11 13:48:02.720000+00:00,41.747,81.261,51.1,4.0,"103 km NE of Aksu, China"
2011-05-13 06:48:16.250000+00:00,41.984,82.355,33.8,4.8,"56 km WNW of Kuqa, China"
2011-05-17 22:18:21.990000+00:00,42.207,82.242,54.9,4.2,"78 km NW of Kuqa, China"
2011-05-22 10:52:06.610000+00:00,42.011,82.323,37.4,4.9,"60 km WNW of Kuqa, China"
2011-05-23 08:38:49.530000+00:00,42.03,82.311,46.8,4.5,"62 km NW of Kuqa, China"
2011-05-23 13:22:31.630000+00:00,39.401,74.845,32.3,4.7,"98 km W of Kashgar, China"
2011-05-23 22:29:21.560000+00:00,41.568,82.81,8.2,4.5,"19 km SSW of Kuqa, China"
2011-05-23 23:13:26.140000+00:00,42.052,82.277,50.0,4.7,"65 km NW of Kuqa, China"
2011-05-27 12:01:35.570000+00:00,39.598,75.371,35.0,4.4,"55 km WNW of Kashgar, China"
2011-06-02 21:06:46.510000+00:00,42.542,78.43,44.5,4.1,"6 km NNE of Karakol, Kyrgyzstan"
2011-06-05 20:41:36.910000+00:00,39.018,70.962,47.1,4.5,"50 km E of Rasht, Tajikistan"
2011-06-07 21:15:50.910000+00:00,39.361,74.73,48.4,4.5,"109 km W of Kashgar, China"
2011-06-16 10:57:25.140000+00:00,43.163,67.001,10.0,4.7,"84 km SSW of Yanykurgan, Kazakhstan"
2011-06-17 05:28:46.830000+00:00,38.132,72.71,56.5,4.3,"110 km W of Murghob, Tajikistan"
2011-06-21 14:47:40.900000+00:00,39.214,72.499,52.1,5.0,"43 km SSE of Kyzyl-Eshme, Kyrgyzstan"
2011-06-21 15:33:18.700000+00:00,38.745,75.103,41.2,4.2,"111 km SW of Kashgar, China"
2011-06-23 19:18:40.390000+00:00,40.305,71.513,28.8,4.4,"10 km SSE of Oltiariq, Uzbekistan"
2011-07-05 18:52:30.810000+00:00,39.413,73.224,38.4,4.7,"83 km ESE of Kyzyl-Eshme, Kyrgyzstan"
2011-07-08 00:47:21.110000+00:00,39.296,73.145,10.0,4.5,"80 km ESE of Kyzyl-Eshme, Kyrgyzstan"
2011-07-11 18:52:35.910000+00:00,41.956,82.356,12.7,4.5,"54 km WNW of Kuqa, China"
2011-07-12 15:57:03.950000+00:00,41.928,82.26,10.0,4.5,"60 km WNW of Kuqa, China"
2011-07-19 09:22:06.940000+00:00,38.683,69.754,38.4,4.5,"5 km SE of Obigarm, Tajikistan"
2011-07-19 19:35:43.480000+00:00,40.081,71.41,20.0,6.1,"16 km NNE of Aydarken, Kyrgyzstan"
2011-07-29 21:08:22.040000+00:00,39.703,73.869,54.2,4.3,"123 km ESE of Nookat, Kyrgyzstan"
2011-08-11 10:06:29.350000+00:00,39.955,77.028,10.0,5.6,"104 km ENE of Kashgar, China"
2011-08-14 10:42:17+00:00,38.27,75.604,123.2,4.1,"137 km SSW of Kashgar, China"
2011-08-17 00:35:41.920000+00:00,38.6,70.096,53.0,4.5,"28 km SE of Roghun, Tajikistan"
2011-08-20 05:31:23.370000+00:00,42.34,71.319,30.5,5.0,"62 km S of Taraz, Kazakhstan"
2011-08-22 16:25:20.820000+00:00,38.516,69.598,21.3,4.8,"24 km SSW of Obigarm, Tajikistan"
2011-08-26 08:55:31.080000+00:00,38.616,78.997,10.0,4.8,"149 km N of Zangguy, China"
2011-09-08 00:15:55.610000+00:00,39.762,75.561,46.7,4.4,"48 km NW of Kashgar, China"
2011-09-08 19:46:49.720000+00:00,38.98,70.696,30.0,4.9,"28 km E of Rasht, Tajikistan"
2011-09-15 01:50:34.590000+00:00,44.399,79.867,42.0,4.4,"28 km NNW of Zharkent, Kazakhstan"
2011-09-25 19:18:23.450000+00:00,41.161,71.919,35.6,4.4,"8 km N of Uychi, Uzbekistan"
2011-09-27 19:01:35.350000+00:00,38.544,71.951,48.4,4.8,"85 km SSE of Karakenja, Tajikistan"
2011-09-29 01:11:40.780000+00:00,38.522,69.626,43.7,4.5,"22 km SSW of Obigarm, Tajikistan"
2011-10-04 10:26:27.510000+00:00,38.708,70.416,24.4,4.7,"35 km S of Rasht, Tajikistan"
2011-10-06 16:47:20.430000+00:00,39.426,72.882,41.5,4.6,"54 km ESE of Kyzyl-Eshme, Kyrgyzstan"
2011-10-11 01:17:21.750000+00:00,38.899,70.661,51.8,4.5,"29 km ESE of Rasht, Tajikistan"
2011-10-13 10:16:10.400000+00:00,41.065,71.071,15.2,4.4,"15 km WNW of Chust, Uzbekistan"
2011-10-16 13:44:48.950000+00:00,44.25,82.69,36.5,4.8,"northern Xinjiang, China"
2011-10-17 00:03:54.540000+00:00,38.46,69.718,39.0,4.3,"28 km S of Obigarm, Tajikistan"
2011-10-20 07:59:37.950000+00:00,40.992,72.503,35.0,4.7,"5 km SSE of Kochkor-Ata, Kyrgyzstan"
2011-10-20 08:04:54.180000+00:00,41.154,72.388,35.0,4.6,"15 km NNW of Kochkor-Ata, Kyrgyzstan"
2011-10-23 09:19:48.310000+00:00,39.359,71.746,49.3,4.5,"23 km NE of Karakenja, Tajikistan"
2011-10-24 14:35:14.760000+00:00,41.129,79.551,44.2,4.1,"52 km WNW of Aykol, China"
2011-10-27 04:42:21.070000+00:00,38.303,74.011,127.6,4.5,"15 km NNE of Murghob, Tajikistan"
2011-10-28 13:37:28.830000+00:00,42.135,77.571,46.7,4.1,"32 km E of Kadzhi-Say, Kyrgyzstan"
2011-11-01 00:21:28.090000+00:00,43.648,82.437,28.0,5.6,"70 km WNW of Xinyuan, China"
2011-11-05 03:22:31.530000+00:00,39.393,71.781,27.2,4.7,"28 km NE of Karakenja, Tajikistan"
2011-11-13 17:19:30.050000+00:00,39.418,72.575,35.0,4.5,"30 km ESE of Kyzyl-Eshme, Kyrgyzstan"
2011-11-29 03:04:54.540000+00:00,38.598,71.847,64.3,4.5,"76 km SSE of Karakenja, Tajikistan"
2011-12-01 12:48:17.710000+00:00,38.31,76.888,31.5,4.9,"33 km WSW of Shache, China"
2011-12-15 11:44:42.570000+00:00,38.687,75.53,10.0,4.4,"95 km SSW of Kashgar, China"
2011-12-24 09:20:05.060000+00:00,41.42,73.167,10.0,4.4,"53 km SSE of Toktogul, Kyrgyzstan"
2011-12-29 15:27:23.060000+00:00,38.659,70.762,43.5,4.7,"53 km SE of Rasht, Tajikistan"
2012-01-01 14:21:58.990000+00:00,38.706,70.671,35.0,4.1,"44 km SE of Rasht, Tajikistan"
2012-01-03 07:40:01.640000+00:00,39.836,77.286,43.7,4.5,"118 km ENE of Kashgar, China"
2012-01-04 19:37:01.080000+00:00,41.329,83.868,8.8,4.4,"89 km ESE of Kuqa, China"
2012-01-06 18:58:08.570000+00:00,38.767,70.592,46.3,4.2,"34 km SSE of Rasht, Tajikistan"
2012-01-17 10:40:31.420000+00:00,39.7,73.792,61.0,4.2,"118 km ESE of Nookat, Kyrgyzstan"
2012-01-19 07:41:42.640000+00:00,39.421,71.767,44.7,4.1,"29 km NE of Karakenja, Tajikistan"
2012-01-29 01:25:16.850000+00:00,40.534,72.997,23.1,4.5,"16 km E of Osh, Kyrgyzstan"
2012-02-05 07:10:16.580000+00:00,41.437,74.784,10.0,5.2,"90 km WNW of At-Bashi, Kyrgyzstan"
2012-02-10 16:19:38.510000+00:00,44.271,83.773,41.3,4.7,"102 km NNE of Xinyuan, China"
2012-02-20 02:23:59.940000+00:00,41.474,73.027,36.9,4.9,"45 km S of Toktogul, Kyrgyzstan"
2012-02-20 03:13:08.160000+00:00,38.712,67.958,25.1,4.4,"32 km NW of Tursunzoda, Tajikistan"
2012-02-20 04:18:16.170000+00:00,41.475,73.052,46.6,4.4,"45 km SSE of Toktogul, Kyrgyzstan"
2012-03-01 16:05:36.200000+00:00,39.702,74.371,43.3,4.7,"141 km W of Kashgar, China"
2012-03-01 21:17:55.710000+00:00,39.086,71.677,10.0,4.0,"21 km SE of Karakenja, Tajikistan"
2012-03-02 13:40:12.360000+00:00,39.75,74.38,42.5,5.0,"141 km WNW of Kashgar, China"
2012-03-02 21:30:50.190000+00:00,40.477,77.213,54.7,4.5,"141 km ESE of At-Bashi, Kyrgyzstan"
2012-03-06 22:43:54.240000+00:00,38.076,72.823,145.3,4.0,"100 km W of Murghob, Tajikistan"
2012-03-07 03:03:04.970000+00:00,39.559,73.846,51.1,4.4,"131 km SE of Nookat, Kyrgyzstan"
2012-03-08 18:13:53.090000+00:00,39.861,70.941,10.0,4.0,"24 km SSE of Batken, Kyrgyzstan"
2012-03-08 22:50:08.410000+00:00,39.383,81.307,38.0,5.9,"128 km S of Aral, China"
2012-03-10 13:00:23.850000+00:00,40.531,77.216,60.4,4.3,"138 km ESE of At-Bashi, Kyrgyzstan"
2012-03-20 06:24:45.530000+00:00,39.699,75.807,10.0,4.0,"29 km NNW of Kashgar, China"
2012-03-22 04:10:18.420000+00:00,38.904,69.642,15.3,4.7,"21 km NNW of Obigarm, Tajikistan"
2012-04-04 14:21:46.380000+00:00,41.851,79.421,52.6,4.3,"103 km NW of Aksu, China"
2012-04-13 06:48:04.240000+00:00,39.823,75.403,52.3,4.4,"63 km NW of Kashgar, China"
2012-04-18 14:48:02.610000+00:00,39.968,77.095,43.3,4.6,"109 km ENE of Kashgar, China"
2012-04-18 14:49:33.310000+00:00,39.768,77.209,20.5,4.4,"109 km ENE of Kashgar, China"
2012-04-21 17:58:06.330000+00:00,38.831,66.333,10.0,4.8,"24 km NNE of G‘uzor, Uzbekistan"
2012-04-23 06:27:25.880000+00:00,38.366,73.571,128.9,4.4,"40 km WNW of Murghob, Tajikistan"
2012-04-27 10:32:45.330000+00:00,38.798,69.823,44.9,4.4,"4 km WNW of Roghun, Tajikistan"
2012-05-12 23:28:43.570000+00:00,38.612,70.354,10.0,5.7,"44 km SE of Darband, Tajikistan"
2012-05-13 00:13:01.560000+00:00,38.884,70.013,10.0,4.3,"4 km ENE of Darband, Tajikistan"
2012-05-17 15:00:14.140000+00:00,40.001,68.899,27.6,4.1,"13 km NW of Istaravshan, Tajikistan"
2012-05-27 16:39:10.600000+00:00,38.815,70.329,44.0,4.1,"24 km S of Rasht, Tajikistan"
2012-05-30 21:20:56.160000+00:00,43.384,78.745,17.2,5.4,"55 km NW of Kegen, Kazakhstan"
2012-05-31 16:03:33.400000+00:00,38.796,70.338,55.8,4.0,"26 km S of Rasht, Tajikistan"
2012-06-01 12:32:27.690000+00:00,39.803,75.194,47.5,5.3,"77 km WNW of Kashgar, China"
2012-06-06 07:26:14.640000+00:00,44.344,79.888,42.0,4.5,"21 km NNW of Zharkent, Kazakhstan"
2012-06-08 06:47:03.620000+00:00,42.631,69.782,40.3,4.5,"19 km WNW of Sastobe, Kazakhstan"
2012-06-14 03:08:11.370000+00:00,40.194,77.977,23.6,4.1,"188 km ENE of Kashgar, China"
2012-06-14 21:51:26.280000+00:00,42.166,84.279,13.0,5.2,"122 km ENE of Kuqa, China"
2012-06-26 00:32:40.060000+00:00,41.235,74.551,10.0,4.4,"105 km W of At-Bashi, Kyrgyzstan"
2012-06-29 21:07:33.860000+00:00,43.433,84.7,18.0,6.3,"117 km E of Xinyuan, China"
2012-06-29 22:11:12.320000+00:00,43.443,84.789,10.0,4.0,"124 km E of Xinyuan, China"
2012-06-29 22:30:09.900000+00:00,43.488,84.741,10.0,4.1,"120 km E of Xinyuan, China"
2012-06-30 00:46:49.010000+00:00,43.442,84.896,10.0,4.5,"132 km SW of Shihezi, China"
2012-06-30 07:35:57.290000+00:00,43.389,84.638,13.6,4.6,"112 km E of Xinyuan, China"
2012-06-30 10:08:58.560000+00:00,43.543,84.686,10.0,4.6,"116 km E of Xinyuan, China"
2012-07-01 21:48:13.790000+00:00,43.456,84.756,38.6,4.2,"121 km E of Xinyuan, China"
2012-07-03 13:37:34.160000+00:00,39.663,74.201,63.2,4.4,"144 km SSE of Uzgen, Kyrgyzstan"
2012-07-12 05:35:46.200000+00:00,38.294,74.654,95.7,4.0,"61 km ENE of Murghob, Tajikistan"
2012-07-21 01:05:18.480000+00:00,43.332,82.842,10.0,4.5,"34 km WSW of Xinyuan, China"
2012-07-21 18:51:14.970000+00:00,39.131,70.359,44.3,4.1,"11 km N of Rasht, Tajikistan"
2012-07-23 18:32:31.610000+00:00,39.306,68.283,35.8,4.4,"24 km WSW of Ayní, Tajikistan"
2012-07-26 01:06:31.770000+00:00,38.313,74.008,130.7,5.2,Tajikistan-Xinjiang border region
2012-07-28 00:35:11.350000+00:00,38.755,71.934,35.0,4.0,"64 km SSE of Karakenja, Tajikistan"
2012-08-01 09:52:22.370000+00:00,39.774,75.556,52.3,5.0,"50 km NW of Kashgar, China"
2012-08-07 09:43:23.530000+00:00,39.368,77.289,10.0,4.4,"105 km N of Shache, China"
2012-08-11 09:34:22.790000+00:00,39.963,78.154,21.7,5.1,"188 km NNE of Shache, China"
2012-08-22 07:57:38.890000+00:00,41.251,68.064,10.0,4.2,"7 km E of Chardara, Kazakhstan"
2012-09-01 06:47:14.930000+00:00,43.588,84.741,39.4,4.4,"121 km E of Xinyuan, China"
2012-09-06 11:33:53.580000+00:00,41.715,81.343,10.0,4.2,"106 km ENE of Aksu, China"
2012-09-10 14:03:17.850000+00:00,39.23,74.272,48.0,4.6,"120 km NNE of Murghob, Tajikistan"
2012-09-12 05:50:54.770000+00:00,41.799,72.005,46.1,4.4,"39 km NNE of Kerben, Kyrgyzstan"
2012-09-14 03:21:45.400000+00:00,43.637,82.425,10.0,5.0,"70 km WNW of Xinyuan, China"
2012-09-21 10:09:27.560000+00:00,40.493,77.427,46.2,4.5,"156 km ESE of At-Bashi, Kyrgyzstan"
2012-09-29 04:25:10.110000+00:00,38.713,70.416,23.8,4.0,"35 km S of Rasht, Tajikistan"
2012-09-30 07:14:41.820000+00:00,38.334,71.39,50.9,4.3,"94 km N of Khorugh, Tajikistan"
2012-09-30 23:04:45+00:00,41.469,81.886,46.6,4.7,"91 km WSW of Kuqa, China"
2012-10-03 15:28:09.100000+00:00,43.016,69.863,6.8,4.1,"17 km SSW of Bayzhansay, Kazakhstan"
2012-10-14 16:30:09.360000+00:00,40.783,74.064,11.3,4.3,"64 km E of Uzgen, Kyrgyzstan"
2012-10-21 10:58:28.260000+00:00,38.193,74.135,145.2,4.5,"14 km E of Murghob, Tajikistan"
2012-10-25 07:05:49.510000+00:00,39.718,78.353,36.3,4.0,"173 km NE of Shache, China"
2012-10-26 01:52:59.790000+00:00,39.881,75.838,35.0,4.0,"47 km NNW of Kashgar, China"
2012-10-27 11:37:56.710000+00:00,39.315,73.534,12.8,4.4,"112 km ESE of Kyzyl-Eshme, Kyrgyzstan"
2012-11-15 00:25:50.480000+00:00,39.471,73.585,38.5,4.2,"113 km E of Kyzyl-Eshme, Kyrgyzstan"
2012-11-18 06:26:18.100000+00:00,39.392,73.739,35.0,4.0,Kyrgyzstan-Tajikistan-Xinjiang border region
2012-11-22 21:43:56.710000+00:00,39.893,70.255,35.0,4.1,Kyrgyzstan-Tajikistan border region
2012-11-26 10:04:34.030000+00:00,41.054,71.604,51.4,4.2,"8 km NW of Namangan, Uzbekistan"
2012-11-28 05:30:08.140000+00:00,41.712,77.788,15.4,4.7,"69 km SE of Kadzhi-Say, Kyrgyzstan"
2012-12-05 00:57:18+00:00,43.062,78.31,31.0,4.2,"37 km N of Tyup, Kyrgyzstan"
2012-12-08 10:09:40.810000+00:00,38.132,74.131,156.1,4.7,"15 km ESE of Murghob, Tajikistan"
2012-12-11 08:25:16.330000+00:00,39.511,71.844,52.7,4.4,"31 km W of Daroot-Korgon, Kyrgyzstan"
2012-12-13 03:52:04.710000+00:00,40.87,73.494,17.3,4.2,"19 km NE of Uzgen, Kyrgyzstan"
2012-12-16 10:29:34.960000+00:00,40.013,77.863,28.6,4.9,"171 km ENE of Kashgar, China"
2012-12-25 23:09:31.070000+00:00,39.37,74.776,10.0,4.5,"105 km W of Kashgar, China"
2012-12-25 23:52:04.020000+00:00,39.327,74.743,10.0,4.1,"108 km W of Kashgar, China"
2013-01-03 22:10:11+00:00,39.648,73.821,47.8,4.0,"123 km SE of Nookat, Kyrgyzstan"
2013-01-08 10:47:44.190000+00:00,39.423,71.847,36.3,4.6,"34 km WSW of Daroot-Korgon, Kyrgyzstan"
2013-01-15 00:54:55.320000+00:00,43.348,81.014,44.7,4.4,"50 km S of Qapqal, China"
2013-01-22 10:43:09.970000+00:00,39.44,73.111,50.6,4.3,"73 km E of Kyzyl-Eshme, Kyrgyzstan"
2013-01-24 04:27:24.510000+00:00,40.184,76.256,53.5,4.5,"82 km NNE of Kashgar, China"
2013-01-24 10:39:54.780000+00:00,38.711,73.551,117.0,4.5,"70 km NNW of Murghob, Tajikistan"
2013-01-25 21:08:43.310000+00:00,38.452,73.298,132.1,4.1,"66 km WNW of Murghob, Tajikistan"
2013-01-26 15:41:17.310000+00:00,39.836,77.291,35.0,4.7,"118 km ENE of Kashgar, China"
2013-01-28 16:38:53.580000+00:00,42.605,79.708,15.0,6.1,"61 km SE of Kegen, Kazakhstan"
2013-01-28 16:46:52.810000+00:00,42.489,79.418,10.0,4.3,"61 km SSE of Kegen, Kazakhstan"
2013-01-28 17:31:45.500000+00:00,42.7,79.541,10.0,4.3,"44 km SE of Kegen, Kazakhstan"
2013-01-28 19:11:51.540000+00:00,42.563,79.561,10.0,4.5,"58 km SSE of Kegen, Kazakhstan"
2013-01-28 19:47:38.510000+00:00,42.446,79.57,13.0,4.6,"70 km SSE of Kegen, Kazakhstan"
2013-01-28 20:37:08.720000+00:00,42.503,79.655,10.0,4.4,"67 km SSE of Kegen, Kazakhstan"
2013-01-29 08:57:55.560000+00:00,42.521,79.8,10.0,4.4,"73 km SE of Kegen, Kazakhstan"
2013-02-02 04:13:24.870000+00:00,39.683,74.186,39.4,4.5,"142 km SSE of Uzgen, Kyrgyzstan"
2013-02-12 19:19:13.670000+00:00,42.543,70.907,24.8,4.4,"37 km ENE of Zhabagly, Kazakhstan"
2013-02-18 13:00:33.450000+00:00,40.044,77.698,34.9,4.9,"159 km ENE of Kashgar, China"
2013-02-18 21:24:15.200000+00:00,40.058,77.758,18.8,4.7,"164 km ENE of Kashgar, China"
2013-02-19 00:36:06.390000+00:00,42.599,79.58,47.1,4.0,"55 km SSE of Kegen, Kazakhstan"
2013-02-20 05:24:20.870000+00:00,38.541,72.892,66.0,4.4,"102 km WNW of Murghob, Tajikistan"
2013-02-22 02:38:30.690000+00:00,41.488,69.119,12.8,4.1,"5 km NW of Saryaghash, Kazakhstan"
2013-02-26 15:46:19.520000+00:00,39.2,74.575,48.4,4.2,"125 km WSW of Kashgar, China"
2013-03-03 03:12:26.010000+00:00,38.606,71.594,11.6,5.1,"70 km S of Karakenja, Tajikistan"
2013-03-11 03:01:37.460000+00:00,40.119,77.466,10.0,5.4,"145 km ENE of Kashgar, China"
2013-03-13 22:32:51.070000+00:00,42.634,79.646,42.1,4.1,"55 km SE of Kegen, Kazakhstan"
2013-03-21 18:22:26.340000+00:00,38.737,70.183,5.2,4.0,"23 km SE of Darband, Tajikistan"
2013-03-26 08:54:40.160000+00:00,38.667,71.446,32.1,4.5,"63 km S of Karakenja, Tajikistan"
2013-04-04 13:46:27.650000+00:00,40.949,77.994,49.7,4.3,"148 km SSE of Kadzhi-Say, Kyrgyzstan"
2013-04-04 15:44:29.400000+00:00,39.612,73.753,42.6,4.1,"121 km SE of Nookat, Kyrgyzstan"
2013-04-11 01:05:30.750000+00:00,39.582,74.106,56.6,4.4,"148 km ESE of Nookat, Kyrgyzstan"
2013-04-12 17:28:21.600000+00:00,38.248,72.548,104.5,4.7,"121 km NE of Khorugh, Tajikistan"
2013-04-24 17:08:39.420000+00:00,39.529,73.309,41.1,4.1,"89 km E of Kyzyl-Eshme, Kyrgyzstan"
2013-05-02 04:52:27.550000+00:00,42.326,73.655,10.0,4.3,"39 km SSW of Sosnovka, Kyrgyzstan"
2013-05-03 11:46:42.810000+00:00,40.843,79.994,39.8,4.5,"17 km SW of Aykol, China"
2013-05-07 17:25:50.900000+00:00,38.696,71.35,40.1,4.1,"61 km SSW of Karakenja, Tajikistan"
2013-05-12 10:19:31.820000+00:00,39.532,73.029,49.5,4.8,"65 km E of Kyzyl-Eshme, Kyrgyzstan"
2013-05-15 00:44:17.130000+00:00,39.907,72.345,41.4,4.2,"38 km N of Kyzyl-Eshme, Kyrgyzstan"
2013-05-22 23:55:50.520000+00:00,38.463,74.026,122.2,4.1,"32 km N of Murghob, Tajikistan"
2013-05-24 22:18:33.910000+00:00,40.912,69.171,19.2,5.3,"11 km N of Bo‘ka, Uzbekistan"
2013-05-26 06:08:15.960000+00:00,39.956,67.314,18.0,5.7,"22 km N of Bulung’ur Shahri, Uzbekistan"
2013-06-04 14:35:30.850000+00:00,40.008,74.675,54.9,4.2,"127 km WNW of Kashgar, China"
2013-06-07 21:55:16.750000+00:00,43.157,80.263,35.4,4.5,"86 km E of Kegen, Kazakhstan"
2013-06-19 03:45:36.090000+00:00,38.453,72.981,111.6,4.1,"91 km WNW of Murghob, Tajikistan"
2013-06-24 05:02:02.300000+00:00,44.352,84.251,10.2,4.7,"130 km NE of Xinyuan, China"
2013-06-24 06:34:49.800000+00:00,44.361,84.221,10.0,4.5,"129 km NE of Xinyuan, China"
2013-06-25 16:59:11.550000+00:00,39.43,71.971,12.3,4.6,"24 km SW of Daroot-Korgon, Kyrgyzstan"
2013-06-30 04:59:34.380000+00:00,39.272,73.471,28.8,5.0,"108 km ESE of Kyzyl-Eshme, Kyrgyzstan"
2013-06-30 06:04:32.320000+00:00,39.178,73.491,62.4,4.0,"113 km ESE of Kyzyl-Eshme, Kyrgyzstan"
2013-06-30 18:08:04.050000+00:00,39.224,73.482,25.6,4.3,"110 km ESE of Kyzyl-Eshme, Kyrgyzstan"
2013-07-01 20:06:51.660000+00:00,39.282,73.476,51.6,4.3,"108 km ESE of Kyzyl-Eshme, Kyrgyzstan"
2013-07-06 01:31:49.590000+00:00,38.1,69.038,55.0,4.3,"23 km S of Yovon, Tajikistan"
2013-07-11 08:45:31.370000+00:00,40.903,73.977,43.0,4.3,"58 km ENE of Uzgen, Kyrgyzstan"
2013-07-14 23:09:54.500000+00:00,39.345,73.026,16.5,4.7,"69 km ESE of Kyzyl-Eshme, Kyrgyzstan"
2013-07-24 23:43:47.600000+00:00,38.384,73.409,127.6,4.4,"54 km WNW of Murghob, Tajikistan"
2013-07-27 17:36:19.790000+00:00,38.359,72.689,60.2,4.3,"113 km W of Murghob, Tajikistan"
2013-07-29 05:26:23.640000+00:00,40.859,70.928,40.3,4.4,"15 km W of Pop, Uzbekistan"
2013-08-02 23:06:59.860000+00:00,44.0061,83.0696,35.39,4.9,"66 km NNW of Xinyuan, China"
2013-08-03 08:15:21.680000+00:00,40.9797,78.7141,10.33,4.0,"119 km W of Aykol, China"
2013-08-04 01:14:49.840000+00:00,44.3064,81.5416,10.39,4.7,"60 km ENE of Huocheng, China"
2013-08-07 15:19:38.250000+00:00,38.0142,69.4807,10.0,4.0,"10 km WSW of Sovet, Tajikistan"
2013-08-24 00:24:24.070000+00:00,41.0683,71.5854,18.5,4.8,"9 km NE of To‘rqao‘rg‘on, Uzbekistan"
2013-08-26 00:47:03.980000+00:00,38.7531,69.9594,12.7,4.3,"8 km ESE of Roghun, Tajikistan"
2013-08-27 10:15:39.880000+00:00,41.4184,79.5388,30.95,4.4,"67 km WNW of Aksu, China"
2013-08-28 14:32:20.610000+00:00,39.213,74.5929,46.92,4.5,"123 km WSW of Kashgar, China"
2013-09-06 13:34:08.870000+00:00,42.7352,79.5289,23.27,4.5,"40 km SE of Kegen, Kazakhstan"
2013-09-17 03:51:51.520000+00:00,39.6066,74.7842,61.81,4.2,"104 km W of Kashgar, China"
2013-09-17 05:21:38.530000+00:00,43.9396,83.6885,13.31,4.5,"67 km NNE of Xinyuan, China"
2013-09-20 16:28:26.770000+00:00,42.3008,76.5419,17.54,4.4,"34 km ESE of Balykchy, Kyrgyzstan"
2013-09-24 01:21:28.010000+00:00,42.8712,69.4673,16.91,4.3,"19 km SSE of Chayan, Kazakhstan"
2013-09-24 09:10:42.820000+00:00,42.8989,69.4753,11.72,4.6,"16 km SSE of Chayan, Kazakhstan"
2013-09-25 14:32:44.460000+00:00,42.4525,84.2628,38.19,4.7,"136 km SE of Xinyuan, China"
2013-09-29 16:07:35.940000+00:00,38.7155,70.3083,18.2,4.6,"34 km ESE of Darband, Tajikistan"
2013-10-03 06:59:24.200000+00:00,39.6731,76.079,11.7,4.1,"23 km NNE of Kashgar, China"
2013-10-09 02:51:27.500000+00:00,39.0655,76.7851,67.58,4.0,"82 km ESE of Kashgar, China"
2013-11-02 04:27:36.680000+00:00,40.6316,78.1991,37.59,4.2,"167 km WSW of Aykol, China"
2013-11-04 08:04:39.080000+00:00,39.7652,75.524,48.06,4.8,"51 km NW of Kashgar, China"
2013-11-10 05:15:10.960000+00:00,38.4097,68.8901,22.96,5.2,"9 km SE of Boshkengash, Tajikistan"
2013-11-11 02:21:04.270000+00:00,38.4703,68.828,42.03,4.0,"2 km ENE of Boshkengash, Tajikistan"
2013-11-15 02:08:59.880000+00:00,41.7385,79.3722,32.54,4.2,"97 km NW of Aksu, China"
2013-11-15 06:57:15.900000+00:00,40.5785,73.0815,40.97,4.7,"22 km SE of Kara Suu, Kyrgyzstan"
2013-11-15 10:32:38.250000+00:00,39.0251,70.7551,19.09,4.7,"32 km E of Rasht, Tajikistan"
2013-11-16 16:54:10.530000+00:00,42.1823,81.0553,37.23,4.2,"128 km NNE of Aksu, China"
2013-11-17 06:48:54.490000+00:00,40.4176,77.3472,15.23,4.4,"154 km ESE of At-Bashi, Kyrgyzstan"
2013-11-21 15:40:27.580000+00:00,41.7387,71.9748,44.13,4.6,"32 km NNE of Kerben, Kyrgyzstan"
2013-11-23 09:42:07.850000+00:00,42.5262,75.7113,9.76,4.9,"28 km S of Kemin, Kyrgyzstan"
2013-11-28 01:19:09.120000+00:00,39.5265,73.6275,42.74,4.6,"116 km E of Kyzyl-Eshme, Kyrgyzstan"
2013-11-29 18:52:09.680000+00:00,38.2652,69.5003,18.97,4.2,"20 km SE of Norak, Tajikistan"
2013-11-30 17:18:31.310000+00:00,39.3562,84.411,18.41,4.2,"290 km SSE of Kuqa, China"
2013-12-01 08:34:24+00:00,40.2532,78.9442,7.68,5.0,"127 km SW of Aykol, China"
2013-12-06 10:24:02.870000+00:00,40.0674,69.9219,23.69,5.0,"26 km SE of Buston, Tajikistan"
2013-12-15 17:52:03.110000+00:00,39.6704,74.2374,75.23,4.2,"145 km SSE of Uzgen, Kyrgyzstan"
2013-12-24 12:40:33.740000+00:00,38.3639,73.937,135.81,4.9,"21 km N of Murghob, Tajikistan"
2013-12-26 08:48:58.040000+00:00,41.2713,75.618,10.97,3.9,"19 km NW of At-Bashi, Kyrgyzstan"
2014-01-04 17:46:08.740000+00:00,38.335,75.3575,126.82,4.6,"123 km E of Murghob, Tajikistan"
2014-01-19 15:48:32.020000+00:00,39.0449,70.2203,24.29,4.1,"7 km ENE of Novobod, Tajikistan"
2014-01-21 20:46:36.490000+00:00,42.0873,75.101,6.95,4.0,"85 km S of Tokmok, Kyrgyzstan"
2014-01-24 23:49:05.360000+00:00,39.4936,73.4263,66.38,4.1,"99 km E of Kyzyl-Eshme, Kyrgyzstan"
2014-01-26 08:28:15.300000+00:00,39.3827,76.979,10.0,4.3,"85 km E of Kashgar, China"
2014-02-01 08:31:23.040000+00:00,38.877,70.5255,45.57,4.5,"21 km SE of Rasht, Tajikistan"
2014-02-03 03:02:50.700000+00:00,38.368,72.9709,56.46,4.5,"89 km WNW of Murghob, Tajikistan"
2014-02-04 01:47:21.090000+00:00,39.5106,73.3533,66.3,4.4,"93 km E of Kyzyl-Eshme, Kyrgyzstan"
2014-02-06 21:27:39.930000+00:00,39.4804,74.2315,35.76,4.3,"147 km N of Murghob, Tajikistan"
2014-02-10 14:42:35.940000+00:00,39.6967,73.6683,63.6,4.5,"109 km SE of Nookat, Kyrgyzstan"
2014-02-28 13:22:45.320000+00:00,40.9593,73.2436,50.92,4.4,"20 km E of Jalal-Abad, Kyrgyzstan"
2014-03-14 08:15:11.710000+00:00,39.3697,72.612,53.87,4.6,"36 km SE of Kyzyl-Eshme, Kyrgyzstan"
2014-03-16 05:32:13.760000+00:00,42.4158,78.0695,24.28,4.3,"9 km NNE of Kyzyl-Suu, Kyrgyzstan"
2014-03-17 16:35:00.140000+00:00,40.7333,78.4274,41.25,4.7,"146 km W of Aykol, China"
2014-03-19 01:31:46.430000+00:00,41.2142,72.5503,16.84,4.1,"20 km NNE of Kochkor-Ata, Kyrgyzstan"
2014-03-29 04:06:33.380000+00:00,41.6896,71.2167,40.78,4.0,"50 km WNW of Kerben, Kyrgyzstan"
2014-03-31 23:59:53.360000+00:00,39.8661,73.8415,71.86,4.1,"110 km SSE of Uzgen, Kyrgyzstan"
2014-04-05 12:45:11.530000+00:00,38.3849,73.7981,134.22,4.2,"28 km NNW of Murghob, Tajikistan"
2014-04-09 12:13:07.450000+00:00,38.5043,73.3154,124.81,4.4,Tajikistan-Xinjiang border region
2014-04-11 04:06:15.480000+00:00,42.6823,83.2267,10.0,4.1,"82 km S of Xinyuan, China"
2014-04-14 03:20:09.210000+00:00,39.6171,73.8954,48.55,4.1,"130 km SE of Nookat, Kyrgyzstan"
2014-04-22 07:54:40.140000+00:00,38.3161,73.2672,142.66,4.0,"63 km WNW of Murghob, Tajikistan"
2014-04-22 11:01:49.740000+00:00,38.3976,72.9656,115.77,4.3,"91 km WNW of Murghob, Tajikistan"
2014-04-24 18:34:39.270000+00:00,42.7576,77.9153,27.61,4.3,"36 km W of Tyup, Kyrgyzstan"
2014-04-28 06:33:06.780000+00:00,39.1219,71.1805,65.39,4.5,"32 km WSW of Karakenja, Tajikistan"
2014-04-29 16:22:30.210000+00:00,38.7957,66.9926,44.91,4.5,"32 km SSE of Shahrisabz, Uzbekistan"
2014-05-01 07:28:39.720000+00:00,40.0957,77.4945,36.36,4.2,"146 km ENE of Kashgar, China"
2014-05-02 02:11:06.210000+00:00,38.3732,74.3133,143.33,4.1,"37 km NE of Murghob, Tajikistan"
2014-05-04 20:23:31.410000+00:00,40.606,77.6593,10.0,5.4,"167 km ESE of Naryn, Kyrgyzstan"
2014-05-20 14:26:49.720000+00:00,40.6056,77.8137,25.38,4.1,"178 km ESE of Naryn, Kyrgyzstan"
2014-05-22 23:55:33.240000+00:00,38.2603,72.9982,133.79,4.1,"85 km W of Murghob, Tajikistan"
2014-05-28 02:25:59.670000+00:00,42.5547,74.816,9.92,4.2,"37 km S of Kant, Kyrgyzstan"
2014-05-28 20:49:21.660000+00:00,38.6229,73.1005,108.23,4.2,"90 km WNW of Murghob, Tajikistan"
2014-06-09 13:34:47.420000+00:00,44.6806,80.7369,35.0,4.8,"70 km N of Huocheng, China"
2014-06-10 00:12:07.010000+00:00,41.6839,81.0343,32.73,4.0,"84 km NE of Aksu, China"
2014-06-13 12:13:23.010000+00:00,42.2458,77.1137,6.51,4.0,"12 km NNW of Kadzhi-Say, Kyrgyzstan"
2014-06-20 19:35:58.330000+00:00,39.9782,76.0364,22.77,4.1,"56 km N of Kashgar, China"
2014-06-23 00:27:54.400000+00:00,38.4599,70.3276,20.92,4.5,"46 km NNE of M?’minobod, Tajikistan"
2014-06-23 15:30:09.150000+00:00,41.0154,71.6348,33.81,4.6,"3 km WNW of Namangan, Uzbekistan"
2014-07-08 21:52:48.070000+00:00,39.3526,78.1413,10.0,5.0,"130 km NE of Shache, China"
2014-07-17 00:06:27.880000+00:00,38.8876,75.698,10.0,4.2,"69 km SSW of Kashgar, China"
2014-07-23 12:44:23+00:00,38.488,74.0622,137.69,4.3,"36 km NNE of Murghob, Tajikistan"
2014-07-24 03:08:18.280000+00:00,39.1843,81.1083,10.0,4.6,"151 km S of Aral, China"
2014-07-28 13:14:35.610000+00:00,39.6871,73.7764,56.59,4.3,"117 km ESE of Nookat, Kyrgyzstan"
2014-08-07 12:30:42.910000+00:00,40.2579,71.6218,36.42,4.5,"19 km SE of Oltiariq, Uzbekistan"
2014-08-15 21:42:30.750000+00:00,42.9405,77.4312,21.35,5.0,"43 km NE of Cholpon-Ata, Kyrgyzstan"
2014-08-20 18:35:17.720000+00:00,41.9763,78.161,10.0,4.1,Kyrgyzstan-Xinjiang border region
2014-08-21 11:52:14.930000+00:00,39.5565,73.2297,35.0,4.3,"82 km E of Kyzyl-Eshme, Kyrgyzstan"
2014-08-23 06:13:22.050000+00:00,41.2016,67.7622,15.94,4.4,"18 km WSW of Chardara, Kazakhstan"
2014-08-27 14:05:25.310000+00:00,41.951,82.4763,36.13,4.7,"45 km NW of Kuqa, China"
2014-08-29 01:04:03.280000+00:00,39.1443,71.5833,36.0,4.8,"11 km SSE of Karakenja, Tajikistan"
2014-09-02 07:39:02.940000+00:00,40.273,72.4763,17.79,4.8,"12 km W of Nookat, Kyrgyzstan"
2014-09-03 02:11:13.590000+00:00,42.1841,77.5172,48.48,4.3,"28 km E of Kadzhi-Say, Kyrgyzstan"
2014-09-05 14:11:22.210000+00:00,39.5805,70.2269,37.39,4.3,Kyrgyzstan-Tajikistan border region
2014-09-05 23:35:22.620000+00:00,39.1949,67.9788,33.43,4.3,"46 km SE of Panjakent, Tajikistan"
2014-09-13 03:41:55.900000+00:00,39.0439,70.759,10.0,4.4,"33 km E of Rasht, Tajikistan"
2014-10-01 03:12:53.810000+00:00,38.8967,70.3599,9.57,4.4,"14 km S of Rasht, Tajikistan"
2014-10-01 16:49:20.920000+00:00,38.5901,69.5866,15.55,4.6,"17 km SW of Obigarm, Tajikistan"
2014-10-13 21:43:14.530000+00:00,40.7649,80.0458,15.03,4.4,"22 km SSW of Aykol, China"
2014-10-19 12:00:02.490000+00:00,39.9899,73.1655,45.38,4.4,"55 km ESE of Nookat, Kyrgyzstan"
2014-10-30 06:38:58.320000+00:00,39.795,67.6455,24.09,4.5,"32 km E of Bulung’ur Shahri, Uzbekistan"
2014-10-31 23:15:33.940000+00:00,40.3453,71.5875,10.0,4.4,"10 km ESE of Oltiariq, Uzbekistan"
2014-11-05 23:26:45.230000+00:00,44.1709,83.3055,38.8,4.6,"82 km N of Xinyuan, China"
2014-11-08 23:39:37.860000+00:00,44.1236,83.4672,26.83,4.4,"79 km NNE of Xinyuan, China"
2014-11-10 13:20:11.290000+00:00,38.8084,75.5929,46.17,4.5,"81 km SSW of Kashgar, China"
2014-11-14 01:24:15.250000+00:00,42.0925,77.2621,10.0,5.2,"8 km SE of Kadzhi-Say, Kyrgyzstan"
2014-11-14 02:09:14.970000+00:00,42.2293,77.13,10.0,4.3,"10 km NNW of Kadzhi-Say, Kyrgyzstan"
2014-11-16 13:04:08.400000+00:00,38.1791,74.0055,178.33,4.0,"3 km ENE of Murghob, Tajikistan"
2014-11-17 04:11:02.700000+00:00,38.2964,72.2653,104.32,4.5,"109 km NE of Khorugh, Tajikistan"
2014-11-18 00:37:25.980000+00:00,38.1919,72.9695,138.24,5.0,"87 km W of Murghob, Tajikistan"
2014-11-19 19:19:24.930000+00:00,42.2458,84.3862,36.58,4.6,"134 km ENE of Kuqa, China"
2014-12-06 22:57:22.210000+00:00,42.0568,78.7492,5.83,4.5,"52 km SSE of Ak-Suu, Kyrgyzstan"
2014-12-11 21:57:21.700000+00:00,39.8607,73.4558,58.13,4.3,"84 km ESE of Nookat, Kyrgyzstan"
2014-12-12 17:54:40.300000+00:00,38.2858,74.0543,153.21,4.4,"14 km NNE of Murghob, Tajikistan"
2014-12-19 15:12:47.840000+00:00,41.9005,82.7537,30.96,4.2,"25 km NW of Kuqa, China"
2014-12-26 01:04:08.360000+00:00,39.5712,73.3421,56.12,4.1,"91 km E of Kyzyl-Eshme, Kyrgyzstan"
2015-01-10 06:51:02.610000+00:00,40.1126,77.2615,47.77,5.1,"130 km ENE of Kashgar, China"
2015-01-14 04:20:45.410000+00:00,39.2113,75.0791,57.03,4.3,"83 km WSW of Kashgar, China"
2015-01-15 04:58:33.830000+00:00,38.2157,72.9237,128.57,4.4,"91 km W of Murghob, Tajikistan"
2015-01-19 01:43:08.730000+00:00,39.8624,73.8293,59.93,4.5,"110 km SSE of Uzgen, Kyrgyzstan"
2015-01-20 07:35:22.020000+00:00,42.1768,84.5075,37.12,4.8,"140 km ENE of Kuqa, China"
2015-01-21 09:10:28.290000+00:00,41.2576,72.5885,42.87,4.1,"26 km NNE of Kochkor-Ata, Kyrgyzstan"
2015-01-22 10:21:07.270000+00:00,44.0372,83.3533,10.0,4.8,"68 km N of Xinyuan, China"
2015-01-22 15:52:30.710000+00:00,42.3624,74.9514,21.25,4.9,"59 km S of Kant, Kyrgyzstan"
2015-01-23 03:33:23.870000+00:00,38.1697,72.801,132.33,4.1,"102 km W of Murghob, Tajikistan"
2015-02-15 09:38:54.590000+00:00,39.5361,75.1314,51.9,4.7,"74 km W of Kashgar, China"
2015-02-21 20:05:45.880000+00:00,42.5932,83.9635,29.24,4.5,"109 km SSE of Xinyuan, China"
2015-02-25 14:12:19.350000+00:00,40.195,77.47,42.06,4.3,"150 km ENE of Kashgar, China"
2015-03-13 13:43:37.680000+00:00,40.8355,69.4811,33.74,4.5,"9 km W of Olmaliq, Uzbekistan"
2015-03-15 14:01:03.070000+00:00,43.0727,76.9111,27.91,4.8,"20 km S of Almaty, Kazakhstan"
2015-03-15 16:24:31.520000+00:00,38.9616,68.7868,28.15,4.5,"16 km NW of Tagob, Tajikistan"
2015-03-16 08:52:51.610000+00:00,39.343,73.4226,89.56,4.4,"102 km ESE of Kyzyl-Eshme, Kyrgyzstan"
2015-03-17 20:11:07.920000+00:00,39.2299,71.618,58.73,4.1,"8 km E of Karakenja, Tajikistan"
2015-03-25 02:35:34.600000+00:00,40.075,69.1176,24.25,4.2,"20 km NNE of Istaravshan, Tajikistan"
2015-04-09 15:57:41.860000+00:00,38.3425,75.1964,141.28,4.1,"109 km E of Murghob, Tajikistan"
2015-04-10 00:31:20.190000+00:00,38.5227,73.9642,124.0,4.3,"39 km N of Murghob, Tajikistan"
2015-04-12 03:24:23.450000+00:00,39.0156,71.0404,48.64,4.3,"48 km WSW of Karakenja, Tajikistan"
2015-04-28 01:13:03.540000+00:00,39.4319,75.0029,59.02,4.2,"85 km W of Kashgar, China"
2015-05-02 05:47:10.660000+00:00,39.7693,74.0487,53.02,4.3,"128 km SSE of Uzgen, Kyrgyzstan"
2015-05-08 20:23:55.510000+00:00,38.0292,74.2475,207.22,4.0,"29 km ESE of Murghob, Tajikistan"
2015-05-20 03:31:42.550000+00:00,38.6418,70.1959,14.6,5.2,"32 km SE of Darband, Tajikistan"
2015-05-30 20:36:18.350000+00:00,38.4463,73.018,96.62,5.4,"88 km WNW of Murghob, Tajikistan"
2015-06-01 23:30:28.960000+00:00,38.0219,72.6699,141.69,4.8,"114 km ENE of Khorugh, Tajikistan"
2015-06-08 04:50:22.790000+00:00,41.8324,72.7457,39.96,4.3,"16 km WSW of Toktogul, Kyrgyzstan"
2015-06-11 12:56:49.580000+00:00,38.066,70.2045,10.0,4.3,"15 km ESE of M?’minobod, Tajikistan"
2015-06-15 06:07:46.550000+00:00,40.4727,77.6472,35.0,4.5,"173 km ESE of At-Bashi, Kyrgyzstan"
2015-06-15 07:45:47.080000+00:00,40.4111,77.8167,40.7,4.2,"187 km ENE of Kashgar, China"
2015-06-22 21:40:57.480000+00:00,39.2991,71.7414,10.0,4.5,"20 km ENE of Karakenja, Tajikistan"
2015-06-23 20:16:29.930000+00:00,40.0899,76.5361,48.83,4.1,"83 km NE of Kashgar, China"
2015-06-24 17:10:01.590000+00:00,38.4301,73.5043,122.37,4.5,"49 km NW of Murghob, Tajikistan"
2015-06-28 15:21:50.790000+00:00,39.2598,72.3938,10.0,4.3,"35 km SSE of Kyzyl-Eshme, Kyrgyzstan"
2015-06-30 19:44:50.420000+00:00,39.5964,73.6597,29.11,4.1,"115 km SE of Nookat, Kyrgyzstan"
2015-07-02 02:45:21.900000+00:00,38.4354,73.5128,135.5,4.4,"49 km NW of Murghob, Tajikistan"
2015-07-04 18:18:50.230000+00:00,38.1721,77.0948,15.35,4.1,"29 km SSW of Shache, China"
2015-07-06 01:31:34.490000+00:00,38.1323,74.1194,178.23,3.9,"14 km ESE of Murghob, Tajikistan"
2015-07-06 06:38:07.360000+00:00,40.3764,71.7083,10.0,4.4,"5 km S of Yangi Marg‘ilon, Uzbekistan"
2015-07-08 02:43:35.990000+00:00,40.0882,77.8,22.66,4.6,"169 km ENE of Kashgar, China"
2015-07-10 00:31:59.380000+00:00,41.0983,74.1631,11.64,4.3,"81 km ENE of Uzgen, Kyrgyzstan"
2015-07-13 18:25:05.360000+00:00,38.9915,72.6095,10.0,4.8,"70 km SSE of Kyzyl-Eshme, Kyrgyzstan"
2015-07-21 19:21:29.340000+00:00,38.8831,69.794,9.51,4.8,"13 km NNW of Roghun, Tajikistan"
2015-07-23 01:24:50.520000+00:00,39.7249,74.7771,44.04,4.1,"107 km WNW of Kashgar, China"
2015-08-03 14:37:11.610000+00:00,38.5571,73.912,120.17,4.1,"43 km N of Murghob, Tajikistan"
2015-08-07 22:13:10.790000+00:00,38.6514,70.5748,10.0,4.0,Afghanistan-Tajikistan border region
2015-08-10 12:31:07.590000+00:00,41.1025,74.063,20.3,4.0,"74 km ENE of Uzgen, Kyrgyzstan"
2015-08-15 23:46:20.950000+00:00,38.1527,74.4102,60.55,4.4,"38 km E of Murghob, Tajikistan"
2015-08-19 22:04:34.450000+00:00,42.0988,84.5064,10.0,4.7,"137 km ENE of Kuqa, China"
2015-08-20 01:20:17.170000+00:00,40.6204,70.3805,42.52,4.2,"6 km SSE of Shaydon, Tajikistan"
2015-08-22 01:48:55.400000+00:00,38.1999,74.125,175.51,4.1,"14 km ENE of Murghob, Tajikistan"
2015-08-27 10:16:30.980000+00:00,42.1154,83.1951,28.31,4.8,"49 km NNE of Kuqa, China"
2015-08-27 10:27:20.360000+00:00,42.1472,83.3134,25.99,4.4,"57 km NNE of Kuqa, China"
2015-08-28 13:26:42.400000+00:00,41.7652,80.8302,43.48,4.5,"79 km NE of Aksu, China"
2015-08-29 20:26:21.060000+00:00,40.1832,77.5339,24.57,4.3,"154 km ENE of Kashgar, China"
2015-08-31 16:13:41.630000+00:00,38.3446,73.8631,127.39,4.7,"21 km NNW of Murghob, Tajikistan"
2015-09-05 20:34:13.740000+00:00,41.3331,75.694,10.0,4.4,Kyrgyzstan
2015-09-12 21:20:47.760000+00:00,39.5429,73.8758,46.72,4.3,"134 km SE of Nookat, Kyrgyzstan"
2015-09-20 16:09:16.960000+00:00,41.1368,73.482,10.0,4.5,"43 km NNE of Uzgen, Kyrgyzstan"
2015-09-21 09:05:55.590000+00:00,41.6917,77.7019,40.26,4.1,"66 km SE of Kadzhi-Say, Kyrgyzstan"
2015-09-22 17:43:10.420000+00:00,41.351,71.9922,26.36,4.3,"18 km W of Tash-Kumyr, Kyrgyzstan"
2015-09-27 23:44:40.400000+00:00,38.2777,74.5874,147.45,4.1,"55 km ENE of Murghob, Tajikistan"
2015-09-30 00:50:04.340000+00:00,39.5327,75.0729,10.0,4.4,"79 km W of Kashgar, China"
2015-09-30 07:30:32.350000+00:00,38.7303,70.6493,11.04,4.3,"40 km SE of Rasht, Tajikistan"
2015-10-06 18:05:45.110000+00:00,39.4033,73.5888,23.17,4.5,Kyrgyzstan-Tajikistan-Xinjiang border region
2015-10-16 11:43:40.300000+00:00,38.4876,73.3545,123.17,4.0,"64 km WNW of Murghob, Tajikistan"
2015-10-20 18:32:33.100000+00:00,39.6217,69.1746,20.9,4.5,"35 km SSE of Istaravshan, Tajikistan"
2015-10-26 13:02:32.740000+00:00,39.5861,73.2331,70.11,4.4,"82 km E of Kyzyl-Eshme, Kyrgyzstan"
2015-11-14 22:38:35.480000+00:00,38.3714,75.4859,141.71,4.0,"southern Xinjiang, China"
2015-11-17 17:29:36.290000+00:00,40.3762,73.2038,18.0,5.6,"38 km ESE of Osh, Kyrgyzstan"
2015-11-17 17:40:54.680000+00:00,40.4282,73.0012,52.09,4.8,"20 km ESE of Osh, Kyrgyzstan"
2015-11-17 20:03:19.740000+00:00,40.3759,73.2629,10.0,3.9,"42 km ESE of Osh, Kyrgyzstan"
2015-11-18 20:54:34.960000+00:00,39.7239,77.1563,10.0,4.0,"104 km ENE of Kashgar, China"
2015-11-19 00:00:41.110000+00:00,41.1693,78.8382,10.0,4.3,"111 km WNW of Aykol, China"
2015-11-19 05:20:06.540000+00:00,39.4007,75.6292,10.0,4.7,"31 km WSW of Kashgar, China"
2015-11-20 04:45:49.900000+00:00,40.4008,73.2169,16.0,4.5,"38 km ESE of Osh, Kyrgyzstan"
2015-11-21 00:15:43.920000+00:00,41.8168,71.3791,25.61,4.5,"47 km NW of Kerben, Kyrgyzstan"
2015-11-21 02:35:52.070000+00:00,41.814,71.4515,40.62,4.1,"43 km NW of Kerben, Kyrgyzstan"
2015-11-24 05:48:24.570000+00:00,42.0486,81.3629,10.0,4.4,"131 km NE of Aksu, China"
2015-11-24 14:45:54.390000+00:00,40.406,73.1843,10.0,4.6,"35 km ESE of Osh, Kyrgyzstan"
2015-11-27 09:13:04.860000+00:00,39.1474,72.5817,13.72,4.3,"53 km SSE of Kyzyl-Eshme, Kyrgyzstan"
2015-11-30 08:40:07.580000+00:00,39.9913,75.5499,57.21,4.4,"69 km NNW of Kashgar, China"
2015-12-01 06:13:43.360000+00:00,41.3752,73.257,40.83,5.1,"53 km NNE of Jalal-Abad, Kyrgyzstan"
2015-12-07 07:50:05.950000+00:00,38.2107,72.7797,22.0,7.2,"104 km W of Murghob, Tajikistan"
2015-12-07 07:59:09.970000+00:00,38.7467,72.8461,17.92,5.3,"103 km SSE of Kyzyl-Eshme, Kyrgyzstan"
2015-12-07 08:09:44.860000+00:00,38.4507,73.2848,10.0,5.2,"67 km WNW of Murghob, Tajikistan"
2015-12-07 08:24:11.320000+00:00,38.2325,72.7443,10.0,4.7,Tajikistan
2015-12-07 08:30:56.730000+00:00,41.7307,74.6053,21.53,5.5,"116 km SSE of Sosnovka, Kyrgyzstan"
2015-12-07 08:54:14.270000+00:00,38.8211,73.1113,10.0,4.4,"103 km NW of Murghob, Tajikistan"
2015-12-07 08:55:48.440000+00:00,38.5813,73.2693,10.0,4.7,"76 km NW of Murghob, Tajikistan"
2015-12-07 09:24:52.670000+00:00,38.4881,73.238,10.0,4.9,"72 km WNW of Murghob, Tajikistan"
2015-12-07 10:04:58.310000+00:00,38.6494,73.2011,19.87,5.4,"85 km NW of Murghob, Tajikistan"
2015-12-07 10:07:33.590000+00:00,38.5827,73.335,10.0,4.6,"71 km NW of Murghob, Tajikistan"
2015-12-07 10:34:22.220000+00:00,38.208,72.939,10.0,4.6,"90 km W of Murghob, Tajikistan"
2015-12-07 11:19:26+00:00,38.6979,73.1202,10.0,4.3,"94 km NW of Murghob, Tajikistan"
2015-12-07 11:30:34.260000+00:00,38.5179,72.9856,10.0,4.3,"94 km WNW of Murghob, Tajikistan"
2015-12-07 11:47:58.670000+00:00,38.5072,73.1342,5.99,4.6,"81 km WNW of Murghob, Tajikistan"
2015-12-07 12:15:03.590000+00:00,38.5231,73.0281,10.0,4.5,"90 km WNW of Murghob, Tajikistan"
2015-12-07 13:50:43.730000+00:00,39.1564,73.3816,10.0,4.5,"105 km ESE of Kyzyl-Eshme, Kyrgyzstan"
2015-12-07 13:51:13.540000+00:00,39.0576,73.6527,12.33,4.5,"102 km NNW of Murghob, Tajikistan"
2015-12-07 14:27:17.430000+00:00,38.3631,72.9144,10.0,4.5,"94 km WNW of Murghob, Tajikistan"
2015-12-07 15:23:56.740000+00:00,38.5852,73.233,10.0,4.8,"78 km NW of Murghob, Tajikistan"
2015-12-07 16:27:45.520000+00:00,38.2746,72.7196,10.0,4.3,"109 km W of Murghob, Tajikistan"
2015-12-07 17:51:47.590000+00:00,38.2178,72.9733,10.0,4.6,"87 km W of Murghob, Tajikistan"
2015-12-07 18:54:33.190000+00:00,38.7498,73.2147,10.0,4.5,"91 km NW of Murghob, Tajikistan"
2015-12-07 22:01:22.870000+00:00,38.5856,72.9096,10.0,4.6,"103 km WNW of Murghob, Tajikistan"
2015-12-07 23:27:06.930000+00:00,38.7418,73.0993,10.0,4.3,"98 km NW of Murghob, Tajikistan"
2015-12-08 04:17:51.220000+00:00,38.262,73.3434,19.19,4.1,"55 km W of Murghob, Tajikistan"
2015-12-08 09:28:55.290000+00:00,38.2448,72.9329,10.0,4.6,"90 km W of Murghob, Tajikistan"
2015-12-08 10:24:24.650000+00:00,38.7568,73.2647,10.0,4.4,"89 km NW of Murghob, Tajikistan"
2015-12-08 14:08:44.270000+00:00,38.5054,72.8567,10.0,4.6,"103 km WNW of Murghob, Tajikistan"
2015-12-08 16:32:38.060000+00:00,38.3602,72.4245,10.0,4.4,"123 km NE of Khorugh, Tajikistan"
2015-12-09 19:17:38.330000+00:00,38.3722,72.8574,10.0,5.0,"99 km WNW of Murghob, Tajikistan"
2015-12-10 00:01:29.560000+00:00,38.7816,73.0963,10.0,4.4,"101 km NW of Murghob, Tajikistan"
2015-12-11 03:50:23.720000+00:00,41.7644,72.7169,32.2,4.2,"22 km WSW of Toktogul, Kyrgyzstan"
2015-12-11 10:42:31.960000+00:00,38.7195,73.1913,10.0,4.4,"91 km NW of Murghob, Tajikistan"
2015-12-11 19:21:22.160000+00:00,38.6971,73.1944,10.0,4.1,"89 km NW of Murghob, Tajikistan"
2015-12-13 04:24:31.760000+00:00,43.3342,82.4314,10.0,4.3,"67 km W of Xinyuan, China"
2015-12-13 20:09:19.650000+00:00,38.3228,73.0165,10.0,4.8,"84 km W of Murghob, Tajikistan"
2015-12-17 21:00:28.620000+00:00,38.2095,73.1855,155.17,4.0,"68 km W of Murghob, Tajikistan"
2015-12-18 14:09:42.450000+00:00,43.0601,82.9823,18.94,4.6,"46 km SSW of Xinyuan, China"
2015-12-18 21:15:45.830000+00:00,38.3124,72.3466,10.0,4.0,"114 km NE of Khorugh, Tajikistan"
2015-12-19 03:58:37.130000+00:00,38.6271,73.1275,21.11,4.4,"89 km NW of Murghob, Tajikistan"
2015-12-24 07:47:06.180000+00:00,38.0832,72.4653,10.0,4.1,"103 km NE of Khorugh, Tajikistan"
2015-12-24 19:52:59.110000+00:00,39.9293,75.803,48.51,4.0,"53 km NNW of Kashgar, China"
2015-12-27 23:05:31.720000+00:00,38.0315,72.6789,10.0,4.4,"114 km W of Murghob, Tajikistan"
2015-12-30 05:44:20.410000+00:00,38.9667,74.6956,54.75,4.4,"108 km NE of Murghob, Tajikistan"
2015-12-31 22:15:58.410000+00:00,40.8895,72.5413,48.21,4.5,"17 km SSE of Kochkor-Ata, Kyrgyzstan"
2016-01-01 03:26:08.910000+00:00,40.8745,72.6379,40.3,4.3,"18 km NNW of Qo‘rg‘ontepa, Uzbekistan"
2016-01-01 10:27:53.510000+00:00,38.8837,72.5535,10.0,4.5,"79 km SSE of Kyzyl-Eshme, Kyrgyzstan"
2016-01-03 00:20:18.060000+00:00,38.7426,73.1124,10.0,4.3,"97 km NW of Murghob, Tajikistan"
2016-01-04 10:27:07.630000+00:00,43.6353,83.0998,39.3,4.7,"26 km NNW of Xinyuan, China"
2016-01-08 23:02:16.500000+00:00,40.949,69.1443,10.0,4.3,"15 km NNW of Bo‘ka, Uzbekistan"
2016-01-12 00:38:01.100000+00:00,43.6681,84.3119,10.0,4.0,"89 km ENE of Xinyuan, China"
2016-01-13 15:53:29.190000+00:00,38.8582,68.5845,10.0,4.4,"13 km NNW of Khodzha-Maston, Tajikistan"
2016-01-13 21:18:14.460000+00:00,42.2124,84.2736,10.0,5.1,"124 km ENE of Kuqa, China"
2016-01-13 21:37:37.050000+00:00,38.7327,73.2032,13.3,5.0,"91 km NW of Murghob, Tajikistan"
2016-01-14 03:24:30.690000+00:00,41.3602,69.2464,8.08,4.0,"10 km NNE of Tashkent, Uzbekistan"
2016-01-16 23:44:58.590000+00:00,38.7971,73.1712,10.0,4.3,"98 km NW of Murghob, Tajikistan"
2016-01-20 11:08:06.880000+00:00,42.2369,84.4044,10.0,4.6,"135 km ENE of Kuqa, China"
2016-01-21 11:11:44.710000+00:00,40.6582,79.4597,10.0,4.3,"66 km WSW of Aykol, China"
2016-01-31 08:55:33.150000+00:00,39.6119,73.7488,38.13,4.5,"120 km SE of Nookat, Kyrgyzstan"
2016-02-02 07:01:00.570000+00:00,40.0345,77.686,14.26,4.7,"158 km ENE of Kashgar, China"
2016-02-02 13:27:39.510000+00:00,38.5322,73.2678,111.7,4.4,"73 km WNW of Murghob, Tajikistan"
2016-02-10 23:52:41.880000+00:00,41.0468,72.8922,42.17,4.4,"12 km E of Bazar-Korgon, Kyrgyzstan"
2016-02-11 13:10:58.150000+00:00,43.51,82.7343,18.02,4.8,"42 km WNW of Xinyuan, China"
2016-02-14 21:18:07.870000+00:00,38.5066,73.0558,69.02,4.0,"87 km WNW of Murghob, Tajikistan"
2016-02-15 23:58:18.850000+00:00,41.2634,71.9082,10.0,4.1,"17 km ENE of Yangiqo‘rg‘on, Uzbekistan"
2016-02-17 04:29:31.020000+00:00,38.4415,70.4505,10.09,4.3,"52 km NE of M?’minobod, Tajikistan"
2016-02-17 23:58:05.920000+00:00,39.0598,71.3121,45.38,4.6,"26 km SW of Karakenja, Tajikistan"
2016-02-19 22:13:04.700000+00:00,41.0311,71.671,38.89,4.2,"3 km N of Namangan, Uzbekistan"
2016-02-20 12:56:38.180000+00:00,38.0872,74.1415,183.05,4.5,"17 km ESE of Murghob, Tajikistan"
2016-02-22 13:39:10.430000+00:00,44.8152,81.3848,43.87,4.5,"94 km NNE of Huocheng, China"
2016-02-29 18:37:09.530000+00:00,43.079,80.4513,10.0,4.8,"95 km SSW of Qapqal, China"
2016-03-07 03:57:11.060000+00:00,38.3252,73.9797,122.34,4.2,"17 km N of Murghob, Tajikistan"
2016-03-08 22:41:48.670000+00:00,38.3253,75.5661,124.53,4.1,"132 km SSW of Kashgar, China"
2016-03-10 05:43:36.130000+00:00,40.0522,78.1508,10.0,4.1,"195 km WSW of Aykol, China"
2016-03-18 16:11:00.160000+00:00,38.0233,72.4114,10.0,5.6,"96 km NE of Khorugh, Tajikistan"
2016-03-24 08:37:36.470000+00:00,38.9584,70.7476,10.0,4.9,"33 km ESE of Rasht, Tajikistan"
2016-04-04 11:05:36.960000+00:00,39.2092,73.4487,58.04,4.2,"108 km ESE of Kyzyl-Eshme, Kyrgyzstan"
2016-04-05 12:12:06.190000+00:00,39.1142,67.1004,24.21,5.0,Uzbekistan-Tajikistan border region
2016-04-09 16:19:33.390000+00:00,39.4784,73.3895,46.95,4.7,"96 km E of Kyzyl-Eshme, Kyrgyzstan"
2016-04-16 02:39:32.280000+00:00,40.997,70.9877,38.46,4.8,"17 km NW of Pop, Uzbekistan"
2016-04-26 09:33:58.680000+00:00,39.6698,75.2934,44.05,4.3,"63 km WNW of Kashgar, China"
2016-04-29 04:36:36.290000+00:00,39.674,74.125,10.0,4.7,"southern Xinjiang, China"
2016-04-30 23:20:43.150000+00:00,38.1366,74.6378,133.28,4.3,"58 km E of Murghob, Tajikistan"
2016-05-03 20:27:03.290000+00:00,40.4222,77.7364,34.79,4.1,"182 km NE of Kashgar, China"
2016-05-04 00:34:12.630000+00:00,38.6034,73.8565,104.13,4.4,"49 km NNW of Murghob, Tajikistan"
2016-05-04 09:51:49.780000+00:00,38.1877,74.1795,165.73,4.3,"18 km E of Murghob, Tajikistan"
2016-05-15 16:59:10.790000+00:00,39.7951,75.3554,10.0,4.5,"65 km WNW of Kashgar, China"
2016-05-15 17:02:26.740000+00:00,39.7699,75.6205,10.0,4.6,"45 km NW of Kashgar, China"
2016-05-17 00:24:31.480000+00:00,39.6181,75.6198,10.0,4.1,"35 km WNW of Kashgar, China"
2016-05-26 00:30:13.020000+00:00,41.1279,72.4029,35.4,4.3,"12 km NW of Kochkor-Ata, Kyrgyzstan"
2016-05-28 19:10:36.150000+00:00,41.1097,68.1214,10.6,4.6,"20 km SE of Chardara, Kazakhstan"
2016-06-02 19:17:09.210000+00:00,40.54,71.5417,27.05,4.3,"12 km NNE of Hamza, Uzbekistan"
2016-06-04 01:12:44.010000+00:00,38.575,72.0258,10.0,4.1,"85 km SSE of Karakenja, Tajikistan"
2016-06-16 06:49:39.750000+00:00,38.9135,70.5527,10.0,4.3,"20 km SE of Rasht, Tajikistan"
2016-06-19 03:05:09.520000+00:00,42.0598,81.3372,10.0,4.4,"131 km NE of Aksu, China"
2016-06-22 13:22:24.170000+00:00,38.3415,75.5163,130.43,4.7,"131 km SSW of Kashgar, China"
2016-06-25 10:33:37.080000+00:00,39.4753,73.684,10.0,4.1,"121 km E of Kyzyl-Eshme, Kyrgyzstan"
2016-06-26 01:02:50.650000+00:00,38.7001,73.3176,10.0,4.1,"81 km NW of Murghob, Tajikistan"
2016-06-26 11:17:11.280000+00:00,39.4793,73.3388,13.0,6.4,"92 km E of Kyzyl-Eshme, Kyrgyzstan"
2016-06-26 11:25:13.460000+00:00,39.4021,73.2075,10.0,4.9,"82 km ESE of Kyzyl-Eshme, Kyrgyzstan"
2016-06-26 11:28:27.990000+00:00,39.4074,73.5245,10.0,4.9,"109 km E of Kyzyl-Eshme, Kyrgyzstan"
2016-06-26 11:30:22.160000+00:00,39.4451,73.6218,10.0,4.9,"116 km E of Kyzyl-Eshme, Kyrgyzstan"
2016-06-26 11:32:46.110000+00:00,39.4381,73.7349,10.0,4.8,"126 km E of Kyzyl-Eshme, Kyrgyzstan"
2016-06-26 11:35:28.100000+00:00,39.6441,73.562,10.0,4.6,"106 km SE of Nookat, Kyrgyzstan"
2016-06-26 11:40:48.870000+00:00,39.3387,73.613,10.0,4.6,"118 km ESE of Kyzyl-Eshme, Kyrgyzstan"
2016-06-26 11:43:15.250000+00:00,39.299,73.4515,10.0,4.5,"105 km ESE of Kyzyl-Eshme, Kyrgyzstan"
2016-06-26 11:46:08.050000+00:00,39.2913,73.4902,10.0,4.5,"109 km ESE of Kyzyl-Eshme, Kyrgyzstan"
2016-06-26 11:56:51.320000+00:00,39.3673,73.3647,10.0,4.2,"96 km ESE of Kyzyl-Eshme, Kyrgyzstan"
2016-06-26 12:03:23.200000+00:00,39.4727,73.8062,10.0,4.5,"132 km E of Kyzyl-Eshme, Kyrgyzstan"
2016-06-26 12:08:12.310000+00:00,39.4159,73.9782,10.0,4.2,"138 km N of Murghob, Tajikistan"
2016-06-26 12:16:11.600000+00:00,39.2509,73.5036,10.0,4.3,"111 km ESE of Kyzyl-Eshme, Kyrgyzstan"
2016-06-26 12:21:58.340000+00:00,39.425,73.3826,10.0,4.3,"96 km E of Kyzyl-Eshme, Kyrgyzstan"
2016-06-26 12:30:36.780000+00:00,39.5921,73.2301,10.0,4.4,"82 km E of Kyzyl-Eshme, Kyrgyzstan"
2016-06-26 12:50:05.150000+00:00,39.4051,73.6014,10.0,4.4,"115 km E of Kyzyl-Eshme, Kyrgyzstan"
2016-06-26 13:18:27.920000+00:00,39.5331,73.2627,10.0,4.4,"85 km E of Kyzyl-Eshme, Kyrgyzstan"
2016-06-26 13:46:20.790000+00:00,39.5103,73.454,10.0,4.3,"101 km E of Kyzyl-Eshme, Kyrgyzstan"
2016-06-26 14:16:00.170000+00:00,39.4635,73.4408,10.0,4.3,"101 km E of Kyzyl-Eshme, Kyrgyzstan"
2016-06-26 14:21:36.830000+00:00,39.643,73.367,10.0,4.1,"94 km SE of Nookat, Kyrgyzstan"
2016-06-26 14:40:22.150000+00:00,39.5976,73.4219,10.0,4.3,"98 km E of Kyzyl-Eshme, Kyrgyzstan"
2016-06-26 14:43:27.860000+00:00,39.2996,73.8362,10.0,4.3,"125 km N of Murghob, Tajikistan"
2016-06-26 14:58:16.600000+00:00,39.454,73.5017,10.0,4.4,"106 km E of Kyzyl-Eshme, Kyrgyzstan"
2016-06-26 15:06:29.530000+00:00,39.3053,73.7919,10.0,4.1,"126 km N of Murghob, Tajikistan"
2016-06-26 15:48:12.340000+00:00,39.5119,73.7082,10.0,4.4,"123 km E of Kyzyl-Eshme, Kyrgyzstan"
2016-06-26 16:02:01.240000+00:00,39.5267,73.5456,10.0,4.4,"109 km E of Kyzyl-Eshme, Kyrgyzstan"
2016-06-26 16:09:18.150000+00:00,39.5087,73.6454,10.0,4.3,"118 km E of Kyzyl-Eshme, Kyrgyzstan"
2016-06-26 16:19:01.910000+00:00,39.451,73.7393,10.0,4.2,"126 km E of Kyzyl-Eshme, Kyrgyzstan"
2016-06-26 18:51:12.650000+00:00,39.4425,73.3019,10.0,4.4,"89 km E of Kyzyl-Eshme, Kyrgyzstan"
2016-06-26 20:00:36.780000+00:00,39.5109,73.4509,10.0,4.3,"101 km E of Kyzyl-Eshme, Kyrgyzstan"
2016-06-26 21:16:44.630000+00:00,39.6393,73.3867,10.0,4.3,"95 km SE of Nookat, Kyrgyzstan"
2016-06-26 23:12:05.460000+00:00,39.4817,73.1259,10.0,4.1,"74 km E of Kyzyl-Eshme, Kyrgyzstan"
2016-06-26 23:37:48.040000+00:00,39.4764,73.5807,10.0,4.3,"113 km E of Kyzyl-Eshme, Kyrgyzstan"
2016-06-27 00:37:52.230000+00:00,39.4688,73.2474,10.0,4.3,"84 km E of Kyzyl-Eshme, Kyrgyzstan"
2016-06-27 02:32:07.880000+00:00,39.3888,73.5866,10.0,4.4,"114 km E of Kyzyl-Eshme, Kyrgyzstan"
2016-06-27 02:55:02.360000+00:00,39.5189,73.3143,10.0,4.3,"89 km E of Kyzyl-Eshme, Kyrgyzstan"
2016-06-27 05:08:23.080000+00:00,39.4426,73.4941,21.61,4.3,"106 km E of Kyzyl-Eshme, Kyrgyzstan"
2016-06-27 05:45:24+00:00,39.5074,73.4823,10.0,4.4,"104 km E of Kyzyl-Eshme, Kyrgyzstan"
2016-06-27 06:25:37.740000+00:00,39.4202,73.298,9.62,4.6,"89 km E of Kyzyl-Eshme, Kyrgyzstan"
2016-06-27 07:34:13.270000+00:00,39.4567,73.6269,10.0,4.5,"117 km E of Kyzyl-Eshme, Kyrgyzstan"
2016-06-27 12:38:15.800000+00:00,39.403,73.5453,10.0,4.5,"111 km E of Kyzyl-Eshme, Kyrgyzstan"
2016-06-27 12:59:15.590000+00:00,39.4256,73.4529,10.0,4.4,"102 km E of Kyzyl-Eshme, Kyrgyzstan"
2016-06-27 13:28:36.530000+00:00,39.6123,73.4037,10.0,4.3,"97 km E of Kyzyl-Eshme, Kyrgyzstan"
2016-06-27 14:44:09.010000+00:00,39.633,73.7798,10.0,4.2,"121 km SE of Nookat, Kyrgyzstan"
2016-06-27 14:53:20.220000+00:00,39.4934,73.0547,10.0,4.2,"67 km E of Kyzyl-Eshme, Kyrgyzstan"
2016-06-27 15:53:12.230000+00:00,39.4592,73.6412,10.0,4.3,"118 km E of Kyzyl-Eshme, Kyrgyzstan"
2016-06-27 16:33:18.780000+00:00,39.5213,73.2819,10.0,4.0,"86 km E of Kyzyl-Eshme, Kyrgyzstan"
2016-06-27 19:28:49.490000+00:00,39.4606,73.5842,10.0,5.3,"113 km E of Kyzyl-Eshme, Kyrgyzstan"
2016-06-27 19:29:32.890000+00:00,39.4026,73.7164,10.0,4.9,"125 km E of Kyzyl-Eshme, Kyrgyzstan"
2016-06-27 21:54:39.010000+00:00,39.4237,73.5626,10.0,4.4,"112 km E of Kyzyl-Eshme, Kyrgyzstan"
2016-06-28 08:38:19.540000+00:00,39.4678,73.2877,10.0,4.2,"88 km E of Kyzyl-Eshme, Kyrgyzstan"
2016-06-28 09:07:16.140000+00:00,39.3754,73.5926,10.0,4.5,"115 km E of Kyzyl-Eshme, Kyrgyzstan"
2016-06-28 12:43:16.550000+00:00,39.487,73.387,17.77,4.8,"96 km E of Kyzyl-Eshme, Kyrgyzstan"
2016-06-28 15:09:54+00:00,39.3883,73.7692,10.0,4.4,"130 km E of Kyzyl-Eshme, Kyrgyzstan"
2016-06-28 15:55:36.560000+00:00,38.5111,68.1522,27.15,4.3,"6 km W of Tursunzoda, Tajikistan"
2016-06-28 21:38:04.390000+00:00,39.4745,73.341,13.59,5.5,"92 km E of Kyzyl-Eshme, Kyrgyzstan"
2016-06-28 22:57:52.240000+00:00,39.4725,73.3906,10.0,4.4,"96 km E of Kyzyl-Eshme, Kyrgyzstan"
2016-06-29 08:08:14.350000+00:00,39.4279,73.3766,10.0,5.1,"96 km E of Kyzyl-Eshme, Kyrgyzstan"
2016-06-29 09:40:22.400000+00:00,39.4983,73.5917,10.0,4.2,"113 km E of Kyzyl-Eshme, Kyrgyzstan"
2016-06-29 11:23:52.180000+00:00,39.5221,73.4857,10.0,4.4,"104 km E of Kyzyl-Eshme, Kyrgyzstan"
2016-06-30 07:09:43.430000+00:00,38.3665,72.9552,21.9,4.5,"91 km WNW of Murghob, Tajikistan"
2016-07-01 04:19:48.510000+00:00,39.4589,73.3502,10.0,4.3,"93 km E of Kyzyl-Eshme, Kyrgyzstan"
2016-07-01 10:57:49.870000+00:00,39.3642,73.4765,10.0,4.3,"106 km ESE of Kyzyl-Eshme, Kyrgyzstan"
2016-07-01 11:01:14.270000+00:00,39.4009,73.8065,15.66,4.3,"133 km E of Kyzyl-Eshme, Kyrgyzstan"
2016-07-01 14:58:54.750000+00:00,38.8808,70.5594,10.0,5.0,"22 km SE of Rasht, Tajikistan"
2016-07-03 15:56:44.790000+00:00,39.4712,73.4743,10.0,4.4,"103 km E of Kyzyl-Eshme, Kyrgyzstan"
2016-07-04 02:24:20.490000+00:00,39.4168,73.4673,10.0,4.7,"104 km E of Kyzyl-Eshme, Kyrgyzstan"
2016-07-04 21:02:40.910000+00:00,39.5987,73.066,22.22,4.3,"68 km E of Kyzyl-Eshme, Kyrgyzstan"
2016-07-05 02:52:49.510000+00:00,39.473,73.4987,10.0,4.2,"106 km E of Kyzyl-Eshme, Kyrgyzstan"
2016-07-05 12:16:02.330000+00:00,39.4251,73.2126,10.0,4.5,"82 km E of Kyzyl-Eshme, Kyrgyzstan"
2016-07-05 15:52:03.300000+00:00,38.2465,73.7141,149.1,4.3,"23 km WNW of Murghob, Tajikistan"
2016-07-05 21:00:21.820000+00:00,39.4658,73.5218,10.0,4.4,"108 km E of Kyzyl-Eshme, Kyrgyzstan"
2016-07-08 12:10:25.850000+00:00,38.0322,72.7913,10.0,4.5,"104 km W of Murghob, Tajikistan"
2016-07-09 16:37:01.070000+00:00,39.8921,78.1312,22.58,4.7,"180 km NNE of Shache, China"
2016-07-12 21:38:19.370000+00:00,42.0955,83.2773,10.0,4.3,"50 km NE of Kuqa, China"
2016-07-14 06:53:29.840000+00:00,39.4563,73.4252,10.0,4.6,"99 km E of Kyzyl-Eshme, Kyrgyzstan"
2016-07-18 00:12:50.760000+00:00,41.5472,79.0619,10.0,4.2,"109 km WNW of Aksu, China"
2016-07-18 02:12:08.550000+00:00,38.3314,73.0274,123.19,4.3,"84 km WNW of Murghob, Tajikistan"
2016-07-18 03:06:50+00:00,39.4817,71.8046,10.0,4.5,"35 km WSW of Daroot-Korgon, Kyrgyzstan"
2016-07-19 12:32:55.920000+00:00,41.5549,79.0058,10.0,5.1,"112 km SSE of Ak-Suu, Kyrgyzstan"
2016-07-20 12:55:25.660000+00:00,39.4054,73.4028,10.0,4.5,"98 km E of Kyzyl-Eshme, Kyrgyzstan"
2016-07-21 05:29:20.940000+00:00,39.4789,73.5391,15.55,4.9,"109 km E of Kyzyl-Eshme, Kyrgyzstan"
2016-07-22 23:33:36.230000+00:00,39.4835,73.3064,10.0,4.3,"89 km E of Kyzyl-Eshme, Kyrgyzstan"
2016-07-25 09:04:31.480000+00:00,40.7848,78.3437,10.0,4.7,"152 km W of Aykol, China"
2016-07-26 21:51:46.500000+00:00,38.3311,75.5518,124.31,4.4,"132 km SSW of Kashgar, China"
2016-07-27 04:19:57.640000+00:00,39.4224,73.2913,28.01,4.0,"89 km E of Kyzyl-Eshme, Kyrgyzstan"
2016-07-27 23:27:44.850000+00:00,39.4543,73.3421,10.0,4.6,"92 km E of Kyzyl-Eshme, Kyrgyzstan"
2016-07-28 22:51:11.280000+00:00,38.1605,72.8734,154.07,4.4,"95 km W of Murghob, Tajikistan"
2016-08-01 08:00:14.980000+00:00,41.7061,72.9395,42.46,4.5,"18 km S of Toktogul, Kyrgyzstan"
2016-08-01 13:26:35.400000+00:00,39.9457,78.0176,52.35,4.4,"181 km ENE of Kashgar, China"
2016-08-02 23:06:18.820000+00:00,39.462,73.323,45.57,4.3,"91 km E of Kyzyl-Eshme, Kyrgyzstan"
2016-08-04 21:34:41.080000+00:00,38.7843,72.3745,45.44,4.5,"86 km S of Daroot-Korgon, Kyrgyzstan"
2016-08-04 21:36:45.750000+00:00,38.6991,72.3503,51.46,4.4,"93 km SE of Karakenja, Tajikistan"
2016-08-04 21:54:59.910000+00:00,38.7359,72.7329,24.36,4.4,"100 km SSE of Kyzyl-Eshme, Kyrgyzstan"
2016-08-04 23:42:17.190000+00:00,38.8748,72.3742,38.35,4.7,"76 km S of Daroot-Korgon, Kyrgyzstan"
2016-08-05 04:34:05.900000+00:00,39.4629,73.5259,10.0,4.4,"108 km E of Kyzyl-Eshme, Kyrgyzstan"
2016-08-06 17:00:38.350000+00:00,38.771,70.6816,11.83,4.5,"39 km SE of Rasht, Tajikistan"
2016-08-08 11:50:29.390000+00:00,39.9451,67.5467,16.23,4.6,"31 km NE of Bulung’ur Shahri, Uzbekistan"
2016-08-09 13:06:41.860000+00:00,39.5593,73.5442,10.0,4.5,"109 km E of Kyzyl-Eshme, Kyrgyzstan"
2016-08-10 12:44:03.090000+00:00,39.516,73.5442,10.0,4.3,"109 km E of Kyzyl-Eshme, Kyrgyzstan"
2016-08-12 02:07:03.120000+00:00,39.3594,73.5121,10.0,4.5,"109 km ESE of Kyzyl-Eshme, Kyrgyzstan"
2016-08-12 12:15:11.160000+00:00,39.3479,73.3231,10.0,4.4,"93 km ESE of Kyzyl-Eshme, Kyrgyzstan"
2016-08-12 18:01:01.340000+00:00,40.7145,78.2856,39.01,5.2,"158 km W of Aykol, China"
2016-08-13 00:04:59.060000+00:00,39.3904,73.3957,10.0,4.5,"98 km ESE of Kyzyl-Eshme, Kyrgyzstan"
2016-08-13 07:20:16.280000+00:00,39.4525,73.5403,10.0,4.3,"109 km E of Kyzyl-Eshme, Kyrgyzstan"
2016-08-14 01:24:25.280000+00:00,39.4754,73.0558,37.73,4.2,"68 km E of Kyzyl-Eshme, Kyrgyzstan"
2016-08-14 15:05:20.900000+00:00,38.7689,72.5262,4.75,5.0,"91 km SSE of Kyzyl-Eshme, Kyrgyzstan"
2016-08-14 15:11:39.700000+00:00,38.9311,72.4225,5.16,4.7,"71 km SSE of Daroot-Korgon, Kyrgyzstan"
2016-08-19 18:29:10.360000+00:00,39.2968,72.9912,45.75,4.3,"68 km ESE of Kyzyl-Eshme, Kyrgyzstan"
2016-08-19 22:32:11.010000+00:00,38.4254,70.5765,10.0,4.2,"59 km NE of M?’minobod, Tajikistan"
2016-08-20 20:34:58.710000+00:00,40.9193,72.7863,10.0,4.0,"13 km SSE of Bazar-Korgon, Kyrgyzstan"
2016-09-06 11:07:20.410000+00:00,39.5067,73.1768,10.0,4.1,"78 km E of Kyzyl-Eshme, Kyrgyzstan"
2016-09-20 05:16:50.820000+00:00,39.2734,71.4334,10.0,4.1,"8 km WNW of Karakenja, Tajikistan"
2016-10-15 03:50:49.520000+00:00,39.4318,73.4508,42.23,4.2,"102 km E of Kyzyl-Eshme, Kyrgyzstan"
2016-10-23 22:32:25.990000+00:00,39.2482,71.6643,16.54,4.6,"12 km E of Karakenja, Tajikistan"
2016-10-30 15:18:58.710000+00:00,38.4792,73.7265,121.1,4.2,"40 km NNW of Murghob, Tajikistan"
2016-11-02 10:46:41.990000+00:00,38.2062,73.4623,157.79,4.4,"44 km W of Murghob, Tajikistan"
2016-11-08 09:56:49.230000+00:00,39.7988,68.1282,12.9,4.6,"29 km SW of Zomin Shaharchasi, Uzbekistan"
2016-11-14 02:07:31.690000+00:00,40.5728,73.3072,43.98,4.4,"21 km S of Uzgen, Kyrgyzstan"
2016-11-18 15:16:42.340000+00:00,41.2764,76.7588,14.22,4.1,"66 km ESE of Naryn, Kyrgyzstan"
2016-11-19 02:01:22.620000+00:00,38.8139,70.2103,10.0,4.2,"22 km ESE of Darband, Tajikistan"
2016-11-24 18:54:38.770000+00:00,39.1949,73.3131,51.0,4.1,"98 km ESE of Kyzyl-Eshme, Kyrgyzstan"
2016-11-25 14:18:59.750000+00:00,39.1868,73.9162,10.0,5.2,"112 km N of Murghob, Tajikistan"
2016-11-25 14:24:30.710000+00:00,39.2732,73.9776,17.0,6.6,"122 km N of Murghob, Tajikistan"
2016-11-25 14:40:03.540000+00:00,39.3566,73.9707,10.0,5.1,"131 km N of Murghob, Tajikistan"
2016-11-25 14:47:12.170000+00:00,39.0945,74.4195,10.0,4.5,"109 km NNE of Murghob, Tajikistan"
2016-11-25 15:16:25.700000+00:00,39.193,74.0517,10.0,4.5,"113 km N of Murghob, Tajikistan"
2016-11-25 15:26:45.960000+00:00,39.1904,73.9606,10.0,4.8,"113 km N of Murghob, Tajikistan"
2016-11-25 16:12:07.150000+00:00,39.4121,74.2329,10.0,4.3,"139 km N of Murghob, Tajikistan"
2016-11-25 18:37:35.630000+00:00,39.1788,73.8549,10.0,4.4,"112 km N of Murghob, Tajikistan"
2016-11-25 19:46:19.530000+00:00,39.2383,74.3045,10.0,4.3,"122 km NNE of Murghob, Tajikistan"
2016-11-25 20:37:30.990000+00:00,39.2655,73.9901,10.0,4.2,"121 km N of Murghob, Tajikistan"
2016-11-25 20:58:21.300000+00:00,39.1881,74.2447,10.0,4.9,"115 km NNE of Murghob, Tajikistan"
2016-11-25 23:12:44.520000+00:00,39.2614,74.0438,10.0,4.4,"121 km N of Murghob, Tajikistan"
2016-11-26 04:38:20.650000+00:00,39.1579,74.3785,10.0,4.3,"115 km NNE of Murghob, Tajikistan"
2016-11-26 07:42:55.950000+00:00,39.2688,73.826,10.0,4.2,"122 km N of Murghob, Tajikistan"
2016-11-26 08:46:15.730000+00:00,39.292,73.9149,10.0,4.4,"124 km N of Murghob, Tajikistan"
2016-11-26 09:23:26.200000+00:00,39.2848,74.2581,10.0,5.1,"126 km NNE of Murghob, Tajikistan"
2016-11-26 10:08:01.630000+00:00,39.2451,74.2226,10.0,4.6,"121 km N of Murghob, Tajikistan"
2016-11-26 10:23:47.130000+00:00,39.2872,74.3297,10.0,4.3,"127 km NNE of Murghob, Tajikistan"
2016-11-26 19:46:43.520000+00:00,39.098,74.4524,10.0,4.4,"111 km NNE of Murghob, Tajikistan"
2016-11-27 00:29:31.150000+00:00,39.2589,74.129,10.0,4.2,"121 km N of Murghob, Tajikistan"
2016-11-27 05:06:43.430000+00:00,39.3889,74.0507,10.0,4.5,"135 km N of Murghob, Tajikistan"
2016-11-27 16:43:37.540000+00:00,39.2353,74.5186,10.0,4.6,"127 km NNE of Murghob, Tajikistan"
2016-11-28 05:46:04.320000+00:00,39.2964,74.1808,10.0,4.6,"126 km N of Murghob, Tajikistan"
2016-11-29 13:37:23.100000+00:00,38.8657,70.7886,10.0,4.6,"40 km ESE of Rasht, Tajikistan"
2016-11-29 22:15:50.600000+00:00,39.3115,74.064,10.0,4.4,"126 km N of Murghob, Tajikistan"
2016-12-03 07:42:44.960000+00:00,39.3341,73.9946,54.93,4.4,"129 km N of Murghob, Tajikistan"
2016-12-04 03:27:26.530000+00:00,39.2371,74.2008,59.28,4.1,"120 km N of Murghob, Tajikistan"
2016-12-04 03:56:25.930000+00:00,39.3235,74.2514,51.55,4.3,"130 km N of Murghob, Tajikistan"
2016-12-05 01:15:14.930000+00:00,39.2952,74.164,10.0,4.4,"126 km N of Murghob, Tajikistan"
2016-12-05 07:02:26.470000+00:00,39.1066,74.4577,58.42,4.4,"112 km NNE of Murghob, Tajikistan"
2016-12-06 13:19:31.630000+00:00,38.8983,70.5712,10.87,4.5,"22 km SE of Rasht, Tajikistan"
2016-12-06 15:08:54.250000+00:00,39.2112,74.2385,59.44,4.3,"117 km NNE of Murghob, Tajikistan"
2016-12-11 03:36:26.560000+00:00,39.2339,74.5611,10.0,4.6,"125 km WSW of Kashgar, China"
2016-12-11 14:21:05.660000+00:00,39.1491,74.708,10.0,4.6,"116 km WSW of Kashgar, China"
2016-12-12 05:32:10.430000+00:00,39.2679,74.3328,10.0,4.4,"125 km NNE of Murghob, Tajikistan"
2016-12-12 14:24:05.010000+00:00,39.4878,72.8915,52.51,4.4,"54 km E of Kyzyl-Eshme, Kyrgyzstan"
2016-12-13 08:11:52.500000+00:00,39.2603,74.0601,10.0,4.8,"121 km N of Murghob, Tajikistan"
2016-12-13 22:46:37.720000+00:00,39.374,72.7749,10.0,4.5,"48 km ESE of Kyzyl-Eshme, Kyrgyzstan"
2016-12-17 05:25:27.300000+00:00,41.1486,72.8576,33.27,4.4,"15 km NE of Bazar-Korgon, Kyrgyzstan"
2016-12-18 05:54:54.240000+00:00,43.2855,75.0643,11.54,4.5,"39 km NE of Georgiyevka, Kazakhstan"
2016-12-19 10:57:26.550000+00:00,39.2391,74.0906,10.0,4.9,"119 km N of Murghob, Tajikistan"
2016-12-20 16:03:20.180000+00:00,39.0002,72.6409,35.0,4.3,"70 km SSE of Kyzyl-Eshme, Kyrgyzstan"
2016-12-25 13:47:57.720000+00:00,42.1937,79.4332,27.51,4.2,"82 km ESE of Ak-Suu, Kyrgyzstan"
2017-01-03 14:19:45.080000+00:00,39.2661,72.3446,41.76,4.5,"33 km S of Kyzyl-Eshme, Kyrgyzstan"
2017-01-04 01:04:01.460000+00:00,41.932,82.5284,26.21,4.6,"41 km NW of Kuqa, China"
2017-01-06 05:26:01.400000+00:00,41.9945,82.5737,25.25,4.3,"42 km NW of Kuqa, China"
2017-01-07 08:36:14.720000+00:00,39.4928,73.4065,35.96,4.5,"97 km E of Kyzyl-Eshme, Kyrgyzstan"
2017-01-09 07:44:09.050000+00:00,38.8301,70.3882,10.0,4.3,"22 km S of Rasht, Tajikistan"
2017-01-15 13:18:10.190000+00:00,38.9043,70.6922,6.01,4.6,"30 km ESE of Rasht, Tajikistan"
2017-01-18 18:04:20.160000+00:00,40.541,77.7424,10.0,4.6,"177 km SE of Naryn, Kyrgyzstan"
2017-01-20 09:54:06.770000+00:00,38.2914,76.7293,37.17,5.3,"46 km WSW of Shache, China"
2017-01-20 20:06:48.880000+00:00,42.1493,81.3249,33.33,4.4,"138 km NE of Aksu, China"
2017-01-23 01:40:51.990000+00:00,40.1929,71.9592,20.81,4.5,"11 km S of Quvasoy, Uzbekistan"
2017-01-24 18:42:01.760000+00:00,38.4034,76.7229,44.4,4.5,"45 km W of Shache, China"
2017-01-28 13:03:00.390000+00:00,39.1137,74.5363,47.3,4.4,"115 km NNE of Murghob, Tajikistan"
2017-02-01 23:12:28.460000+00:00,38.5576,73.1269,115.78,4.1,"85 km WNW of Murghob, Tajikistan"
2017-02-01 23:41:19.140000+00:00,38.5549,69.7456,7.17,4.1,"18 km S of Obigarm, Tajikistan"
2017-02-02 18:35:50.350000+00:00,39.8717,68.213,14.83,4.4,"18 km WSW of Zomin Shaharchasi, Uzbekistan"
2017-02-03 04:36:12.930000+00:00,40.1745,70.8094,21.9,4.7,"12 km N of Batken, Kyrgyzstan"
2017-02-04 22:26:55+00:00,39.5132,73.5147,10.0,4.2,"107 km E of Kyzyl-Eshme, Kyrgyzstan"
2017-02-06 07:44:41.470000+00:00,38.4506,73.2384,131.53,4.2,"70 km WNW of Murghob, Tajikistan"
2017-02-07 02:18:17.050000+00:00,41.8189,71.5584,39.95,4.5,"39 km NNW of Kerben, Kyrgyzstan"
2017-02-07 09:56:03.670000+00:00,39.4288,74.3496,35.0,4.1,"141 km W of Kashgar, China"
2017-02-15 07:50:27.570000+00:00,38.2031,72.889,119.56,4.7,"94 km W of Murghob, Tajikistan"
2017-02-15 16:43:46.290000+00:00,38.0361,72.429,126.62,4.3,"98 km NE of Khorugh, Tajikistan"
2017-02-21 10:24:48.560000+00:00,39.0404,70.092,10.0,4.7,"6 km WNW of Novobod, Tajikistan"
2017-02-28 17:03:13.930000+00:00,39.9151,81.3133,15.87,4.6,"69 km S of Aral, China"
2017-03-07 09:49:44.210000+00:00,38.3236,73.1368,128.68,4.3,"74 km WNW of Murghob, Tajikistan"
2017-03-14 11:07:15.310000+00:00,39.2516,73.4677,41.22,5.0,"108 km ESE of Kyzyl-Eshme, Kyrgyzstan"
2017-03-14 12:59:37.130000+00:00,39.2998,73.3558,48.34,4.6,"97 km ESE of Kyzyl-Eshme, Kyrgyzstan"
2017-03-16 11:18:22.130000+00:00,42.1814,81.2814,31.89,4.3,"138 km NE of Aksu, China"
2017-03-17 11:36:20.370000+00:00,38.6296,73.1472,118.75,4.3,"87 km NW of Murghob, Tajikistan"
2017-03-18 07:04:47.630000+00:00,38.0789,70.5444,10.0,4.5,"45 km E of M?’minobod, Tajikistan"
2017-03-22 18:57:16.630000+00:00,38.5375,72.6304,92.35,4.3,"118 km SSE of Kyzyl-Eshme, Kyrgyzstan"
2017-03-23 22:58:13.610000+00:00,38.3142,72.9924,66.8,4.1,"86 km W of Murghob, Tajikistan"
2017-03-27 15:27:01.030000+00:00,40.1627,75.5689,43.07,4.6,"84 km NNW of Kashgar, China"
2017-03-27 17:43:32.170000+00:00,38.2106,72.7905,35.0,4.1,"103 km W of Murghob, Tajikistan"
2017-04-05 04:50:20.390000+00:00,38.3626,73.9692,152.47,4.5,"21 km N of Murghob, Tajikistan"
2017-04-15 18:25:51.330000+00:00,38.5056,68.0067,10.0,4.2,"19 km W of Tursunzoda, Tajikistan"
2017-04-18 19:56:23.250000+00:00,39.2674,71.7889,10.0,4.4,"23 km E of Karakenja, Tajikistan"
2017-04-21 00:41:54.340000+00:00,42.5761,75.1387,9.74,4.2,"32 km SSW of Tokmok, Kyrgyzstan"
2017-04-21 00:55:45.100000+00:00,42.5888,75.1539,10.0,4.5,"30 km SSW of Tokmok, Kyrgyzstan"
2017-04-28 05:01:24.680000+00:00,41.8946,76.8073,6.86,4.3,Kyrgyzstan
2017-04-29 13:41:53.730000+00:00,40.5756,74.7255,20.38,4.4,Kyrgyzstan-Xinjiang border region
2017-05-03 04:46:55.690000+00:00,39.5183,71.3378,10.0,4.8,"35 km NNW of Karakenja, Tajikistan"
2017-05-03 04:47:13.380000+00:00,39.4939,71.4438,11.0,6.0,"29 km NNW of Karakenja, Tajikistan"
2017-05-03 05:06:30.180000+00:00,39.5178,71.4784,10.0,4.7,"31 km N of Karakenja, Tajikistan"
2017-05-03 05:36:32.800000+00:00,39.5419,71.3977,21.85,4.8,"35 km NNW of Karakenja, Tajikistan"
2017-05-03 20:03:11.400000+00:00,39.5019,71.502,10.0,5.1,"29 km N of Karakenja, Tajikistan"
2017-05-04 06:52:30.190000+00:00,39.4995,71.3665,10.0,4.0,"32 km NNW of Karakenja, Tajikistan"
2017-05-04 11:10:02.790000+00:00,39.509,71.4795,10.0,4.9,"30 km N of Karakenja, Tajikistan"
2017-05-04 18:23:17.640000+00:00,39.5607,71.4131,10.0,4.6,"37 km NNW of Karakenja, Tajikistan"
2017-05-05 05:09:35.970000+00:00,39.4789,71.4223,10.0,5.8,"28 km NNW of Karakenja, Tajikistan"
2017-05-05 05:15:15.040000+00:00,39.4332,71.1967,10.0,4.9,"35 km NW of Karakenja, Tajikistan"
2017-05-05 05:25:13+00:00,39.4947,71.3001,10.0,4.8,"34 km NW of Karakenja, Tajikistan"
2017-05-05 06:38:04.770000+00:00,39.4524,71.3811,8.55,4.7,"27 km NNW of Karakenja, Tajikistan"
2017-05-05 17:03:15.530000+00:00,39.5054,71.4642,10.0,4.5,"30 km N of Karakenja, Tajikistan"
2017-05-06 07:15:19.230000+00:00,39.4959,71.435,10.0,5.0,"29 km NNW of Karakenja, Tajikistan"
2017-05-06 19:01:41.700000+00:00,39.4957,71.3312,10.0,4.2,"33 km NNW of Karakenja, Tajikistan"
2017-05-09 15:10:04.610000+00:00,38.9635,70.4746,10.0,4.6,"11 km SE of Rasht, Tajikistan"
2017-05-16 09:07:17.970000+00:00,42.1799,71.8176,35.0,4.5,"51 km SW of Talas, Kyrgyzstan"
2017-05-17 15:27:56.380000+00:00,38.2273,73.1079,131.37,4.5,"75 km W of Murghob, Tajikistan"
2017-05-20 21:58:06.970000+00:00,39.4589,71.3377,10.0,4.3,"29 km NNW of Karakenja, Tajikistan"
2017-05-22 09:23:08.810000+00:00,39.4354,73.5918,10.0,4.9,"114 km E of Kyzyl-Eshme, Kyrgyzstan"
2017-05-26 19:09:20.310000+00:00,39.4715,71.3539,19.94,4.3,"29 km NNW of Karakenja, Tajikistan"
2017-05-26 21:35:55+00:00,38.8921,70.7814,10.0,4.2,"38 km ESE of Rasht, Tajikistan"
2017-06-01 15:10:19.880000+00:00,39.483,72.0054,10.0,4.4,Kyrgyzstan-Tajikistan border region
2017-06-04 01:24:47.350000+00:00,38.4064,73.8797,144.02,4.0,"27 km NNW of Murghob, Tajikistan"
2017-06-05 23:24:06+00:00,38.9625,71.0139,8.33,4.1,"53 km SW of Karakenja, Tajikistan"
2017-06-10 21:41:56.590000+00:00,40.2182,71.0746,9.41,4.3,"27 km NE of Batken, Kyrgyzstan"
2017-06-13 04:28:26.330000+00:00,38.2345,72.5744,130.56,4.5,"122 km NE of Khorugh, Tajikistan"
2017-06-19 03:38:00.940000+00:00,39.0206,70.8163,36.26,4.3,"38 km E of Rasht, Tajikistan"
2017-06-21 19:41:09+00:00,38.3993,73.3754,123.4,4.7,"57 km WNW of Murghob, Tajikistan"
2017-06-23 03:19:31.610000+00:00,41.0722,72.2854,38.21,4.1,"17 km WNW of Kochkor-Ata, Kyrgyzstan"
2017-06-26 00:39:47.040000+00:00,39.5189,73.5158,10.0,4.0,"107 km E of Kyzyl-Eshme, Kyrgyzstan"
2017-06-26 04:11:39.560000+00:00,38.7465,70.7841,10.0,5.0,Afghanistan-Tajikistan border region
2017-06-29 21:45:31.440000+00:00,39.4748,73.3632,10.0,4.1,"94 km E of Kyzyl-Eshme, Kyrgyzstan"
2017-06-29 23:07:16.190000+00:00,39.5444,73.4153,10.0,4.2,"98 km E of Kyzyl-Eshme, Kyrgyzstan"
2017-07-04 04:25:26.010000+00:00,39.5543,73.1511,24.14,4.2,"75 km E of Kyzyl-Eshme, Kyrgyzstan"
2017-07-10 22:05:39.800000+00:00,39.0119,75.276,48.62,4.0,"79 km SW of Kashgar, China"
2017-07-16 21:13:10.220000+00:00,39.5704,73.4989,10.0,4.0,"105 km E of Kyzyl-Eshme, Kyrgyzstan"
2017-07-17 23:59:48.730000+00:00,40.8525,78.8825,30.63,4.5,"106 km W of Aykol, China"
2017-07-19 14:17:31.730000+00:00,41.857,82.6792,10.0,4.6,"26 km NW of Kuqa, China"
2017-07-23 10:36:37.120000+00:00,41.133,75.2771,3.51,4.2,"44 km W of At-Bashi, Kyrgyzstan"
2017-07-23 20:13:36.020000+00:00,39.0807,71.5085,10.0,4.4,"17 km S of Karakenja, Tajikistan"
2017-07-27 04:52:46.700000+00:00,38.1878,74.0714,162.74,4.4,"9 km ENE of Murghob, Tajikistan"
2017-07-30 03:12:35.140000+00:00,39.2113,74.2266,10.0,4.2,"southern Xinjiang, China"
2017-08-01 18:07:31.810000+00:00,38.8192,73.1946,106.05,4.3,"98 km NW of Murghob, Tajikistan"
2017-08-03 00:14:59.260000+00:00,39.7077,73.9444,43.61,4.7,"129 km ESE of Nookat, Kyrgyzstan"
2017-08-05 08:10:54.910000+00:00,38.9248,70.4402,6.91,4.2,"12 km SSE of Rasht, Tajikistan"
2017-08-08 23:27:53.080000+00:00,44.3023,82.8317,20.0,6.3,"102 km NNW of Xinyuan, China"
2017-08-08 23:39:18.590000+00:00,44.3249,82.742,10.0,5.2,"105 km SSE of Druzhba, Kazakhstan"
2017-08-08 23:44:31.400000+00:00,44.359,82.7899,10.0,5.3,"102 km SSE of Druzhba, Kazakhstan"
2017-08-09 00:22:37.160000+00:00,44.3734,82.8213,10.0,4.5,"101 km SSE of Druzhba, Kazakhstan"
2017-08-09 00:40:20.870000+00:00,44.2188,82.893,10.0,4.4,"92 km NNW of Xinyuan, China"
2017-08-09 05:22:42.620000+00:00,44.3241,82.839,24.55,4.7,"105 km NNW of Xinyuan, China"
2017-08-09 15:47:51.960000+00:00,44.3838,82.7029,10.0,4.4,"98 km S of Druzhba, Kazakhstan"
2017-08-10 13:43:52.020000+00:00,38.6728,70.7045,10.0,4.3,"48 km SE of Rasht, Tajikistan"
2017-08-12 04:14:27.880000+00:00,39.6066,74.587,36.48,4.3,"121 km W of Kashgar, China"
2017-08-14 11:26:05.520000+00:00,41.4095,83.8303,30.16,4.4,"82 km ESE of Kuqa, China"
2017-08-15 22:49:47.330000+00:00,38.2259,73.9838,43.87,4.7,"6 km NNE of Murghob, Tajikistan"
2017-08-18 08:10:01.480000+00:00,38.4544,73.3353,136.71,4.2,"63 km WNW of Murghob, Tajikistan"
2017-08-18 09:19:28.980000+00:00,44.3165,82.824,43.99,4.6,"104 km NNW of Xinyuan, China"
2017-08-22 11:29:53.130000+00:00,39.889,74.3082,68.25,4.2,"129 km SE of Uzgen, Kyrgyzstan"
2017-08-24 01:06:13.170000+00:00,38.4183,73.9622,136.01,4.2,"27 km N of Murghob, Tajikistan"
2017-08-28 22:27:31.140000+00:00,39.5593,75.2599,10.0,4.4,"63 km W of Kashgar, China"
2017-09-08 22:57:23.790000+00:00,44.316,82.6815,35.0,4.4,"105 km S of Druzhba, Kazakhstan"
2017-09-09 07:48:36.560000+00:00,38.8091,74.9524,10.0,4.2,"111 km NE of Murghob, Tajikistan"
2017-09-10 17:18:55.670000+00:00,41.9157,82.4969,28.96,4.4,"42 km WNW of Kuqa, China"
2017-09-16 10:11:33.470000+00:00,42.2053,83.5155,16.0,5.4,"72 km NE of Kuqa, China"
2017-09-17 18:45:34.170000+00:00,38.7981,70.2665,24.87,4.3,"25 km SSE of Novobod, Tajikistan"
2017-09-18 15:54:18.720000+00:00,40.9737,77.1594,10.0,4.5,"110 km ESE of Naryn, Kyrgyzstan"
2017-09-20 23:04:49.960000+00:00,38.7167,70.8078,25.19,4.1,"51 km SE of Rasht, Tajikistan"
2017-09-29 13:49:57.460000+00:00,39.8279,68.0037,14.13,5.1,"36 km SSE of Jizzax, Uzbekistan"
2017-09-29 17:02:27.250000+00:00,42.1611,83.4452,30.75,4.5,"65 km NE of Kuqa, China"
2017-10-02 05:13:25.290000+00:00,38.0372,72.5015,118.43,4.8,"103 km NE of Khorugh, Tajikistan"
2017-10-06 23:04:51.160000+00:00,39.6124,73.3529,10.0,4.2,"93 km E of Kyzyl-Eshme, Kyrgyzstan"
2017-10-15 00:58:00.110000+00:00,38.6284,76.2218,52.47,4.4,"91 km WNW of Shache, China"
2017-10-16 13:03:09.100000+00:00,40.3685,77.0441,35.0,4.6,"134 km NE of Kashgar, China"
2017-10-24 12:54:09.180000+00:00,38.3511,73.9708,137.67,4.4,"20 km N of Murghob, Tajikistan"
2017-10-29 15:15:36.290000+00:00,38.2264,74.6487,146.0,4.0,"60 km E of Murghob, Tajikistan"
2017-11-05 20:54:25.610000+00:00,38.4618,73.4689,126.34,4.4,"54 km NW of Murghob, Tajikistan"
2017-11-07 16:28:46.700000+00:00,39.5863,73.6628,52.58,4.7,"116 km SE of Nookat, Kyrgyzstan"
2017-11-10 20:53:37.950000+00:00,38.2483,73.9038,31.36,5.0,"10 km NNW of Murghob, Tajikistan"
2017-11-16 01:42:56.750000+00:00,41.7485,77.5764,31.92,4.9,"54 km SE of Kadzhi-Say, Kyrgyzstan"
2017-11-21 13:15:20.860000+00:00,38.3885,75.4981,136.89,4.3,"127 km SSW of Kashgar, China"
2017-11-23 22:30:17.550000+00:00,38.4272,72.0058,39.65,4.4,"99 km SSE of Karakenja, Tajikistan"
2017-12-02 08:28:08.580000+00:00,39.1384,71.1808,52.26,4.3,"31 km WSW of Karakenja, Tajikistan"
2017-12-03 17:50:18.650000+00:00,39.2723,74.2883,59.96,4.5,"125 km NNE of Murghob, Tajikistan"
2017-12-04 14:17:54.030000+00:00,38.0846,72.8758,128.06,4.0,"96 km W of Murghob, Tajikistan"
2017-12-12 17:20:31.560000+00:00,39.6756,74.1255,49.49,4.3,"140 km SSE of Uzgen, Kyrgyzstan"
2017-12-15 04:18:05.030000+00:00,38.8363,70.897,10.0,4.3,"50 km ESE of Rasht, Tajikistan"
2017-12-25 21:02:24.680000+00:00,39.4727,73.6696,40.4,4.8,"120 km E of Kyzyl-Eshme, Kyrgyzstan"
2017-12-27 13:56:59.530000+00:00,38.8765,72.5075,40.74,4.9,"79 km SSE of Kyzyl-Eshme, Kyrgyzstan"
2017-12-29 12:40:50.420000+00:00,39.3495,71.5976,38.57,4.4,"14 km NNE of Karakenja, Tajikistan"
2017-12-30 23:24:05.260000+00:00,39.4604,72.9721,21.53,4.6,"61 km E of Kyzyl-Eshme, Kyrgyzstan"
2018-01-02 23:16:09.340000+00:00,38.7898,72.546,18.11,4.5,"89 km SSE of Kyzyl-Eshme, Kyrgyzstan"
2018-01-04 16:00:08.510000+00:00,38.8959,72.4571,10.0,4.3,"76 km SSE of Kyzyl-Eshme, Kyrgyzstan"
2018-01-04 19:53:54.480000+00:00,38.6691,73.647,109.69,4.3,"62 km NNW of Murghob, Tajikistan"
2018-01-05 07:52:52.680000+00:00,38.1585,74.324,174.98,4.1,"31 km E of Murghob, Tajikistan"
2018-01-08 04:18:51.940000+00:00,39.602,73.288,45.69,4.2,"87 km E of Kyzyl-Eshme, Kyrgyzstan"
2018-01-08 07:22:17.290000+00:00,38.9015,70.2809,40.39,4.4,"16 km SSW of Rasht, Tajikistan"
2018-01-09 00:05:49.840000+00:00,38.1613,72.6886,112.89,4.9,"112 km W of Murghob, Tajikistan"
2018-01-12 03:40:51.080000+00:00,38.4978,70.02,17.53,4.9,"34 km SSE of Roghun, Tajikistan"
2018-01-15 02:58:50.440000+00:00,38.2562,73.9154,52.28,4.5,"10 km NNW of Murghob, Tajikistan"
2018-01-17 03:48:14.580000+00:00,38.1667,74.0871,168.69,4.3,"10 km E of Murghob, Tajikistan"
2018-01-18 12:41:58.560000+00:00,43.604,82.9695,10.0,4.6,"30 km NW of Xinyuan, China"
2018-01-23 01:26:09.200000+00:00,41.4055,68.995,12.29,4.5,"15 km WSW of Saryaghash, Kazakhstan"
2018-01-29 14:36:35.560000+00:00,43.2015,77.7514,29.34,4.5,"25 km SSE of Turgen, Kazakhstan"
2018-02-02 09:20:45.990000+00:00,43.1071,76.841,14.65,3.8,"18 km SSW of Almaty, Kazakhstan"
2018-02-06 21:54:00.990000+00:00,38.1537,72.478,111.52,5.0,"109 km NE of Khorugh, Tajikistan"
2018-02-06 21:57:42.200000+00:00,38.2183,72.4526,111.07,4.5,"113 km NE of Khorugh, Tajikistan"
2018-02-14 22:30:55.570000+00:00,39.4707,73.3862,10.0,4.1,"96 km E of Kyzyl-Eshme, Kyrgyzstan"
2018-02-14 23:21:44.950000+00:00,38.3834,73.7817,135.66,4.2,"28 km NW of Murghob, Tajikistan"
2018-02-21 21:48:47.980000+00:00,38.6921,70.7017,48.02,4.2,"46 km SE of Rasht, Tajikistan"
2018-02-23 10:22:01.130000+00:00,39.5778,72.7426,48.26,4.5,"40 km E of Kyzyl-Eshme, Kyrgyzstan"
2018-02-28 17:27:06.980000+00:00,40.3619,72.4522,10.0,4.2,Uzbekistan-Kyrgyzstan border region
2018-03-03 23:05:47.610000+00:00,39.6441,73.9572,47.79,4.8,"133 km ESE of Nookat, Kyrgyzstan"
2018-03-04 06:50:04.350000+00:00,38.7536,69.8363,10.0,4.0,"4 km SW of Roghun, Tajikistan"
2018-03-11 00:19:19.050000+00:00,41.8891,82.5752,10.0,4.2,"35 km WNW of Kuqa, China"
2018-03-12 06:33:15.420000+00:00,38.2873,75.0268,141.16,4.3,"93 km E of Murghob, Tajikistan"
2018-03-19 15:20:42.240000+00:00,41.9902,82.7292,29.28,4.5,"34 km NNW of Kuqa, China"
2018-03-26 12:53:50.310000+00:00,43.857,77.3618,23.97,4.6,"24 km E of Kapshagay, Kazakhstan"
2018-03-29 22:54:12.640000+00:00,38.7161,69.9779,5.0,5.7,"11 km SE of Roghun, Tajikistan"
2018-03-29 23:24:43.690000+00:00,38.6859,69.9052,5.0,4.6,"11 km SSE of Roghun, Tajikistan"
2018-03-30 02:10:54.810000+00:00,38.7095,69.9232,10.0,4.2,"9 km SSE of Roghun, Tajikistan"
2018-03-30 12:09:26.410000+00:00,38.722,69.9305,10.0,4.4,"8 km SE of Roghun, Tajikistan"
2018-03-30 19:18:40.390000+00:00,42.0669,81.1987,10.0,4.4,"124 km NE of Aksu, China"
2018-03-30 22:58:52.340000+00:00,38.7474,69.9675,10.0,3.7,"9 km ESE of Roghun, Tajikistan"
2018-04-02 04:36:07.010000+00:00,40.1295,79.364,10.0,4.5,"112 km SW of Aykol, China"
2018-04-03 08:14:42.130000+00:00,39.7466,74.4656,31.34,5.0,"134 km WNW of Kashgar, China"
2018-04-03 14:39:34.050000+00:00,40.2313,76.7564,35.0,4.6,"106 km NE of Kashgar, China"
2018-04-03 15:11:58.200000+00:00,39.3186,71.7087,10.0,4.2,"18 km ENE of Karakenja, Tajikistan"
2018-04-08 16:12:59.720000+00:00,42.702,78.6417,25.31,4.4,"22 km E of Tyup, Kyrgyzstan"
2018-04-12 10:41:50.280000+00:00,40.3281,77.3742,10.0,5.0,"151 km NE of Kashgar, China"
2018-04-17 14:21:32.280000+00:00,38.2117,72.3218,107.66,4.2,"104 km NE of Khorugh, Tajikistan"
2018-04-22 23:39:30.460000+00:00,38.7307,73.068,21.09,4.3,"100 km NW of Murghob, Tajikistan"
2018-04-27 18:49:29.770000+00:00,38.0253,73.0827,153.21,4.3,"79 km WSW of Murghob, Tajikistan"
2018-04-30 12:57:51.300000+00:00,38.9817,70.6548,10.0,4.6,"24 km ESE of Rasht, Tajikistan"
2018-05-04 10:43:50.560000+00:00,39.7258,74.7266,35.0,4.4,"112 km WNW of Kashgar, China"
2018-05-06 03:17:18.880000+00:00,39.4512,73.3883,10.0,4.6,"96 km E of Kyzyl-Eshme, Kyrgyzstan"
2018-05-08 00:44:10.210000+00:00,39.9512,75.9881,10.0,4.4,"53 km N of Kashgar, China"
2018-05-08 02:19:52.310000+00:00,38.3842,73.2832,114.02,4.2,"64 km WNW of Murghob, Tajikistan"
2018-05-15 13:15:57.440000+00:00,39.4595,71.5617,10.0,4.4,"25 km N of Karakenja, Tajikistan"
2018-06-02 08:45:40.580000+00:00,39.4773,71.9032,10.0,4.5,"27 km WSW of Daroot-Korgon, Kyrgyzstan"
2018-06-04 14:44:01.190000+00:00,38.5035,70.3563,6.1,4.3,"52 km NNE of M?’minobod, Tajikistan"
2018-06-07 14:07:28.600000+00:00,41.731,82.6714,10.0,4.3,"21 km W of Kuqa, China"
2018-06-08 18:51:50.770000+00:00,44.0286,83.6313,24.66,4.4,"73 km NNE of Xinyuan, China"
2018-06-19 05:04:12.520000+00:00,38.3777,73.7001,125.66,4.4,"32 km NW of Murghob, Tajikistan"
2018-07-12 19:46:47.950000+00:00,38.4299,73.4766,123.85,5.1,"51 km NW of Murghob, Tajikistan"
2018-07-17 14:35:17.260000+00:00,40.2938,73.3694,35.0,4.7,"53 km S of Uzgen, Kyrgyzstan"
2018-07-20 01:27:34.140000+00:00,38.7797,73.2124,35.0,4.2,"94 km NW of Murghob, Tajikistan"
2018-07-26 17:29:01.360000+00:00,43.9987,77.8953,29.34,3.8,"40 km S of Saryozek, Kazakhstan"
2018-07-29 09:36:26.340000+00:00,38.2193,72.926,129.5,4.4,"91 km W of Murghob, Tajikistan"
2018-08-07 17:17:23.350000+00:00,41.3092,72.5788,27.51,4.6,"30 km E of Tash-Kumyr, Kyrgyzstan"
2018-08-08 20:19:32.700000+00:00,39.1839,74.1409,10.0,4.3,"113 km N of Murghob, Tajikistan"
2018-08-22 03:49:41.970000+00:00,39.6189,73.5952,53.57,4.4,"110 km SE of Nookat, Kyrgyzstan"
2018-08-22 08:00:28.380000+00:00,39.3342,73.9274,61.6,4.4,"129 km N of Murghob, Tajikistan"
2018-08-25 03:18:38.710000+00:00,44.9647,80.8057,51.01,4.0,"85 km SE of Sarkand, Kazakhstan"
2018-08-29 22:57:31.080000+00:00,38.4883,73.5937,123.95,4.2,"48 km NW of Murghob, Tajikistan"
2018-08-31 12:21:27+00:00,42.932,77.6741,10.0,4.7,"50 km SSE of Esik, Kazakhstan"
2018-09-03 13:50:03.280000+00:00,39.6071,71.3681,9.19,4.9,"37 km S of Aydarken, Kyrgyzstan"
2018-09-03 21:51:45.040000+00:00,39.4095,76.8745,10.0,4.6,"76 km E of Kashgar, China"
2018-09-03 21:52:56.260000+00:00,39.3941,76.8783,10.0,5.5,"76 km E of Kashgar, China"
2018-09-04 02:51:27.900000+00:00,39.587,76.7137,22.62,4.6,"63 km ENE of Kashgar, China"
2018-09-07 05:42:14.940000+00:00,38.687,71.3899,7.96,4.3,"62 km S of Karakenja, Tajikistan"
2018-09-08 22:24:49.660000+00:00,40.9696,83.5241,10.0,4.1,"96 km SSE of Kuqa, China"
2018-09-14 22:15:05.270000+00:00,41.9386,77.2122,19.96,4.2,"22 km S of Kadzhi-Say, Kyrgyzstan"
2018-09-17 19:00:22.560000+00:00,38.4785,70.5652,10.0,4.9,"62 km NE of M?’minobod, Tajikistan"
2018-09-26 07:50:46.780000+00:00,44.2377,83.6351,10.0,4.7,"95 km NNE of Xinyuan, China"
2018-09-29 13:42:41.240000+00:00,40.2565,65.3235,10.0,4.1,"19 km NNW of Navoiy, Uzbekistan"
2018-09-30 21:30:32.470000+00:00,39.6858,82.6252,14.98,4.8,"149 km SE of Aral, China"
2018-10-08 14:48:02.650000+00:00,39.4189,75.1609,27.05,4.6,"71 km W of Kashgar, China"
2018-10-08 22:55:13.740000+00:00,40.6525,83.8324,10.0,4.3,"140 km SSE of Kuqa, China"
2018-10-10 01:48:48.110000+00:00,39.7212,73.9309,41.43,4.5,"127 km ESE of Nookat, Kyrgyzstan"
2018-10-11 18:27:03.190000+00:00,38.4653,70.5166,10.0,4.5,"58 km NE of M?’minobod, Tajikistan"
2018-10-12 17:07:45.130000+00:00,38.4128,72.8039,59.3,4.2,"105 km WNW of Murghob, Tajikistan"
2018-10-14 05:15:57.310000+00:00,39.2651,72.2183,10.0,4.8,"31 km S of Daroot-Korgon, Kyrgyzstan"
2018-10-15 14:12:56.870000+00:00,38.2985,75.468,131.64,4.4,"132 km E of Murghob, Tajikistan"
2018-10-16 02:10:13.920000+00:00,44.2022,82.5805,25.12,5.2,"101 km NNW of Xinyuan, China"
2018-10-19 13:25:46.720000+00:00,38.4095,73.8932,122.97,5.1,"27 km NNW of Murghob, Tajikistan"
2018-10-20 08:48:06.100000+00:00,38.4108,73.7924,132.22,4.4,"30 km NNW of Murghob, Tajikistan"
2018-10-20 10:47:42.540000+00:00,41.9381,82.304,10.0,4.8,"57 km WNW of Kuqa, China"
2018-10-21 04:37:11.170000+00:00,38.5343,70.452,12.34,4.5,"55 km S of Rasht, Tajikistan"
2018-10-21 08:42:01.970000+00:00,41.8308,82.4188,10.0,4.5,"44 km WNW of Kuqa, China"
2018-10-21 15:11:13.350000+00:00,41.6817,82.4498,10.0,4.7,"40 km W of Kuqa, China"
2018-10-21 16:04:52.010000+00:00,41.6724,82.6639,10.0,4.3,"22 km WSW of Kuqa, China"
2018-10-22 15:07:21.600000+00:00,38.4779,70.5953,10.0,4.6,"64 km SSE of Rasht, Tajikistan"
2018-10-22 21:37:26.310000+00:00,44.2018,82.5945,10.0,5.1,"100 km NNW of Xinyuan, China"
2018-10-23 17:31:19.570000+00:00,40.9683,78.755,10.0,4.9,"116 km W of Aykol, China"
2018-10-24 09:58:32.290000+00:00,40.9764,78.7203,10.0,4.0,"119 km W of Aykol, China"
2018-10-30 02:22:21.010000+00:00,39.4323,75.1483,19.53,4.6,"72 km W of Kashgar, China"
2018-11-03 21:36:23.540000+00:00,40.2409,77.6552,29.65,4.9,"166 km ENE of Kashgar, China"
2018-11-07 17:27:47.860000+00:00,44.1128,82.5453,10.0,4.5,"95 km NW of Xinyuan, China"
2018-11-11 02:32:40.080000+00:00,38.0034,72.8847,148.31,4.2,"96 km WSW of Murghob, Tajikistan"
2018-11-18 16:48:38.930000+00:00,41.749,81.5708,35.0,4.5,"113 km W of Kuqa, China"
2018-11-21 06:53:35.520000+00:00,40.3487,78.8845,10.0,4.1,"125 km WSW of Aykol, China"
2018-11-21 13:02:50.530000+00:00,41.727,81.4788,35.0,4.3,"116 km ENE of Aksu, China"
2018-11-23 20:41:08.900000+00:00,42.3007,84.6767,10.0,4.4,"136 km WNW of Korla, China"
2018-11-25 12:23:33.510000+00:00,44.6546,81.508,10.0,5.0,"83 km NE of Huocheng, China"
2018-11-25 23:18:06.110000+00:00,39.8111,73.6973,10.0,4.1,"105 km ESE of Nookat, Kyrgyzstan"
2018-12-02 04:44:00.090000+00:00,39.7739,74.4118,58.95,4.2,"139 km WNW of Kashgar, China"
2018-12-05 05:52:38.350000+00:00,40.298,77.6263,10.0,4.6,"167 km ENE of Kashgar, China"
2018-12-05 15:18:40.130000+00:00,38.5543,70.5689,10.0,5.0,"55 km SSE of Rasht, Tajikistan"
2018-12-11 17:04:06.800000+00:00,38.1403,74.1982,165.36,4.6,Tajikistan-Xinjiang border region
2018-12-13 05:47:35.350000+00:00,39.0284,74.7084,10.0,4.7,"115 km NE of Murghob, Tajikistan"
2018-12-20 11:08:12.620000+00:00,39.0994,74.7587,13.65,5.0,"113 km WSW of Kashgar, China"
2018-12-20 11:49:46.940000+00:00,39.1614,74.744,10.0,4.6,"southern Xinjiang, China"
2018-12-27 01:06:13.310000+00:00,38.2935,75.6288,132.7,4.1,"134 km SSW of Kashgar, China"
2018-12-27 03:41:41.870000+00:00,43.1451,81.7672,25.94,4.6,"91 km SE of Qapqal, China"
2018-12-30 04:48:44.370000+00:00,38.3064,73.6836,127.48,4.2,"29 km WNW of Murghob, Tajikistan"
2019-01-06 16:22:32.190000+00:00,39.8478,77.6122,9.01,5.0,"145 km ENE of Kashgar, China"
2019-01-08 17:27:33.140000+00:00,39.4328,72.5644,10.0,4.5,"29 km ESE of Kyzyl-Eshme, Kyrgyzstan"
2019-01-12 04:32:02.090000+00:00,39.6095,75.7112,18.28,5.3,"28 km WNW of Kashgar, China"
2019-01-13 09:01:49.890000+00:00,39.6424,75.4059,35.0,4.2,"53 km WNW of Kashgar, China"
2019-01-14 05:01:43.570000+00:00,38.8359,70.8808,10.0,4.2,"48 km ESE of Rasht, Tajikistan"
2019-01-14 06:03:37.880000+00:00,38.7717,70.8553,10.0,4.4,"50 km SE of Rasht, Tajikistan"
2019-01-14 06:08:06.190000+00:00,38.9006,70.7737,10.0,4.7,"37 km ESE of Rasht, Tajikistan"
2019-01-14 13:49:39.480000+00:00,40.2673,77.1905,10.0,4.6,"135 km NE of Kashgar, China"
2019-01-17 13:32:37.070000+00:00,41.7386,81.6901,10.0,4.7,"103 km W of Kuqa, China"
2019-01-18 04:05:20.170000+00:00,39.4526,73.1223,10.0,4.5,"74 km E of Kyzyl-Eshme, Kyrgyzstan"
2019-01-18 13:56:11.580000+00:00,41.7819,81.5616,10.0,4.5,"114 km W of Kuqa, China"
2019-01-22 04:33:12.290000+00:00,38.4275,68.8377,10.0,3.8,"5 km SSE of Boshkengash, Tajikistan"
2019-01-27 13:43:40.090000+00:00,38.5276,70.384,7.27,4.4,"52 km SE of Darband, Tajikistan"
2019-02-04 06:12:25.830000+00:00,38.4606,73.9574,125.06,4.5,Tajikistan-Xinjiang border region
2019-02-04 12:33:43.280000+00:00,38.5171,70.5486,10.0,4.4,"58 km SSE of Rasht, Tajikistan"
2019-02-19 17:33:53.830000+00:00,38.3715,75.1062,119.96,4.4,"102 km ENE of Murghob, Tajikistan"
2019-02-20 01:35:44.370000+00:00,38.5249,68.9772,10.0,4.6,"4 km SW of Vahdat, Tajikistan"
2019-03-07 10:56:05.533000+00:00,38.6793,69.8334,10.0,4.7,"11 km ESE of Obigarm, Tajikistan"
2019-03-13 21:32:01.730000+00:00,41.4134,68.9525,10.0,4.8,"18 km WSW of Saryaghash, Kazakhstan"
2019-03-16 20:25:49.060000+00:00,41.2241,83.6623,10.0,4.0,"82 km SE of Kuqa, China"
2019-03-31 11:51:27.934000+00:00,38.952,70.7796,6.12,4.4,"36 km ESE of Rasht, Tajikistan"
2019-04-06 04:02:41.154000+00:00,39.0501,74.5846,35.0,4.5,"111 km NNE of Murghob, Tajikistan"
2019-04-14 11:20:56.124000+00:00,44.3403,81.1758,10.06,4.0,"40 km NE of Huocheng, China"
2019-04-29 00:23:17.665000+00:00,39.1983,73.7091,35.0,4.6,"116 km N of Murghob, Tajikistan"
2019-05-05 06:54:48.885000+00:00,41.9458,78.5404,10.0,4.6,"61 km S of Ak-Suu, Kyrgyzstan"
2019-05-17 19:49:38.089000+00:00,39.6249,75.7636,46.35,4.3,"25 km NW of Kashgar, China"
2019-05-18 07:53:37.784000+00:00,38.8688,74.9011,35.0,4.4,"112 km NE of Murghob, Tajikistan"
2019-05-21 10:12:13.566000+00:00,38.4125,73.6847,131.42,4.3,"36 km NW of Murghob, Tajikistan"
2019-06-05 20:23:45.793000+00:00,38.2353,73.9605,156.87,4.4,"7 km N of Murghob, Tajikistan"
2019-06-07 21:47:08.080000+00:00,42.2079,80.6295,10.0,4.6,"117 km NNE of Aksu, China"
2019-06-23 07:21:25.869000+00:00,38.5534,74.0964,94.01,4.1,"44 km NNE of Murghob, Tajikistan"
2019-06-26 20:27:24.063000+00:00,38.1401,72.9314,119.45,4.4,"90 km W of Murghob, Tajikistan"
2019-07-01 01:14:03.765000+00:00,39.335,71.6055,10.0,5.0,"13 km NNE of Karakenja, Tajikistan"
2019-07-05 02:12:15.440000+00:00,42.1727,78.6241,10.0,4.6,"37 km SSE of Ak-Suu, Kyrgyzstan"
2019-07-15 08:50:53.663000+00:00,40.1382,71.1341,10.0,4.4,"27 km NW of Aydarken, Kyrgyzstan"
2019-07-16 10:45:37.270000+00:00,40.1346,71.2084,10.0,4.6,"24 km NNW of Aydarken, Kyrgyzstan"
2019-07-26 21:00:04.207000+00:00,41.8721,66.0419,10.0,4.6,"148 km NNE of Nurota, Uzbekistan"
2019-08-03 08:09:15.191000+00:00,38.786,70.1161,10.0,4.5,"15 km SE of Darband, Tajikistan"
2019-08-04 12:31:52.265000+00:00,44.89,79.3059,10.0,4.3,"38 km E of Tekeli, Kazakhstan"
2019-08-08 18:04:07.558000+00:00,38.3539,75.0673,119.56,4.3,"98 km ENE of Murghob, Tajikistan"
2019-08-12 17:14:44.653000+00:00,40.8574,73.3947,10.0,4.6,"12 km NE of Uzgen, Kyrgyzstan"
2019-08-17 23:07:48.184000+00:00,44.2015,79.7916,27.02,4.4,"17 km WNW of Zharkent, Kazakhstan"
2019-08-31 22:50:15.167000+00:00,38.1607,74.058,185.08,4.0,"8 km E of Murghob, Tajikistan"
2019-09-03 16:34:35.294000+00:00,38.9476,70.533,11.93,4.2,"16 km ESE of Rasht, Tajikistan"
2019-09-07 00:30:16.288000+00:00,43.1853,76.8626,10.0,3.1,"9 km SW of Almaty, Kazakhstan"
2019-09-15 16:13:08.310000+00:00,42.2472,84.4744,35.0,4.5,"140 km ENE of Kuqa, China"
2019-09-15 16:34:58.872000+00:00,42.4801,84.2853,34.6,4.5,"134 km SE of Xinyuan, China"
2019-09-15 21:44:04.980000+00:00,39.5758,77.0677,10.0,4.4,"93 km E of Kashgar, China"
2019-09-19 19:43:09.590000+00:00,41.3585,83.8336,10.0,4.5,"85 km ESE of Kuqa, China"
2019-09-21 11:30:56.466000+00:00,38.6428,70.2215,10.0,4.6,"33 km SE of Darband, Tajikistan"
2019-09-26 06:57:06.851000+00:00,38.6888,73.443,146.85,4.5,"73 km NW of Murghob, Tajikistan"
2019-09-30 06:04:15.071000+00:00,40.5193,84.3445,10.0,4.1,"178 km SE of Kuqa, China"
2019-09-30 12:24:25.771000+00:00,40.1226,76.1243,47.46,4.5,"73 km N of Kashgar, China"
2019-10-02 22:28:55.147000+00:00,38.2452,73.4775,161.53,4.3,"43 km W of Murghob, Tajikistan"
2019-10-08 10:48:29.329000+00:00,38.4804,73.2324,123.2,4.3,"72 km WNW of Murghob, Tajikistan"
2019-10-08 21:49:23.948000+00:00,42.8627,78.7119,23.81,4.5,"32 km ENE of Tyup, Kyrgyzstan"
2019-10-21 14:07:00.846000+00:00,42.0808,84.5052,10.0,5.1,"136 km ENE of Kuqa, China"
2019-10-27 05:29:48.237000+00:00,41.2479,78.8581,10.0,4.7,"112 km WNW of Aykol, China"
2019-10-27 10:52:41.344000+00:00,41.3098,78.8603,10.0,4.3,"114 km WNW of Aykol, China"
2019-11-06 15:56:11.683000+00:00,41.283,70.4656,48.69,4.4,"36 km ENE of Yangiobod, Uzbekistan"
2019-11-07 01:12:55.045000+00:00,38.1934,72.9293,137.82,4.4,"90 km W of Murghob, Tajikistan"
2019-11-17 14:17:04.606000+00:00,38.9388,70.8466,7.96,4.5,"42 km ESE of Rasht, Tajikistan"
2019-12-01 02:05:40.864000+00:00,39.7076,82.7995,10.0,4.3,"160 km SE of Aral, China"
2019-12-04 12:48:30.994000+00:00,41.7243,81.7066,10.0,4.6,"101 km W of Kuqa, China"
2019-12-05 02:46:30.362000+00:00,41.7567,81.7211,19.46,4.8,"100 km W of Kuqa, China"
2019-12-05 04:59:00.571000+00:00,39.88,77.4711,9.12,4.5,"134 km ENE of Kashgar, China"
2019-12-05 07:54:07.513000+00:00,40.3567,78.4144,37.88,4.5,"160 km WSW of Aykol, China"
2019-12-11 01:13:57.820000+00:00,39.9338,78.0194,10.0,4.7,"181 km NNE of Shache, China"
2019-12-11 09:30:54.865000+00:00,42.5742,83.1985,10.0,4.3,"94 km S of Xinyuan, China"
2019-12-13 04:39:15.842000+00:00,39.4018,72.6437,10.0,4.9,"36 km ESE of Kyzyl-Eshme, Kyrgyzstan"
2019-12-14 18:53:21.164000+00:00,38.9262,79.1662,37.66,4.2,"176 km ENE of Shache, China"
2019-12-19 15:19:40.813000+00:00,38.4102,73.732,131.62,4.5,"33 km NW of Murghob, Tajikistan"
2019-12-28 22:29:38.644000+00:00,39.0327,74.8147,10.0,4.4,"112 km WSW of Kashgar, China"
2020-01-01 03:59:15.645000+00:00,38.2179,75.3789,103.77,4.1,"123 km E of Murghob, Tajikistan"
2020-01-05 09:59:37.941000+00:00,39.3653,72.7644,10.0,4.5,"47 km ESE of Kyzyl-Eshme, Kyrgyzstan"
2020-01-12 15:27:08.059000+00:00,40.0706,68.318,35.87,4.6,"13 km NNW of Zomin Shaharchasi, Uzbekistan"
2020-01-15 09:19:30.638000+00:00,39.5672,73.3878,10.0,4.2,"95 km E of Kyzyl-Eshme, Kyrgyzstan"
2020-01-16 08:32:38.339000+00:00,41.2486,83.7069,10.0,5.2,"83 km SE of Kuqa, China"
2020-01-17 16:05:48.854000+00:00,39.7276,77.1456,10.0,5.3,"103 km ENE of Kashgar, China"
2020-01-19 13:27:56.630000+00:00,39.8353,77.1084,5.55,6.0,"104 km ENE of Kashgar, China"
2020-01-19 13:39:32.445000+00:00,39.6252,77.3011,10.0,4.7,"114 km E of Kashgar, China"
2020-01-19 13:48:40.414000+00:00,39.7794,77.1027,10.0,4.4,"101 km ENE of Kashgar, China"
2020-01-19 13:51:53.469000+00:00,39.9746,77.1281,10.0,4.5,"112 km ENE of Kashgar, China"
2020-01-19 14:23:02.111000+00:00,39.8496,77.4275,10.0,5.0,"130 km ENE of Kashgar, China"
2020-01-19 14:55:11.827000+00:00,39.8705,77.4623,10.0,4.9,"133 km ENE of Kashgar, China"
2020-01-19 15:49:31.651000+00:00,39.8711,77.4165,5.97,4.5,"130 km ENE of Kashgar, China"
2020-01-20 05:31:04.827000+00:00,44.8771,78.7142,10.0,4.5,"10 km WNW of Tekeli, Kazakhstan"
2020-01-20 16:15:30.055000+00:00,39.6712,77.3171,10.0,4.5,"116 km E of Kashgar, China"
2020-01-21 13:10:28.961000+00:00,41.6958,75.4435,29.89,4.8,"54 km WNW of Naryn, Kyrgyzstan"
2020-01-23 04:52:55.815000+00:00,41.8793,82.306,27.16,4.5,"54 km WNW of Kuqa, China"
2020-01-24 07:09:15.777000+00:00,39.1651,71.5082,10.0,5.5,"7 km S of Karakenja, Tajikistan"
2020-01-24 07:14:24.423000+00:00,39.1964,71.6665,10.0,5.0,"13 km ESE of Karakenja, Tajikistan"
2020-01-25 19:49:36.339000+00:00,39.849,77.23,10.0,4.5,"114 km ENE of Kashgar, China"
2020-01-25 19:56:00.187000+00:00,38.7332,73.1749,10.0,4.5,"93 km NW of Murghob, Tajikistan"
2020-01-29 09:10:46.066000+00:00,38.7827,70.578,10.0,4.9,"32 km SSE of Rasht, Tajikistan"
2020-01-29 10:14:00.997000+00:00,39.8673,77.1283,10.0,4.3,"107 km ENE of Kashgar, China"
2020-01-31 05:45:32.189000+00:00,39.768,77.2433,10.0,4.6,"112 km ENE of Kashgar, China"
2020-01-31 19:33:58.215000+00:00,40.8847,79.119,10.0,4.3,"86 km W of Aykol, China"
2020-02-02 05:37:00.673000+00:00,38.3155,75.2394,121.01,4.2,"112 km E of Murghob, Tajikistan"
2020-02-08 18:16:10.244000+00:00,40.4071,77.6799,11.08,4.4,"177 km NE of Kashgar, China"
2020-02-15 03:31:56.345000+00:00,41.8151,79.2761,10.0,5.1,"98 km SE of Ak-Suu, Kyrgyzstan"
2020-02-18 23:07:05.107000+00:00,38.9306,71.8207,10.0,4.6,"42 km SE of Karakenja, Tajikistan"
2020-02-21 15:39:14.765000+00:00,39.7209,77.4323,10.0,4.8,"127 km ENE of Kashgar, China"
2020-02-28 21:36:25.985000+00:00,41.7724,81.0795,10.0,4.9,"93 km NE of Aksu, China"
2020-03-05 08:22:35.512000+00:00,38.8319,71.7765,10.0,4.6,"49 km SSE of Karakenja, Tajikistan"
2020-03-11 02:42:42.924000+00:00,38.2404,74.1049,158.25,4.2,"14 km ENE of Murghob, Tajikistan"
2020-03-11 07:06:55.288000+00:00,43.1316,80.3487,10.0,4.2,"92 km E of Kegen, Kazakhstan"
2020-03-11 17:11:20.564000+00:00,38.7066,69.6056,10.0,4.2,"9 km W of Obigarm, Tajikistan"
2020-03-19 14:56:35.157000+00:00,39.0679,72.3038,10.0,4.6,"54 km S of Daroot-Korgon, Kyrgyzstan"
2020-03-20 00:49:02.411000+00:00,42.0498,77.1901,13.91,4.5,"10 km S of Kadzhi-Say, Kyrgyzstan"
2020-03-22 19:21:41.455000+00:00,41.7161,81.1539,10.0,5.1,"93 km NE of Aksu, China"
2020-03-26 04:44:31.274000+00:00,40.7584,70.4159,10.0,4.6,"11 km NNE of Shaydon, Tajikistan"
2020-03-26 08:03:40.957000+00:00,38.6433,70.9247,10.0,4.5,"64 km SE of Rasht, Tajikistan"
2020-03-29 04:41:08.845000+00:00,41.1673,72.8954,10.0,4.6,"19 km NE of Bazar-Korgon, Kyrgyzstan"
2020-04-07 21:51:26.005000+00:00,39.7884,73.9151,17.35,4.6,"120 km SSE of Uzgen, Kyrgyzstan"
2020-04-11 18:12:42.084000+00:00,39.809,77.5377,39.7,4.4,"138 km ENE of Kashgar, China"
2020-04-14 04:10:18.259000+00:00,40.0326,84.5004,10.0,4.5,"229 km SE of Kuqa, China"
2020-04-14 04:11:54.153000+00:00,41.0309,83.3515,10.0,4.3,"83 km SSE of Kuqa, China"
2020-04-15 22:29:49.386000+00:00,40.7878,83.3562,10.0,4.5,"109 km SSE of Kuqa, China"
2020-04-16 01:04:41.294000+00:00,38.4639,69.4817,10.0,4.1,"16 km ENE of Norak, Tajikistan"
2020-04-18 11:24:44.227000+00:00,42.3297,75.7769,10.0,4.2,"36 km WSW of Balykchy, Kyrgyzstan"
2020-04-20 08:16:11.954000+00:00,38.3249,70.3277,10.0,4.5,"35 km NE of M?’minobod, Tajikistan"
2020-04-20 16:54:44.164000+00:00,39.8325,77.3089,10.0,4.5,"120 km ENE of Kashgar, China"
2020-04-21 23:24:37.768000+00:00,39.3607,71.5363,10.0,4.7,"13 km N of Karakenja, Tajikistan"
2020-04-25 00:55:27.905000+00:00,40.448,73.3044,10.0,4.1,"35 km S of Uzgen, Kyrgyzstan"
2020-04-28 11:45:20.497000+00:00,39.9632,70.7994,10.0,4.5,"11 km S of Batken, Kyrgyzstan"
2020-04-29 12:57:16.887000+00:00,39.5321,77.0904,10.0,4.0,"94 km E of Kashgar, China"
2020-05-03 14:42:11.986000+00:00,39.3047,71.5304,10.0,4.5,"7 km N of Karakenja, Tajikistan"
2020-05-04 05:36:14.234000+00:00,41.3296,80.8991,10.0,4.2,"54 km ENE of Aksu, China"
2020-05-06 10:51:00.738000+00:00,39.6837,73.9426,10.0,5.1,"130 km ESE of Nookat, Kyrgyzstan"
2020-05-07 11:47:08.276000+00:00,41.3206,80.785,10.0,4.6,"45 km ENE of Aksu, China"
2020-05-09 15:35:58.650000+00:00,40.8353,78.8624,10.0,5.3,"108 km W of Aykol, China"
2020-05-09 20:11:18.901000+00:00,40.8098,78.4784,10.0,4.3,"140 km W of Aykol, China"
2020-05-10 12:52:31.278000+00:00,38.3989,68.7961,10.0,3.6,"7 km S of Boshkengash, Tajikistan"
2020-05-10 16:49:12.382000+00:00,40.7644,78.8217,10.0,4.6,"112 km WSW of Aykol, China"
2020-05-13 21:09:34.154000+00:00,39.6508,73.9702,10.0,4.6,"134 km ESE of Nookat, Kyrgyzstan"
2020-05-14 16:16:23.323000+00:00,41.1981,71.5134,39.44,4.4,"6 km SSW of Kosonsoy, Uzbekistan"
2020-05-21 07:49:00.577000+00:00,39.2286,74.5027,10.0,4.3,"126 km NNE of Murghob, Tajikistan"
2020-06-06 00:10:53.154000+00:00,45.0,78.747,17.44,4.5,"19 km NNW of Tekeli, Kazakhstan"
2020-06-06 11:13:16.738000+00:00,44.8612,81.0037,10.0,4.2,"90 km N of Huocheng, China"
2020-06-08 19:08:25.016000+00:00,40.8234,78.8615,12.32,4.0,"108 km W of Aykol, China"
2020-06-11 22:16:17.331000+00:00,38.0439,72.5587,126.3,4.0,"107 km NE of Khorugh, Tajikistan"
2020-06-12 07:36:12.665000+00:00,38.3217,74.1174,157.16,4.2,"21 km NE of Murghob, Tajikistan"
2020-06-13 20:07:56+00:00,39.6324,74.8373,10.0,4.3,"100 km W of Kashgar, China"
2020-06-22 13:37:16.387000+00:00,38.6551,70.7182,10.0,4.5,"51 km SE of Rasht, Tajikistan"
2020-06-27 03:17:02.974000+00:00,40.8689,78.9179,35.0,4.2,"103 km W of Aykol, China"
2020-06-29 05:59:36.483000+00:00,41.9775,82.5636,10.0,4.6,"42 km NW of Kuqa, China"
2020-06-29 16:03:30.085000+00:00,38.759,70.7687,10.0,4.3,"45 km SE of Rasht, Tajikistan"
2020-07-01 14:42:27.382000+00:00,39.7969,73.8388,10.0,4.5,"116 km ESE of Nookat, Kyrgyzstan"
2020-07-04 09:53:00.191000+00:00,39.0341,70.9225,10.0,5.4,"47 km E of Rasht, Tajikistan"
2020-07-04 22:07:30.988000+00:00,38.2201,74.1185,159.37,4.5,"14 km ENE of Murghob, Tajikistan"
2020-07-09 06:39:59.141000+00:00,40.0582,69.4499,10.0,4.3,"12 km SSE of Nov, Tajikistan"
2020-07-12 00:28:48.922000+00:00,41.12,75.3179,11.51,4.3,"40 km W of At-Bashi, Kyrgyzstan"
2020-07-13 01:28:01.848000+00:00,44.3531,80.8382,10.0,4.5,"33 km N of Huocheng, China"
2020-07-13 05:34:49.686000+00:00,38.5335,69.8247,10.0,4.3,"22 km SSE of Obigarm, Tajikistan"
2020-07-13 06:22:27.369000+00:00,38.515,69.7979,10.0,4.5,"23 km SSE of Obigarm, Tajikistan"
2020-07-16 08:45:19.654000+00:00,39.3083,71.6571,10.0,4.3,"14 km NE of Karakenja, Tajikistan"
2020-07-22 11:49:43.937000+00:00,40.3845,77.9179,10.0,4.4,"193 km ENE of Kashgar, China"
2020-07-30 00:58:35.995000+00:00,38.1501,74.3245,157.84,4.3,"31 km E of Murghob, Tajikistan"
2020-08-01 09:46:23.660000+00:00,38.6559,73.2361,114.87,4.1,"83 km NW of Murghob, Tajikistan"
2020-08-01 23:47:47.767000+00:00,39.7747,77.3352,10.0,4.6,"120 km ENE of Kashgar, China"
2020-08-03 22:30:44.767000+00:00,44.0699,84.5924,10.0,4.7,"118 km WSW of Shihezi, China"
2020-08-05 08:18:50.260000+00:00,40.16,70.7877,10.0,4.9,"11 km NNW of Batken, Kyrgyzstan"
2020-08-12 10:03:21.747000+00:00,42.0679,75.4873,10.0,4.4,"72 km SW of Balykchy, Kyrgyzstan"
2020-08-12 13:08:53.166000+00:00,38.911,74.7458,35.0,4.3,"106 km NE of Murghob, Tajikistan"
2020-08-12 21:30:05.221000+00:00,39.4028,73.1463,10.0,4.3,"77 km ESE of Kyzyl-Eshme, Kyrgyzstan"
2020-08-13 18:07:15.476000+00:00,38.5517,69.8698,5.39,4.8,"23 km SE of Obigarm, Tajikistan"
2020-08-15 21:58:16.921000+00:00,39.6847,74.0598,10.0,4.4,"136 km SSE of Uzgen, Kyrgyzstan"
2020-08-19 19:59:04.643000+00:00,40.5742,65.799,10.0,4.4,"9 km E of Nurota, Uzbekistan"
2020-08-21 23:24:17.879000+00:00,39.458,71.5837,10.0,4.0,"25 km NNE of Karakenja, Tajikistan"
2020-09-01 13:34:39.748000+00:00,39.9453,70.406,10.0,4.3,"16 km SW of Sh?rob, Tajikistan"
2020-09-02 14:28:42.548000+00:00,39.3026,75.8731,10.0,4.1,"21 km SSW of Kashgar, China"
2020-09-07 14:15:02.759000+00:00,41.6437,65.9203,14.9,4.9,"121 km N of Nurota, Uzbekistan"
2020-09-08 00:17:24.980000+00:00,38.1769,73.5897,153.39,4.3,"33 km W of Murghob, Tajikistan"
2020-09-12 17:19:17.057000+00:00,41.3751,83.8154,10.0,4.6,"83 km ESE of Kuqa, China"
2020-09-18 06:47:15.716000+00:00,38.282,75.6017,127.98,4.4,"136 km SSW of Kashgar, China"
2020-09-18 10:44:51.481000+00:00,41.9291,83.5996,10.0,4.6,"60 km ENE of Kuqa, China"
2020-09-18 17:47:49.565000+00:00,38.0113,73.6916,36.3,5.1,"29 km SW of Murghob, Tajikistan"
2020-09-18 20:55:48.544000+00:00,43.8911,81.95,10.0,4.7,"70 km E of Qapqal, China"
2020-09-18 21:03:58.477000+00:00,42.1134,83.4762,10.0,4.5,"63 km NE of Kuqa, China"
2020-09-19 19:09:46.367000+00:00,39.3163,73.5544,10.0,4.2,"113 km ESE of Kyzyl-Eshme, Kyrgyzstan"
2020-09-20 20:41:22.764000+00:00,38.3013,74.542,145.57,4.5,"52 km ENE of Murghob, Tajikistan"
2020-09-21 11:18:08.339000+00:00,43.427,81.8029,10.0,4.5,"71 km SE of Qapqal, China"
2020-09-25 06:26:26.328000+00:00,40.6169,79.2674,10.0,4.3,"82 km WSW of Aykol, China"
2020-10-06 08:11:59.403000+00:00,39.6375,73.9798,10.0,4.4,"135 km ESE of Nookat, Kyrgyzstan"
2020-10-07 04:10:48.614000+00:00,39.6124,73.918,47.78,4.6,"132 km ESE of Nookat, Kyrgyzstan"
2020-10-17 22:45:25.899000+00:00,38.1207,76.9232,10.0,4.4,"43 km SW of Shache, China"
2020-10-19 10:17:39.450000+00:00,39.5239,72.7845,10.0,4.4,"44 km E of Kyzyl-Eshme, Kyrgyzstan"
2020-10-20 01:49:29.885000+00:00,38.1844,70.1877,57.91,4.5,"16 km ENE of M?’minobod, Tajikistan"
2020-10-20 06:00:27.985000+00:00,40.7134,77.7707,10.0,4.5,"166 km SSE of Kadzhi-Say, Kyrgyzstan"
2020-10-20 22:30:30.596000+00:00,38.3196,75.3754,117.79,4.2,"124 km E of Murghob, Tajikistan"
2020-10-20 23:08:05.139000+00:00,41.1794,73.0397,10.0,4.6,"27 km N of Jalal-Abad, Kyrgyzstan"
2020-10-26 03:10:46.236000+00:00,39.5588,71.2789,15.05,4.6,"41 km NNW of Karakenja, Tajikistan"
2020-10-27 09:57:09.940000+00:00,38.5352,70.1961,10.0,4.6,"39 km SE of Roghun, Tajikistan"
2020-10-30 20:12:37.504000+00:00,38.9056,75.7044,10.0,4.8,"67 km SSW of Kashgar, China"
2020-10-31 21:28:47.747000+00:00,40.6235,77.9427,13.08,4.3,"180 km SSE of Kadzhi-Say, Kyrgyzstan"
2020-11-06 07:38:53.270000+00:00,40.1141,71.6098,19.0,4.7,"22 km NW of Shohimardon, Uzbekistan"
2020-11-10 14:37:39.727000+00:00,38.8942,70.5077,18.76,4.9,"18 km SE of Rasht, Tajikistan"
2020-11-10 14:40:37.433000+00:00,38.9261,70.6139,35.0,5.0,"23 km ESE of Rasht, Tajikistan"
2020-11-12 08:25:50.066000+00:00,40.9741,73.4913,27.99,4.3,"27 km NE of Uzgen, Kyrgyzstan"
2020-11-12 08:27:45.028000+00:00,40.9365,73.7305,10.0,4.6,"40 km ENE of Uzgen, Kyrgyzstan"
2020-11-13 09:16:43.465000+00:00,39.6173,74.5595,10.0,4.6,"123 km W of Kashgar, China"
2020-11-15 15:50:21.795000+00:00,42.2973,80.4334,10.0,4.0,"124 km N of Aksu, China"
2020-11-17 07:35:20.471000+00:00,38.149,70.211,10.0,4.8,"16 km ENE of M?’minobod, Tajikistan"
2020-11-18 02:38:08.946000+00:00,44.1849,84.9588,10.0,4.4,"87 km W of Shihezi, China"
2020-12-02 00:54:41.747000+00:00,38.4044,75.4485,140.17,4.1,"127 km SSW of Kashgar, China"
2020-12-06 01:14:35.453000+00:00,39.0444,76.0148,48.04,4.4,"47 km S of Kashgar, China"
2020-12-11 13:05:08.561000+00:00,42.586,83.0543,10.0,4.6,"94 km S of Xinyuan, China"
2020-12-25 19:51:22.027000+00:00,38.2727,73.34,120.97,4.1,"56 km WNW of Murghob, Tajikistan"
2020-12-26 10:28:35.575000+00:00,40.1462,71.6337,20.43,4.8,"23 km NW of Shohimardon, Uzbekistan"
2021-01-05 03:49:28.551000+00:00,42.3129,81.3472,10.0,4.0,"146 km WNW of Kuqa, China"
2021-01-06 14:08:49.897000+00:00,41.3193,78.6732,10.0,4.2,"126 km SSE of Kyzyl-Suu, Kyrgyzstan"
2021-01-08 03:48:57.784000+00:00,42.0577,81.1813,10.0,5.0,"122 km NE of Aksu, China"
2021-01-08 03:54:44.220000+00:00,42.0518,81.0862,10.0,4.7,"117 km NE of Aksu, China"
2021-01-10 19:38:25.174000+00:00,41.1151,73.4671,25.54,4.5,"40 km NNE of Uzgen, Kyrgyzstan"
2021-01-12 13:22:02.870000+00:00,44.4806,80.1145,45.47,4.4,"35 km NNE of Zharkent, Kazakhstan"
2021-01-18 17:14:16.051000+00:00,39.2237,70.7771,10.0,4.2,"40 km ENE of Rasht, Tajikistan"
2021-01-20 13:42:29.975000+00:00,44.5081,83.268,10.0,4.3,"103 km SE of Druzhba, Kazakhstan"
2021-01-22 04:02:14.816000+00:00,39.3194,72.0043,53.39,4.6,"31 km SSW of Daroot-Korgon, Kyrgyzstan"
2021-02-01 12:38:40+00:00,43.9835,84.1571,10.0,4.4,"95 km NE of Xinyuan, China"
2021-02-02 22:03:47.204000+00:00,41.1058,71.4791,10.0,4.3,"12 km NNW of To‘rqao‘rg‘on, Uzbekistan"
2021-02-08 03:33:46.179000+00:00,39.4746,71.5566,10.0,4.4,"26 km N of Karakenja, Tajikistan"
2021-02-12 10:15:20.585000+00:00,38.4619,73.5986,123.92,4.4,"45 km NW of Murghob, Tajikistan"
2021-02-12 17:01:35.245000+00:00,38.1357,73.5448,98.0,5.9,Tajikistan-Xinjiang border region
2021-02-13 22:00:23.340000+00:00,38.1355,72.6094,111.63,4.0,"117 km NE of Khorugh, Tajikistan"
2021-02-14 16:16:41.511000+00:00,40.2754,76.2883,35.0,4.5,"92 km NNE of Kashgar, China"
2021-03-05 21:52:15.189000+00:00,40.8254,69.1644,10.0,4.2,"2 km WNW of Bo‘ka, Uzbekistan"
2021-03-06 23:53:25.022000+00:00,39.1495,70.4301,10.0,4.3,"14 km NNE of Rasht, Tajikistan"
2021-03-14 10:25:59.992000+00:00,41.8825,81.1773,10.0,4.9,"107 km NE of Aksu, China"
2021-03-14 12:20:02.346000+00:00,41.1407,83.541,10.0,4.5,"81 km SE of Kuqa, China"
2021-03-17 06:27:17.586000+00:00,44.4519,80.9253,10.0,4.5,"44 km N of Huocheng, China"
2021-03-23 21:14:18.821000+00:00,41.8177,81.1623,10.0,5.3,"101 km NE of Aksu, China"
2021-03-24 00:04:35.871000+00:00,41.6366,81.1837,10.0,4.0,"90 km ENE of Aksu, China"
2021-03-24 13:14:14.669000+00:00,41.7855,81.155,10.0,4.3,"99 km NE of Aksu, China"
2021-03-26 23:08:30.892000+00:00,40.8216,83.291,10.0,4.6,"103 km SSE of Kuqa, China"
2021-03-31 18:32:49.638000+00:00,39.1406,71.3575,54.49,4.4,"17 km SW of Karakenja, Tajikistan"
2021-04-01 19:20:06.911000+00:00,40.9088,79.0898,11.85,4.6,"88 km W of Aykol, China"
2021-04-04 04:55:34.328000+00:00,38.0111,72.5755,123.78,4.3,"107 km ENE of Khorugh, Tajikistan"
2021-04-13 09:32:47.338000+00:00,40.18,72.2629,10.0,4.5,"14 km SE of Kyzyl-Kyya, Kyrgyzstan"
2021-04-18 07:54:51.161000+00:00,41.961,67.1547,10.0,4.3,"103 km NW of Chardara, Kazakhstan"
2021-04-25 20:05:23.174000+00:00,38.2013,72.9826,136.25,4.3,"86 km W of Murghob, Tajikistan"
2021-05-03 19:13:39.083000+00:00,38.4472,73.477,115.87,4.5,"52 km NW of Murghob, Tajikistan"
2021-05-03 21:57:14.708000+00:00,38.2933,75.6547,120.46,4.2,"133 km SSW of Kashgar, China"
2021-05-06 07:07:18.541000+00:00,42.6205,79.4041,10.0,4.4,"47 km SSE of Kegen, Kazakhstan"
2021-05-14 09:54:04.541000+00:00,39.4026,73.0747,10.0,4.3,Kyrgyzstan-Tajikistan-Xinjiang border region
2021-05-24 04:40:52.125000+00:00,39.2272,72.9847,10.0,4.5,"72 km ESE of Kyzyl-Eshme, Kyrgyzstan"
2021-05-29 01:41:55.346000+00:00,38.1285,74.1484,176.1,4.4,"16 km ESE of Murghob, Tajikistan"
2021-06-02 12:44:04.906000+00:00,41.0214,78.3727,42.78,4.4,"148 km W of Aykol, China"
2021-06-14 07:09:14.202000+00:00,41.9153,82.5761,10.0,4.4,"36 km NW of Kuqa, China"
2021-06-25 01:42:11.585000+00:00,41.1792,83.4592,10.0,4.5,"74 km SE of Kuqa, China"
2021-06-25 04:57:27.276000+00:00,41.1518,83.6077,10.0,4.0,"84 km SE of Kuqa, China"
2021-07-01 23:08:25.784000+00:00,42.1106,83.6397,10.0,4.3,"73 km NE of Kuqa, China"
2021-07-02 01:15:43.189000+00:00,43.1001,81.5926,10.0,4.7,"88 km SSE of Qapqal, China"
2021-07-02 09:23:25.715000+00:00,38.3714,75.3224,118.47,4.0,"120 km E of Murghob, Tajikistan"
2021-07-04 18:16:23.627000+00:00,39.2615,71.7664,54.58,4.4,"21 km E of Karakenja, Tajikistan"
2021-07-06 18:16:12.531000+00:00,38.1635,72.7388,116.75,4.4,"107 km W of Murghob, Tajikistan"
2021-07-08 13:05:03.300000+00:00,41.6232,81.0451,10.0,4.8,"80 km NE of Aksu, China"
2021-07-10 02:14:42.943000+00:00,38.9152,70.5612,11.75,5.7,"20 km SE of Rasht, Tajikistan"
2021-07-10 05:48:06.443000+00:00,39.0526,70.5672,10.0,4.6,Kyrgyzstan-Tajikistan border region
2021-07-10 06:06:06.347000+00:00,39.1299,70.5219,10.0,4.1,"16 km NE of Rasht, Tajikistan"
2021-07-10 06:07:01.048000+00:00,39.1329,70.3928,10.0,4.3,"11 km N of Rasht, Tajikistan"
2021-07-10 15:22:42.266000+00:00,38.9958,70.4547,10.0,4.5,"7 km ESE of Rasht, Tajikistan"
2021-07-10 16:05:12.037000+00:00,40.2614,72.7893,41.37,4.4,"14 km E of Nookat, Kyrgyzstan"
2021-07-11 01:34:49.068000+00:00,39.104,70.6588,10.0,4.4,"25 km ENE of Rasht, Tajikistan"
2021-07-13 01:08:38.228000+00:00,39.0165,70.7442,10.0,4.2,"32 km E of Rasht, Tajikistan"
2021-07-16 17:29:24.501000+00:00,40.4017,83.6944,10.0,4.0,"159 km SSE of Kuqa, China"
2021-07-16 19:56:09.209000+00:00,39.0572,70.3775,29.68,4.3,"3 km N of Rasht, Tajikistan"
2021-07-20 01:27:02.339000+00:00,41.5014,81.1306,35.0,4.3,"79 km ENE of Aksu, China"
2021-07-23 17:44:26.305000+00:00,42.0599,83.3564,10.0,4.5,"51 km NE of Kuqa, China"
2021-07-23 19:44:07.836000+00:00,40.7197,82.9628,10.0,4.5,"110 km S of Kuqa, China"
2021-07-25 20:59:16.211000+00:00,40.7838,77.9765,10.0,4.6,"164 km SSE of Kadzhi-Say, Kyrgyzstan"
2021-07-26 11:08:33.734000+00:00,38.2844,74.0421,162.4,4.3,"14 km NNE of Murghob, Tajikistan"
2021-07-29 23:09:14.117000+00:00,38.7404,73.1143,96.34,5.0,"97 km NW of Murghob, Tajikistan"
2021-08-02 22:47:47+00:00,38.2622,73.1776,10.0,4.6,Tajikistan-Xinjiang border region
2021-08-07 20:03:12.618000+00:00,39.1061,70.6156,10.0,4.5,"22 km ENE of Rasht, Tajikistan"
2021-08-08 22:54:14.101000+00:00,40.9263,83.8402,8.07,4.5,"116 km SE of Kuqa, China"
2021-08-09 10:51:26.698000+00:00,40.0111,76.0181,10.0,4.7,"60 km N of Kashgar, China"
2021-08-16 12:17:59.325000+00:00,38.1539,73.1967,48.14,4.5,"67 km W of Murghob, Tajikistan"
2021-08-22 21:01:16.729000+00:00,39.7318,71.4883,24.29,4.2,"26 km SSE of Aydarken, Kyrgyzstan"
2021-08-24 02:45:19.136000+00:00,40.0491,77.1705,10.0,4.2,"119 km ENE of Kashgar, China"
2021-08-26 13:25:26.874000+00:00,39.049,70.917,49.08,4.6,"47 km E of Rasht, Tajikistan"
2021-08-29 14:27:49.786000+00:00,43.7617,84.4369,10.0,4.4,"102 km ENE of Xinyuan, China"
2021-08-31 13:28:42.541000+00:00,40.4481,82.8993,10.0,4.3,"138 km E of Aral, China"
2021-09-06 15:00:17.776000+00:00,40.1795,77.3173,10.0,4.6,"138 km NE of Kashgar, China"
2021-09-07 13:34:12.648000+00:00,38.1266,73.1869,38.59,4.7,"68 km W of Murghob, Tajikistan"
2021-09-08 05:20:04.327000+00:00,38.1145,73.2166,35.0,5.4,"66 km W of Murghob, Tajikistan"
2021-09-11 06:51:50.635000+00:00,41.5515,68.9325,10.0,4.2,Kazakhstan-Uzbekistan border region
2021-09-14 17:52:24.257000+00:00,41.2831,80.9302,10.0,4.2,"55 km E of Aksu, China"
2021-09-17 22:06:44.254000+00:00,38.4972,73.4515,110.86,4.9,"57 km NW of Murghob, Tajikistan"
2021-09-17 22:22:53.202000+00:00,38.5461,73.4392,110.16,4.2,"62 km NW of Murghob, Tajikistan"
2021-09-26 17:07:55.553000+00:00,42.2552,81.7932,10.0,4.2,"111 km WNW of Kuqa, China"
2021-09-26 17:22:17.655000+00:00,42.2202,82.2187,10.0,4.6,"81 km NW of Kuqa, China"
2021-09-27 05:40:36.822000+00:00,38.0372,73.2259,10.0,5.1,"66 km WSW of Murghob, Tajikistan"
2021-09-29 07:46:11.679000+00:00,41.0856,73.2421,10.0,4.5,"26 km NE of Jalal-Abad, Kyrgyzstan"
2021-09-29 12:41:27.630000+00:00,40.0282,71.706,43.98,4.5,"9 km WNW of Shohimardon, Uzbekistan"
2021-10-03 06:19:57.525000+00:00,38.0692,73.0921,45.87,4.6,"77 km W of Murghob, Tajikistan"
2021-10-04 16:10:25.711000+00:00,38.2604,74.1028,162.67,4.4,"15 km NE of Murghob, Tajikistan"
2021-10-09 02:45:25.644000+00:00,41.9976,83.9155,26.39,4.5,"87 km ENE of Kuqa, China"
2021-10-13 06:02:40.893000+00:00,41.9076,83.6657,10.0,4.4,"64 km ENE of Kuqa, China"
2021-10-17 21:03:12.021000+00:00,38.0465,74.4981,189.25,4.1,"48 km ESE of Murghob, Tajikistan"
2021-10-21 00:12:24.081000+00:00,43.8144,84.2395,10.0,4.6,"90 km ENE of Xinyuan, China"
2021-10-21 17:46:06.757000+00:00,38.1734,72.9929,58.95,4.2,"85 km W of Murghob, Tajikistan"
2021-10-26 17:47:02.281000+00:00,42.4268,84.046,10.0,4.7,"121 km NE of Kuqa, China"
2021-10-27 10:21:40.732000+00:00,38.1898,72.7715,122.0,4.2,"104 km W of Murghob, Tajikistan"
2021-11-01 13:48:41.891000+00:00,40.3285,77.3144,10.0,4.6,"148 km NE of Kashgar, China"
2021-11-01 15:36:54.716000+00:00,38.3353,74.0881,141.13,4.4,"21 km NNE of Murghob, Tajikistan"
2021-11-17 11:17:17.740000+00:00,41.1177,72.9532,10.0,4.3,"19 km ENE of Bazar-Korgon, Kyrgyzstan"
2021-11-21 05:52:19.803000+00:00,39.8389,75.5,10.0,4.0,"58 km NW of Kashgar, China"
2021-11-22 10:49:37.899000+00:00,39.1794,71.5006,10.0,4.5,"6 km SSW of Karakenja, Tajikistan"
2021-11-24 02:34:16.966000+00:00,38.7257,69.6936,10.0,4.4,"1 km NW of Obigarm, Tajikistan"
2021-11-29 06:45:57.833000+00:00,41.1634,83.3211,10.0,4.2,"69 km SSE of Kuqa, China"
2021-12-01 03:46:11.247000+00:00,38.7062,70.2699,10.0,4.6,"31 km SE of Darband, Tajikistan"
2021-12-02 00:01:25.838000+00:00,38.7458,70.1942,10.0,4.1,"23 km SE of Darband, Tajikistan"
2021-12-02 00:06:06.609000+00:00,38.7258,70.22,10.0,4.3,"27 km SE of Darband, Tajikistan"
2021-12-03 02:38:28.544000+00:00,41.7072,82.4546,10.0,4.3,"39 km W of Kuqa, China"
2021-12-03 09:51:56.646000+00:00,38.1403,72.7194,123.89,4.0,"109 km W of Murghob, Tajikistan"
2021-12-07 15:22:29.879000+00:00,38.1001,72.7247,119.64,4.4,"109 km W of Murghob, Tajikistan"
2021-12-10 03:24:13.227000+00:00,38.1832,71.4865,30.65,4.1,"77 km N of Khorugh, Tajikistan"
2021-12-16 14:07:13.165000+00:00,38.4155,74.2465,135.86,4.4,"36 km NE of Murghob, Tajikistan"
2021-12-18 05:42:43.760000+00:00,40.13,70.0231,10.0,4.7,"30 km ESE of Buston, Tajikistan"
2021-12-20 09:01:41.116000+00:00,38.9863,71.2718,10.0,3.7,"35 km SW of Karakenja, Tajikistan"
2021-12-26 07:38:16.309000+00:00,40.0385,83.0475,10.22,4.1,"161 km ESE of Aral, China"
2022-01-01 02:17:56.815000+00:00,38.7251,73.4827,105.79,4.2,"74 km NW of Murghob, Tajikistan"
2022-01-04 04:45:02.167000+00:00,43.4249,82.2728,10.0,4.9,"79 km W of Xinyuan, China"
2022-01-04 17:35:41.047000+00:00,44.154,82.1125,10.0,4.4,"91 km ENE of Qapqal, China"
2022-01-08 19:56:19.350000+00:00,38.6317,73.7473,103.0,4.7,"54 km NNW of Murghob, Tajikistan"
2022-01-13 12:24:01.012000+00:00,38.9682,69.9204,38.27,4.3,"11 km NNW of Darband, Tajikistan"
2022-01-25 01:41:47.304000+00:00,38.9638,69.7782,22.97,4.2,Tajikistan
2022-01-27 18:32:53.292000+00:00,42.058,81.2533,32.06,4.4,"126 km NE of Aksu, China"
2022-02-01 16:45:10.308000+00:00,38.606,73.2912,105.46,4.5,"76 km NW of Murghob, Tajikistan"
2022-02-10 08:45:02.377000+00:00,39.7669,73.0306,10.0,4.3,"65 km SSE of Nookat, Kyrgyzstan"
2022-02-14 16:44:33.943000+00:00,42.3639,80.2851,10.0,4.4,"113 km SE of Kegen, Kazakhstan"
2022-02-15 02:05:44.211000+00:00,41.2176,83.2966,10.0,4.1,"63 km SSE of Kuqa, China"
2022-02-15 11:32:39.031000+00:00,43.6423,83.9117,10.0,4.2,"58 km ENE of Xinyuan, China"
2022-02-28 19:54:09.752000+00:00,39.3126,79.3194,10.0,4.4,"195 km SSW of Aykol, China"
2022-03-14 06:29:44.029000+00:00,40.3332,70.2011,10.0,4.5,"20 km WNW of Konibodom, Tajikistan"
2022-03-19 13:04:22.176000+00:00,42.1906,68.8978,10.0,4.3,"27 km SSE of Arys, Kazakhstan"
2022-03-21 16:20:35.774000+00:00,41.9907,70.9103,10.0,4.5,"61 km SE of Zhabagly, Kazakhstan"
2022-03-23 18:25:04.506000+00:00,38.0393,72.6395,121.24,4.3,"113 km ENE of Khorugh, Tajikistan"
2022-03-30 02:57:17.719000+00:00,39.2435,71.5177,10.0,4.6,"1 km NNW of Karakenja, Tajikistan"
2022-03-31 23:13:07.561000+00:00,41.4193,72.9097,10.0,4.2,"44 km NNE of Bazar-Korgon, Kyrgyzstan"
2022-04-15 01:33:22.239000+00:00,38.3891,72.3607,10.0,4.4,"118 km SE of Karakenja, Tajikistan"
2022-04-19 22:44:39.625000+00:00,38.9236,70.5883,10.0,5.1,"21 km ESE of Rasht, Tajikistan"
2022-04-25 05:05:36.816000+00:00,40.4139,83.5836,10.0,4.1,"154 km SSE of Kuqa, China"
2022-05-03 01:33:43.301000+00:00,41.1647,83.2125,10.0,4.2,"65 km SSE of Kuqa, China"
2022-05-12 10:27:44.655000+00:00,38.0642,66.9903,30.27,5.3,"24 km SW of Boysun, Uzbekistan"
2022-05-14 19:48:03.879000+00:00,40.0635,76.5662,10.0,4.5,"82 km NE of Kashgar, China"
2022-05-26 15:50:37.340000+00:00,42.8088,77.6959,25.82,4.1,"53 km ENE of Cholpon-Ata, Kyrgyzstan"
2022-06-02 18:34:29.439000+00:00,38.5742,68.7296,10.0,4.2,"6 km NW of Dushanbe, Tajikistan"
2022-06-04 09:52:15.568000+00:00,38.3522,74.3584,159.72,4.1,"39 km ENE of Murghob, Tajikistan"
2022-06-04 19:00:46.169000+00:00,39.6287,74.4991,51.03,4.2,"129 km W of Kashgar, China"
2022-06-04 23:56:00.396000+00:00,39.7247,74.575,10.0,4.2,"124 km WNW of Kashgar, China"
2022-06-05 12:46:35.244000+00:00,39.7238,74.5416,10.0,4.4,"127 km WNW of Kashgar, China"
2022-06-06 20:56:37.308000+00:00,39.5731,75.0746,58.15,4.2,"79 km W of Kashgar, China"
2022-06-09 22:31:51.732000+00:00,38.1733,73.7283,148.91,4.1,"20 km W of Murghob, Tajikistan"
2022-06-11 18:56:01.751000+00:00,40.8307,69.6867,25.77,4.2,"7 km ESE of Olmaliq, Uzbekistan"
2022-06-13 00:38:00.236000+00:00,38.3957,73.2767,130.54,4.0,"65 km WNW of Murghob, Tajikistan"
2022-06-17 10:56:26.805000+00:00,39.7414,74.0337,10.0,4.3,"130 km SSE of Uzgen, Kyrgyzstan"
2022-06-18 21:09:29.818000+00:00,41.6968,81.3635,10.0,4.2,"107 km ENE of Aksu, China"
2022-06-23 20:10:39.381000+00:00,41.3227,72.7226,7.28,4.1,"31 km N of Bazar-Korgon, Kyrgyzstan"
2022-06-27 08:22:04.371000+00:00,41.7573,81.1341,10.0,4.4,"95 km NE of Aksu, China"
2022-07-02 19:32:32.706000+00:00,41.0178,78.0834,12.93,4.7,"145 km SSE of Kadzhi-Say, Kyrgyzstan"
2022-07-02 19:40:24.812000+00:00,41.1226,77.8721,10.0,4.2,"127 km SSE of Kadzhi-Say, Kyrgyzstan"
2022-07-02 22:02:12.144000+00:00,40.9295,78.0893,10.0,5.0,"154 km SSE of Kadzhi-Say, Kyrgyzstan"
2022-07-05 05:08:25.309000+00:00,38.7944,73.4443,102.68,4.2,"82 km NNW of Murghob, Tajikistan"
2022-07-06 03:50:06.935000+00:00,38.2635,71.4016,35.0,4.4,"86 km N of Khorugh, Tajikistan"
2022-07-07 04:40:01.163000+00:00,41.7568,81.4017,10.0,4.5,"113 km NE of Aksu, China"
2022-07-08 12:12:21.113000+00:00,41.8064,81.432,10.0,4.3,"118 km NE of Aksu, China"
2022-07-08 12:23:10.177000+00:00,41.7351,81.3834,10.0,4.4,"110 km ENE of Aksu, China"
2022-07-15 04:54:18.758000+00:00,38.4559,73.2962,127.455,4.1,Tajikistan-Xinjiang border region
2022-07-16 01:59:07.195000+00:00,41.035,78.0336,10.0,4.3,"142 km SSE of Kadzhi-Say, Kyrgyzstan"
2022-07-16 07:10:14.314000+00:00,39.7702,75.4119,39.759,4.3,"59 km WNW of Kashgar, China"
2022-07-17 19:43:22.569000+00:00,40.183,83.2782,10.0,4.9,"172 km S of Kuqa, China"
2022-07-23 20:47:06.730000+00:00,39.1953,71.5649,10.0,4.3,"5 km SE of Karakenja, Tajikistan"
2022-07-26 16:46:42.281000+00:00,41.7777,82.4286,10.0,4.2,"42 km W of Kuqa, China"
2022-07-27 07:01:17.893000+00:00,41.4374,83.7236,10.0,4.0,"73 km ESE of Kuqa, China"
2022-07-27 09:52:54.172000+00:00,41.7844,71.6463,37.395,4.4,"33 km NNW of Kerben, Kyrgyzstan"
2022-08-05 13:28:14.193000+00:00,39.5635,74.4926,10.0,4.5,"129 km W of Kashgar, China"
2022-08-05 13:32:56.117000+00:00,39.51,74.6074,10.0,4.2,"118 km W of Kashgar, China"
2022-08-08 03:00:38.255000+00:00,41.0568,77.9928,10.0,4.4,Kyrgyzstan
2022-08-11 01:14:15.473000+00:00,41.0152,78.0781,10.0,4.4,"145 km SSE of Kadzhi-Say, Kyrgyzstan"
2022-08-11 03:59:45.585000+00:00,40.1038,77.7562,10.0,4.5,"166 km ENE of Kashgar, China"
2022-08-12 17:35:38.015000+00:00,40.952,77.9908,10.0,4.3,"Southern Xinjiang, China"
2022-08-23 10:03:33.984000+00:00,41.578,81.4514,10.0,4.0,"107 km ENE of Aksu, China"
2022-08-23 11:12:32.355000+00:00,41.6563,81.5116,10.0,4.3,"115 km ENE of Aksu, China"
2022-08-26 08:56:59.657000+00:00,41.3469,82.5527,10.0,4.3,"51 km SW of Kuqa, China"
2022-08-28 20:24:39.152000+00:00,41.8803,82.545,10.0,4.1,"36 km WNW of Kuqa, China"
2022-08-31 04:50:05.146000+00:00,38.8036,71.7054,10.0,4.4,"50 km SSE of Karakenja, Tajikistan"
2022-09-06 04:36:38.813000+00:00,42.3639,80.3764,16.176,4.2,"119 km SE of Kegen, Kazakhstan"
2022-09-08 17:18:52.929000+00:00,38.3825,76.9196,10.0,4.2,"28 km W of Shache, China"
2022-09-08 20:29:43.411000+00:00,39.8204,69.7646,10.0,4.5,"20 km E of Isfana, Kyrgyzstan"
2022-09-14 12:21:17.293000+00:00,38.0323,72.614,128.834,4.2,Tajikistan
2022-09-25 00:35:51.372000+00:00,40.0102,83.5491,10.0,4.2,"196 km SSE of Kuqa, China"
2022-09-26 00:50:36.387000+00:00,42.2992,80.5856,10.0,3.9,Kazakhstan-Xinjiang border region
2022-09-27 21:20:28.572000+00:00,42.3108,80.4682,10.0,4.4,Kazakhstan-Xinjiang border region
2022-09-29 10:48:11.879000+00:00,41.1228,78.4899,10.0,4.3,"139 km W of Aykol, China"
2022-10-13 01:08:41.261000+00:00,42.5131,81.2446,10.0,4.3,"143 km S of Qapqal, China"
2022-10-16 08:54:30.684000+00:00,39.334,78.2297,10.0,4.9,"133 km NE of Shache, China"
2022-10-16 15:02:05.771000+00:00,40.1855,83.2142,10.068,4.9,"170 km ESE of Aral, China"
2022-10-17 15:37:19.400000+00:00,39.4049,71.7652,6.782,4.3,"28 km NE of Karakenja, Tajikistan"
2022-10-18 13:43:32.521000+00:00,38.4568,73.4456,124.266,4.1,"55 km NW of Murghob, Tajikistan"
2022-10-29 23:44:39.071000+00:00,38.6403,70.0701,10.0,4.0,"23 km SE of Roghun, Tajikistan"
2022-11-01 04:35:33.498000+00:00,39.7221,72.8245,13.354,4.3,"50 km ENE of Kyzyl-Eshme, Kyrgyzstan"
2022-11-05 00:08:52.060000+00:00,41.52,68.7833,13.312,4.1,"32 km WNW of Saryaghash, Kazakhstan"
2022-11-17 14:40:47.055000+00:00,38.7787,66.3552,51.223,4.1,"19 km NNE of G‘uzor, Uzbekistan"
2022-11-18 02:11:06.883000+00:00,39.5303,73.2614,55.266,4.3,"85 km E of Kyzyl-Eshme, Kyrgyzstan"
2022-11-18 11:44:17.467000+00:00,41.3281,83.8917,10.0,4.3,"91 km ESE of Kuqa, China"
2022-11-20 03:21:43.798000+00:00,44.5864,79.6834,20.23,4.7,"53 km NNW of Zharkent, Kazakhstan"
2022-11-21 13:34:30.103000+00:00,39.5212,72.7472,8.684,4.6,"41 km E of Kyzyl-Eshme, Kyrgyzstan"
2022-11-21 14:32:41.836000+00:00,41.891,82.5479,10.0,4.3,"southern Xinjiang, China"
2022-11-22 03:40:16.760000+00:00,44.6574,79.642,10.0,4.2,"61 km NNW of Zharkent, Kazakhstan"
2022-11-26 04:21:32.751000+00:00,39.481,71.7267,5.084,4.3,"32 km NNE of Karakenja, Tajikistan"
2022-11-27 19:58:42.271000+00:00,39.5681,74.3479,10.0,4.9,"141 km W of Kashgar, China"
2022-11-29 06:31:01.520000+00:00,40.2278,77.1252,10.0,4.8,"128 km NE of Kashgar, China"
2022-12-06 16:03:46.374000+00:00,38.7748,70.8754,10.0,4.7,"51 km ESE of Rasht, Tajikistan"
2022-12-09 18:41:05.061000+00:00,38.6815,73.6617,104.947,4.3,"62 km NNW of Murghob, Tajikistan"
2022-12-10 10:05:19.604000+00:00,41.0131,77.9979,10.0,4.3,"142 km SSE of Kadzhi-Say, Kyrgyzstan"
2022-12-14 16:32:03.395000+00:00,44.8896,81.1185,10.0,4.3,"95 km NNE of Huocheng, China"
2022-12-16 08:08:21.971000+00:00,40.121,83.3854,10.0,4.4,"181 km SSE of Kuqa, China"
2022-12-17 03:26:56.711000+00:00,38.9959,69.5846,14.79,4.3,"32 km NNW of Obigarm, Tajikistan"
2022-12-18 13:54:12.965000+00:00,38.3407,75.4072,133.25,4.2,"124 km WNW of Damusi, China"
2022-12-19 15:50:56.430000+00:00,39.1362,70.589,10.0,4.3,"22 km ENE of Rasht, Tajikistan"
2022-12-25 01:33:34.197000+00:00,39.6433,74.9006,50.804,4.3,"95 km W of Kashgar, China"
2022-12-28 00:26:29.581000+00:00,38.2062,74.2315,167.546,4.0,Tajikistan-Xinjiang border region
2022-12-28 13:19:19.698000+00:00,40.1689,83.2474,10.0,4.5,"173 km ESE of Aral, China"
2022-12-28 17:16:35.756000+00:00,41.7998,79.5619,10.0,5.1,Kyrgyzstan-Xinjiang border region
2022-12-28 19:17:49.986000+00:00,41.8759,79.6046,10.0,4.4,"95 km NW of Aksu, China"
2023-01-01 21:59:00.724000+00:00,38.0399,72.3573,117.822,4.0,Tajikistan
2023-01-03 01:20:21.480000+00:00,42.1147,80.921,10.0,4.2,"116 km NNE of Aksu, China"
2023-01-05 13:03:33.098000+00:00,40.3233,74.7618,10.0,4.1,"128 km SW of At-Bashi, Kyrgyzstan"
2023-01-05 19:54:34.481000+00:00,38.9914,70.5933,10.0,4.3,"19 km ESE of Rasht, Tajikistan"
2023-01-08 10:44:59.725000+00:00,38.6604,75.7027,10.0,4.2,"93 km SSW of Kashgar, China"
2023-01-10 07:42:58.597000+00:00,38.1593,74.116,174.6,4.4,"13 km E of Murghob, Tajikistan"
2023-01-13 12:30:31.051000+00:00,44.341,79.2948,10.0,4.3,"60 km WNW of Zharkent, Kazakhstan"
2023-01-15 13:55:16.463000+00:00,38.3735,75.3284,144.762,4.2,"121 km E of Murghob, Tajikistan"
2023-01-20 03:46:04.473000+00:00,38.9015,70.6378,10.0,4.7,"26 km ESE of Rasht, Tajikistan"
2023-01-22 07:03:21.702000+00:00,38.2712,73.977,158.875,4.1,Tajikistan-Xinjiang border region
2023-01-25 13:13:38.319000+00:00,41.2404,84.1661,10.0,4.6,"southern Xinjiang, China"
2023-01-25 13:48:27.101000+00:00,44.9396,80.9549,10.0,4.1,Kazakhstan-Xinjiang border region
2023-01-26 17:03:13.690000+00:00,38.0851,74.2357,177.01,4.0,"25 km ESE of Murghob, Tajikistan"
2023-01-27 00:10:43.170000+00:00,41.433,77.4528,10.0,4.6,"81 km SSE of Kadzhi-Say, Kyrgyzstan"
2023-01-27 19:06:13.887000+00:00,39.6189,74.7829,39.36,4.5,"105 km W of Kashgar, China"
2023-01-29 23:49:38.212000+00:00,40.0166,82.3702,28.0,5.7,"southern Xinjiang, China"
2023-02-02 02:08:23.451000+00:00,40.9766,78.7161,10.0,4.3,"119 km W of Aykol, China"
2023-02-04 04:04:51.771000+00:00,39.2118,73.1038,10.0,4.1,"81 km ESE of Kyzyl-Eshme, Kyrgyzstan"
2023-02-06 13:02:39.070000+00:00,42.8119,69.168,8.459,4.5,"24 km NNW of Temirlanovka, Kazakhstan"
2023-02-13 19:28:29.078000+00:00,38.1834,72.5706,115.36,4.5,"118 km NE of Khorugh, Tajikistan"
2023-02-22 10:25:52.085000+00:00,41.8282,82.1668,10.0,4.8,"64 km W of Kuqa, China"
2023-02-23 00:37:38.163000+00:00,38.0552,73.2287,9.0,6.9,"65 km WSW of Murghob, Tajikistan"
2023-02-23 00:55:14.953000+00:00,38.1349,73.0657,10.0,5.1,"79 km W of Murghob, Tajikistan"
2023-02-23 00:57:43.181000+00:00,38.2189,73.1588,15.497,4.6,"70 km W of Murghob, Tajikistan"
2023-02-23 01:01:47.309000+00:00,38.1585,73.2079,10.0,4.3,"66 km W of Murghob, Tajikistan"
2023-02-23 01:06:03.955000+00:00,38.0547,73.0006,10.0,4.4,"85 km W of Murghob, Tajikistan"
2023-02-23 01:09:39.880000+00:00,38.2408,73.1864,10.0,4.2,"68 km W of Murghob, Tajikistan"
2023-02-23 01:35:53.872000+00:00,38.0157,73.2867,10.0,5.0,"62 km WSW of Murghob, Tajikistan"
2023-02-23 02:18:00.122000+00:00,38.2621,73.1208,10.0,4.7,"74 km W of Murghob, Tajikistan"
2023-02-23 06:50:46.270000+00:00,38.3267,73.0051,10.0,4.5,"85 km WNW of Murghob, Tajikistan"
2023-02-23 08:01:02.537000+00:00,38.1333,73.1456,10.0,4.7,"72 km W of Murghob, Tajikistan"
2023-02-23 11:24:28.067000+00:00,38.3919,72.9453,10.0,4.7,"92 km WNW of Murghob, Tajikistan"
2023-02-24 10:45:23.412000+00:00,38.1086,73.1907,10.0,4.2,"68 km W of Murghob, Tajikistan"
2023-02-24 20:32:37.547000+00:00,38.2836,73.1652,11.953,4.3,"71 km W of Murghob, Tajikistan"
2023-02-25 20:44:50.528000+00:00,38.2447,73.085,10.0,4.3,"77 km W of Murghob, Tajikistan"
2023-02-26 21:42:13.912000+00:00,42.0818,79.9463,10.0,4.9,"103 km NNW of Aksu, China"
2023-02-26 23:58:04.105000+00:00,41.8209,79.8399,10.0,5.1,Kyrgyzstan-Xinjiang border region
2023-02-27 03:01:26.633000+00:00,38.0706,73.0467,11.263,4.3,"81 km W of Murghob, Tajikistan"
2023-02-27 19:36:02.974000+00:00,39.4048,74.0804,10.0,4.6,"southern Xinjiang, China"
2023-02-28 01:36:54.509000+00:00,38.2315,73.0361,10.0,4.1,"81 km W of Murghob, Tajikistan"
2023-02-28 04:20:59.239000+00:00,38.0772,73.2404,10.0,5.0,Tajikistan-Xinjiang border region
2023-03-01 21:05:51.279000+00:00,38.0296,73.0064,10.0,4.2,"85 km W of Murghob, Tajikistan"
2023-03-05 00:40:36.007000+00:00,38.0909,73.2536,61.198,4.2,"63 km W of Murghob, Tajikistan"
2023-03-05 22:10:44.603000+00:00,38.2949,73.183,10.0,4.3,"70 km W of Murghob, Tajikistan"
2023-03-06 04:46:37.615000+00:00,38.5557,73.8195,112.151,4.0,"44 km NNW of Murghob, Tajikistan"
2023-03-07 23:57:31.884000+00:00,38.035,73.2756,10.0,4.1,"62 km WSW of Murghob, Tajikistan"
2023-03-08 03:38:22.382000+00:00,38.2311,73.0709,10.0,4.4,"78 km W of Murghob, Tajikistan"
2023-03-09 00:38:54.081000+00:00,38.0169,73.0576,10.0,4.5,"81 km WSW of Murghob, Tajikistan"
2023-03-09 01:36:40.193000+00:00,38.4571,73.4747,119.558,4.4,"53 km NW of Murghob, Tajikistan"
2023-03-12 09:32:41.721000+00:00,38.0486,73.018,10.0,4.3,"84 km W of Murghob, Tajikistan"
2023-03-12 15:26:16.290000+00:00,39.1174,67.3618,10.0,4.5,"34 km SSE of Urgut Shahri, Uzbekistan"
2023-03-12 18:56:47.384000+00:00,38.1375,73.0154,10.023,4.3,Tajikistan-Xinjiang border region
2023-03-12 21:01:31.379000+00:00,39.7903,74.432,17.238,4.4,"102 km SE of Gul’cha, Kyrgyzstan"
2023-03-17 01:59:44.634000+00:00,38.5353,73.1948,10.0,4.4,"78 km WNW of Murghob, Tajikistan"
2023-03-17 18:19:11.077000+00:00,38.2981,75.5388,142.52,4.7,"111 km WNW of Damusi, China"
2023-03-18 11:29:25.084000+00:00,39.3552,69.8053,10.0,4.3,"48 km NW of Novobod, Tajikistan"
2023-03-18 11:35:17.893000+00:00,39.2065,69.9088,10.0,4.1,"30 km NW of Novobod, Tajikistan"
2023-03-19 06:01:19.653000+00:00,38.5561,73.3714,112.984,4.1,"67 km NW of Murghob, Tajikistan"
2023-03-19 17:07:30.691000+00:00,38.0083,73.2493,23.331,4.4,Tajikistan-Xinjiang border region
2023-03-22 20:07:44.902000+00:00,39.383,69.8931,12.0,5.8,"46 km NNW of Novobod, Tajikistan"
2023-03-23 02:53:50.590000+00:00,39.3471,69.7133,10.0,4.6,"51 km SSE of Andarak, Kyrgyzstan"
2023-03-30 03:31:39.015000+00:00,38.2314,73.0213,132.171,4.1,"83 km W of Murghob, Tajikistan"
2023-03-31 19:52:36.606000+00:00,40.9612,78.0958,10.0,4.2,"146 km NW of Tumxuk, China"
2023-04-04 15:59:14.153000+00:00,38.0712,74.2213,169.316,4.6,"24 km ESE of Murghob, Tajikistan"
2023-04-05 01:37:26.236000+00:00,41.0667,83.1731,12.058,4.2,"75 km SSE of Kuqa, China"
2023-04-07 12:17:05.347000+00:00,41.903,81.9281,10.0,5.0,"85 km WNW of Kuqa, China"
2023-04-07 15:44:04.030000+00:00,41.8272,81.9648,10.0,4.2,"81 km W of Kuqa, China"
2023-04-11 17:08:24.821000+00:00,42.3319,78.3508,10.0,4.3,Kyrgyzstan
2023-04-15 09:49:00.387000+00:00,40.8681,72.8564,13.002,4.2,Uzbekistan-Kyrgyzstan border region
2023-04-16 22:46:45.396000+00:00,38.2479,73.106,48.709,4.1,"75 km W of Murghob, Tajikistan"
2023-04-17 14:34:14.915000+00:00,42.074,82.2595,10.0,4.2,"68 km NW of Kuqa, China"
2023-04-19 11:29:15.570000+00:00,38.0778,73.2671,10.789,4.1,"62 km W of Murghob, Tajikistan"
2023-04-24 14:13:04.744000+00:00,43.2909,83.7361,10.0,4.4,"42 km ESE of Xinyuan, China"
2023-04-26 07:53:37.742000+00:00,42.1204,83.3565,10.0,4.5,"57 km NE of Kuqa, China"
2023-05-02 04:46:23.015000+00:00,41.7063,71.6387,12.65,4.3,Uzbekistan-Kyrgyzstan border region
2023-05-03 01:32:27.389000+00:00,38.5168,73.3204,99.581,4.3,"68 km NW of Murghob, Tajikistan"
2023-05-03 10:33:46.053000+00:00,38.3274,72.8969,62.131,4.0,"95 km W of Murghob, Tajikistan"
2023-05-09 22:41:52.472000+00:00,38.116,73.0302,11.278,4.2,"82 km W of Murghob, Tajikistan"
2023-05-11 13:07:23.424000+00:00,39.3829,70.5257,10.0,4.2,"41 km NNE of Rasht, Tajikistan"
2023-05-14 01:25:39.571000+00:00,38.3095,69.4702,16.824,4.2,"15 km SE of Norak, Tajikistan"
2023-05-15 21:44:37.566000+00:00,38.3595,72.915,113.483,4.2,"94 km WNW of Murghob, Tajikistan"
2023-05-16 21:56:24.394000+00:00,42.8211,80.5719,17.114,4.7,"112 km ESE of Kegen, Kazakhstan"
2023-05-23 14:42:55.482000+00:00,41.7694,82.3866,10.0,4.7,"45 km W of Kuqa, China"
2023-05-23 15:18:02.228000+00:00,41.6005,82.3288,10.0,4.5,"51 km WSW of Kuqa, China"
2023-05-26 08:08:01.299000+00:00,39.8451,75.0521,49.604,4.4,"90 km WNW of Kashgar, China"
2023-05-27 17:24:15.054000+00:00,38.249,73.0079,127.662,4.2,"84 km W of Murghob, Tajikistan"
2023-05-30 17:45:41.555000+00:00,38.5796,73.1842,9.861,4.5,"82 km WNW of Murghob, Tajikistan"
2023-05-31 07:12:48.168000+00:00,40.3327,77.1325,10.0,4.2,"136 km NE of Kashgar, China"
2023-06-01 03:21:14.892000+00:00,41.7695,71.8063,11.792,4.4,"30 km N of Kerben, Kyrgyzstan"
2023-06-01 16:00:14.401000+00:00,40.858,79.291,10.0,4.2,"72 km W of Aykol, China"
2023-06-06 21:54:18.883000+00:00,38.0228,73.2367,23.282,4.5,Tajikistan-Xinjiang border region
2023-06-13 20:17:56.282000+00:00,41.6983,80.8615,10.0,4.7,"southern Xinjiang, China"
2023-06-16 23:02:33.968000+00:00,38.5352,67.8378,10.0,4.3,"30 km N of Denov, Uzbekistan"
2023-06-17 02:46:09.492000+00:00,38.0364,72.6028,121.87,4.3,"110 km ENE of Khorugh, Tajikistan"
2023-06-19 04:19:01.017000+00:00,38.1487,73.5863,168.224,4.1,"33 km W of Murghob, Tajikistan"
2023-06-21 09:46:09.641000+00:00,39.1779,72.2739,10.0,4.2,"42 km S of Daroot-Korgon, Kyrgyzstan"
2023-06-29 20:26:40.364000+00:00,38.4033,73.8728,138.127,4.2,"27 km NNW of Murghob, Tajikistan"
2023-06-30 10:33:07.210000+00:00,43.2819,82.8022,10.0,4.3,"northern Xinjiang, China"
2023-06-30 10:50:40.797000+00:00,38.6833,73.4183,94.183,4.1,"74 km NW of Murghob, Tajikistan"
2023-07-04 02:08:02.773000+00:00,38.329,76.4502,19.546,4.6,"47 km WNW of Yak'airike, China"
2023-07-10 22:49:09.457000+00:00,40.0909,83.1965,9.552,4.6,"171 km ESE of Aral, China"
2023-07-22 12:54:34.588000+00:00,39.3669,71.9062,18.618,4.3,"32 km SW of Daroot-Korgon, Kyrgyzstan"
2023-07-29 20:58:33.720000+00:00,41.6851,73.8712,3.84,4.4,"33 km NNW of Kazarman, Kyrgyzstan"
2023-08-12 00:29:36.076000+00:00,38.8137,70.3039,17.091,4.0,Afghanistan-Tajikistan border region
2023-08-20 15:28:22.458000+00:00,39.7778,77.6881,10.0,4.7,"103 km N of Dunbage, China"
2023-08-26 22:11:08.025000+00:00,40.8759,72.6582,10.0,4.4,"9 km NW of Oyim, Uzbekistan"
2023-08-29 08:08:43.224000+00:00,39.389,78.0152,10.0,4.5,"73 km NE of Dunbage, China"
2023-08-29 09:30:58.048000+00:00,41.2527,83.8332,10.0,4.1,"southern Xinjiang, China"
2023-08-31 18:45:19.038000+00:00,38.0851,73.0729,50.206,4.8,"78 km W of Murghob, Tajikistan"
2023-09-04 02:53:20.439000+00:00,39.5686,82.8366,10.0,4.2,"150 km NNE of Darya Boyi, China"
2023-09-04 11:48:01.378000+00:00,41.2619,83.8711,10.0,4.3,"93 km ESE of Kuqa, China"
2023-09-07 19:26:27.427000+00:00,43.2189,84.867,43.864,4.5,"123 km S of Dushanzi, China"
2023-09-08 20:55:02.176000+00:00,40.9744,83.7496,13.018,4.5,"107 km SE of Kuqa, China"
2023-09-10 22:22:00.027000+00:00,38.7781,75.4096,10.0,4.4,"91 km SSW of Kashgar, China"
2023-09-11 01:54:39.638000+00:00,40.159,71.788,10.0,4.1,"5 km ENE of Pulgon, Kyrgyzstan"
2023-09-17 00:04:19.029000+00:00,38.9221,71.7677,10.0,4.4,"40 km SSE of Karakenja, Tajikistan"
2023-09-17 16:23:31.490000+00:00,38.8027,71.7603,11.548,4.6,"52 km SSE of Karakenja, Tajikistan"
2023-09-21 10:55:58.261000+00:00,40.1348,77.632,10.0,4.4,"125 km WNW of Tumxuk, China"
2023-09-25 05:56:28.273000+00:00,41.5678,81.6695,10.0,4.5,"106 km W of Kuqa, China"
2023-09-30 11:19:48.430000+00:00,39.663,74.7291,54.45,4.2,"110 km W of Kashgar, China"
2023-09-30 21:30:08.917000+00:00,42.1062,77.164,10.0,4.1,"4 km SSW of Kadzhi-Say, Kyrgyzstan"
2023-10-02 14:03:39.650000+00:00,38.7862,71.6977,13.494,5.3,"52 km SSE of Karakenja, Tajikistan"
2023-10-02 18:39:01.013000+00:00,38.8568,71.7467,10.0,4.5,"46 km SSE of Karakenja, Tajikistan"
2023-10-03 01:30:14.394000+00:00,38.8017,71.5363,44.207,4.1,"48 km S of Karakenja, Tajikistan"
2023-10-03 13:20:31.571000+00:00,38.8846,71.8269,8.506,4.6,"46 km SE of Karakenja, Tajikistan"
2023-10-03 13:20:51.362000+00:00,38.7152,71.7468,10.0,4.5,"60 km SSE of Karakenja, Tajikistan"
2023-10-07 05:09:31.361000+00:00,41.8298,82.3897,10.0,4.7,"46 km WNW of Kuqa, China"
2023-10-07 06:04:06.951000+00:00,41.8014,82.355,10.0,4.8,"48 km W of Kuqa, China"
2023-10-07 16:15:59.310000+00:00,41.7065,82.358,10.0,4.4,"47 km W of Kuqa, China"
2023-10-08 16:17:47.144000+00:00,41.8519,82.4291,10.0,4.7,"44 km WNW of Kuqa, China"
2023-10-13 17:24:32.658000+00:00,43.1756,69.9642,10.0,4.3,"4 km ENE of Bayzhansay, Kazakhstan"
2023-10-18 21:32:06.103000+00:00,38.9512,71.571,10.0,4.4,"31 km S of Karakenja, Tajikistan"
2023-10-24 03:50:32.263000+00:00,41.1117,84.2018,10.0,4.3,"125 km ESE of Kuqa, China"
2023-10-25 10:49:05.923000+00:00,39.1623,71.5977,8.718,4.4,"10 km SE of Karakenja, Tajikistan"
2023-10-30 12:30:04.338000+00:00,40.8131,84.3045,10.0,4.2,"152 km SE of Kuqa, China"
2023-10-30 20:46:10.967000+00:00,38.1511,74.1286,171.598,4.2,"14 km E of Murghob, Tajikistan"
2023-10-31 11:13:51.513000+00:00,40.6821,83.842,10.0,4.0,"138 km SSE of Kuqa, China"
2023-11-06 05:42:49.942000+00:00,38.8,75.2646,10.0,4.6,"97 km SW of Kashgar, China"
2023-11-07 18:09:48.669000+00:00,40.5253,77.7107,7.204,5.3,"Xinjiang Uygur, China"
2023-11-07 18:15:05.384000+00:00,40.5227,77.8418,10.0,4.8,"126 km NW of Tumxuk, China"
2023-11-07 18:31:21.967000+00:00,40.575,77.8629,10.0,4.3,"128 km NW of Tumxuk, China"
2023-11-07 18:31:33.788000+00:00,40.3761,77.7853,10.0,4.5,"122 km WNW of Tumxuk, China"
2023-11-07 18:52:01.367000+00:00,40.5112,77.6987,10.0,4.3,"136 km WNW of Tumxuk, China"
2023-11-07 19:34:18.347000+00:00,40.45,77.9153,10.0,4.3,"116 km WNW of Tumxuk, China"
2023-11-07 19:46:15.718000+00:00,40.5209,77.7433,10.0,4.1,"133 km WNW of Tumxuk, China"
2023-11-11 01:24:27.093000+00:00,38.4876,69.1197,10.0,4.6,"11 km SE of Vahdat, Tajikistan"
2023-11-12 19:54:28.211000+00:00,39.1273,71.0829,14.396,4.4,"39 km WSW of Karakenja, Tajikistan"
2023-11-13 03:34:14.207000+00:00,38.6641,68.8146,10.0,4.7,"12 km S of Varzob, Tajikistan"
2023-11-13 12:16:38.206000+00:00,38.5216,72.2855,25.58,5.3,"103 km SE of Karakenja, Tajikistan"
2023-11-15 14:17:32.170000+00:00,44.6646,80.3945,10.0,4.4,"63 km NNE of Zharkent, Kazakhstan"
2023-11-23 10:01:50.694000+00:00,38.8437,71.8083,10.0,4.9,"50 km SSE of Karakenja, Tajikistan"
2023-11-23 11:09:53.597000+00:00,38.867,71.8084,10.0,4.6,"47 km SSE of Karakenja, Tajikistan"
2023-11-29 10:59:37.488000+00:00,38.423,73.8447,128.307,4.4,"30 km NNW of Murghob, Tajikistan"
2023-12-13 05:13:05.131000+00:00,40.3395,65.6233,10.0,4.2,"25 km SSW of Nurota, Uzbekistan"
2023-12-14 07:59:53.158000+00:00,40.1487,71.5187,10.0,4.1,"12 km SW of Khalmion, Kyrgyzstan"
2023-12-19 01:46:21.061000+00:00,39.9543,77.8492,10.0,5.2,"104 km W of Tumxuk, China"
2023-12-27 09:00:05.608000+00:00,38.6772,73.6254,102.533,4.2,"63 km NNW of Murghob, Tajikistan"
